importer,exporter,wheat_prev,soy_prev,maize_prev,rice_prev,wheat_cur,soy_cur,maize_cur,rice_cur,prev_year,year,norm_prev,norm_cur,theta,scale,m_comp,m_scale,comp_sq,scale_sq,share_comp,share_scale,rank,metric
USSR,United States of America,0.0,1558000.0,3968000.0,0.0,4158000.0,71000.0,4892000.0,0.0,1986,1987,4262908.396857713,6420721.844154285,0.7766854716619787,5341815.120506,4148910.196401292,1078906.723648286,17213455817802.607,1164039718333.479,0.5086921221969429,0.04494022398312061,1,comp
Algeria,United States of America,1943873.0,0.0,379308.0,0.0,0.0,0.0,760921.0,0.0,1986,1987,1980534.4730635213,760921.0,1.3780877840802044,1370727.7365317605,1888983.1490143281,609806.7365317607,3568257337260.0874,371864255919.5162,0.10544915655799787,0.014356608876082965,2,comp
Republic of Korea,United States of America,1865742.0,958961.0,1324937.0,0.0,1837083.0,1083812.0,4072361.0,0.0,1986,1987,2481140.3555732192,4597134.598263793,0.5263147093517914,3539137.476918506,1862700.1125203958,1057997.1213452867,3469651709183.495,1119357908774.9133,0.10253516260246877,0.04321518788864104,3,comp
Japan,United States of America,3241278.0,4331620.0,9244259.0,0.0,3102960.0,4099585.0,12815742.0,0.0,1986,1987,10710982.184504136,13808627.771954352,0.14798338893694704,12259804.978229243,1814247.4883844177,1548822.7937251078,3291493949109.168,2398852046362.4478,0.09727024369151226,0.092612774777339,4,comp
Egypt,United States of America,1293909.0,43999.0,981492.0,0.0,0.0,54884.0,1341530.0,0.0,1986,1987,1624642.4093769065,1342652.2239046118,0.9213693614885456,1483647.3166407591,1366987.1808074904,140995.09273614734,1868653952492.0103,19879616175.67479,0.05522246984023754,0.0007674947766493214,5,comp
Brazil,Argentina,730979.0,0.0,862049.0,0.0,1163771.0,0.0,126919.0,0.0,1986,1987,1130247.2193471657,1170671.3343214653,0.7588614408270804,1150459.2768343156,873039.1844313698,20212.05748714984,762197417552.5913,408527267.8638499,0.02252446144294064,1.577206226888735e-05,6,comp
Mexico,United States of America,2372.0,786962.0,1393393.0,0.0,162434.0,1039221.0,3577993.0,724.0,1986,1987,1600268.3738289024,3729396.670162883,0.23517050918581886,2664832.5219958927,626690.0210927039,1064564.1481669904,392740382537.1737,1133296825562.5098,0.011606265515763096,0.04375332935636818,7,comp
Brazil,United States of America,619094.0,263567.0,1558685.0,417011.0,94399.0,356962.0,718103.0,0.0,1986,1987,1748182.4983882545,807468.2403995837,0.448778842185911,1277825.3693939191,573460.9897923871,470357.1289943354,328857506813.6643,221235828795.79388,0.009718398490814708,0.008541278740392571,8,comp
Belgium-Luxembourg,United States of America,77168.0,954804.0,92863.0,22.0,0.0,937291.0,678081.0,10.0,1986,1987,962407.9778830805,1156852.739695939,0.5348142070640067,1059630.3587895096,566705.3701169605,97222.38090642926,321154976519.4012,9452191349.11482,0.009490773281609324,0.00036492190916705575,9,comp
Colombia,United States of America,556262.0,42716.0,1.0,0.0,0.0,177585.0,1643.0,0.0,1986,1987,557899.6946593536,177592.60027940353,1.4941588551068528,367746.14746937854,549471.1626728025,190153.54718997504,301918558609.00134,36158371508.93006,0.008922298574735631,0.0013959706777038655,10,comp
"China, mainland",United States of America,1563508.0,272109.0,1228217.0,0.0,5768226.0,118974.0,107070.0,0.0,1987,1988,2006767.9419987753,5770446.25524335,0.6551284316499744,3888607.0986210625,2547537.069822574,1881839.1566222874,6489945122120.187,3541318611396.882,0.3479396270324639,0.12779169764187084,1,comp
Egypt,United States of America,0.0,54884.0,1341530.0,0.0,1543622.0,34430.0,726487.0,0.0,1987,1988,1342652.2239046118,1706381.4535305405,1.1304905855339848,1524516.838717576,1723451.9336582522,181864.61481296434,2970286567630.3687,33074738121.06789,0.1592433188684995,0.0011935319572627622,2,comp
Spain,United States of America,0.0,1820280.0,561948.0,44714.0,15490.0,1327598.0,2035980.0,35080.0,1987,1988,1905571.87607815,2430884.9327979307,0.693486614490586,2168228.40443804,1503637.3756360617,262656.52835989033,2260925357409.7026,68988451890.06987,0.1212129703414777,0.002489510928597021,3,comp
Algeria,United States of America,0.0,0.0,760921.0,0.0,1595836.0,0.0,875797.0,0.0,1987,1988,760921.0,1820360.6577008304,1.0688738268370424,1290640.828850415,1379532.2018054754,529719.8288504152,1903109095818.263,280603097077.3132,0.10202968692973693,0.010125817548207551,4,comp
USSR,United States of America,4158000.0,71000.0,4892000.0,0.0,8901000.0,827000.0,8604000.0,0.0,1987,1988,6420721.844154285,12407277.944819324,0.11252764478785263,9413999.894486804,1059335.2361596932,2993278.050332519,1122191142569.513,8959713486602.447,0.0601630306971246,0.3233193966656543,5,comp
Japan,United States of America,3102960.0,4099585.0,12815742.0,0.0,3294312.0,3657108.0,14829803.0,0.0,1987,1988,13808627.771954352,15625299.596993877,0.06770053391955697,14716963.684474114,996346.2991136279,908335.9125197623,992705947757.4229,825074129973.1093,0.053221056683263254,0.029773549154918626,6,comp
Belgium-Luxembourg,United States of America,0.0,937291.0,678081.0,10.0,96416.0,796475.0,11452.0,1.0,1987,1988,1156852.739695939,802371.2476067422,0.6221631166530451,979611.9936513406,609478.4510808211,177240.7460445984,371463982331.87683,31414282058.445824,0.019914966465282458,0.0011336128925337882,7,comp
USSR,Argentina,539000.0,631000.0,1454000.0,0.0,593000.0,0.0,1099000.0,0.0,1987,1988,1674155.9067183677,1248779.4040582187,0.4097682794170858,1461467.6553882933,598863.0865721835,212688.2513300745,358636996458.7626,45236292253.84494,0.01922728473659874,0.0016323926809461511,8,comp
"China, Taiwan Province of",United States of America,789285.0,1933640.0,3085430.0,0.0,843050.0,2012585.0,4388793.0,0.0,1987,1988,3725830.477319788,4901299.3870578855,0.13374140346055707,4313564.932188837,576902.2279491777,587734.4548690487,332816180612.72504,345431789440.21783,0.017842976415635738,0.012465219777167205,9,comp
Brazil,United States of America,94399.0,356962.0,718103.0,0.0,0.0,157499.0,4.0,0.0,1987,1988,807468.2403995837,157499.00005079398,1.112859805827857,482483.62022518885,536936.6279189251,324984.62017439486,288300942400.9462,105615003349.89569,0.015456420737703033,0.0038112132952677854,10,comp
USSR,United States of America,8901000.0,827000.0,8604000.0,0.0,5385000.0,365000.0,17414000.0,0.0,1988,1989,12407277.944819324,18231260.1319821,0.5040941094714415,15319269.038400711,7722353.283666032,2911991.093581388,59634740237747.555,8479692129097.327,0.9062858422084953,0.2748705507774852,1,comp
India,United States of America,1748145.0,0.0,54738.0,252.0,19636.0,0.0,94797.0,0.0,1988,1989,1749001.7876414536,96809.31620975329,1.335245619906777,922905.5519256034,1232305.5957963085,826096.2357158501,1518577081430.8948,682434990663.8975,0.023078241033939646,0.022121237292323924,2,comp
Republic of Korea,United States of America,1956604.0,1021807.0,4214622.0,0.0,1770928.0,882216.0,6188408.0,0.0,1988,1989,4757670.371195234,6496990.428367891,0.1731635848747105,5627330.399781562,974448.7053006132,869660.0285863285,949550279262.0413,756308565320.7737,0.01443058142165918,0.024515860805147,3,comp
USSR,Argentina,593000.0,0.0,1099000.0,0.0,608000.0,0.0,163000.0,0.0,1988,1989,1248779.4040582187,629470.4123308735,0.814054462493694,939124.9081945461,764498.8223547509,309654.4958636726,584458449381.801,95885906808.58522,0.008882178675083358,0.0031081567131235085,4,comp
Spain,United States of America,15490.0,1327598.0,2035980.0,35080.0,51.0,1252191.0,877688.0,92403.0,1988,1989,2430884.9327979307,1531945.4438180884,0.38412525914072176,1981415.1883080094,761111.6226741761,449469.74448992114,579290902169.7174,202023051211.835,0.008803646013440422,0.006548608901235714,5,comp
Netherlands (Kingdom of the),France,1366776.0,2701.0,1233669.0,676.0,794130.0,4395.0,1694808.0,740.0,1988,1989,1841201.6695935293,1871640.0501669652,0.39835398514129877,1856420.8598802472,739512.6476327331,15219.19028671796,546878956008.7749,231623752.98333028,0.00831107259387025,7.508120293331162e-06,6,comp
Italy,France,2971777.0,80.0,1268804.0,2088.0,3389673.0,6001.0,692377.0,25.0,1988,1989,3231304.147598768,3459668.3323237794,0.2020413515621462,3345486.239961274,675926.5615543383,114182.09236250562,456876716614.6707,13037550216.279764,0.006943283365565612,0.000422614235774079,7,comp
Spain,France,589618.0,3382.0,82878.0,0.0,57597.0,2787.0,262969.0,2888.0,1988,1989,595423.8714831645,269232.64527727687,1.2155126308975834,432328.2583802207,525500.4587551123,163095.6131029438,276150732151.83344,26600179013.425137,0.00419673998523264,0.0008622489761285942,8,comp
United Kingdom of Great Britain and Northern Ireland,France,610744.0,0.0,835478.0,0.0,216348.0,558.0,973129.0,319.0,1988,1989,1034906.624783125,996888.6200925357,0.4124737141689639,1015897.6224378303,419031.06554235163,19009.002345294633,175587033889.5586,361342170.16341686,0.0026684453098156187,1.1712963138264683e-05,9,comp
Algeria,United States of America,1595836.0,0.0,875797.0,0.0,1577644.0,0.0,1350035.0,0.0,1988,1989,1820360.6577008304,2076428.4461452074,0.20588789113070247,1948394.5519230189,401150.8453859803,128033.89422218851,160922000753.8867,16392678069.698555,0.0024455766957595933,0.00053137123154207,10,comp
Netherlands (Kingdom of the),France,794130.0,4395.0,1694808.0,740.0,2172000.0,339.0,1250637.0,670.0,1989,1990,1871640.0501669652,2506327.486500916,0.6101786381186475,2188983.7683339408,1335671.1346258288,317343.7181669754,1784017379872.649,100707035460.04073,0.3741116443535945,0.0010398493648788138,1,comp
Egypt,United States of America,2083432.0,46295.0,905057.0,0.0,1269639.0,24658.0,1147893.0,0.0,1989,1990,2271994.784082481,1711797.1686896787,0.3252745479867485,1991895.97638608,647913.0633556052,280098.80769640126,419791337666.84454,78455342072.94557,0.08803099644194558,0.0008100897544369988,2,comp
Yugoslav SFR,United States of America,11660.0,127462.0,585.0,0.0,14700.0,127325.0,741272.0,0.0,1989,1990,127995.54394196699,752271.1769096301,1.3950608325292948,440133.3604257985,614012.8122195307,312137.81648383156,377011733569.73663,97430016479.29411,0.07906003673374629,0.001006012542155765,3,comp
Venezuela (Bolivarian Republic of),United States of America,645822.0,73930.0,0.0,19000.0,637294.0,51333.0,592417.0,0.0,1989,1990,650317.3845008297,871628.7175248415,0.7483772439234986,760973.0510128357,569494.9146170418,110655.6665120059,324324457774.67175,12244676531.216265,0.06801142050019249,0.00012643227015836337,4,comp
Egypt,France,241809.0,0.0,335078.0,0.0,910665.0,0.0,117874.0,0.0,1989,1990,413217.68907562515,918261.9572327931,0.8169659339838071,665739.8231542092,543886.7564133931,252522.13407858397,295812803801.8816,63767428199.60234,0.062032475523903834,0.000658429864511524,5,comp
"China, mainland",United States of America,8293176.0,0.0,54427.0,0.0,3919284.0,0.0,356176.0,0.0,1989,1990,8293354.596621623,3935434.9715923397,0.08406610465510704,6114394.784106981,514013.35182337806,2178959.812514642,264209725852.70383,4747865864553.843,0.05540525339502205,0.04902403572136803,6,comp
Spain,United States of America,51.0,1252191.0,877688.0,92403.0,21775.0,1483417.0,1608023.0,51856.0,1989,1990,1531945.4438180884,2188475.990222191,0.21747401190710827,1860210.7170201396,404547.48762296827,328265.2732020513,163658669742.05566,107758089590.41737,0.03431951658133114,0.00111265494520103,7,comp
Italy,France,3389673.0,6001.0,692377.0,25.0,2710761.0,145.0,904648.0,68.0,1989,1990,3459668.3323237794,2857728.6835306813,0.1206254517598555,3158698.5079272306,381019.4344919037,300969.824396549,145175809460.5301,90582835197.28955,0.03044362762963669,0.0009353120486423035,8,comp
Mexico,United States of America,429402.0,1109295.0,3577084.0,17254.0,318663.0,876910.0,3995707.0,18047.0,1989,1990,3769714.7263686946,4103232.5524794473,0.09180580085412735,3936473.6394240707,361391.1150084881,166758.91305537638,130603538007.0783,27808535083.41058,0.027387796169179194,0.0002871367170386867,9,comp
Jordan,United States of America,153013.0,0.0,319091.0,178.0,584347.0,0.0,361467.0,0.0,1989,1990,353881.4436135356,687109.7499657533,0.5696890300465342,520495.59678964445,296520.6316785845,166614.15317610884,87924485011.06677,27760276038.591858,0.01843792220722718,0.00028663841881279643,10,comp
Republic of Korea,United States of America,1771569.0,821099.0,5283828.0,0.0,1669294.0,1015383.0,1766224.0,0.0,1990,1991,5633071.863836463,2633836.0452581327,0.4853084554943689,4133453.9545472977,2006000.1545384403,1499617.909289165,4024036620008.246,2248853873860.806,0.38042617005680457,0.24099484042259442,1,comp
Mexico,United States of America,318663.0,876910.0,3995707.0,18047.0,333639.0,1452131.0,1402478.0,48738.0,1990,1991,4103232.5524794473,2046782.6842657235,0.588739527679931,3075007.6183725856,1810378.5328528655,1028224.9341068619,3277470432214.4937,1057246515119.0605,0.30984696257541133,0.11329813740233816,2,comp
Netherlands (Kingdom of the),France,2172000.0,339.0,1250637.0,670.0,748724.0,87.0,947140.0,1013.0,1990,1991,2506327.486500916,1207337.0869454811,0.3794338678500737,1856832.2867231986,704545.0565002803,649495.1997777175,496383736638.98315,421844014534.2971,0.046927347248561305,0.04520624134256754,3,comp
Brazil,United States of America,0.0,0.0,205621.0,66955.0,706959.0,30864.0,108647.0,298259.0,1990,1991,216247.4685770911,775568.3179881705,1.3157668934381173,495907.89328263083,652499.1881759285,279660.4247055397,425755190570.2458,78209953146.48285,0.04025023423621619,0.008381244951961622,4,comp
Portugal,United States of America,198659.0,359271.0,868176.0,51.0,0.0,340692.0,79686.0,459.0,1990,1991,960349.2173678281,349887.2791928852,0.9640938294032549,655118.2482803566,631595.4606965614,305230.9690874715,398912825972.5016,93165944490.07698,0.037712598791147287,0.00998397992247499,5,comp
Belgium-Luxembourg,France,798161.0,139.0,947796.0,419.0,1461781.0,122.0,732013.0,713.0,1990,1991,1239103.8836267926,1634823.307695055,0.40663120406429926,1436963.5956609237,584314.2371001663,197859.71203413117,341423127677.94934,39148465646.22931,0.03227761203402555,0.004195282913160239,6,comp
Italy,France,2710761.0,145.0,904648.0,68.0,3046022.0,328.0,450821.0,9403.0,1990,1991,2857728.6835306813,3079217.1281866436,0.1751921956409438,2968472.9058586624,520053.2860780317,110744.22232798114,270455420360.55908,12264282779.029318,0.025568435244175233,0.0013142823131302675,7,comp
Egypt,United States of America,1269639.0,24658.0,1147893.0,0.0,1736254.0,0.0,855304.0,0.0,1990,1991,1711797.1686896787,1935490.347413802,0.27772342991420723,1823643.7580517405,506468.599427764,111846.5893620617,256510442206.3209,12509659551.925653,0.024250098675276967,0.0013405777238347622,8,comp
"China, mainland",United States of America,3919284.0,0.0,356176.0,0.0,4586557.0,0.0,64.0,10.0,1990,1991,3935434.9715923397,4586557.000457424,0.09061492230026416,4260995.986024882,386109.8201953821,325561.014432542,149080793251.3103,105989974118.34584,0.014093866572593487,0.011358246614393705,9,comp
Belgium-Luxembourg,United States of America,59743.0,498189.0,7916.0,0.0,19084.0,613106.0,419582.0,0.0,1990,1991,501820.85331919,743177.1128176647,0.5899435058011544,622498.9830684273,367239.23242904147,120678.12974923739,134864653835.07155,14563210999.773773,0.012749894839279042,0.0015606432911115344,10,comp
Mexico,United States of America,333639.0,1452131.0,1402478.0,48738.0,910619.0,2100035.0,1304772.0,76180.0,1991,1992,2046782.6842657235,2635831.4302644623,0.27858694199607975,2341307.0572650926,652257.5733573225,294524.3729993694,425439942001.9829,86744606290.67168,0.13511725195844343,0.006501008065667877,1,comp
Colombia,United States of America,478899.0,0.0,1987.0,0.0,328269.0,20151.0,473447.0,0.0,1991,1992,478903.12211343955,576470.8674087529,0.9608193211251904,527686.9947610962,507011.8600729484,48783.87264765668,257061026254.63098,2379866230.5027857,0.08164108731704635,0.00017835725149141626,2,comp
Jordan,United States of America,446775.0,0.0,165466.0,0.0,223606.0,0.0,574142.0,0.0,1991,1992,476431.41980876954,616148.2608918084,0.8447146498397992,546289.840350289,461459.03120253416,69858.42054151944,212944437478.38138,4880198920.555786,0.06762991522733275,0.00036574276950760223,3,comp
Belgium-Luxembourg,United States of America,19084.0,613106.0,419582.0,0.0,33221.0,803751.0,3544.0,0.0,1991,1992,743177.1128176647,804445.0663519542,0.5955936699807232,773811.0895848095,460876.9867175988,30633.976767144748,212407596885.89374,938440532.5699642,0.06745941777649317,7.033070679857432e-05,4,comp
Egypt,United States of America,1736254.0,0.0,855304.0,0.0,3552272.0,0.0,1084618.0,0.0,1991,1992,1935490.347413802,3714166.470139431,0.1613816006398556,2824828.4087766167,455875.33014130674,889338.0613628144,207822316631.4454,790922187388.569,0.06600315942772374,0.05927505742892172,5,comp
Brazil,United States of America,706959.0,30864.0,108647.0,298259.0,129780.0,157899.0,43570.0,9252.0,1991,1992,775568.3179881705,209186.24956005116,0.8740232378952469,492377.28377411084,430349.1878303152,283191.0342140597,185200423466.2119,80197161859.22873,0.058818577688170955,0.006010314858580255,6,comp
Japan,United States of America,3279593.0,3721164.0,14046776.0,0.0,3428700.0,3899937.0,13508355.0,0.0,1991,1992,14896801.93043866,14472081.64363351,0.02755684028601293,14684441.787036086,404656.8170146077,212360.14340257458,163747139556.3937,45096830505.96204,0.05200513945353191,0.0033797474147605165,7,comp
"China, mainland",Argentina,391046.0,0.0,0.0,0.0,0.0,28550.0,0.0,0.0,1991,1992,391046.0,28550.0,1.5707963267948966,209798.0,329549.9277689157,181248.0,108603154892.49757,32850837504.0,0.034491730546125025,0.002461980850565172,8,comp
France,United States of America,9488.0,96676.0,236724.0,592.0,13627.0,389644.0,84892.0,0.0,1991,1992,255880.58496103217,399017.28474967094,0.967897247324784,327448.9348553516,316936.9226859273,71568.34989431938,100449012961.62546,5122028706.595725,0.03190202247923783,0.0003838665175628568,9,comp
Ecuador,United States of America,364456.0,7020.0,157.0,0.0,4.0,0.0,5252.0,0.0,1991,1992,364523.6357014453,5252.001523229025,1.569604154454393,184887.81861233714,290200.6882019346,179635.81708910814,84216439432.87648,32269026781.271515,0.026746651507022646,0.0024183774916603463,10,comp
Mexico,United States of America,910619.0,2100035.0,1304772.0,76180.0,962229.0,2017143.0,209957.0,209217.0,1992,1993,2635831.4302644623,2254463.179080111,0.42969523103811885,2445147.304672287,1050668.1360033918,190684.12559217564,1103903532012.8418,36360435752.852615,0.23112368057796073,0.0031069538668055566,1,comp
Brazil,Argentina,2999840.0,203559.0,453329.0,67632.0,3092315.0,14532.0,1231658.0,45088.0,1992,1993,3041472.926354269,3328909.3701927364,0.23740458428247743,3185191.1482735025,756178.9804160978,143718.22191923368,571806650423.1293,20654927311.6261,0.1197188466131401,0.001764937766853075,2,comp
Republic of Korea,United States of America,1515822.0,1213625.0,1668866.0,0.0,1403084.0,972422.0,741302.0,0.0,1992,1993,2560413.1897537555,1861122.7558503496,0.3058359487852834,2210767.9728020523,676132.3205060333,349645.21695170295,457154914832.8733,122251777737.20343,0.09571427524814614,0.010446261869528295,3,comp
Jordan,United States of America,223606.0,0.0,574142.0,0.0,658775.0,0.0,349832.0,0.0,1992,1993,616148.2608918084,745900.0796681818,0.7112424850262122,681024.1702799951,484373.32323285803,64875.9093881867,234617516259.64276,4208883618.9442115,0.049121741450644595,0.00035964385365726417,4,comp
Poland,United States of America,150923.0,25378.0,56885.0,0.0,233540.0,22106.0,821351.0,0.0,1992,1993,163271.85317132896,854193.814094319,0.9375574371015956,508732.833632824,476966.2516702229,345460.980461495,227496805232.3424,119343289021.41743,0.04763088206553069,0.01019773513779454,5,comp
Japan,United States of America,3428700.0,3899937.0,13508355.0,0.0,3228070.0,4036235.0,14552719.0,0.0,1992,1993,14472081.64363351,15443226.968256537,0.03039062442103596,14957654.305945024,454572.4542316665,485572.662311513,206636116146.20056,235780810384.29062,0.04326329096616141,0.020147176054801468,6,comp
Netherlands (Kingdom of the),France,803887.0,826.0,1130000.0,789.0,1092331.0,47.0,807873.0,994.0,1992,1993,1386771.6515583955,1358619.4419096909,0.3156548418268953,1372695.5467340432,433297.9956808179,14076.104824352311,187747153061.0141,198136727.0261544,0.039308519064499683,1.693053610177956e-05,7,comp
Indonesia,"China, mainland",0.0,221215.0,45713.0,0.0,0.0,77246.0,481056.0,0.0,1992,1993,225888.81024521776,487218.45167440036,1.2078027345403777,356553.63095980906,430646.45048355806,130664.8207145913,185456365314.08762,17073295372.37629,0.03882889808301125,0.0014588917865803153,8,comp
Belgium-Luxembourg,France,1438409.0,461.0,859320.0,611.0,1159667.0,168.0,1125098.0,807.0,1992,1993,1675545.2543942225,1615757.9459702496,0.23175621966761195,1645651.6001822362,381389.99374819145,29893.65421198646,145458327331.2455,893630562.1458158,0.0304545306800596,7.635961651908259e-05,9,comp
Spain,France,777697.0,9180.0,345870.0,717.0,1144741.0,4488.0,1026532.0,5292.0,1992,1993,851189.4426025266,1537611.150945843,0.31264244495899923,1194400.2967741848,373420.2290432354,343210.85417165817,139442667458.7024,117793690421.23921,0.029195035252671895,0.010065323870901446,10,comp
Mexico,United States of America,962229.0,2017143.0,209957.0,209217.0,606057.0,2176127.0,2745896.0,185206.0,1993,1994,2254463.179080111,3560488.718228159,0.8007751211526724,2907475.9486541348,2328234.405031996,653012.769574024,5420675444774.691,426425677226.73737,0.5523964569851336,0.03363885147374743,1,comp
Japan,United States of America,3228070.0,4036235.0,14552719.0,0.0,3706402.0,3540131.0,11886382.0,0.0,1993,1994,15443226.968256537,12944343.178882774,0.08189190612893907,14193785.073569655,1162356.1148591028,1249441.8946868815,1351071737750.3477,1561105048198.7441,0.1376815949727203,0.1231487306130312,2,comp
Republic of Korea,United States of America,1403084.0,972422.0,741302.0,0.0,1535061.0,1016927.0,1489042.0,0.0,1993,1994,1861122.7558503496,2368079.152987501,0.27091926732942034,2114600.9544189256,572886.1412652683,253478.19856857578,328198530853.80896,64251197149.570335,0.033445224212073375,0.005068495152499092,3,comp
"China, Taiwan Province of",United States of America,847572.0,2435307.0,5245274.0,0.0,872307.0,1859592.0,5210996.0,0.0,1993,1994,5844826.585494988,5601203.55108873,0.09149704226248644,5723015.068291859,523638.9515723469,121811.5172031289,274197751603.78668,14838045723.328167,0.027942249640721135,0.0011705083509366426,4,comp
Romania,France,906569.0,0.0,77522.0,0.0,62.0,0.0,146.0,0.0,1993,1994,909877.4710063988,158.61904047118682,1.0839118853813574,455018.04502343497,493199.46706389077,454859.4259829638,243245714312.10587,206897097405.55133,0.024788067858287032,0.01632120461234366,5,comp
Netherlands (Kingdom of the),France,1092331.0,47.0,807873.0,994.0,1332928.0,8971.0,1653678.0,884.0,1993,1994,1358619.4419096909,2124012.5331939547,0.25561502711963235,1741315.9875518228,445106.53338190855,382696.54564213194,198119826059.26007,146456646046.42038,0.020189493189292956,0.011553322482218076,6,comp
Egypt,France,288198.0,0.0,124847.0,0.0,44042.0,0.0,444031.0,0.0,1993,1994,314077.7938871196,446209.8460646067,1.0631384411291211,380143.81997586315,404145.5081740084,66066.02608874353,163333591777.22748,4364719803.158541,0.01664458577599766,0.0003443136026372668,7,comp
United Kingdom of Great Britain and Northern Ireland,France,755925.0,0.0,1242941.0,205.0,371828.0,63.0,1344298.0,82.0,1993,1994,1454759.4224238591,1394773.5246558848,0.27655871991783504,1424766.473539872,394031.592104035,29992.94888398715,155260895576.04065,899576982.757466,0.015821933908110684,7.096368283678689e-05,8,comp
Portugal,United States of America,0.0,350951.0,1643.0,0.0,35020.0,415980.0,442432.0,0.0,1993,1994,350954.8458847662,608285.9816106237,0.8130948996939271,479620.4137476949,389976.9122073418,128665.56786292873,152081992054.7728,16554828353.489918,0.015497986263553094,0.0013059378032254964,9,comp
Poland,United States of America,233540.0,22106.0,821351.0,0.0,25198.0,42463.0,31976.0,0.0,1993,1994,854193.814094319,58826.10091617495,0.8520239472885563,456509.957505247,388957.41597015166,397683.85658907203,151287871438.17758,158152449791.55762,0.015417061032095287,0.012475953144629091,10,comp
"China, mainland",United States of America,2241868.0,34710.0,464.0,42.0,3841112.0,143915.0,4975370.0,20.0,1994,1995,2242136.733248889,6287221.927136738,0.9129875124665451,4264679.330192814,3893598.9731402285,2022542.5969439244,15160112963638.643,4090678556452.674,0.3869920957267798,0.11490718173215322,1,comp
Republic of Korea,United States of America,1535061.0,1016927.0,1489042.0,0.0,1511418.0,1414320.0,8836632.0,0.0,1994,1995,2368079.152987501,9075833.324634604,0.6647096340646219,5721956.238811052,3803439.437633875,3353877.0858235518,14466151555748.686,11248491506812.28,0.36927734780656485,0.3159701843956935,2,comp
Japan,United States of America,3706402.0,3540131.0,11886382.0,0.0,3279686.0,4064782.0,16221836.0,0.0,1994,1995,12944343.178882774,17041911.75241252,0.10572409374607673,14993127.465647647,1585134.8137250098,2048784.2867648732,2512652377683.0215,4197517053694.6504,0.06414045936231892,0.11790827567027479,3,comp
Japan,"China, mainland",0.0,207936.0,1799543.0,0.0,0.0,194974.0,26241.0,0.0,1994,1995,1811516.5991359283,196731.92612537497,1.3219738967766048,1004124.2626306517,1327426.0643177775,807392.3365052766,1762059956230.1843,651882385047.4498,0.04498009196193288,0.01831137955547239,4,comp
Malaysia,United States of America,116461.0,188709.0,7837.0,0.0,127676.0,264037.0,1158417.0,0.0,1994,1995,221891.12143346338,1194967.2147109308,1.2888433735582812,708429.1680721971,913054.2389052571,486538.0466387337,833668043182.8583,236719270827.0346,0.02128103820503088,0.0066494455374691225,5,comp
Egypt,United States of America,4660222.0,18733.0,1373816.0,0.0,4731655.0,25157.0,2142200.0,0.0,1994,1995,4858537.888750997,5194055.520850157,0.13845480997155127,5026296.704800578,695914.9551237983,167758.81604958,484297624764.95825,28143020362.35682,0.01236266202058098,0.000790537587014248,6,comp
Spain,France,1156089.0,13186.0,1008471.0,1102.0,1441265.0,13669.0,429660.0,3391.0,1994,1995,1534187.282818496,1504011.5878100807,0.4275666390907177,1519099.4353142884,649516.2400019374,15087.847504207632,421871346026.25433,227643142.31022444,0.010769106847512087,6.394497040657906e-06,7,comp
Indonesia,United States of America,800.0,258204.0,40528.0,0.0,603902.0,423680.0,662043.0,0.0,1994,1995,261366.53267011826,991213.0456430645,1.0149099407821374,626289.7891565914,635627.7328253735,364923.25648647314,404022614736.7244,133168983124.69226,0.010313482410915443,0.003740717422261749,8,comp
Spain,United States of America,21795.0,1248758.0,1110885.0,18990.0,100180.0,1674871.0,2324944.0,51941.0,1994,1995,1671615.2870544107,2867628.1784181856,0.22058240993957787,2269621.732736298,500638.6314582131,598006.4456818874,250639039308.3525,357611709077.0842,0.006398060972601475,0.010045314750934729,9,comp
Egypt,France,44042.0,0.0,444031.0,0.0,281823.0,0.0,52500.0,0.0,1994,1995,446209.8460646067,286671.33328779147,1.2877568963822252,366440.5896761991,471886.3964698946,79769.25638840761,222676771173.3426,6363134264.759508,0.005684268352929306,0.0001787404742896403,10,comp
"China, mainland",United States of America,3841112.0,143915.0,4975370.0,20.0,2165013.0,859678.0,340449.0,0.0,1995,1996,6287221.927136738,2354194.7828193824,0.816682494395916,4320708.35497806,3528646.876900757,1966513.5721586777,12451348781861.467,3867175629484.283,0.7363118418188961,0.27738041896610016,1,comp
Republic of Korea,United States of America,1511418.0,1414320.0,8836632.0,0.0,625583.0,1354237.0,8061017.0,0.0,1995,1996,9075833.324634604,8197884.301229617,0.09125068918344756,8636858.812932111,788119.3190601879,438974.51170249376,621132061075.8943,192698621924.44284,0.036730710858393106,0.013821669767483552,2,comp
Spain,United States of America,100180.0,1674871.0,2324944.0,51941.0,69628.0,1309453.0,1004132.0,20843.0,1995,1996,2867628.1784181856,1651735.669429585,0.2922139327129461,2259681.9239238854,660310.5416701549,607946.2544943002,436010011440.73334,369598648353.64844,0.025783498655429133,0.026510155667098852,3,comp
Brazil,Argentina,4271070.0,0.0,828632.0,36664.0,4098731.0,0.0,187470.0,40438.0,1995,1996,4350863.613723142,4103215.329848654,0.1459239317146377,4227039.471785898,616826.2192359635,123824.14193724399,380474584736.933,15332418126.494745,0.02249940525809035,0.0010997464224963838,4,comp
Indonesia,United States of America,603902.0,423680.0,662043.0,0.0,540938.0,732908.0,151477.0,0.0,1995,1996,991213.0456430645,923424.7873200069,0.6339207246821704,957318.9164815356,606864.3012879252,33894.129161528836,368284280177.6817,1148811991.6183994,0.021778530294292758,8.240069292919262e-05,5,comp
Spain,France,1441265.0,13669.0,429660.0,3391.0,1096008.0,17699.0,838061.0,4562.0,1995,1996,1504011.5878100807,1379823.8446374233,0.36308276917566723,1441917.7162237521,523535.47732997383,62093.87158632872,274089396023.12354,3855648888.579481,0.016208305746186293,0.00027655364187402536,6,comp
Philippines,United States of America,1775062.0,67520.0,157831.0,0.0,693147.0,133507.0,322621.0,0.0,1995,1996,1783343.6793857208,776119.3157620805,0.3702191456039721,1279731.4975739005,473781.1016343012,503612.18181182013,224468532265.81204,253625229669.26178,0.013273970661218224,0.018191744882146716,7,comp
Indonesia,Argentina,530195.0,38182.0,168745.0,0.0,43202.0,0.0,287646.0,0.0,1995,1996,557709.1340241793,290872.1955086117,1.114740466007946,424290.66476639546,472973.9733645129,133418.4692577838,223704379480.21497,17800487939.090206,0.013228782404519987,0.0012767733548745776,8,comp
Brazil,United States of America,278607.0,189863.0,97938.0,111393.0,954049.0,92192.0,9189.0,4.0,1995,1996,368334.18455391837,958537.0608390685,0.6351490533903559,663435.6226964934,421380.5077411191,295101.4381425751,177561532304.1633,87084858793.81607,0.010500120202039531,0.0062463246907288016,9,comp
Morocco,United States of America,341704.0,55977.0,537011.0,0.0,755840.0,78753.0,379864.0,17.0,1995,1996,638964.6799831741,849583.8977958563,0.5361813992349077,744274.2888895152,399066.0296313462,105309.60890634113,159253696005.72647,11090113728.006523,0.009417484344608705,0.000795459189596305,10,comp
"China, mainland",United States of America,2165013.0,859678.0,340449.0,0.0,187591.0,2366483.0,413.0,0.0,1996,1997,2354194.7828193824,2373906.5573730995,1.1188428407919915,2364050.670096241,2645001.167506689,9855.887276858557,6996031176111.749,97138514.01414238,0.5589495437382541,2.5395087185026913e-06,1,comp
Brazil,United States of America,954049.0,92192.0,9189.0,4.0,0.0,772746.0,4007.0,4.0,1996,1997,958537.0608390685,772756.3888969149,1.4744188764299848,865646.7248679916,1276325.8714651605,92890.3359710768,1629007730171.3015,8628614516.819525,0.13014995282388,0.0002255793391164275,2,comp
Brazil,Uruguay,1970443.0,0.0,5.0,112680.0,86921.0,608.0,2625.0,107808.0,1996,1997,1973662.179470945,138510.23570119287,0.8352998287336806,1056086.207586069,882148.6283246456,917575.971884876,778186202455.0537,841945664180.4749,0.06217336827927095,0.022011128916184213,3,comp
Türkiye,Argentina,23388.0,5869.0,134630.0,0.0,791257.0,0.0,202338.0,0.0,1996,1997,136772.36784160754,816718.0090416765,1.1488539964075661,476745.18844164204,547710.6150092586,339972.8206000345,299986917793.8203,115581518746.74324,0.023967524816190536,0.0030216673328192266,4,comp
Netherlands (Kingdom of the),France,1765433.0,20.0,1135893.0,590.0,1279618.0,324.0,1437676.0,869.0,1996,1997,2099287.2441469273,1924665.0012500877,0.2717733290945516,2011976.1226985075,546801.4489245214,87311.12144841976,298991824545.95605,7623231928.580705,0.02388802160889067,0.00019929545085464528,5,comp
Philippines,United States of America,693147.0,133507.0,322621.0,0.0,1894050.0,42453.0,105029.0,0.0,1996,1997,776119.3157620805,1897434.7816328234,0.4068841465900333,1336777.048697452,543913.3886404062,560657.7329353715,295841774342.28955,314337093500.2303,0.023636347612624894,0.008217768179739826,6,comp
Jordan,United States of America,0.0,0.0,438119.0,0.0,339348.0,0.0,81166.0,0.0,1996,1997,438119.0,348919.73956771207,1.336024753022241,393519.36978385603,525751.6188249442,44599.63021614397,276414764697.0495,1989127015.416782,0.022084222142617963,5.2002086393093486e-05,7,comp
Indonesia,United States of America,540938.0,732908.0,151477.0,0.0,66358.0,610762.0,171705.0,0.0,1996,1997,923424.7873200069,637899.8446723436,0.5256228098301059,780662.3159961752,410333.9200623876,142762.47132383165,168373925953.7659,20381123218.487854,0.013452274113732844,0.0005328271760333094,8,comp
Indonesia,"China, mainland",0.0,1897.0,2.0,0.0,10438.0,2530.0,494932.0,0.0,1996,1997,1897.0010542959642,495048.5202159481,1.5646316329024914,248472.76063512205,388768.3412043209,246575.75958082607,151140823122.75928,60799605212.861336,0.01207543134072235,0.001589494435719943,9,comp
"China, Taiwan Province of",United States of America,806663.0,2688378.0,5798712.0,0.0,898248.0,2274489.0,5621670.0,0.0,1996,1997,6442293.250496829,6130523.898454764,0.05369357131487158,6286408.574475797,337539.7271080364,155884.6760210325,113933067376.16768,24300032218.182266,0.009102709010796933,0.0006352798815615584,10,comp
Mexico,United States of America,1139817.0,3308897.0,2517262.0,406060.0,1698516.0,3213986.0,5211427.0,380272.0,1997,1998,4330066.379438311,6365394.000434302,0.3550280306025268,5347730.189936306,1898594.1175267634,1017663.8104979955,3604659623107.2295,1035639631197.3,0.4617502119553645,0.048876219081030396,1,comp
Spain,United States of America,171291.0,1605227.0,1167299.0,6250.0,327898.0,1710171.0,218259.0,6202.0,1997,1998,1992164.7386978318,1754957.9492198667,0.5071028975958151,1873561.343958849,950088.3863450419,118603.39473898255,902667941867.7256,14066765243.610912,0.11563008912432228,0.0006638702103484578,2,comp
Brazil,Argentina,3699415.0,0.0,400234.0,89054.0,5843283.0,0.0,1549250.0,126245.0,1997,1998,3722067.8677177555,6046492.336935027,0.15139371484198455,4884280.102326391,739449.3090199808,1162212.2346086355,546785280610.12714,1350737278273.998,0.07004218029278518,0.06374701116595002,3,comp
Iran (Islamic Republic of),Argentina,530636.0,0.0,1202378.0,0.0,720517.0,90000.0,510515.0,0.0,1997,1998,1314263.0708423636,887620.5904067345,0.5473088557360782,1100941.8306245492,602555.2135511052,213321.24021781457,363072785377.61804,45505951528.06655,0.046508950395384545,0.0021476185242208113,4,comp
"China, Taiwan Province of",United States of America,898248.0,2274489.0,5621670.0,0.0,963352.0,1226365.0,3714407.0,0.0,1997,1998,6130523.898454764,4028503.140221936,0.114240145447487,5079513.51933835,580284.3632516896,1051010.3791164139,336729942234.4188,1104622817010.428,0.04313448104829155,0.05213182769347016,5,comp
Belgium-Luxembourg,France,1476562.0,2486.0,997987.0,1405.0,1638584.0,11833.0,621710.0,1489.0,1997,1998,1782195.7092962603,1752604.6576926582,0.23177817682079638,1767400.1834944594,409644.7922430868,14795.525801801006,167808855811.88174,218907583.75175932,0.02149600318499159,1.0331175729129332e-05,6,comp
Spain,France,1134048.0,21427.0,1036898.0,6013.0,1145903.0,12191.0,1656332.0,716.0,1997,1998,1536788.0794715972,2014119.7861026041,0.22504956967918366,1775453.9327871008,399565.14355895127,238665.85331550345,159652303947.28534,56961389538.81741,0.020451164019551677,0.002688249146124808,7,comp
Portugal,United States of America,6408.0,274809.0,492262.0,0.0,16864.0,171297.0,1881.0,0.0,1997,1998,563811.072602339,172135.39690023084,1.052163183515387,367973.23475128494,387167.8901243668,195837.83785105406,149898975143.35376,38352458734.17574,0.019201780689814804,0.0018100149114809564,8,comp
Brazil,United States of America,0.0,772746.0,4007.0,4.0,0.0,510772.0,24325.0,317168.0,1997,1998,772756.3888969149,601726.9163274982,0.5566222931111469,687241.6526122065,382534.0245985006,85514.73628470837,146332279975.52625,7312770121.843219,0.018744893654165963,0.0003451205842240796,9,comp
Indonesia,Argentina,218191.0,0.0,429021.0,0.0,206791.0,0.0,28469.0,0.0,1997,1998,481317.2871630521,208741.4708245585,0.9634988291557568,345029.3789938053,332435.4026848693,136287.9081692468,110513296958.2512,18574393913.149048,0.014156548365132736,0.000876604292505562,10,comp
Republic of Korea,United States of America,1440464.0,1357786.0,4216571.0,15.0,340347.0,1294776.0,6519742.0,20.0,1998,1999,4658110.169946391,6655773.187057158,0.28654015342662426,5656941.678501775,1620940.9364833639,998831.5085553834,2627449519567.5645,997664382483.023,0.2894816804735132,0.09208620613749312,1,comp
Brazil,Argentina,5843283.0,0.0,1549250.0,126245.0,6569179.0,85.0,530818.0,316468.0,1998,1999,6046492.336935027,6598184.029368536,0.18047609674452195,6322338.183151782,1141030.9175940861,275845.8462167545,1301951554905.6023,76090930875.03738,0.14344371650238494,0.0070233289558893,2,comp
"China, Taiwan Province of",Argentina,0.0,266012.0,1046091.0,0.0,0.0,105003.0,8505.0,0.0,1998,1999,1079383.5112808608,105346.8795646079,1.2409614976260137,592365.1954227344,735102.4000533227,487018.31585812644,540375538564.1552,237186839981.28583,0.05953637465738144,0.02189276937526529,3,comp
Russian Federation,France,0.0,20.0,501.0,1.0,927522.0,65.0,453.0,0.0,1998,1999,501.40003988831114,927522.112899741,1.5703055230416019,464011.7564698147,728640.2239407847,463510.35642992635,530916575944.47687,214841850517.79736,0.05849422470386633,0.0198302868991908,4,comp
Egypt,United States of America,3621859.0,52673.0,1838800.0,0.0,4495122.0,32998.0,3138305.0,0.0,1998,1999,4062243.5304656466,5482350.676116314,0.13986997164103004,4772297.103290981,667501.0604998793,710053.5728253336,445557665768.4635,504176076282.0213,0.049089727842131434,0.04653635321183647,5,comp
"China, Taiwan Province of",United States of America,963352.0,1226365.0,3714407.0,0.0,910454.0,2212182.0,4800707.0,0.0,1998,1999,4028503.140221936,5363717.310512272,0.1312837519607132,4696110.225367104,616522.9700072638,667607.0851451678,380100572546.5775,445699220136.0273,0.04187793206692598,0.041138834844055935,6,comp
Mexico,United States of America,1698516.0,3213986.0,5211427.0,380272.0,1911901.0,4040736.0,5520582.0,490153.0,1998,1999,6365394.000434302,7120392.435647772,0.07672457290720341,6742893.218041036,517345.60231307696,377499.21760673495,267646472232.6804,142505659293.69702,0.02948819757628514,0.0131535271258439,7,comp
Spain,France,1145903.0,12191.0,1656332.0,716.0,1501798.0,14154.0,1336720.0,538.0,1998,1999,2014119.7861026041,2010576.5880373719,0.23826321707878736,2012348.1870699879,479468.55293396075,1771.5990326161264,229890093252.5863,3138563.1323663946,0.025328353608073968,2.8969498827181603e-07,8,comp
Brazil,United States of America,0.0,510772.0,24325.0,317168.0,95078.0,0.0,94690.0,218056.0,1998,1999,601726.9163274982,256036.01566967097,1.088451140841399,428881.4659985846,466816.5209518911,172845.45032891358,217917664233.62738,29875549699.40493,0.02400928016976544,0.0027575666490600994,9,comp
Italy,France,2511519.0,4062.0,526293.0,113.0,2851105.0,62.0,1081148.0,261.0,1998,1999,2566072.587013664,3049209.8633734607,0.1558955323509419,2807641.2251935625,437698.7234520011,241568.63817989826,191580172511.51135,58355406952.0906,0.02110752266447559,0.005386308390055167,10,comp
Republic of Korea,United States of America,340347.0,1294776.0,6519742.0,20.0,1426789.0,1320118.0,2307558.0,0.0,1999,2000,6655773.187057158,3017161.299600835,0.5385035540437934,4836467.243328996,2604454.799549052,1819305.9437281615,6783184802894.093,3309874116884.616,0.5626892060615002,0.14664652241453302,1,comp
Egypt,United States of America,4495122.0,32998.0,3138305.0,0.0,3522764.0,170598.0,3891473.0,0.0,1999,2000,5482350.676116314,5251907.461773198,0.22709779874867345,5367129.068944756,1218863.1971573713,115221.60717155784,1485627493384.689,13276018759.19679,0.12323806280482065,0.0005882042379239471,2,comp
Brazil,Argentina,6569179.0,85.0,530818.0,316468.0,7207842.0,439.0,1517599.0,175776.0,1999,2000,6598184.029368536,7367970.576533405,0.12907716783881715,6983077.302950971,901355.8410644371,384893.27358243475,812442352220.9788,148142832049.00296,0.06739497086190441,0.0065635822914844235,3,comp
Russian Federation,France,927522.0,65.0,453.0,0.0,0.0,0.0,1228.0,0.0,1999,2000,927522.112899741,1228.0,1.5703079287160702,464375.0564498705,729211.8330412044,463147.0564498705,531749897447.3133,214505195898.17957,0.04411053750006234,0.009503817942153107,4,comp
Italy,France,2851105.0,62.0,1081148.0,261.0,3017355.0,134.0,451088.0,10032.0,1999,2000,3049209.8633734607,3050903.5118713602,0.2140753005386026,3050056.6876224102,652941.8020625422,846.8242489497643,426332996880.68,717111.3086093324,0.03536583220174951,3.1772168933927935e-08,5,comp
Algeria,United States of America,565768.0,0.0,2433404.0,0.0,708220.0,0.0,1173760.0,0.0,1999,2000,2498309.1195926894,1370871.294469324,0.3144569280097296,1934590.2070310067,608345.2934606771,563718.9125616828,370083996075.7574,317779012379.72614,0.030699778345871877,0.014079443935370735,6,comp
Israel,United States of America,740105.0,582592.0,0.0,0.0,751461.0,424357.0,495274.0,77.0,1999,2000,941896.4112305556,995022.029391812,0.5409624386543038,968459.2203111838,523900.0615567837,26562.809080628213,274471274499.20172,705582826.2539046,0.02276836442208535,3.126139064253719e-05,7,comp
Spain,France,1501798.0,14154.0,1336720.0,538.0,1231296.0,5062.0,1743112.0,53.0,1999,2000,2010576.5880373719,2134140.3212565477,0.2285404885939127,2072358.45464696,473617.8137667421,61781.866609587916,224313833517.18842,3816999041.7649145,0.018607627030380488,0.00016911508286039832,8,comp
Netherlands (Kingdom of the),France,1603695.0,830.0,1446905.0,573.0,1278825.0,0.0,843094.0,770.0,1999,2000,2159947.3950258605,1531731.5255491089,0.15118156457652063,1845839.4602874848,279056.89756334235,314107.9347383758,77872752077.67775,98663794665.60777,0.0064598206172589035,0.004371375425465258,9,comp
"China, Taiwan Province of",United States of America,910454.0,2212182.0,4800707.0,0.0,1075224.0,2024235.0,4919053.0,0.0,1999,2000,5363717.310512272,5426851.426214836,0.04990987328425091,5395284.368363554,269277.9591575247,31567.05785128195,72510619288.04153,996479141.3861814,0.006015012709193444,4.4149775968050036e-05,10,comp
Brazil,Argentina,7207842.0,439.0,1517599.0,175776.0,6790912.0,0.0,323317.0,177798.0,2000,2001,7367970.576533405,6800928.745622689,0.15990920686875948,7084449.661078047,1132868.7264046425,283520.9154553581,1283391551265.6768,80384109500.64432,0.1617675677790214,0.005826623302961571,1,comp
Republic of Korea,Brazil,0.0,125204.0,0.0,0.0,0.0,109515.0,1322403.0,0.0,2000,2001,125204.0,1326930.0017838168,1.488169728692761,726067.0008919084,1080510.931730078,600863.0008919084,1167503873588.2014,361036345840.8295,0.14716028153426136,0.02616963475692181,2,comp
Egypt,United States of America,3522764.0,170598.0,3891473.0,0.0,2308777.0,221411.0,3853931.0,0.0,2000,2001,5251907.461773198,4498028.259072079,0.19652245900515705,4874967.860422639,958040.6715013663,376939.6013505594,917841928250.7888,142083463066.31863,0.11569115925090015,0.0102988864591584,3,comp
Pakistan,Australia,937214.0,0.0,81.0,0.0,0.0,0.0,40.0,0.0,2000,2001,937214.0035002679,40.0,1.5707099004293086,468627.00175013393,736077.0712574383,468587.00175013393,541809454830.92786,219573778209.18002,0.0682934195890875,0.015915753757559124,4,comp
Spain,Brazil,0.0,1124748.0,18.0,0.0,0.0,1370864.0,774027.0,0.0,2000,2001,1124748.0001440323,1574289.0151509666,0.5139878460443953,1349518.5076474994,693636.110942785,224770.50750346715,481131054403.8316,50521781043.36618,0.06064509336773082,0.00366205943641187,5,comp
Republic of Korea,United States of America,1426789.0,1320118.0,2307558.0,0.0,1421360.0,1198606.0,3359773.0,0.0,2000,2001,3017161.299600835,3839921.249760859,0.19630233375633657,3428541.2746808473,673030.6535997753,411379.9750800121,452970260684.94073,169233483896.8314,0.057095511712670764,0.012266849344231969,6,comp
Algeria,United States of America,708220.0,0.0,1173760.0,0.0,72751.0,0.0,1285627.0,0.0,2000,2001,1370871.294469324,1287683.7698480168,0.48637135552463895,1329277.5321586705,646522.5151844594,41593.762310653576,417991362640.4395,1730041063.155146,0.052686528924316745,0.00012540162024907901,7,comp
Republic of Korea,"China, mainland",7.0,43440.0,6296496.0,0.0,339044.0,46872.0,2769417.0,0.0,2000,2001,6296645.846136259,2790487.1148616686,0.1222095351699609,4543566.480498964,555267.1475955936,1753079.3656372952,308321605198.9467,3073287262223.261,0.03886299244963028,0.22276650559426164,8,comp
Iran (Islamic Republic of),Brazil,0.0,275619.0,243410.0,0.0,0.0,522131.0,1406663.0,0.0,2000,2001,367714.9184640188,1500440.4609080628,0.49195387891851255,934077.6896860407,459523.1426522904,566362.771222022,211161518633.03723,320766788626.28845,0.026616261610966162,0.023250705357519698,9,comp
Spain,Argentina,1915.0,30156.0,1428260.0,0.0,503.0,277399.0,557969.0,0.0,2000,2001,1428579.6019686828,623121.0662230896,0.44026117510506535,1025850.3340958862,451642.07357097877,402729.2678727966,203980562619.4934,162190863201.3588,0.025711124135584226,0.011756366636728304,10,comp
Republic of Korea,United States of America,1421360.0,1198606.0,3359773.0,0.0,1252322.0,1228576.0,982954.0,0.0,2001,2002,3839921.249760859,2010947.027043726,0.5569008579113931,2925434.1384022925,1629176.781439514,914487.1113585666,2654216985181.614,836286676840.9353,0.39088654373386006,0.06267310529823104,1,comp
Spain,France,1318150.0,2134.0,1316940.0,21.0,802903.0,8930.0,2131183.0,100.0,2001,2002,1863291.4266150102,2277427.048622634,0.4255691460024695,2070359.2376188221,881081.0126717659,207067.81100381177,776303750890.7045,42877078353.91031,0.11432625582890532,0.0032132996028421076,2,comp
Malaysia,Argentina,0.0,266409.0,794242.0,0.0,0.0,307517.0,17892.0,0.0,2001,2002,837731.5261138261,308037.05775928975,1.1890473980197123,572884.291936558,681186.5766935295,264847.23417726817,464015152267.44977,70144057451.34872,0.06833551293002278,0.005256745109583646,3,comp
Indonesia,United States of America,755512.0,1014164.0,463722.0,0.0,267135.0,1121963.0,69359.0,0.0,2001,2002,1346983.702323083,1155410.2096117206,0.4918395237707099,1251196.9559674019,615388.1149663688,95786.74635568121,378702532041.8607,9175100777.407608,0.05577152308177828,0.0006876016001074254,4,comp
Mexico,United States of America,2298408.0,4272156.0,6173101.0,616625.0,2457640.0,4305620.0,5511835.0,637450.0,2001,2002,7875366.56731774,7440767.804717803,0.06855637210850517,7658067.186017772,525009.3036365674,217299.38129996834,275634768904.9534,47219021113.34903,0.04059273328128683,0.0035386940438837094,5,comp
Italy,France,2695581.0,371.0,461420.0,21302.0,1535054.0,1536.0,623093.0,20953.0,2001,2002,2734870.9762630486,1656827.4071459586,0.21610150598094502,2195849.1917045037,474526.31723438407,539021.784558545,225175225748.0273,290544484228.67847,0.03316155620227692,0.02177402266250341,6,comp
Egypt,United States of America,2308777.0,221411.0,3853931.0,0.0,1797682.0,203632.0,3873771.0,0.0,2001,2002,4498028.259072079,4275421.420747784,0.10513569040606133,4386724.839909932,461201.3446653495,111303.41916214768,212706680321.12653,12388451117.184744,0.031325313478143955,0.0009284169207169921,7,comp
Spain,Brazil,0.0,1370864.0,774027.0,0.0,0.0,1284067.0,290560.0,0.0,2001,2002,1574289.0151509666,1316530.7341984082,0.29147044198588595,1445409.8746746874,421294.25502219517,128879.1404762792,177488849314.70642,16609832849.904507,0.026138783395351653,0.0012447762615571145,8,comp
Italy,United States of America,1024971.0,247331.0,6681.0,3443.0,835288.0,592973.0,8382.0,26604.0,2001,2002,1054416.7413371243,1024744.383938258,0.3811835501527917,1039580.5626376912,396271.00953607174,14836.178699433105,157030712998.73746,220112198.4015126,0.023125913595922618,1.6495677104356166e-05,9,comp
South Africa,United States of America,22944.0,1.0,1052.0,19.0,68752.0,5182.0,469226.0,0.0,2001,2002,22968.11272177146,474264.4090631301,1.3795018937306622,248616.26089245078,342966.6027133722,225648.1481706793,117626090576.75209,50917086772.85684,0.017322794728226235,0.003815834963255535,10,comp
Spain,Ukraine,2797410.0,0.0,3437.0,0.0,50850.0,0.0,36049.0,0.0,2002,2003,2797412.111411009,62331.79686965554,0.6154643231780299,1429871.9541403323,880035.1744862266,1367540.1572706767,774461908333.0034,1870166081747.9072,0.14186963411767745,0.09911250795763994,1,comp
Republic of Korea,United States of America,1252322.0,1228576.0,982954.0,0.0,1363323.0,1189250.0,274771.0,0.0,2002,2003,2010947.027043726,1829880.9434687274,0.364155542225006,1920413.9852562267,699329.396097466,90533.04178749933,489061604246.0465,8196231655.2971,0.08958864226742275,0.0004343726918622388,2,comp
Republic of Korea,Argentina,0.0,0.0,874561.0,0.0,0.0,19400.0,1515.0,0.0,2002,2003,874561.0,19459.065368100288,1.4928617140972917,447010.03268405015,667324.1636113975,427550.96731594985,445321539339.6512,182799829652.8044,0.0815761281104507,0.009687775726413276,3,comp
Spain,Brazil,0.0,1284067.0,290560.0,0.0,0.0,1530347.0,979800.0,0.0,2002,2003,1316530.7341984082,1817132.3508234066,0.34695495573317403,1566831.5425109074,543619.9684732127,250300.8083124992,295522670122.8168,62650494641.890465,0.05413525524327774,0.0033202653546902804,4,comp
Brazil,United States of America,677203.0,0.0,16.0,6523.0,500014.0,0.0,7480.0,466561.0,2002,2003,677234.4150986422,683921.8649209865,0.7412351341908954,680578.1400098144,504468.4289375648,3343.7249111721176,254488395794.73483,11180496.281592986,0.04661840073749583,5.925286729850557e-07,5,comp
South Africa,United States of America,68752.0,5182.0,469226.0,0.0,237458.0,2.0,19523.0,0.0,2002,2003,474264.4090631301,238259.20611174713,1.3432910119088688,356261.8075874386,478563.2840186131,118002.60147569148,229022816810.67975,13924613955.030865,0.0419534942596045,0.0007379576738634781,6,comp
Spain,Argentina,45424.0,426246.0,717998.0,0.0,0.0,35970.0,1041084.0,0.0,2002,2003,836223.7262216375,1041705.2058792833,0.5038954727329,938964.4660504604,473139.9434998918,102740.7398288229,223861406135.08078,10555659620.573877,0.04100800238169609,0.0005594144329494322,7,comp
"China, Taiwan Province of",United States of America,962916.0,2201134.0,4778679.0,0.0,1014238.0,1706009.0,4780802.0,0.0,2002,2003,5348641.985967373,5176409.295247913,0.08878864886060814,5262525.640607643,467252.5412238589,86116.3453597296,218324937280.15396,7416024938.116222,0.03999380555380685,0.00039302436177546875,8,comp
Spain,France,802903.0,8930.0,2131183.0,100.0,1017471.0,13424.0,1609837.0,201.0,2002,2003,2277427.048622634,1904469.1246084827,0.20336634402525558,2090948.0866155582,425228.4679216095,186478.96200707555,180819249930.9593,34774403271.23633,0.033123334476649155,0.0018429263339656587,9,comp
Mexico,United States of America,2457640.0,4305620.0,5511835.0,637450.0,2761594.0,4098938.0,5763200.0,708692.0,2002,2003,7440767.804717803,7625248.372318373,0.05463713383705473,7533008.088518089,411581.97112797864,92240.28380028484,169399718957.59225,8508269955.557091,0.03103145021022444,0.0004509096715558827,10,comp
Republic of Korea,United States of America,1363323.0,1189250.0,274771.0,0.0,1333444.0,997572.0,4397499.0,0.0,2003,2004,1829880.9434687274,4702256.9316575,1.0591940417689647,3266068.9375631134,3459400.7586735426,1436187.9940943862,11967453609111.082,2062635954380.8567,0.4827860539066349,0.0756356077500526,1,comp
"China, mainland",United States of America,213294.0,8293094.0,33.0,0.0,2812493.0,10197760.0,546.0,0.0,2003,2004,8295836.4511579545,10578488.842493761,0.24339152926366642,9437162.646825857,2296925.448520895,1141326.1956679034,5275866516062.915,1302625484917.7693,0.21283682054877462,0.04776648541067284,2,comp
Mexico,United States of America,2761594.0,4098938.0,5763200.0,708692.0,2782382.0,2744196.0,5518115.0,616268.0,2003,2004,7625248.372318373,6789818.899012624,0.15279760234237172,7207533.635665499,1101293.8583316857,417714.7366528744,1212848162399.0908,174485601216.9802,0.04892821793491487,0.006398281026591077,3,comp
Malaysia,India,284823.0,2640.0,12480.0,0.0,231871.0,2968.0,1265709.0,0.0,2003,2004,285108.50799125584,1286775.9099182733,1.3458106516639876,785942.2089547645,1057729.3964036456,500833.70096350875,1118791476016.4204,250834396020.8053,0.045133822072151525,0.009197944963267077,4,comp
Japan,United States of America,2983496.0,3858383.0,15242620.0,0.0,3069086.0,3178225.0,15677090.0,0.0,2003,2004,16003931.773820613,16287773.141044205,0.047099034447011814,16145852.457432408,760454.0610689793,141920.68361179624,578290378996.303,20141480436.83957,0.02332915081243713,0.0007385758551287544,5,comp
Spain,Brazil,0.0,1530347.0,979800.0,0.0,54355.0,1655738.0,401844.0,0.0,2003,2004,1817132.3508234066,1704670.4640501635,0.33286870040638106,1760901.407436785,586148.96303725,56230.94338662154,343570606869.64343,3161918994.149437,0.013860183038655917,0.0001159456491927169,6,comp
Malaysia,Argentina,0.0,199848.0,5628.0,0.0,0.0,113034.0,626532.0,0.0,2003,2004,199927.23048149294,636646.7090781197,1.364150217313563,418286.9697798063,570606.2607245545,218359.7392983134,325591504778.0583,47680975746.42739,0.01313487755303677,0.001748432422617729,7,comp
Egypt,United States of America,1488056.0,25642.0,2704552.0,0.0,1761711.0,86356.0,2171272.0,0.0,2003,2004,3087000.1120835743,2797410.428278446,0.18001927590999112,2942205.2701810105,529653.6623165453,144794.84190256405,280533002005.329,20965546241.588516,0.011317146107474646,0.0007687938477104516,8,comp
"China, Taiwan Province of",United States of America,1014238.0,1706009.0,4780802.0,0.0,945974.0,1138741.0,4631561.0,0.0,2003,2004,5176409.295247913,4862402.201636348,0.0997284628875405,5019405.74844213,500577.61990101845,157003.5468057827,250577953545.7685,24650113709.5956,0.01010871195659036,0.0009039046990203432,9,comp
Israel,United States of America,434768.0,317698.0,374185.0,2.0,1100650.0,217419.0,332413.0,141.0,2003,2004,655720.7082722033,1170128.1410644734,0.5036960546554307,912924.4246683384,459836.43090402096,257203.71639613505,211449543186.54843,66153751727.98347,0.008530209841605307,0.0024258178988226017,10,comp
"China, mainland",United States of America,2812493.0,10197760.0,546.0,0.0,490340.0,11047870.0,690.0,0.0,2004,2005,10578488.842493761,11058746.101100251,0.22475122062737388,10818617.471797006,2431497.4822870106,240128.62930324487,5912180006368.071,57661758611.05519,0.38208617894430685,0.003413663114467346,1,comp
Egypt,United States of America,1761711.0,86356.0,2171272.0,0.0,943978.0,286557.0,3495592.0,0.0,2004,2005,2797410.428278446,3632130.6156575647,0.4199641902549806,3214770.521968005,1350088.4991138747,417360.09368955926,1822738955439.555,174189447804.55768,0.11779806466425079,0.010312278141059842,2,comp
Republic of Korea,United States of America,1333444.0,997572.0,4397499.0,0.0,1261154.0,790674.0,2162022.0,0.0,2004,2005,4702256.9316575,2624883.600176587,0.2437824473200004,3663570.265917043,893114.1253540415,1038686.6657404564,797652840906.9144,1078869989587.0266,0.05154987259824984,0.06387073126924886,3,comp
Republic of Korea,Brazil,0.0,219733.0,1455424.0,0.0,0.0,459392.0,301174.0,0.0,2004,2005,1471917.664499275,549314.8349899172,0.8406560130498593,1010616.2497445961,849580.627233693,461301.41475467884,721787242170.7953,212798995254.66824,0.046646910120249616,0.012598021607292762,4,comp
Türkiye,United States of America,163754.0,317625.0,682471.0,33388.0,2400.0,555617.0,15030.0,97230.0,2004,2005,771091.7179726417,564265.5265821225,1.117933070616316,667678.6222773821,746420.0123874252,103413.09569525957,557142834892.444,10694268361.276915,0.03600644376202368,0.0006331168233586779,5,comp
Malaysia,India,231871.0,2968.0,1265709.0,0.0,16509.0,3168.0,4285.0,17.0,2004,2005,1286775.9099182733,17347.761210023615,1.1430006743579668,652061.8355641485,745307.1177729154,634714.0743541248,555482699802.9703,402861956183.2135,0.03589915428975032,0.023850035676524255,6,comp
Republic of Korea,"China, mainland",330232.0,64710.0,1707315.0,0.0,3936.0,79484.0,5835390.0,0.0,2004,2005,1740162.3680418446,5835932.62901929,0.1917764129676719,3788047.4985305676,726458.1614193546,2047885.1304887228,527741460292.78906,4193833507676.8135,0.03410632250989803,0.24828127164731928,7,comp
Mexico,United States of America,2782382.0,2744196.0,5518115.0,616268.0,2919516.0,3651989.0,5741602.0,667691.0,2004,2005,6789818.899012624,7434541.151158019,0.09753358145351851,7112180.025085322,693676.3897887465,322361.12607269734,481186933750.34894,103916695602.85747,0.031097645314683606,0.006152025177546246,8,comp
"China, Taiwan Province of",United States of America,945974.0,1138741.0,4631561.0,0.0,1094338.0,1769158.0,4851068.0,0.0,2004,2005,4862402.201636348,5278291.051830318,0.10719991375750133,5070346.626733333,543540.7211064511,207944.42509698495,295436515500.9209,43240883928.91559,0.019093161779035944,0.002559925573910653,9,comp
Venezuela (Bolivarian Republic of),United States of America,521398.0,8000.0,530346.0,273.0,904955.0,14031.0,137321.0,17.0,2004,2005,743765.3048166471,915422.0219745645,0.6432702094671127,829593.6633956057,533652.8896250806,85828.35857895872,284785406605.1985,7366507136.358317,0.018404813065853523,0.00043610833765006957,10,comp
Republic of Korea,United States of America,1261154.0,790674.0,2162022.0,0.0,1111022.0,526366.0,5803890.0,0.0,2005,2006,2624883.600176587,5932669.734827652,0.39632201651966337,4278776.667502119,1695773.397101725,1653893.0673255324,2875647414317.925,2735362278147.458,0.23004348131667227,0.13728975825401016,1,comp
Mexico,United States of America,2919516.0,3651989.0,5741602.0,667691.0,2194497.0,3764858.0,7603928.0,751723.0,2005,2006,7434541.151158019,8796293.613851575,0.18196298922655327,8115417.382504797,1476705.6057417034,680876.2313467781,2180659446028.9712,463592442412.9913,0.17444645266067021,0.023268031023068247,2,comp
South Africa,Argentina,551230.0,14639.0,77637.0,0.0,426559.0,10412.0,1043030.0,0.0,2005,2006,556862.9247759272,1126930.597297367,1.042611041001245,841896.761036647,877770.858439995,285033.83626071987,770481679926.4857,81244287813.50287,0.06163630737847164,0.004077707995954801,3,comp
Egypt,Argentina,703000.0,153779.0,1024085.0,0.0,12450.0,153631.0,45376.0,0.0,2005,2006,1251641.7490903698,160675.03862454803,1.16792537543975,706158.393857459,824740.3072659037,545483.3552329108,680196574429.0573,297552090836.154,0.05441375990055081,0.014934348896021684,4,comp
Indonesia,United States of America,118518.0,898223.0,5130.0,0.0,217533.0,1057280.0,925438.0,0.0,2005,2006,906022.8424013382,1421828.7858715618,0.7060927796879064,1163925.81413645,821839.6134541155,257902.97173511185,675420350242.4099,66513942829.8019,0.05403167577091287,0.003338381612036065,5,comp
Bangladesh,India,370024.0,0.0,24168.0,1300.0,43711.0,0.0,189282.0,555418.0,2005,2006,370814.7014345575,588410.980326676,1.47223365015225,479612.8408806168,706102.1633895608,108798.13944605927,498580265143.41797,11837035146.924158,0.03988498010510998,0.0005941091265125039,6,comp
Spain,Brazil,0.0,1972291.0,117037.0,0.0,288435.0,1793530.0,708541.0,0.0,2005,2006,1975760.4733494392,1949865.369405283,0.34894906913604173,1962812.921377361,684921.7418028248,12947.55197207816,469117792394.2154,167639102.06966504,0.03752806744409387,8.413924539695997e-06,7,comp
Indonesia,Argentina,429377.0,144500.0,132440.0,0.0,0.0,64546.0,567896.0,0.0,2005,2006,472001.2836094834,571552.318630587,1.252056053502741,521776.8011200352,653293.8024196358,49775.517510551785,426792792279.9062,2477602143.4432473,0.03414218977197541,0.00012435259564715106,8,comp
Spain,Ukraine,1433975.0,7022.0,322489.0,0.0,205553.0,0.0,270164.0,0.0,2005,2006,1469807.050000101,339471.09259110707,0.6991925675395165,904639.0712956041,632516.9149557372,565167.978704497,400077647705.1233,319414844152.92676,0.03200505542398061,0.016031655874920142,9,comp
Republic of Korea,"China, mainland",3936.0,79484.0,5835390.0,0.0,323503.0,39580.0,1981607.0,0.0,2005,2006,5835932.62901929,2008229.8349188024,0.16124317049027959,3922081.2319690464,632408.8127631107,1913851.3970502438,399940906460.44727,3662827169991.17,0.031994116519646155,0.18383987404947286,10,comp
Spain,Brazil,288435.0,1793530.0,708541.0,0.0,0.0,2228028.0,2976402.0,0.0,2006,2007,1949865.369405283,3717939.971864527,0.5695930232478206,2833902.670634905,1614171.189757008,884037.3012296221,2605548629841.555,781521949965.3536,0.2337216840750418,0.030686456095940097,1,comp
Indonesia,United States of America,217533.0,1057280.0,925438.0,0.0,997809.0,2032394.0,110435.0,0.0,2006,2007,1421828.7858715618,2266813.636129358,0.6985711128680634,1844321.2110004597,1288389.5208547655,422492.425128898,1659947557448.3723,178499849291.2975,0.14889982637809304,0.00700879583567954,2,comp
Morocco,United States of America,225554.0,284770.0,1214067.0,0.0,1083931.0,344966.0,909965.0,0.0,2006,2007,1267251.8456506582,1456689.4848051865,0.6695195846293202,1361970.6652279224,911866.0340607174,94718.81957726413,831499664073.6215,8971654782.110315,0.0745867874309973,0.0003522719874871898,3,comp
Egypt,United States of America,859863.0,243320.0,3639720.0,0.0,1601394.0,545513.0,3298793.0,0.0,2006,2007,3747816.7884208267,3707301.233141704,0.23375904198696332,3727559.0107812653,871350.6233101012,20257.777639561333,759251908742.9019,410377554.8939111,0.06810605364113738,1.6113472976119895e-05,4,comp
Netherlands (Kingdom of the),Brazil,0.0,2752291.0,43261.0,0.0,0.0,2389122.0,709222.0,0.0,2006,2007,2752630.97105333,2492167.6862057257,0.2728517858365096,2622399.328629528,715526.3399930305,130231.64242380229,511977943223.8219,16960280688.4011,0.045925201982057955,0.0006659453502777672,5,comp
Portugal,Brazil,0.0,847626.0,77585.0,0.0,2.0,907116.0,709229.0,0.0,2006,2007,851169.3533610101,1151462.206023715,0.5722979477157202,1001315.7796923625,573050.9657333053,150146.42633135244,328387409327.87384,22543949340.076244,0.029456851220550063,0.0008851880765268537,6,comp
Venezuela (Bolivarian Republic of),United States of America,894859.0,5007.0,26842.0,163.0,787796.0,0.0,529616.0,110.0,2006,2007,895275.4991973141,949271.1188970199,0.5619136822752809,922273.309047167,518237.99115090177,26997.80984985287,268570615472.12213,728881736.6888127,0.024091193625133754,2.8619538341853848e-05,7,comp
Netherlands (Kingdom of the),France,2043221.0,107.0,1306330.0,1215.0,2952839.0,4801.0,1230798.0,1165.0,2006,2007,2425129.194788393,3199085.2260530666,0.17393633019377824,2812107.2104207296,489127.60829204466,386978.0156323367,239245817193.49588,149751984582.74106,0.02146071451591897,0.0058800110481630145,8,comp
Bangladesh,India,43711.0,0.0,189282.0,555418.0,0.0,0.0,201786.0,4036.0,2006,2007,588410.980326676,201826.3587641614,1.2233529092201607,395118.6695454187,483369.57387558726,193292.3107812573,233646144948.6668,37361917407.158165,0.020958415379245667,0.0014670155306907577,9,comp
Egypt,Argentina,12450.0,153631.0,45376.0,0.0,73095.0,235535.0,746272.0,0.0,2006,2007,160675.03862454803,785965.3384431148,0.9741269018927847,473320.1885338314,461073.92885976995,312645.1499092834,212589167874.1842,97746989761.79828,0.01906957243576282,0.0038380351440784268,10,comp
Republic of Korea,"China, mainland",1046216.0,160322.0,3164410.0,0.0,16663.0,238336.0,80598.0,0.0,2007,2008,3336729.193452774,252146.27117806044,1.1925656770548174,1794437.7323154174,2139984.849171447,1542291.4611373567,4579535154683.341,2378662951097.2026,0.2881533697241173,0.07950656687713471,1,comp
Spain,Brazil,0.0,2228028.0,2976402.0,0.0,0.0,2185217.0,912420.0,0.0,2007,2008,3717939.971864527,2368054.8121800306,0.5326779775218756,3042997.392022279,1620937.6963867696,674942.5798422482,2627439015567.6475,455547486084.1096,0.16532363668093436,0.01522662832552639,2,comp
South Africa,Argentina,317470.0,103664.0,1201869.0,0.0,833370.0,12043.0,89016.0,0.0,2007,2008,1247406.3167055873,838197.1361231199,1.206218493505485,1042801.7264143536,1257846.7274604405,204604.59029123373,1582178389782.9397,41863038368.243614,0.09955377983164683,0.0013992677937702512,3,comp
Japan,United States of America,3166974.0,3325323.0,15550060.0,0.0,3658265.0,2728498.0,16277540.0,0.0,2007,2008,16213940.402462475,16905203.71358562,0.04866241775662751,16559572.058024047,805828.8133585422,345631.65556157194,649360076438.8362,119461241326.23311,0.04085901469689655,0.003992979824379311,4,comp
Malaysia,Argentina,167585.0,48036.0,1335749.0,0.0,33449.0,238898.0,192723.0,0.0,2007,2008,1347077.4218737392,308760.8212419445,0.8499760072963295,827919.1215578419,703711.389306019,519158.30031589733,495209719439.0073,269525340786.89145,0.031159570689298845,0.00900885706504613,5,comp
Republic of Korea,United States of America,1214608.0,499176.0,4416668.0,0.0,1504570.0,508788.0,8497799.0,0.0,2007,2008,4607754.929991828,8644951.356615316,0.10524894802926765,6626353.143303572,697416.697603132,2018598.213311744,486390050095.65845,4074738746785.3647,0.03060461972696385,0.1361977276052104,6,comp
Syrian Arab Republic,United States of America,0.0,169248.0,1287713.0,0.0,2879.0,468808.0,424588.0,0.0,2007,2008,1298787.7639834,632506.2839600884,0.7041825821711136,965647.0239717442,679991.8148062741,333140.74001165584,462388868203.5302,110982752655.51367,0.02909441810038491,0.0037095872040819947,7,comp
Indonesia,United States of America,997809.0,2032394.0,110435.0,0.0,1100646.0,1081292.0,27299.0,0.0,2007,2008,2266813.636129358,1543165.3320305636,0.33910694256120977,1904989.4840799607,645995.1595576119,361824.1520493971,417309746171.8645,130916717006.26524,0.026257950974601405,0.004375877932261198,8,comp
Republic of Korea,Brazil,0.0,501775.0,763435.0,0.0,0.0,577150.0,87742.0,0.0,2007,2008,913570.5500124224,583781.4497429667,0.8384634948255919,748675.9998776945,627737.4953494961,164894.55013472785,394054363067.6587,27190212664.134277,0.02479467647634819,0.0009088300890159056,9,comp
Mexico,United States of America,2412501.0,3610156.0,7885784.0,755957.0,2734344.0,3506576.0,9141496.0,716491.0,2007,2008,9033850.103905976,10190830.232380923,0.06202666433861073,9612340.16814345,596221.3971179788,578490.0642374735,355479954381.3146,334650754421.47626,0.022367498723008312,0.011185667382855459,10,comp
Germany,Brazil,0.0,888290.0,577187.0,0.0,0.0,1533256.0,20.0,0.0,2008,2009,1059341.2845108039,1533256.0001304413,0.5762026939616589,1296298.6423206227,746930.7698839837,236957.3578098187,557905574999.4806,56148789420.21045,0.07949799299966322,0.001271510529662927,1,comp
Japan,United States of America,3658265.0,2728498.0,16277540.0,0.0,2839897.0,2412472.0,15721520.0,0.0,2008,2009,16905203.71358562,16157079.78663821,0.04359680386926465,16531141.750111915,720704.9446146415,374061.96347370464,519415617191.99347,139922352517.80316,0.07401341902611977,0.0031685944861627943,2,comp
Mexico,United States of America,2734344.0,3506576.0,9141496.0,716491.0,1942718.0,3379847.0,7255491.0,739209.0,2008,2009,10190830.232380923,8269588.778633131,0.07774307463837067,9230209.505507026,717584.8665144312,960620.7268738961,514928040650.53406,922792180899.7324,0.0733739679353528,0.020896977242438802,3,comp
Netherlands (Kingdom of the),Brazil,0.0,2278052.0,784966.0,0.0,206.0,2080044.0,28099.0,0.0,2008,2009,2409500.474343178,2080233.794113777,0.31832813912892255,2244867.1342284773,714604.3774306284,164633.34011470038,510659416243.016,27104136677.322613,0.0727657161298974,0.0006137834054572511,4,comp
Spain,Brazil,0.0,2185217.0,912420.0,0.0,0.0,2240901.0,194453.0,0.0,2008,2009,2368054.8121800306,2249321.955836914,0.3089791302339358,2308688.3840084723,713336.5288721286,59366.428171558306,508849003423.3371,3524372793.8487916,0.07250774382756746,7.981075218379108e-05,5,comp
Republic of Korea,Brazil,0.0,577150.0,87742.0,0.0,0.0,505917.0,721911.0,0.0,2008,2009,583781.4497429667,881537.0115939545,0.8086609029309939,732659.2306684606,592472.8750130847,148877.78092549392,351024107626.2703,22164593653.299362,0.050018700836270094,0.0005019255892581378,6,comp
Portugal,Argentina,0.0,49910.0,717102.0,0.0,0.0,6611.0,503.0,0.0,2008,2009,718836.7592882267,6630.107842260185,1.4253697994454904,362733.43356524344,517029.28145306517,356103.3257229833,267319277879.87286,126809578590.96913,0.03809129543397903,0.0028716507712007477,7,comp
Türkiye,United States of America,18737.0,456202.0,481469.0,40219.0,28090.0,659850.0,23670.0,27869.0,2008,2009,664756.5764210235,661459.0090557388,0.7752244784723622,663107.7927383811,514057.3927965707,1648.78368264233,264255003088.8078,2718487.632147603,0.0376546557823868,6.156117851741139e-08,8,comp
Netherlands (Kingdom of the),France,2292759.0,0.0,1284144.0,2445.0,2215141.0,2.0,1802802.0,1102.0,2008,2009,2627884.2483720626,2856036.749674801,0.1725782125729348,2741960.499023432,473202.6418670562,114076.2506513691,223920740269.96146,13013390962.67399,0.03190728008494515,0.0002946931502267522,9,comp
Indonesia,United States of America,1100646.0,1081292.0,27299.0,0.0,603149.0,1178346.0,20429.0,0.0,2008,2009,1543165.3320305636,1323897.7890902304,0.32114040189651455,1433531.5605603969,460364.9014897035,109633.77147016663,211935842523.62442,12019563846.772722,0.030199508447888348,0.0002721875600692171,10,comp
"China, mainland",United States of America,395780.0,21809220.0,6127.0,0.0,129526.0,23597260.0,1501779.0,0.0,2009,2010,21812811.74807432,23645354.652809016,0.06452623007163068,22729083.200441666,1466622.0519089347,916271.4523673486,2150980243145.574,839553374423.3704,0.23879007108548198,0.025735291432218848,1,comp
Spain,Ukraine,1761374.0,0.0,436618.0,0.0,66058.0,0.0,183896.0,0.0,2009,2010,1814682.794815667,195400.60946680795,0.9829498447751362,1005041.7021412374,987905.5851122681,809641.0926744295,975957445096.0128,655518698947.0442,0.10834546176494565,0.020093975285678405,2,comp
Japan,United States of America,2839897.0,2412472.0,15721520.0,0.0,3305142.0,2466601.0,14378460.0,0.0,2009,2010,16157079.78663821,14958215.003969057,0.04924252709497384,15557647.395303633,766097.8733972884,599432.3913345765,586905951623.8477,359319191781.0889,0.06515509119869965,0.011014408850452056,3,comp
Spain,Brazil,0.0,2240901.0,194453.0,0.0,0.0,1766224.0,789172.0,0.0,2009,2010,2249321.955836914,1934512.7716714614,0.33364287759077094,2091917.3637541877,697953.3289250467,157404.5920827263,487138849357.55444,24776205608.729465,0.05407949275093261,0.000759478660142562,4,comp
Syrian Arab Republic,United States of America,0.0,740407.0,508770.0,0.0,20089.0,345848.0,1091463.0,0.0,2009,2010,898359.3037025887,1145122.6516814695,0.6620869117514351,1021740.9776920291,676481.3285300075,123381.67398944043,457626987849.72394,15223037476.436562,0.05080324717416521,0.0004666401420978896,5,comp
Indonesia,Argentina,0.0,40682.0,988.0,0.0,0.0,78234.0,832202.0,0.0,2009,2010,40693.99547844866,835871.2386247059,1.452782225481792,438282.6170515773,636729.1957901744,397588.6215731286,405424068771.6023,158076712004.42047,0.04500796439680932,0.004845612412522089,6,comp
Morocco,United States of America,148196.0,106526.0,754557.0,0.0,455247.0,124188.0,221466.0,0.0,2009,2010,776315.727871721,521267.3781362114,0.9117502070317813,648791.5530039662,591535.8327718371,127524.1748677548,349914641453.07086,16262415175.701706,0.038845611145287874,0.0004985007584846791,7,comp
Japan,Brazil,0.0,570024.0,46702.0,0.0,0.0,568015.0,649900.0,0.0,2009,2010,571933.9449446938,863140.2262813384,0.770783585829227,717537.085613016,553065.8078142536,145603.14066832227,305881787773.2329,21200274572.479244,0.03395732437751698,0.00064986367893589,8,comp
Mexico,United States of America,1942718.0,3379847.0,7255491.0,739209.0,2606001.0,3565577.0,7844736.0,772327.0,2009,2010,8269588.778633131,9035538.304913271,0.056215562363683115,8652563.5417732,486408.72538828215,382974.76314007025,236593448133.85327,146669669202.1929,0.02626531158446283,0.004495946054386433,9,comp
Portugal,Brazil,0.0,628891.0,16416.0,0.0,0.0,468917.0,422833.0,0.0,2009,2010,629105.2176997104,631403.9109619135,0.7076687669817517,630254.564330812,446011.4704246068,1149.3466311015654,198926231750.31992,1320997.6784245179,0.02208370307993161,4.049326852969783e-08,10,comp
Türkiye,United States of America,259536.0,791742.0,5355.0,223250.0,901195.0,305343.0,695.0,147388.0,2010,2011,862602.7871419151,962865.7649137807,0.911837403596497,912734.2760278479,832265.2524267612,50131.488885932835,692665450396.9806,2513166177.9204073,0.12122744852246312,7.412286558784503e-05,1,comp
Mexico,United States of America,2606001.0,3565577.0,7844736.0,772327.0,3142386.0,3160185.0,8478351.0,799573.0,2010,2011,9035538.304913271,9611613.374910114,0.07757737293618396,9323575.839911692,723298.5200316239,288037.53499842156,523160749079.93744,82965621567.96692,0.09156143523791066,0.002446972933951839,2,comp
Japan,United States of America,3305142.0,2466601.0,14378460.0,0.0,3610295.0,1894174.0,13766430.0,0.0,2010,2011,14958215.003969057,14357462.173873244,0.04498178410696611,14657838.58892115,659335.730881608,300376.41504790634,434723606017.1842,90225990717.03209,0.0760835314360548,0.002661108939474407,3,comp
Peru,United States of America,751925.0,24916.0,626835.0,0.0,943088.0,12749.0,63314.0,0.0,2010,2011,979251.8214974124,945296.8715387775,0.6278723414518053,962274.3465180949,604185.4470673221,16977.474979317456,365040054447.9399,288234656.6733503,0.06388780382197863,8.501140474537307e-06,4,comp
Spain,Brazil,0.0,1766224.0,789172.0,0.0,11697.0,2125128.0,303004.0,0.0,2010,2011,1934512.7716714614,2146652.5709133744,0.2786254877999079,2040582.671292418,568558.3421848891,106069.89962095651,323258588468.0295,11250823605.59979,0.056575384076819196,0.00033182974257615466,5,comp
"China, mainland",United States of America,129526.0,23597260.0,1501779.0,0.0,434878.0,22226830.0,1685568.0,0.0,2010,2011,23645354.652809016,22294892.46904788,0.018547595694562692,22970123.56092845,426040.56486224954,675231.0918805674,181510562908.14465,455937027442.2232,0.03176722963245739,0.013447323658313148,6,comp
"China, Taiwan Province of",United States of America,768727.0,1538317.0,3246721.0,0.0,1024035.0,1285245.0,2648867.0,0.0,2010,2011,3674038.3292582836,3117210.0947704823,0.12425648937852392,3395624.2120143827,421928.3438336238,278414.11724390066,178023527330.18466,77514420680.70047,0.031156943056476347,0.002286196207681576,7,comp
Germany,France,418163.0,2455.0,777868.0,336.0,744756.0,2113.0,518819.0,119.0,2010,2011,883144.9823862445,907655.8451456147,0.46908027892418164,895400.4137659296,420014.6758381499,12255.43137968512,176412327919.42615,150195598.30217072,0.030874957584968842,4.429841624738891e-06,8,comp
Saudi Arabia,United States of America,162342.0,154143.0,751926.0,3017.0,494638.0,141514.0,498071.0,1822.0,2010,2011,784548.7882713223,716080.3055279484,0.5578379752218795,750314.5468996353,418553.9476220145,34234.24137168692,175187407069.97205,1171983282.2949202,0.03066057699310276,3.456626150230605e-05,9,comp
Germany,Netherlands (Kingdom of the),276265.0,1112125.0,124563.0,871.0,560221.0,934523.0,228362.0,1404.0,2010,2011,1152675.6115490603,1113252.8826057448,0.3087982080303856,1132964.2470774027,349857.329259997,19711.364471657784,122400150836.93796,388537889.33453274,0.021421969258351936,1.1459465752781855e-05,10,comp
"China, mainland",United States of America,434878.0,22226830.0,1685568.0,0.0,645107.0,25969210.0,5113036.0,0.0,2011,2012,22294892.46904788,26475633.480671335,0.11878269684153668,24385262.97485961,2896547.299343898,2090370.5058117267,8389986257336.429,4369648851567.574,0.3549266954929042,0.12653777123394017,1,comp
Republic of Korea,United States of America,1280221.0,552931.0,6023965.0,0.0,2399664.0,494465.0,2836027.0,0.0,2011,2012,6183272.015755655,3747790.2948070616,0.49157496868753525,4965531.155281358,2440930.8221744145,1217740.8604742968,5958143278641.063,1482892803268.681,0.25205096174170444,0.0429421119816421,2,comp
Republic of Korea,Brazil,0.0,386076.0,122704.0,0.0,0.0,358765.0,1964895.0,0.0,2011,2012,405106.09646363015,1997379.4547481458,1.0824710488317681,1201242.7756058879,1300310.5272116899,796136.6791422578,1690807467177.5427,633833611875.6624,0.07152725745114273,0.018354768381704658,3,comp
Türkiye,United States of America,901195.0,305343.0,695.0,147388.0,11353.0,663127.0,329.0,120360.0,2011,2012,962865.7649137807,674057.079614924,1.207803312940399,818461.4222643524,988540.4173247959,144404.34264942835,977212156684.6815,20852614176.01351,0.04133960067745082,0.00060385706308813,4,comp
"China, Taiwan Province of",United States of America,1024035.0,1285245.0,2648867.0,0.0,957186.0,1194704.0,1094125.0,0.0,2011,2012,3117210.0947704823,1881656.7704650601,0.394992651427294,2499433.4326177714,987257.8386157163,617776.6621527111,974678039908.1758,381648004300.5449,0.041232398392978445,0.011051892154388447,5,comp
Peru,Argentina,109543.0,15599.0,1522152.0,0.0,754479.0,7804.0,1254976.0,0.0,2011,2012,1526168.3094449313,1464330.640406394,0.4694625682553136,1495249.4749256626,701963.6586810107,30918.834519268712,492752978108.8305,955974328.0299225,0.020845229163697975,2.7683428333691885e-05,6,comp
Republic of Korea,Ukraine,30943.0,0.0,0.0,0.0,101733.0,0.0,897339.0,0.0,2011,2012,30943.0,903087.4178118085,1.4579064751598054,467015.20890590426,680864.4970620271,436072.20890590426,463576463359.5271,190158971380.07462,0.019610957300986033,0.005506687890936846,7,comp
"China, Taiwan Province of",Brazil,0.0,990337.0,994467.0,0.0,0.0,1128822.0,2163723.0,0.0,2011,2012,1403471.406070676,2440478.7088628737,0.3024580332202255,1921975.0574667747,581316.7957797305,518503.6513960989,337929217055.6129,268846036511.08725,0.01429562536114695,0.007785334570531312,8,comp
Mexico,United States of America,3142386.0,3160185.0,8478351.0,799573.0,3697963.0,3307133.0,8364784.0,698230.0,2011,2012,9611613.374910114,9750343.354395987,0.05972381877037551,9680978.36465305,578184.9973704651,69364.98974293657,334297891184.2847,4811501802.037695,0.014142007172482887,0.00013933309860803155,9,comp
Spain,Ukraine,789876.0,30312.0,1116787.0,0.0,1312868.0,150881.0,2883039.0,0.0,2011,2012,1368223.7083492596,3171482.51407855,0.1898677820778465,2269853.111213905,430971.97586868354,901629.4028646452,185736843984.15714,812935580110.0568,0.007857338766071658,0.02354126383107286,10,comp
"China, mainland",United States of America,645107.0,25969210.0,5113036.0,0.0,3820057.0,22237800.0,2967729.0,0.0,2012,2013,26475633.480671335,22757855.780821927,0.156803251673087,24616744.630746633,3859985.6037070774,1858888.849924704,14899488860825.89,3455467756374.389,0.48925375363642015,0.060367856819275076,1,comp
Republic of Korea,United States of America,2399664.0,494465.0,2836027.0,0.0,1138458.0,553120.0,192220.0,0.0,2012,2013,3747790.2948070616,1280225.3241379035,0.7377184090092676,2514007.8094724827,1854629.8414409137,1233782.485334579,3439651848763.149,1522219221118.3704,0.11294767182479978,0.02659353768198376,2,comp
Japan,United States of America,3232635.0,1761853.0,11127960.0,0.0,3229191.0,1660020.0,6446358.0,0.0,2012,2013,11721158.167964205,7398572.320322685,0.1936847161651154,9559865.244143445,1851599.7863886748,2161292.92382076,3428421768954.586,4671187102557.689,0.11257891026852776,0.0816067676114337,3,comp
Spain,Ukraine,1312868.0,150881.0,2883039.0,0.0,9911.0,104396.0,2424891.0,0.0,2012,2013,3171482.51407855,2427157.414470269,0.42281215487609425,2799319.964274409,1183586.5062825342,372162.5498041406,1400877017854.0955,138504963476.71942,0.046000526982515506,0.0024197151857363783,4,comp
Netherlands (Kingdom of the),Brazil,0.0,1034323.0,2.0,0.0,0.0,1237785.0,773013.0,0.0,2012,2013,1034323.0000019337,1459335.7408060697,0.5582472052757819,1246829.3704040018,696039.0114837966,212506.37040206802,484470305507.3408,45158957461.46093,0.015908526642014687,0.0007889379008419945,5,comp
Viet Nam,Brazil,0.0,584567.0,59855.0,0.0,0.0,570911.0,779836.0,0.0,2012,2013,587623.3474888485,966479.9826261277,0.8368193462338012,777051.665057488,650251.8663432938,189428.31756863958,422827489682.9368,35883087496.88537,0.013884364651726353,0.0006268862107740635,6,comp
Spain,Brazil,187747.0,2377674.0,248270.0,0.0,207747.0,1927013.0,794308.0,0.0,2012,2013,2397961.7551547815,2094627.2024018976,0.28655907249911805,2246294.4787783395,643696.0623986108,151667.27637644194,414344620747.4762,23002962723.44802,0.013605813118378662,0.0004018673181211352,7,comp
Peru,Argentina,754479.0,7804.0,1254976.0,0.0,163769.0,0.0,1390064.0,0.0,2012,2013,1464330.640406394,1399677.8948947503,0.42405208424259755,1432004.2676505721,607244.3943415196,32326.372755821794,368745754459.1989,1044994375.5483376,0.012108485478384156,1.8256304294455365e-05,8,comp
Italy,Ukraine,167836.0,597323.0,543171.0,0.0,27348.0,391109.0,1173083.0,0.0,2012,2013,824620.1698151701,1236866.1560063804,0.5388976035299845,1030743.1629107753,555465.0203475332,206122.99309560517,308541388829.6854,42486688282.690895,0.010131557803570872,0.000742252712456439,9,comp
Algeria,Argentina,567480.0,0.0,2411170.0,0.0,0.0,42.0,2242669.0,0.0,2012,2013,2477049.5189438583,2242669.000393281,0.2311479959782059,2359859.25966857,545476.7386630026,117190.25927528855,297544872422.42566,13733556869.009356,0.009770465756761012,0.00023992855761953804,10,comp
"China, mainland",United States of America,3820057.0,22237800.0,2967729.0,0.0,862702.49,30029330.7,1027068.7,0.13,2013,2014,22757855.780821927,30059271.913849387,0.17080557488028839,26408563.84733566,4510729.929706967,3650708.06651373,20346684498754.223,13327669386908.418,0.33847548626759166,0.20275229387392504,1,comp
Republic of Korea,United States of America,1138458.0,553120.0,192220.0,0.0,1276468.19,608116.7,5376989.64,0.0,2013,2014,1280225.3241379035,5559783.678306926,1.16295222306416,3420004.501222415,3977301.837586041,2139779.177084511,15818929907265.299,4578654926684.468,0.2631544216907871,0.06965454816536132,2,comp
Japan,United States of America,3229191.0,1660020.0,6446358.0,0.0,2985916.05,1849019.02,12572356.07,0.0,2013,2014,7398572.320322685,13053685.423850048,0.24230160878859366,10226128.872086367,2477807.4773860136,2827556.5517636817,6139529894990.04,7995076053421.722,0.10213361134038351,0.12162816787157453,3,comp
Colombia,United States of America,681089.0,109884.0,645755.0,8463.0,730492.64,245244.12,3856484.93,13321.65,2013,2014,945001.5141633372,3932736.662575384,0.6245222131245429,2438869.0883693607,1523127.9205894696,1493867.5742060235,2319918662479.2017,2231640329264.189,0.03859280353179835,0.03394968637985054,4,comp
Mexico,United States of America,2944234.0,2819713.0,6601937.0,738212.0,2940224.75,3473333.38,10401943.3,597379.47,2013,2014,7794217.366614688,11369531.784410788,0.15424857014430293,9581874.575512737,1477990.4525748894,1787657.2088980498,2184455777902.5264,3195718296525.1655,0.03633932259090559,0.04861609306063752,5,comp
United States of America,Brazil,23.0,324523.0,1047549.0,0.0,0.0,1047772.04,1486.43,0.0,2013,2014,1096664.9832373604,1047773.0943672425,1.2689611649412431,1072219.0388023015,1360604.3205507484,24445.94443505892,1851244117101.3638,597604199.3219881,0.03079620921896478,9.09128360883882e-06,6,comp
Peru,United States of America,647397.0,0.0,220003.0,0.0,351054.72,51254.54,1698556.69,0.0,2013,2014,683757.4099181668,1735212.1695771518,1.0396607028132467,1209484.7897476593,1257453.8065509836,525727.3798294924,1581190075609.5583,276389277902.3834,0.026303748886272058,0.00420467813764287,7,comp
United States of America,Canada,3369022.0,581554.0,1342175.0,0.0,3425992.73,582221.23,311563.69,0.0,2013,2014,3672866.4585068976,3489051.4011120535,0.28468905029825553,3580958.9298094753,1019459.7968845171,91907.528697422,1039298277463.8208,8446993831.267449,0.017289155383678142,0.00012850314078999284,8,comp
"China, Taiwan Province of",United States of America,1030010.0,1031414.0,580765.0,0.0,987223.0,1356698.0,1853477.19,0.0,2013,2014,1569083.625789588,2500123.278717131,0.47276957397587444,2034603.4522533594,961898.6073316641,465519.8264637714,925248930786.5948,216708708830.85983,0.015391897475273518,0.0032967645386726965,9,comp
Viet Nam,Brazil,0.0,570911.0,779836.0,0.0,0.0,509615.71,2939045.12,0.0,2013,2014,966479.9826261277,2982900.3317701747,0.4602526201945064,1974690.157198151,908856.3189227508,1008210.1745720236,826019808445.8129,1016487756110.5502,0.013741180109588759,0.015463710740650376,10,comp
United States of America,Brazil,0.0,1047772.04,1486.43,0.0,0.0,805.78,211846.22,0.0,2014,2015,1047773.0943672425,211847.752430128,1.5655740801596822,629810.4233986853,986014.8742873768,417962.67096855724,972225332315.9514,174692794323.17044,0.12182541607093583,0.004329495448848581,1,comp
Mexico,United States of America,2940224.75,3473333.38,10401943.3,597379.47,2647499.35,3635104.43,11869090.81,646922.91,2014,2015,11369531.784410788,12708936.341518333,0.057211821520655286,12039234.06296456,688786.510455722,669702.2785537727,474426856985.77045,448501141900.115,0.05944840905331918,0.01111541927177468,2,comp
Indonesia,United States of America,989394.43,1874725.61,96530.94,0.0,389708.28,2206443.79,33831.89,0.0,2014,2015,2121983.9003352923,2240850.583754101,0.3121128583316756,2181417.2420446966,680848.3706285709,59433.34170940425,463554503787.57983,3532322106.7468114,0.05808604077508829,8.754323579446651e-05,3,comp
Japan,United States of America,2985916.05,1849019.02,12572356.07,0.0,2791322.97,2331557.02,11809228.74,0.0,2014,2015,13053685.423850048,12356598.45968958,0.04771363171183514,12705141.941769814,606208.4634561948,348543.4820802342,367488701165.9207,121482558900.61455,0.04604844415466951,0.003010760620736889,4,comp
Brazil,Paraguay,172797.4,578640.49,768142.07,31337.11,566733.78,323001.55,367315.8,44160.05,2014,2015,977603.1977654517,749925.4533892908,0.683668687916742,863764.3255773713,590528.6231367709,113838.87218808045,348724054743.8104,12959288821.054117,0.0436971262226917,0.0003211762808446089,5,comp
Viet Nam,United States of America,338355.23,697650.94,578144.58,0.0,267893.6,798774.46,3818.22,0.0,2014,2015,967187.8055138065,842509.4644413319,0.6471237821272146,904848.6349775692,585549.070919332,62339.1705362373,342867714454.49286,3886172183.146077,0.04296329316086479,9.631287223700492e-05,6,comp
"China, mainland",United States of America,862702.49,30029330.7,1027068.7,0.13,602848.57,28413083.61,461789.16,0.0,2014,2015,30059271.913849387,28423229.863185767,0.019434394300022213,29241250.888517577,568285.9995933254,818021.0253318101,322948977333.7851,669158397884.9059,0.040467361038259674,0.016584074056552243,7,comp
Thailand,France,0.0,0.0,0.1,0.0,694157.28,458.75,0.0,0.0,2014,2015,0.1,694157.4315877926,1.5707963267948966,347078.7657938963,545190.0504175585,347078.6657938963,297232191074.3,120463600249.27116,0.03724490006966298,0.0029855072789453842,8,comp
Spain,France,1602007.8,9917.8,1401809.2,743.7,1204997.3,25905.2,1766603.4,1147.9,2014,2015,2128754.786327446,2138592.6360483663,0.2534378271465427,2133673.711187906,540753.6292031629,4918.924860460218,292414487496.3917,24195821.782853577,0.036641214151001515,5.996566755708572e-07,9,comp
Italy,Ukraine,139557.4,215143.9,1296079.3,0.0,578768.2,69511.9,1134336.2,0.0,2014,2015,1321205.7816594886,1275352.166345943,0.3782140322058812,1298278.9740027157,491027.3256856815,22926.807656772784,241107834570.03232,525638509.33065516,0.030212195967458055,1.3027151707680817e-05,10,comp
Indonesia,Argentina,0.0,1000.3,1776082.26,0.0,1289197.86,7498.31,307863.74,0.0,2015,2016,1776082.5416874064,1325468.758322211,1.3363844674539487,1550775.6500048088,2072432.4911722275,225306.8916825977,4294976430466.325,50763195439.67381,0.27017805174319803,0.0019026175677198465,1,comp
Republic of Korea,Ukraine,810941.81,0.0,1605185.08,0.0,1298661.45,0.0,92164.25,0.0,2015,2016,1798400.8897519715,1301927.728675507,1.0321463680812948,1550164.3092137394,1599996.4616842102,248236.58053823223,2559988677401.992,61621399917.314255,0.16103761325414787,0.0023095858527956716,2,comp
Brazil,Argentina,3819536.09,1049.98,2038.16,4071.49,3950036.44,670.93,1436245.06,3968.92,2015,2016,3819538.9481451153,4203046.984293098,0.3482077666785099,4011292.9662191067,1396763.3652603705,191754.01807399117,1950947898533.4753,36769603447.52053,0.12272554013085255,0.0013781341554922873,3,comp
Thailand,Argentina,0.0,134460.0,146.32,0.0,757027.86,36311.55,554.69,0.0,2015,2016,134460.07961303013,757898.4213999776,1.5228663694132856,446179.25050650386,679471.3753263804,311719.1708934738,461681349887.92285,97168841502.51471,0.029042340431503968,0.0036419130686399077,4,comp
Mexico,United States of America,2647499.35,3635104.43,11869090.81,646922.91,2690412.39,3619434.23,13893522.37,736445.64,2015,2016,12708936.341518333,14625694.47923505,0.04835103174943312,13667315.41037669,660828.8013366399,958379.0688583581,436694704676.0203,918490439625.8135,0.027470540624859312,0.03442525694213916,5,comp
United States of America,Canada,2414162.98,500254.82,338310.92,0.0,1869072.86,208942.58,800669.78,0.0,2015,2016,2488552.201085394,2044055.3941444163,0.2807043691419886,2266303.797614905,636161.377793585,222248.40347048873,404701298596.2323,49394352845.181145,0.02545797635047804,0.0018513129966587127,6,comp
"China, Taiwan Province of",United States of America,1019605.0,1504550.0,1846565.0,0.0,1048382.0,1270627.85,2535482.55,0.0,2015,2016,2590958.7719124365,3023618.976073891,0.20961554396221518,2807288.873993164,588451.3843811516,216330.10208072723,346275031780.0939,46798713066.257866,0.021782637220084108,0.0017540277528895192,7,comp
Brazil,Paraguay,566733.78,323001.55,367315.8,44160.05,956125.67,381448.13,1465053.44,75238.84,2015,2016,749925.4533892908,1792127.6287736385,0.4561701145641771,1271026.5410814646,579804.3228592415,521101.08769217384,336173052806.26355,271546343593.96664,0.021147166212946614,0.010177626512616764,8,comp
Indonesia,United States of America,389708.28,2206443.79,33831.89,0.0,938665.01,2236864.1,303690.49,0.0,2015,2016,2240850.583754101,2444766.024915994,0.24736848901662967,2342808.3043350475,579536.950298973,101957.72058094665,335863076761.8343,10395376786.062393,0.02112766698515647,0.00038962138464537283,9,comp
Viet Nam,Argentina,0.0,28326.31,2379475.46,0.0,737846.0,9405.0,4381980.0,0.0,2015,2016,2379644.0583794094,4443675.71883244,0.1670991674509961,3411659.8886059243,570085.527012008,1032015.8302265152,324997508108.5589,1065056673838.1234,0.02044416191420893,0.039918596942342156,10,comp
Spain,Brazil,1.35,1854043.44,281814.07,0.0,0.0,1791676.19,2389236.11,0.25,2016,2017,1875338.9686824142,2986394.6087449514,0.7765173467759579,2430866.788713683,1887610.229137742,555527.8200312686,3563072377145.4385,308611158828.6936,0.19015084068193208,0.003758737873907977,1,comp
South Africa,Argentina,58609.6,761.7,1819762.54,0.0,66905.84,11.71,112.93,0.0,2016,2017,1820706.2825690205,66905.93633164848,1.536912214394682,943806.1094503345,1450547.1376345432,876900.1731186861,2104086998499.7666,768953913615.5815,0.11228902174397863,0.009365494784331562,2,comp
Algeria,Argentina,0.0,0.0,2544443.38,0.0,1557429.5,0.0,3301225.7,0.0,2016,2017,2544443.38,3650161.334764635,0.44081218932719685,3097302.3573823175,1365328.6331659872,552858.9773823177,1864122276542.9028,305653048872.22205,0.09948280037536869,0.00372270949447162,3,comp
Brazil,Argentina,3950036.44,670.93,1436245.06,3968.92,5043367.5,4.38,548441.34,2422.11,2016,2017,4203046.984293098,5073100.581509624,0.24042253960601156,4638073.782901361,1115097.4777652062,435026.798608263,1243442384918.3247,189248315507.35425,0.06635891438758582,0.0023049549270045423,4,comp
"China, mainland",United States of America,862402.46,34171596.19,223031.7,0.02,1555233.43,32853002.75,756634.95,0.02,2016,2017,34183204.462347314,32898495.97110571,0.027541249119281193,33540850.21672651,923756.9114913614,642354.245620802,853326831528.059,412618976867.0697,0.04553957854808029,0.005025503879152715,5,comp
Algeria,United States of America,263742.86,0.0,688569.24,0.0,861121.35,0.0,75710.0,0.0,2016,2017,737351.9474953309,864443.1638493201,1.117309325960802,800897.5556723255,894850.3080919,63545.6081769946,800757073892.1683,4038044318.584123,0.04273408302319889,4.918146892156344e-05,6,comp
Iran (Islamic Republic of),Switzerland,74856.48,97875.6,1373396.92,0.0,21813.2,1057960.0,1904317.47,0.0,2016,2017,1378913.4220605863,2178572.9741832013,0.437937242501023,1778743.1981218937,778977.891302953,399829.7760613075,606806555138.7953,159863849825.23532,0.03238350624900575,0.0019470660402801376,7,comp
Venezuela (Bolivarian Republic of),United States of America,444772.09,89166.07,954286.69,229197.1,472511.12,11754.0,206273.03,490489.22,2016,2017,1081187.8640836563,711711.4252850263,0.8279597391929664,896449.6446843413,742224.2140124746,184738.219399315,550896783866.4358,34128209706.82945,0.029399763881613552,0.00041566544411616644,8,comp
Israel,Switzerland,943616.15,96010.89,674560.06,0.0,804992.0,361953.0,1580610.0,0.83,2016,2017,1163898.9664428001,1810345.2892676825,0.4885419717701391,1487122.1278552413,726521.5766054045,323223.1614124412,527833601273.20264,104473212073.453,0.02816894870451136,0.0012724342843587328,9,comp
Republic of Korea,Ukraine,1298661.45,0.0,92164.25,0.0,896205.57,0.0,643353.14,0.0,2016,2017,1301927.728675507,1103216.9716093405,0.5517645969432721,1202572.3501424238,663536.8480714579,99355.37853308325,440281148748.60504,9871491243.45226,0.023496528195148907,0.00012023009196926394,10,comp
Viet Nam,United States of America,54982.7,769473.0,3625.9,0.0,373631.06,1246579.27,1894449.87,0.0,2017,2018,771443.4147616402,2298369.064213464,0.9806883948827148,1534906.239487552,1505264.7362985113,763462.824725912,2265821926343.8267,582875484738.4685,0.11669331350308333,0.0035634402176969557,1,comp
Viet Nam,Russian Federation,707804.0,0.0,742516.0,0.0,2871628.31,0.0,115702.08,0.0,2017,2018,1025824.7962844338,2873958.2672874327,0.7690579510537716,1949891.5317859333,1499579.58621239,924066.7355014994,2248738935384.9233,853899331660.3981,0.11581351319911401,0.005220358893063588,2,comp
Mexico,United States of America,3410904.0,3944087.22,14682606.49,782403.0,2804731.79,4870766.99,16947848.87,676792.24,2017,2018,15600678.763784043,17868366.476575155,0.06633684911316362,16734522.6201796,1110115.5020356777,1133843.8563955557,1232356427859.9246,1285601890685.9456,0.06346825110649759,0.007859595404450876,3,comp
Argentina,United States of America,1.38,452.69,3137.22,0.0,5.76,1495429.1,3325.95,0.0,2017,2018,3169.7128369775073,1495432.7985915616,1.4252648838936868,749301.2557142696,1067952.7672269922,746131.542877292,1140523113027.79,556712279276.4482,0.058738694174799204,0.003403490072239965,4,comp
Israel,Switzerland,804992.0,361953.0,1580610.0,0.83,289.08,0.0,0.0,0.0,2017,2018,1810345.2892676825,289.08,1.1099993106187198,905317.1846338413,1004901.4508348441,905028.1046338412,1009826925889.9747,819075870177.123,0.05200763955748396,0.00500746381269389,5,comp
"China, mainland",Canada,522930.07,2048425.13,0.0,0.0,1381922.93,1791884.35,0.0,0.0,2017,2018,2114119.526262818,2262865.552399149,0.4069936428838101,2188492.5393309835,890702.5510063571,74373.01306816563,793351034369.232,5531345072.837536,0.04085879825562068,3.3816171732378084e-05,6,comp
Japan,United States of America,3044196.39,2348550.0,12177466.11,0.0,2869041.0,2319237.0,14514679.53,0.0,2017,2018,12770023.477800954,14976187.044119442,0.05726357648285988,13873105.260960199,794423.6241657601,1103081.7831592439,631108894632.6609,1216789420337.777,0.0325030785692812,0.00743890671409059,7,comp
Egypt,United States of America,263704.3,946940.82,297427.76,0.0,0.0,2859934.25,1766438.77,0.0,2017,2018,1026985.9526008036,3361477.3303537504,0.3577874948914965,2194231.641477277,785068.6422158113,1167245.6888764733,616332772990.5775,1362462498200.713,0.03174208558254563,0.008329486808611807,8,comp
Viet Nam,Argentina,828016.0,2382.9,4019490.0,0.0,175592.2,0.0,4934340.97,0.0,2017,2018,4103890.3536240356,4937464.271153906,0.16758859190381997,4520677.312388971,757613.945234813,416786.9587649354,573978890014.2583,173711368996.52396,0.029560795479045002,0.0010619936757696273,9,comp
Japan,Brazil,0.0,520753.0,2286172.0,0.0,0.0,559853.0,797849.0,0.0,2017,2018,2344731.5625872826,974678.6180121118,0.38790543128600763,1659705.0902996971,643808.6188602862,685026.4722875855,414489537718.78925,469261267734.7741,0.021346848579056048,0.0028688536708725166,10,comp
Mexico,United States of America,2804731.79,4870766.99,16947848.87,676792.24,3672709.5,5438121.1,14685321.25,720321.0,2018,2019,17868366.476575155,16100915.462432502,0.10338531789045062,16984640.969503827,1755962.5058873247,883725.5070713265,3083404322082.093,780970771848.4731,0.09562148660455347,0.010647440563407544,1,comp
Republic of Korea,United States of America,1366728.33,693448.06,6744083.72,0.0,1238410.5,1074419.1,2726460.63,0.0,2018,2019,6916030.780896755,3181450.0681128185,0.3286892900136152,5048740.424504787,1659466.9055935165,1867290.3563919682,2753830410760.121,3486773275074.444,0.08540085250834,0.04753726073072063,2,comp
Egypt,United States of America,0.0,2859934.25,1766438.77,0.0,782095.1,2938483.6,317542.8,0.0,2018,2019,3361477.3303537504,3057317.7856979165,0.510895555293516,3209397.558025833,1639666.9475652624,152079.77232791693,2688507698937.985,23128257151.311047,0.08337508677637279,0.0003153213311311598,3,comp
Peru,Argentina,394563.18,0.0,224035.43,0.0,301833.32,14753.7,2759309.44,0.0,2018,2019,453731.1725096671,2775807.9202997866,0.9454412842522745,1614769.5464047268,1526669.7937243476,1161038.3738950598,2330720659070.3423,1348010105656.8848,0.07227951672901532,0.01837822617213029,4,comp
Japan,Brazil,0.0,559853.0,797849.0,0.0,0.0,550638.89,4682172.0,0.0,2018,2019,974678.6180121118,4714439.29060121,0.49480238689428185,2844558.9543066607,1407494.560252438,1869880.336294549,1981040937140.204,3496452472061.0156,0.06143536806937792,0.04766922299913191,5,comp
Viet Nam,United States of America,373631.06,1246579.27,1894449.87,0.0,257224.84,758569.6,73247.94,0.0,2018,2019,2298369.064213464,804336.818174718,0.8781659618710945,1551352.941194091,1362345.3478052604,747016.123019373,1855984846686.636,558033088050.8951,0.057557171106208026,0.007607998085989178,6,comp
Egypt,Ukraine,1554375.14,198010.02,2380360.92,0.0,1767563.01,484369.98,921700.38,0.0,2018,2019,2849808.441515616,2051444.579397066,0.532302325580488,2450626.5104563413,1304474.1906451064,399181.93105927506,1701652914059.2053,159346214084.21182,0.052771081678135996,0.0021724620237066256,7,comp
"China, Taiwan Province of",United States of America,973273.0,2263773.0,3132295.0,0.0,1245290.0,1834360.0,1376455.0,0.0,2018,2019,3985373.319412248,2609645.983792629,0.3754248058813783,3297509.6516024387,1237966.9208448168,687863.6678098096,1532562097105.997,473156425492.76404,0.04752729474677237,0.00645082389665416,8,comp
Mexico,Brazil,0.0,305017.2,145172.36,0.0,0.0,0.0,1823721.86,0.0,2018,2019,337802.46654488717,1823721.86,1.1265747016239254,1080762.1632724437,1217559.3116150813,742959.6967275564,1482450677300.5906,551989110961.5026,0.04597325643160838,0.007525596939690721,9,comp
Republic of Korea,Brazil,0.0,472279.6,764308.42,0.0,0.0,118513.52,3712415.2,0.0,2018,2019,898451.6578308798,3714306.4051870885,0.5215773866767198,2306379.031508984,1202955.1479404399,1407927.3736781045,1447101087956.4055,1982259489552.1248,0.0448770069842868,0.027025326500121426,10,comp
"China, mainland",United States of America,236062.7,17014644.0,317651.35,0.38,1651386.0,25887600.0,4341943.03,0.04,2019,2020,17019246.11800488,26301090.828267213,0.15530431350207288,21660168.473136045,3363917.5950596356,4640922.355131166,11315941586351.803,21538160306356.21,0.38369809644619235,0.41183190713594275,1,comp
"China, mainland",Canada,1663007.2,2265435.06,0.0,0.0,2297107.7,245259.0,0.0,0.0,2019,2020,2810300.510324304,2310163.579160638,0.831197421900777,2560232.044742471,2128058.2750576967,250068.46558183292,4528632022041.54,62534237478.452354,0.15355571368964724,0.001195719314729157,2,comp
Mexico,United States of America,3672709.5,5438121.1,14685321.25,720321.0,2980240.83,3640223.7,14699927.06,651416.98,2019,2020,16100915.462432502,15448147.579628872,0.11508723694288785,15774531.521030687,1815447.2468239118,326383.94140181504,3295848706000.5215,106526477204.98343,0.11175480758864097,0.002036896450011792,3,comp
Republic of Korea,Ukraine,603145.6,16.99,381188.1,0.0,473279.01,253.86,1913396.66,0.0,2019,2020,713504.7180430064,1971060.5937541937,0.7646958761890907,1342282.6558986001,1026438.0116457999,628777.9378555936,1053574991751.3832,395361695133.93274,0.03572435538955871,0.007559724628266208,4,comp
Türkiye,Ukraine,1108987.13,1218972.7,2048325.95,0.0,1035469.64,614502.66,642075.82,0.0,2019,2020,2628951.520149112,1364577.6830717544,0.46121748559487813,1996764.6016104333,920942.7488796226,632186.9185386789,848135546713.9556,399660299971.43024,0.028758366444290882,0.007641918399835823,5,comp
Republic of Korea,Brazil,0.0,118513.52,3712415.2,0.0,0.0,612606.22,1857309.91,0.0,2019,2020,3714306.4051870885,1955731.7000465316,0.28668622917402736,2835019.05261681,812760.9218312367,879287.3525702785,660580316055.9617,773146248390.0492,0.022398790934569663,0.014783356119580331,6,comp
Egypt,United States of America,782095.1,2938483.6,317542.8,0.0,74671.21,3254182.93,57919.65,0.0,2019,2020,3057317.7856979165,3255554.794096142,0.25189653892227937,3156436.2898970293,795095.3767537421,99118.50419911277,632176658135.175,9824477874.669535,0.021435686857622212,0.00018785418077448273,7,comp
Egypt,Ukraine,1767563.01,484369.98,921700.38,0.0,2298730.12,184977.85,2027253.48,0.0,2019,2020,2051444.579397066,3070526.606586881,0.29806575043612243,2560985.5929919733,763342.0926312505,509541.0135949075,582691150382.6566,259632044535.32568,0.01975774472780285,0.0049644332911308224,8,comp
Spain,Brazil,0.07,1671253.81,3127704.41,0.0,0.0,2095104.0,2406523.77,0.0,2019,2020,3546212.652080099,3190739.3228515256,0.2255890380735706,3368475.9874658124,759891.2577863336,177736.66461428674,577434723660.0961,31590321948.21145,0.019579511134763812,0.0006040396370868755,9,comp
Egypt,Romania,1286086.0,0.0,429641.6,0.0,292132.55,0.0,467795.1,0.0,2019,2020,1355953.2085756352,551519.430621907,0.6901524824953172,953736.3195987712,658223.4886170392,402216.8889768641,433258160967.1855,161778425778.22702,0.014690808569866614,0.0030933708670575584,10,comp
"China, mainland",United States of America,1651386.0,25887600.0,4341943.03,0.04,2726483.69,32295733.4,19827131.0,0.07,2020,2021,26301090.828267213,37994252.62913948,0.38364116841710805,32147671.72870335,12333170.343889385,5846580.900436135,152107090731392.62,34182508225344.605,0.8951507330573425,0.4331029831223602,1,comp
Iran (Islamic Republic of),Netherlands (Kingdom of the),61633.0,397596.0,1185960.0,0.0,523638.0,18500.0,0.0,0.0,2020,2021,1252350.720646976,523964.6982803326,1.5103669038500063,888157.7094636543,1341444.009773133,364193.0111833217,1799472031356.2217,132636549394.77509,0.010589898868220628,0.001680546226603131,2,comp
Brazil,Argentina,4553670.36,2446.63,103087.15,78.0,5433784.91,4840.84,1397504.57,0.0,2020,2021,4554837.724894269,5610620.367218451,0.22909815149502238,5082729.04605636,1164443.8290015706,527891.3211620906,1355929430899.8389,278669246958.2575,0.00797964919457574,0.003530825806182228,3,comp
Indonesia,Argentina,2635500.4,633.02,649057.0,0.0,606843.8,89951.0,610928.05,0.0,2020,2021,2714247.1789362663,865784.9977195509,0.5560539501464219,1790016.0883279087,995345.5167403801,924231.0906083577,990712697695.1743,854203108847.1143,0.005830347509289537,0.010823018375221927,4,comp
"China, Taiwan Province of",Brazil,0.0,1042840.0,2531396.0,0.0,0.0,1256202.0,1213353.0,0.0,2020,2021,2737787.605789755,1746501.9231060124,0.4119712459059807,2242144.7644478837,923699.1721111663,495642.8413418713,853220160558.854,245661826173.44342,0.005021203472573767,0.0031126115454604684,5,comp
Republic of Korea,Ukraine,473279.01,253.86,1913396.66,0.0,287618.89,138.53,176636.4,0.0,2020,2021,1971060.5937541937,337527.8697831529,0.7775661548978136,1154294.2317686733,897540.1274170929,816766.3619855205,805578280323.8914,667107290071.0623,0.004740830849499494,0.008452456311506904,6,comp
Iran (Islamic Republic of),Singapore,66269.4,128382.5,930944.0,0.0,350055.0,0.0,66197.4,0.0,2020,2021,942088.3349339435,356259.1736247082,1.315292919575975,649173.7542793258,853853.6425781511,292914.58065461763,729066042943.9769,85798951560.0705,0.004290556078946983,0.0010870993323387926,7,comp
Viet Nam,Brazil,247345.0,737346.7,3063290.1,0.0,226597.1,1029815.6,1654292.9,0.0,2020,2021,3160475.5879113986,1961772.5185969395,0.3212431234974845,2561124.053254169,822743.4905319071,599351.5346572296,676906851212.6262,359222262095.97626,0.003983599062745496,0.004551457496684656,8,comp
"China, Taiwan Province of",United States of America,1311282.0,1401537.0,822408.0,0.0,982220.0,1268912.0,1550605.0,0.0,2020,2021,2088090.3630726808,2231427.717442131,0.37147071263966597,2159759.040257406,802287.2298143796,71668.67718472518,643664799123.2311,5136399289.408347,0.003787969476030831,6.507977238197239e-05,9,comp
Iran (Islamic Republic of),Russian Federation,1084256.94,13851.42,687386.0,0.0,2537990.0,5740.0,383565.0,0.0,2020,2021,1283863.1106041563,2566816.76341047,0.4151069925730268,1925339.9370073131,799222.0709318466,641476.8264031569,638755918664.5897,411492518812.2658,0.0037590806982630448,0.005213737864267845,10,comp
"China, mainland",United States of America,2726483.69,32295733.4,19827131.0,0.07,625605.91,29532989.56,14864676.0,0.01,2021,2022,37994252.62913948,33068828.943442672,0.09943562098595907,35531540.78629108,3533100.8226727857,2462711.8428484052,12482801423171.115,6064949620905.788,0.39892988654601164,0.16104700836804706,1,comp
Spain,Brazil,0.02,2413433.25,1928033.81,0.0,0.0,2119842.67,4332882.33,0.0,2021,2022,3089008.6475613303,4823650.301501857,0.4417341914976351,3956329.4745315937,1747646.001730477,867320.8269702634,3054266547364.5225,752245416896.3816,0.09760935593829843,0.019974918428365043,2,comp
"China, Taiwan Province of",United States of America,982220.0,1268912.0,1550605.0,0.0,872434.0,1770950.0,764.59,0.0,2021,2022,2231427.717442131,1974184.7865521272,0.7885057815151371,2102806.251997129,1658074.8871059124,128621.46544500196,2749212331251.284,16543481373.219833,0.08786032287280876,0.0004392910658261429,3,comp
Brazil,Argentina,5433784.91,4840.84,1397504.57,0.0,4454910.33,675.42,302286.65,9.0,2021,2022,5610620.367218451,4465154.389646802,0.18398285703068343,5037887.378432626,926884.9132828544,572732.9887858243,859115642471.3645,328023076443.5431,0.027455928694405152,0.008710234781641301,4,comp
Spain,Ukraine,69507.29,9506.03,2453034.91,0.0,1017543.91,26673.28,3132293.83,0.0,2021,2022,2454037.876164142,3293534.8351125903,0.2857997178922777,2873786.355638366,821327.329724122,419748.47947422415,674578582551.7566,176188786020.9232,0.02155842653270193,0.004678468688158693,5,comp
Republic of Korea,Ukraine,287618.89,138.53,176636.4,0.0,116077.8,93.0,1387148.7,0.0,2021,2022,337527.8697831529,1391996.975648126,0.936562976211844,864762.4227156395,809904.4683347241,527234.5529324866,655945247828.5521,277976273805.91907,0.020962935676514503,0.007381305714301133,6,comp
Italy,Brazil,0.0,1403456.95,127128.41,0.0,0.0,1165614.66,860365.46,0.0,2021,2022,1409202.981522687,1448753.346973848,0.5455197433777782,1428978.1642482677,779535.8014531636,19775.182725580526,607676065747.2261,391057851.83009845,0.019420331682540176,1.0384042914220716e-05,7,comp
Republic of Korea,United States of America,1813009.88,545857.14,3256983.6,0.0,1164668.84,635477.08,1488276.53,0.01,2021,2022,3767347.4770633457,1993803.3142266348,0.23452348472372447,2880575.3956449903,675562.5797960844,886772.0814183555,456384799220.74097,786364724383.0425,0.014585310620779128,0.02088091315903448,8,comp
Egypt,Ukraine,1679813.71,60675.6,1340186.22,0.0,460586.55,57077.28,868006.15,0.0,2021,2022,2149780.1592295924,984292.8742863698,0.4102218510340514,1567036.5167579812,642832.6205424113,582743.6424716113,413233778033.4238,339590152841.0811,0.01320627466538476,0.009017383754976044,9,comp
Mexico,Brazil,0.0,793075.1,450345.96,0.0,0.0,139983.5,497610.58,235862.7,2021,2022,912019.5161992597,568192.6458970377,0.8675650630615634,740106.0810481487,642090.1788767837,171913.43515111099,412279797810.0201,29554229185.455242,0.013175787020072773,0.000784774893848228,10,comp
"China, mainland",Brazil,0.0,54393540.0,0.02,0.0,0.0,71592496.82,11920902.82,0.0,2022,2023,54393540.0,72578189.0444064,0.16499673239502075,63485864.5222032,10474960.199436503,9092324.5222032,109724791179778.81,82670365217057.64,0.6384707849745309,0.578087511269812,1,comp
"China, mainland",United States of America,625605.91,29532989.56,14864676.0,0.01,925203.85,26506551.32,7144210.61,0.0,2022,2023,33068828.943442672,27468036.156301476,0.20349782070459446,30268432.549872074,6159560.060042978,2800396.393570598,37940180133276.66,7842219961123.213,0.2207677620646266,0.05483814433688688,2,comp
Spain,Ukraine,1017543.91,26673.28,3132293.83,0.0,4097764.75,21005.6,3894140.61,0.0,2022,2023,3293534.8351125903,5653003.473555017,0.4967800389606053,4473269.154333804,2222230.824771221,1179734.3192212135,4938309838563.38,1391773063948.34,0.028735224967610332,0.009732225383035418,3,comp
Mexico,United States of America,3662635.85,3684635.19,15710913.92,195564.0,3035658.18,2585370.94,17520354.38,349212.0,2022,2023,16548791.476504782,17971759.237896733,0.09834782837747974,17260275.357200757,1697510.5985780228,711483.8806959754,2881542232284.7173,506209312490.20496,0.01676722745336278,0.0035397603587541083,4,comp
Türkiye,Ukraine,2059037.61,699864.89,1477632.08,0.0,2496511.11,1009456.87,231472.96,0.0,2022,2023,2629228.652569866,2702804.2152466,0.5137492676516354,2666016.433908233,1369663.9904675793,36787.781338367146,1875979446783.5732,1353340855.799514,0.010916020500977987,9.463481202420935e-06,5,comp
Viet Nam,Brazil,322760.4,1061993.9,1435139.0,0.0,262105.7,991236.3,3929560.55,0.0,2022,2023,1814284.7816057901,4061119.909153937,0.40335116204279725,2937702.3453798634,1184925.6547448188,1123417.5637740735,1404048807272.4375,1262067022596.0745,0.008169932560208806,0.008825232382035354,6,comp
"China, Taiwan Province of",United States of America,872434.0,1770950.0,764.59,0.0,990226.0,1115522.0,858390.18,0.0,2022,2023,1974184.7865521272,1720979.536392119,0.5809721778134487,1847582.161472123,1073393.832039738,126602.6250800041,1152174318660.9534,16028224677.148083,0.00670431571346224,0.0001120802658771138,7,comp
Mexico,Brazil,0.0,139983.5,497610.58,235862.7,0.0,1434982.65,806206.06,96449.3,2022,2023,568192.6458970377,1648771.0224443648,0.8407063257019514,1108481.8341707012,931907.68991301,540289.1882736636,868451942519.0028,291912406965.41437,0.0050533811683840255,0.0020412504094828652,8,comp
Indonesia,Argentina,1469655.4,60823.0,881410.02,0.0,198750.0,23127.04,614057.8,0.0,2022,2023,1714779.885418114,645835.43122068,0.7170667942870252,1180307.658319397,846359.4288235154,534472.227098717,716324282758.4673,285660561539.86255,0.004168174960203541,0.001997533247312217,9,comp
Egypt,Ukraine,460586.55,57077.28,868006.15,0.0,968967.0,1325641.49,2536491.52,0.0,2022,2023,984292.8742863698,3021590.9117764984,0.41335228426401355,2002941.8930314342,827920.6067326308,1018649.0187450643,685452531052.5275,1037645823390.2823,0.003988537238105395,0.00725592647435691,10,comp
"China, mainland",Brazil,0.0,71592496.82,11920902.82,0.0,0.0,74647380.0,6465581.13,0.0,2023,2024,72578189.0444064,74926864.87644476,0.07859738524284413,73752526.96042559,5796755.774141817,1174337.916019179,33602377505046.5,1379069541000.268,0.42392048246094477,0.018064793547517385,1,comp
"China, mainland",United States of America,925203.85,26506551.32,7144210.61,0.0,1901866.02,22134149.0,2072514.51,0.0,2023,2024,27468036.156301476,22312170.730486806,0.1772793978221843,24890103.44339414,4412502.550176789,2577932.712907335,19470178755316.668,6645737072277.771,0.2456316541981322,0.08705425260476929,2,comp
Türkiye,Ukraine,2496511.11,1009456.87,231472.96,0.0,793937.28,757117.95,2708463.3,0.0,2023,2024,2702804.2152466,2922214.475741452,1.1295164166092886,2812509.3454940263,3176775.4776025484,109705.13024742599,10091902435096.9,12035215602.6047,0.12731730511010877,0.00015765244514299057,3,comp
Japan,United States of America,1941688.01,2167712.0,6742284.48,0.0,2112680.0,2083906.0,11685262.0,0.0,2023,2024,7343536.454077873,12056178.043139542,0.15995154352257845,9699857.248608708,1551507.1388636339,2356320.794530834,2407174401944.8193,5552247686738.421,0.03036840276218044,0.07273034840060401,4,comp
Spain,Brazil,0.0,1662227.34,2283398.31,0.0,0.0,2191131.58,914003.18,0.0,2023,2024,2824341.9714960745,2374122.8725412274,0.546357078696654,2599232.422018651,1420109.0329477384,225109.54947742354,2016709665459.7607,50674309265.9286,0.025442382290864905,0.0006637960652717146,5,comp
Spain,United States of America,39926.36,1537149.65,58391.41,83.78,19456.41,1461861.21,1072693.2,44.3,2023,2024,1538776.3724787459,1813308.4272901514,0.5951602607921521,1676042.3998844486,997513.831813933,137266.02740570274,995033844660.1154,18841962279.743137,0.012553136379410518,0.0002468158047829755,6,comp
Republic of Korea,United States of America,1204233.1,621659.13,830569.79,0.0,1731759.1,579216.54,2502037.38,0.0,2023,2024,1589491.6197038007,3097526.824994361,0.4058037079542123,2343509.2223490807,951004.7320541495,754017.6026452802,904410000389.3846,568542545098.9357,0.011409845141165722,0.007447487885739889,7,comp
Egypt,Ukraine,968967.0,1325641.49,2536491.52,0.0,1754260.66,841586.03,2922388.55,0.0,2023,2024,3021590.9117764984,3510847.810185725,0.2685611172301711,3266219.3609811114,877179.5207039028,244628.44920461322,769443911542.3286,59843078160.25403,0.009707141530645365,0.0007839001733218075,8,comp
"China, Taiwan Province of",United States of America,990226.0,1115522.0,858390.18,0.0,1207317.72,927585.07,1869645.98,0.0,2023,2024,1720979.536392119,2411142.10067409,0.3917645252932613,2066060.8185331044,809409.3357996285,345081.2821409855,655143472879.5958,119081091284.06642,0.008265151388842859,0.0015598744410665753,9,comp
Türkiye,Russian Federation,8986138.78,5722.21,1726678.88,9295.24,4746724.67,0.0,1464218.97,0.0,2023,2024,9150531.638830164,4967427.129298876,0.10937968389688771,7058979.38406452,772108.9336636242,2091552.2547656442,596152205443.1788,4374590834415.25,0.0075209300447170516,0.05730391247801328,10,comp
