country,year,month,value
Albania,2017,Jan,164.1
Albania,2017,Feb,179.1
Albania,2017,Mar,233.3
Albania,2017,Apr,340.3
Albania,2017,May,344.0
Albania,2017,Jun,421.7
Albania,2017,Jul,833.1
Albania,2017,Aug,1123.0
Albania,2017,Sep,443.8
Albania,2017,Oct,368.7
Albania,2017,Nov,245.5
Albania,2017,Dec,239.3
Albania,2018,Jan,222.3
Albania,2018,Feb,182.1
Albania,2018,Mar,242.2
Albania,2018,Apr,335.0
Albania,2018,May,377.7
Albania,2018,Jun,481.6
Albania,2018,Jul,993.8
Albania,2018,Aug,1425.0
Albania,2018,Sep,648.2
Albania,2018,Oct,323.9
Albania,2018,Nov,236.6
Albania,2018,Dec,260.0
Albania,2019,Jan,199.7
Albania,2019,Feb,193.6
Albania,2019,Mar,270.4
Albania,2019,Apr,390.2
Albania,2019,May,385.9
Albania,2019,Jun,610.5
Albania,2019,Jul,1138.0
Albania,2019,Aug,1532.0
Albania,2019,Sep,575.7
Albania,2019,Oct,371.6
Albania,2019,Nov,258.5
Albania,2019,Dec,271.7
Albania,2020,Jan,238.8
Albania,2020,Feb,219.9
Albania,2020,Mar,90.4
Albania,2020,Apr,11.6
Albania,2020,May,15.6
Albania,2020,Jun,175.9
Albania,2020,Jul,378.8
Albania,2020,Aug,566.9
Albania,2020,Sep,368.6
Albania,2020,Oct,198.4
Albania,2020,Nov,144.1
Albania,2020,Dec,165.7
Albania,2021,Jan,175.5
Albania,2021,Feb,152.1
Albania,2021,Mar,163.3
Albania,2021,Apr,227.8
Albania,2021,May,319.7
Albania,2021,Jun,586.1
Albania,2021,Jul,1127.0
Albania,2021,Aug,1513.0
Albania,2021,Sep,479.3
Albania,2021,Oct,284.1
Albania,2021,Nov,233.5
Albania,2021,Dec,253.1
Albania,2022,Jan,186.3
Albania,2022,Feb,193.5
Albania,2022,Mar,265.3
Albania,2022,Apr,379.7
Albania,2022,May,578.7
Albania,2022,Jun,858.3
Albania,2022,Jul,1372.0
Albania,2022,Aug,1565.0
Albania,2022,Sep,733.0
Albania,2022,Oct,341.9
Albania,2022,Nov,343.6
Albania,2022,Dec,359.9
Albania,2023,Jan,360.5
Albania,2023,Feb,294.8
Albania,2023,Mar,366.4
Albania,2023,Apr,582.9
Albania,2023,May,653.7
Albania,2023,Jun,971.9
Albania,2023,Jul,1686.0
Albania,2023,Aug,1918.0
Albania,2023,Sep,1057.0
Albania,2023,Oct,658.9
Albania,2023,Nov,529.2
Albania,2023,Dec,590.5
Albania,2024,Jan,469.5
Albania,2024,Feb,462.3
Albania,2024,Mar,537.9
Albania,2024,Apr,764.1
Albania,2024,May,948.0
Albania,2024,Jun,1216.0
Albania,2024,Jul,1754.0
Albania,2024,Aug,2122.0
Albania,2024,Sep,1073.0
Albania,2024,Oct,730.1
Albania,2024,Nov,586.3
Albania,2024,Dec,629.2
Albania,2025,Jan,539.0
Albania,2025,Feb,499.4
Albania,2025,Mar,527.7
Albania,2025,Apr,776.3
Albania,2025,May,940.7
Albania,2025,Jun,1264.0
Albania,2025,Jul,1700.0
Albania,2025,Aug,2260.0
Albania,2025,Sep,1199.0
Algeria,2020,Jan,244.5
Algeria,2020,Feb,205.1
Algeria,2020,Mar,132.2
Algeria,2020,Apr,0.2
Algeria,2020,May,0.3
Algeria,2020,Jun,0.4
Algeria,2020,Jul,1.5
Algeria,2020,Aug,0.6
Algeria,2020,Sep,0.9
Algeria,2020,Oct,1.1
Algeria,2020,Nov,3.3
Algeria,2020,Dec,1.2
Algeria,2021,Jan,8.3
Algeria,2021,Feb,5.1
Algeria,2021,Mar,1.7
Algeria,2021,Apr,5.5
Algeria,2021,May,3.9
Algeria,2021,Jun,4.4
Algeria,2021,Jul,5.0
Algeria,2021,Aug,6.7
Algeria,2021,Sep,13.0
Algeria,2021,Oct,18.3
Algeria,2021,Nov,26.2
Algeria,2021,Dec,27.0
Algeria,2022,Jan,29.7
Algeria,2022,Feb,43.9
Algeria,2022,Mar,46.8
Algeria,2022,Apr,35.9
Algeria,2022,May,51.6
Algeria,2022,Jun,67.8
Algeria,2022,Jul,166.5
Algeria,2022,Aug,168.9
Algeria,2022,Sep,186.0
Algeria,2022,Oct,213.6
Algeria,2022,Nov,249.2
Algeria,2022,Dec,138.3
Algeria,2023,Jan,330.0
Algeria,2023,Feb,265.0
Algeria,2023,Mar,262.0
Algeria,2023,Apr,230.0
Algeria,2023,May,237.0
Algeria,2023,Jun,282.0
Algeria,2023,Jul,341.0
Algeria,2023,Aug,330.0
Algeria,2023,Sep,289.0
Algeria,2023,Oct,291.0
Algeria,2023,Nov,262.0
Algeria,2023,Dec,173.0
Algeria,2024,Jan,338.0
Algeria,2024,Feb,306.0
Algeria,2024,Mar,307.0
Algeria,2024,Apr,255.0
Algeria,2024,May,268.0
Algeria,2024,Jun,307.0
Algeria,2024,Jul,362.0
Algeria,2024,Aug,335.0
Algeria,2024,Sep,286.0
Algeria,2024,Oct,332.0
Algeria,2024,Nov,270.0
Algeria,2024,Dec,182.0
Algeria,2025,Jan,365.0
Algeria,2025,Feb,339.0
Algeria,2025,Mar,267.0
Algeria,2025,Apr,281.0
Algeria,2025,May,293.0
Algeria,2025,Jun,300.0
American Samoa,2015,Feb,1.4
American Samoa,2015,Mar,1.8
American Samoa,2015,Apr,2.5
American Samoa,2015,May,1.6
American Samoa,2015,Jun,2.0
American Samoa,2015,Jul,1.6
Andorra,2015,Feb,287.9
Andorra,2015,Mar,273.4
Andorra,2015,Apr,185.7
Andorra,2015,May,149.0
Andorra,2015,Jun,146.2
Andorra,2015,Jul,217.0
Andorra,2015,Aug,352.1
Andorra,2015,Sep,187.8
Andorra,2015,Oct,173.6
Andorra,2015,Nov,145.8
Andorra,2015,Dec,252.2
Andorra,2016,Jan,333.0
Andorra,2016,Feb,317.7
Andorra,2016,Mar,313.7
Andorra,2016,Apr,139.5
Andorra,2016,May,150.0
Andorra,2016,Jun,141.4
Andorra,2016,Jul,250.3
Andorra,2016,Aug,328.8
Andorra,2016,Sep,188.5
Andorra,2016,Oct,204.9
Andorra,2016,Nov,142.5
Andorra,2016,Dec,308.6
Andorra,2017,Jan,372.7
Andorra,2017,Feb,329.7
Andorra,2017,Mar,282.6
Andorra,2017,Apr,192.0
Andorra,2017,May,134.3
Andorra,2017,Jun,152.0
Andorra,2017,Jul,284.0
Andorra,2017,Aug,361.8
Andorra,2017,Sep,222.2
Andorra,2017,Oct,203.2
Andorra,2017,Nov,147.3
Andorra,2017,Dec,321.1
Andorra,2018,Jan,368.2
Andorra,2018,Feb,331.8
Andorra,2018,Mar,306.6
Andorra,2018,Apr,187.0
Andorra,2018,May,149.2
Andorra,2018,Jun,151.0
Andorra,2018,Jul,276.1
Andorra,2018,Aug,384.5
Andorra,2018,Sep,221.9
Andorra,2018,Oct,197.9
Andorra,2018,Nov,155.2
Andorra,2018,Dec,313.0
Andorra,2019,Jan,331.5
Andorra,2019,Feb,340.1
Andorra,2019,Mar,297.6
Andorra,2019,Apr,208.4
Andorra,2019,May,141.8
Andorra,2019,Jun,176.9
Andorra,2019,Jul,285.3
Andorra,2019,Aug,392.0
Andorra,2019,Sep,218.3
Andorra,2019,Oct,206.9
Andorra,2019,Nov,167.6
Andorra,2019,Dec,323.5
Andorra,2020,Jan,383.1
Andorra,2020,Feb,372.5
Andorra,2020,Mar,143.8
Andorra,2020,Apr,0.0
Andorra,2020,May,0.0
Andorra,2020,Jun,46.9
Andorra,2020,Jul,178.5
Andorra,2020,Aug,340.0
Andorra,2020,Sep,214.6
Andorra,2020,Oct,151.9
Andorra,2020,Nov,8.7
Andorra,2020,Dec,31.5
Andorra,2021,Jan,38.5
Andorra,2021,Feb,64.2
Andorra,2021,Mar,63.6
Andorra,2021,Apr,49.5
Andorra,2021,May,77.5
Andorra,2021,Jun,126.3
Andorra,2021,Jul,260.8
Andorra,2021,Aug,358.1
Andorra,2021,Sep,234.8
Andorra,2021,Oct,224.3
Andorra,2021,Nov,148.9
Andorra,2021,Dec,302.2
Andorra,2022,Jan,322.4
Andorra,2022,Feb,345.2
Andorra,2022,Mar,296.2
Andorra,2022,Apr,270.9
Andorra,2022,May,137.5
Andorra,2022,Jun,265.4
Andorra,2022,Jul,328.8
Andorra,2022,Aug,463.0
Andorra,2022,Sep,303.2
Andorra,2022,Oct,237.8
Andorra,2022,Nov,175.5
Andorra,2022,Dec,409.3
Andorra,2023,Jan,412.3
Andorra,2023,Feb,390.1
Andorra,2023,Mar,393.1
Andorra,2023,Apr,319.3
Andorra,2023,May,149.4
Andorra,2023,Jun,300.8
Andorra,2023,Jul,369.2
Andorra,2023,Aug,501.6
Andorra,2023,Sep,350.3
Andorra,2023,Oct,247.9
Andorra,2023,Nov,188.3
Andorra,2023,Dec,425.9
Andorra,2024,Jan,411.9
Andorra,2024,Feb,387.5
Andorra,2024,Mar,463.5
Andorra,2024,Apr,273.1
Andorra,2024,May,139.8
Andorra,2024,Jun,322.2
Andorra,2024,Jul,361.5
Andorra,2024,Aug,534.4
Andorra,2024,Sep,349.2
Andorra,2024,Oct,249.0
Andorra,2024,Nov,229.8
Andorra,2024,Dec,445.8
Andorra,2025,Jan,415.7
Andorra,2025,Feb,390.0
Andorra,2025,Mar,392.2
Andorra,2025,Apr,345.8
Andorra,2025,May,148.8
Andorra,2025,Jun,404.8
Andorra,2025,Jul,382.5
Andorra,2025,Aug,556.0
Andorra,2025,Sep,387.5
Angola,2021,Jan,6.5
Angola,2021,Feb,5.8
Angola,2021,Mar,4.1
Angola,2021,Apr,5.0
Angola,2021,May,4.0
Angola,2021,Jun,8.0
Angola,2021,Jul,7.1
Angola,2021,Aug,6.1
Angola,2021,Sep,7.0
Angola,2021,Oct,5.7
Angola,2021,Nov,0.5
Angola,2021,Dec,4.1
Angola,2022,Jan,17.8
Angola,2022,Feb,6.0
Angola,2022,Mar,12.8
Angola,2022,Apr,14.7
Angola,2022,May,11.7
Angola,2022,Jun,8.1
Angola,2022,Jul,9.4
Angola,2022,Aug,9.0
Angola,2022,Sep,11.3
Angola,2022,Oct,9.2
Angola,2022,Nov,10.0
Angola,2022,Dec,9.6
Angola,2023,Jan,13.8
Angola,2023,Feb,10.7
Angola,2023,Mar,9.1
Angola,2023,Apr,10.0
Angola,2023,May,10.1
Angola,2023,Jun,10.4
Angola,2023,Jul,11.7
Angola,2023,Aug,11.8
Angola,2023,Sep,12.7
Angola,2023,Oct,11.8
Angola,2023,Nov,12.3
Angola,2023,Dec,9.6
Angola,2024,Jan,10.8
Angola,2024,Feb,11.1
Angola,2024,Mar,12.0
Angola,2024,Apr,13.4
Angola,2024,May,13.9
Angola,2024,Jun,14.5
Angola,2024,Jul,16.5
Angola,2024,Aug,16.9
Angola,2024,Sep,15.0
Angola,2024,Oct,16.0
Angola,2024,Nov,16.8
Angola,2024,Dec,17.6
Angola,2025,Jan,10.8
Angola,2025,Feb,17.7
Angola,2025,Mar,17.0
Angola,2025,Apr,17.5
Angola,2025,May,22.8
Angola,2025,Jun,22.7
Angola,2025,Jul,12.2
Angola,2025,Aug,20.6
Anguilla,2015,Feb,7.4
Anguilla,2015,Mar,8.7
Anguilla,2015,Apr,7.7
Anguilla,2015,May,5.8
Anguilla,2015,Jun,5.1
Anguilla,2015,Jul,7.5
Anguilla,2015,Aug,5.7
Anguilla,2015,Sep,1.6
Anguilla,2015,Oct,2.8
Anguilla,2015,Nov,6.0
Anguilla,2015,Dec,8.3
Anguilla,2016,Jan,7.3
Anguilla,2016,Feb,8.0
Anguilla,2016,Mar,9.7
Anguilla,2016,Apr,7.3
Anguilla,2016,May,6.5
Anguilla,2016,Jun,5.6
Anguilla,2016,Jul,9.5
Anguilla,2016,Aug,5.3
Anguilla,2016,Sep,1.7
Anguilla,2016,Oct,3.2
Anguilla,2016,Nov,6.6
Anguilla,2016,Dec,8.5
Anguilla,2017,Jan,7.3
Anguilla,2017,Feb,7.9
Anguilla,2017,Mar,9.2
Anguilla,2017,Apr,9.7
Anguilla,2017,May,7.1
Anguilla,2017,Jun,6.7
Anguilla,2017,Jul,8.1
Anguilla,2017,Aug,7.4
Anguilla,2017,Sep,0.4
Anguilla,2017,Oct,0.6
Anguilla,2017,Nov,1.3
Anguilla,2017,Dec,2.6
Anguilla,2018,Jan,2.8
Anguilla,2018,Feb,3.3
Anguilla,2018,Mar,4.6
Anguilla,2018,Apr,4.0
Anguilla,2018,May,4.3
Anguilla,2018,Jun,4.4
Anguilla,2018,Jul,5.3
Anguilla,2018,Aug,6.4
Anguilla,2018,Sep,1.8
Anguilla,2018,Oct,2.9
Anguilla,2018,Nov,5.8
Anguilla,2018,Dec,9.1
Anguilla,2019,Jan,8.9
Anguilla,2019,Feb,9.3
Anguilla,2019,Mar,11.9
Anguilla,2019,Apr,9.8
Anguilla,2019,May,8.2
Anguilla,2019,Jun,7.8
Anguilla,2019,Jul,8.9
Anguilla,2019,Aug,8.9
Anguilla,2019,Sep,1.5
Anguilla,2019,Oct,2.8
Anguilla,2019,Nov,7.6
Anguilla,2019,Dec,9.9
Anguilla,2020,Jan,9.2
Anguilla,2020,Feb,9.8
Anguilla,2020,Mar,4.2
Anguilla,2020,Apr,0.0
Anguilla,2020,May,0.0
Anguilla,2020,Jun,0.0
Anguilla,2020,Jul,0.0
Anguilla,2020,Aug,0.0
Anguilla,2020,Sep,0.0
Anguilla,2020,Oct,0.1
Anguilla,2020,Nov,0.6
Anguilla,2020,Dec,1.3
Anguilla,2021,Jan,1.0
Anguilla,2021,Feb,1.1
Anguilla,2021,Mar,2.4
Anguilla,2021,Apr,1.3
Anguilla,2021,May,0.6
Anguilla,2021,Jun,1.9
Anguilla,2021,Jul,4.9
Anguilla,2021,Aug,2.6
Anguilla,2021,Sep,0.4
Anguilla,2021,Oct,1.2
Anguilla,2021,Nov,4.5
Anguilla,2021,Dec,6.4
Anguilla,2022,Jan,4.8
Anguilla,2022,Feb,6.6
Anguilla,2022,Mar,7.5
Anguilla,2022,Apr,8.0
Anguilla,2022,May,6.6
Anguilla,2022,Jun,6.6
Anguilla,2022,Jul,7.9
Anguilla,2022,Aug,4.8
Anguilla,2022,Sep,1.4
Anguilla,2022,Oct,3.3
Anguilla,2022,Nov,7.2
Anguilla,2022,Dec,9.5
Anguilla,2023,Jan,10.4
Anguilla,2023,Feb,10.4
Anguilla,2023,Mar,11.3
Anguilla,2023,Apr,10.2
Anguilla,2023,May,7.8
Anguilla,2023,Jun,7.3
Anguilla,2023,Jul,8.0
Anguilla,2023,Aug,5.9
Anguilla,2023,Sep,1.6
Anguilla,2023,Oct,3.0
Anguilla,2023,Nov,8.3
Anguilla,2023,Dec,11.7
Anguilla,2024,Jan,12.1
Anguilla,2024,Feb,11.5
Anguilla,2024,Mar,13.4
Anguilla,2024,Apr,10.1
Anguilla,2024,May,10.1
Anguilla,2024,Jun,9.2
Anguilla,2024,Jul,9.7
Anguilla,2024,Aug,7.6
Anguilla,2024,Sep,1.8
Anguilla,2024,Oct,3.7
Anguilla,2024,Nov,9.3
Anguilla,2024,Dec,13.2
Anguilla,2025,Jan,12.8
Anguilla,2025,Feb,11.9
Anguilla,2025,Mar,12.8
Anguilla,2025,Apr,11.3
Anguilla,2025,May,9.7
Anguilla,2025,Jun,9.8
Antigua & Barbuda,2015,Feb,24.8
Antigua & Barbuda,2015,Mar,26.0
Antigua & Barbuda,2015,Apr,23.6
Antigua & Barbuda,2015,May,18.5
Antigua & Barbuda,2015,Jun,16.8
Antigua & Barbuda,2015,Jul,21.4
Antigua & Barbuda,2015,Aug,16.7
Antigua & Barbuda,2015,Sep,12.2
Antigua & Barbuda,2015,Oct,16.9
Antigua & Barbuda,2015,Nov,21.6
Antigua & Barbuda,2015,Dec,28.3
Antigua & Barbuda,2016,Jan,26.9
Antigua & Barbuda,2016,Feb,27.3
Antigua & Barbuda,2016,Mar,30.3
Antigua & Barbuda,2016,Apr,24.0
Antigua & Barbuda,2016,May,18.8
Antigua & Barbuda,2016,Jun,18.2
Antigua & Barbuda,2016,Jul,24.5
Antigua & Barbuda,2016,Aug,17.3
Antigua & Barbuda,2016,Sep,12.8
Antigua & Barbuda,2016,Oct,17.1
Antigua & Barbuda,2016,Nov,21.3
Antigua & Barbuda,2016,Dec,26.6
Antigua & Barbuda,2017,Jan,25.5
Antigua & Barbuda,2017,Feb,26.6
Antigua & Barbuda,2017,Mar,27.0
Antigua & Barbuda,2017,Apr,24.1
Antigua & Barbuda,2017,May,18.0
Antigua & Barbuda,2017,Jun,16.6
Antigua & Barbuda,2017,Jul,22.1
Antigua & Barbuda,2017,Aug,16.8
Antigua & Barbuda,2017,Sep,9.5
Antigua & Barbuda,2017,Oct,14.6
Antigua & Barbuda,2017,Nov,19.7
Antigua & Barbuda,2017,Dec,27.9
Antigua & Barbuda,2018,Jan,28.1
Antigua & Barbuda,2018,Feb,26.9
Antigua & Barbuda,2018,Mar,29.5
Antigua & Barbuda,2018,Apr,23.3
Antigua & Barbuda,2018,May,20.1
Antigua & Barbuda,2018,Jun,19.5
Antigua & Barbuda,2018,Jul,23.0
Antigua & Barbuda,2018,Aug,17.8
Antigua & Barbuda,2018,Sep,11.7
Antigua & Barbuda,2018,Oct,16.5
Antigua & Barbuda,2018,Nov,22.7
Antigua & Barbuda,2018,Dec,29.2
Antigua & Barbuda,2019,Jan,30.2
Antigua & Barbuda,2019,Feb,29.7
Antigua & Barbuda,2019,Mar,30.9
Antigua & Barbuda,2019,Apr,27.3
Antigua & Barbuda,2019,May,22.2
Antigua & Barbuda,2019,Jun,21.2
Antigua & Barbuda,2019,Jul,23.0
Antigua & Barbuda,2019,Aug,17.7
Antigua & Barbuda,2019,Sep,14.1
Antigua & Barbuda,2019,Oct,20.0
Antigua & Barbuda,2019,Nov,27.0
Antigua & Barbuda,2019,Dec,37.8
Antigua & Barbuda,2020,Jan,33.5
Antigua & Barbuda,2020,Feb,33.4
Antigua & Barbuda,2020,Mar,16.5
Antigua & Barbuda,2020,Apr,0.0
Antigua & Barbuda,2020,May,0.0
Antigua & Barbuda,2020,Jun,2.7
Antigua & Barbuda,2020,Jul,4.0
Antigua & Barbuda,2020,Aug,4.8
Antigua & Barbuda,2020,Sep,3.7
Antigua & Barbuda,2020,Oct,6.9
Antigua & Barbuda,2020,Nov,6.0
Antigua & Barbuda,2020,Dec,13.7
Antigua & Barbuda,2021,Jan,7.8
Antigua & Barbuda,2021,Feb,5.6
Antigua & Barbuda,2021,Mar,8.3
Antigua & Barbuda,2021,Apr,9.2
Antigua & Barbuda,2021,May,11.5
Antigua & Barbuda,2021,Jun,14.7
Antigua & Barbuda,2021,Jul,23.4
Antigua & Barbuda,2021,Aug,18.8
Antigua & Barbuda,2021,Sep,11.6
Antigua & Barbuda,2021,Oct,14.9
Antigua & Barbuda,2021,Nov,19.2
Antigua & Barbuda,2021,Dec,24.5
Antigua & Barbuda,2022,Jan,18.1
Antigua & Barbuda,2022,Feb,21.3
Antigua & Barbuda,2022,Mar,25.5
Antigua & Barbuda,2022,Apr,25.7
Antigua & Barbuda,2022,May,20.0
Antigua & Barbuda,2022,Jun,18.8
Antigua & Barbuda,2022,Jul,24.7
Antigua & Barbuda,2022,Aug,20.1
Antigua & Barbuda,2022,Sep,15.5
Antigua & Barbuda,2022,Oct,21.5
Antigua & Barbuda,2022,Nov,23.3
Antigua & Barbuda,2022,Dec,30.7
Antigua & Barbuda,2023,Jan,30.4
Antigua & Barbuda,2023,Feb,30.3
Antigua & Barbuda,2023,Mar,26.9
Antigua & Barbuda,2023,Apr,28.3
Antigua & Barbuda,2023,May,20.3
Antigua & Barbuda,2023,Jun,18.0
Antigua & Barbuda,2023,Jul,22.0
Antigua & Barbuda,2023,Aug,20.0
Antigua & Barbuda,2023,Sep,12.1
Antigua & Barbuda,2023,Oct,16.7
Antigua & Barbuda,2023,Nov,24.2
Antigua & Barbuda,2023,Dec,32.5
Antigua & Barbuda,2024,Jan,30.7
Antigua & Barbuda,2024,Feb,31.3
Antigua & Barbuda,2024,Mar,35.3
Antigua & Barbuda,2024,Apr,28.8
Antigua & Barbuda,2024,May,24.9
Antigua & Barbuda,2024,Jun,25.6
Antigua & Barbuda,2024,Jul,28.3
Antigua & Barbuda,2024,Aug,24.3
Antigua & Barbuda,2024,Sep,13.0
Antigua & Barbuda,2024,Oct,20.2
Antigua & Barbuda,2024,Nov,29.2
Antigua & Barbuda,2024,Dec,38.6
Antigua & Barbuda,2025,Jan,34.3
Antigua & Barbuda,2025,Feb,34.1
Antigua & Barbuda,2025,Mar,35.4
Antigua & Barbuda,2025,Apr,28.9
Antigua & Barbuda,2025,May,23.6
Antigua & Barbuda,2025,Jun,23.4
Antigua & Barbuda,2025,Jul,26.2
Argentina,2015,Feb,765.3
Argentina,2015,Mar,576.7
Argentina,2015,Apr,529.1
Argentina,2015,May,447.5
Argentina,2015,Jun,402.9
Argentina,2015,Jul,540.1
Argentina,2015,Aug,457.5
Argentina,2015,Sep,471.0
Argentina,2015,Oct,508.5
Argentina,2015,Nov,550.2
Argentina,2015,Dec,725.3
Argentina,2016,Jan,800.0
Argentina,2016,Feb,736.0
Argentina,2016,Mar,607.2
Argentina,2016,Apr,445.6
Argentina,2016,May,414.1
Argentina,2016,Jun,374.0
Argentina,2016,Jul,542.6
Argentina,2016,Aug,463.3
Argentina,2016,Sep,475.5
Argentina,2016,Oct,526.8
Argentina,2016,Nov,554.3
Argentina,2016,Dec,728.9
Argentina,2017,Jan,777.2
Argentina,2017,Feb,689.0
Argentina,2017,Mar,550.1
Argentina,2017,Apr,522.0
Argentina,2017,May,417.0
Argentina,2017,Jun,378.9
Argentina,2017,Jul,548.4
Argentina,2017,Aug,461.3
Argentina,2017,Sep,494.5
Argentina,2017,Oct,543.5
Argentina,2017,Nov,561.0
Argentina,2017,Dec,768.4
Argentina,2018,Jan,809.2
Argentina,2018,Feb,696.3
Argentina,2018,Mar,595.5
Argentina,2018,Apr,500.0
Argentina,2018,May,435.7
Argentina,2018,Jun,369.3
Argentina,2018,Jul,553.6
Argentina,2018,Aug,471.3
Argentina,2018,Sep,546.0
Argentina,2018,Oct,550.7
Argentina,2018,Nov,625.9
Argentina,2018,Dec,788.2
Argentina,2019,Jan,880.8
Argentina,2019,Feb,725.4
Argentina,2019,Mar,640.9
Argentina,2019,Apr,582.1
Argentina,2019,May,464.6
Argentina,2019,Jun,431.5
Argentina,2019,Jul,607.8
Argentina,2019,Aug,501.0
Argentina,2019,Sep,579.3
Argentina,2019,Oct,546.9
Argentina,2019,Nov,620.4
Argentina,2019,Dec,818.5
Argentina,2020,Jan,895.5
Argentina,2020,Feb,820.0
Argentina,2020,Mar,331.5
Argentina,2020,Apr,0.0
Argentina,2020,May,0.0
Argentina,2020,Jun,0.0
Argentina,2020,Jul,1.3
Argentina,2020,Aug,3.4
Argentina,2020,Sep,4.3
Argentina,2020,Oct,5.0
Argentina,2020,Nov,9.7
Argentina,2020,Dec,18.8
Argentina,2021,Jan,22.8
Argentina,2021,Feb,12.7
Argentina,2021,Mar,14.3
Argentina,2021,Apr,10.8
Argentina,2021,May,7.6
Argentina,2021,Jun,6.1
Argentina,2021,Jul,4.8
Argentina,2021,Aug,4.3
Argentina,2021,Sep,4.8
Argentina,2021,Oct,20.8
Argentina,2021,Nov,73.5
Argentina,2021,Dec,115.0
Argentina,2022,Jan,176.5
Argentina,2022,Feb,150.6
Argentina,2022,Mar,212.0
Argentina,2022,Apr,302.0
Argentina,2022,May,276.3
Argentina,2022,Jun,249.3
Argentina,2022,Jul,388.9
Argentina,2022,Aug,356.2
Argentina,2022,Sep,386.0
Argentina,2022,Oct,424.7
Argentina,2022,Nov,483.2
Argentina,2022,Dec,484.0
Argentina,2023,Jan,728.4
Argentina,2023,Feb,682.0
Argentina,2023,Mar,565.5
Argentina,2023,Apr,619.7
Argentina,2023,May,510.6
Argentina,2023,Jun,443.9
Argentina,2023,Jul,652.8
Argentina,2023,Aug,540.4
Argentina,2023,Sep,572.9
Argentina,2023,Oct,625.4
Argentina,2023,Nov,667.1
Argentina,2023,Dec,676.9
Argentina,2024,Jan,898.3
Argentina,2024,Feb,757.2
Argentina,2024,Mar,673.2
Argentina,2024,Apr,469.6
Argentina,2024,May,372.3
Argentina,2024,Jun,351.2
Argentina,2024,Jul,531.4
Argentina,2024,Aug,455.4
Argentina,2024,Sep,484.9
Argentina,2024,Oct,444.0
Argentina,2024,Nov,547.3
Argentina,2024,Dec,619.2
Argentina,2025,Jan,720.6
Argentina,2025,Feb,528.3
Argentina,2025,Mar,515.0
Argentina,2025,Apr,445.1
Argentina,2025,May,331.9
Argentina,2025,Jun,334.1
Argentina,2025,Jul,447.2
Argentina,2025,Aug,418.5
Aruba,2015,Feb,90.0
Aruba,2015,Mar,103.5
Aruba,2015,Apr,99.6
Aruba,2015,May,87.7
Aruba,2015,Jun,87.4
Aruba,2015,Jul,109.3
Aruba,2015,Aug,111.5
Aruba,2015,Sep,97.3
Aruba,2015,Oct,109.0
Aruba,2015,Nov,110.3
Aruba,2015,Dec,118.5
Aruba,2016,Jan,104.1
Aruba,2016,Feb,96.2
Aruba,2016,Mar,110.0
Aruba,2016,Apr,98.8
Aruba,2016,May,81.0
Aruba,2016,Jun,86.7
Aruba,2016,Jul,99.4
Aruba,2016,Aug,96.3
Aruba,2016,Sep,77.3
Aruba,2016,Oct,76.5
Aruba,2016,Nov,78.6
Aruba,2016,Dec,97.0
Aruba,2017,Jan,89.3
Aruba,2017,Feb,84.2
Aruba,2017,Mar,90.1
Aruba,2017,Apr,96.9
Aruba,2017,May,81.0
Aruba,2017,Jun,85.3
Aruba,2017,Jul,102.3
Aruba,2017,Aug,90.8
Aruba,2017,Sep,77.6
Aruba,2017,Oct,81.5
Aruba,2017,Nov,86.1
Aruba,2017,Dec,105.5
Aruba,2018,Jan,91.5
Aruba,2018,Feb,85.0
Aruba,2018,Mar,98.5
Aruba,2018,Apr,88.1
Aruba,2018,May,85.4
Aruba,2018,Jun,91.9
Aruba,2018,Jul,101.4
Aruba,2018,Aug,91.5
Aruba,2018,Sep,76.0
Aruba,2018,Oct,80.8
Aruba,2018,Nov,88.8
Aruba,2018,Dec,103.1
Aruba,2019,Jan,94.2
Aruba,2019,Feb,93.2
Aruba,2019,Mar,106.7
Aruba,2019,Apr,94.0
Aruba,2019,May,88.5
Aruba,2019,Jun,99.0
Aruba,2019,Jul,103.5
Aruba,2019,Aug,96.1
Aruba,2019,Sep,73.6
Aruba,2019,Oct,79.4
Aruba,2019,Nov,90.0
Aruba,2019,Dec,100.7
Aruba,2020,Jan,90.6
Aruba,2020,Feb,95.3
Aruba,2020,Mar,42.8
Aruba,2020,Apr,0.0
Aruba,2020,May,0.0
Aruba,2020,Jun,0.0
Aruba,2020,Jul,12.9
Aruba,2020,Aug,17.4
Aruba,2020,Sep,14.7
Aruba,2020,Oct,21.9
Aruba,2020,Nov,29.7
Aruba,2020,Dec,42.9
Aruba,2021,Jan,31.4
Aruba,2021,Feb,32.0
Aruba,2021,Mar,49.0
Aruba,2021,Apr,58.8
Aruba,2021,May,70.7
Aruba,2021,Jun,84.6
Aruba,2021,Jul,100.2
Aruba,2021,Aug,80.2
Aruba,2021,Sep,60.3
Aruba,2021,Oct,70.1
Aruba,2021,Nov,79.9
Aruba,2021,Dec,89.5
Aruba,2022,Jan,59.8
Aruba,2022,Feb,78.0
Aruba,2022,Mar,95.9
Aruba,2022,Apr,101.7
Aruba,2022,May,91.4
Aruba,2022,Jun,101.5
Aruba,2022,Jul,109.0
Aruba,2022,Aug,100.8
Aruba,2022,Sep,78.3
Aruba,2022,Oct,83.4
Aruba,2022,Nov,90.8
Aruba,2022,Dec,110.4
Aruba,2023,Jan,100.5
Aruba,2023,Feb,99.4
Aruba,2023,Mar,112.4
Aruba,2023,Apr,110.5
Aruba,2023,May,95.4
Aruba,2023,Jun,101.5
Aruba,2023,Jul,112.9
Aruba,2023,Aug,107.4
Aruba,2023,Sep,90.2
Aruba,2023,Oct,95.0
Aruba,2023,Nov,105.9
Aruba,2023,Dec,129.3
Aruba,2024,Jan,119.2
Aruba,2024,Feb,122.1
Aruba,2024,Mar,141.4
Aruba,2024,Apr,121.2
Aruba,2024,May,111.2
Aruba,2024,Jun,122.6
Aruba,2024,Jul,123.4
Aruba,2024,Aug,126.1
Aruba,2024,Sep,95.3
Aruba,2024,Oct,104.0
Aruba,2024,Nov,106.9
Aruba,2024,Dec,128.2
Aruba,2025,Jan,124.8
Aruba,2025,Feb,123.5
Aruba,2025,Mar,144.1
Aruba,2025,Apr,126.4
Aruba,2025,May,117.1
Aruba,2025,Jun,126.4
Aruba,2025,Jul,141.9
Aruba,2025,Aug,132.7
Aruba,2025,Sep,97.8
Australia,2015,Feb,726.1
Australia,2015,Mar,679.3
Australia,2015,Apr,550.2
Australia,2015,May,485.7
Australia,2015,Jun,488.2
Australia,2015,Jul,628.3
Australia,2015,Aug,574.1
Australia,2015,Sep,572.0
Australia,2015,Oct,625.8
Australia,2015,Nov,671.5
Australia,2015,Dec,901.3
Australia,2016,Jan,617.7
Australia,2016,Feb,798.6
Australia,2016,Mar,757.4
Australia,2016,Apr,610.5
Australia,2016,May,541.3
Australia,2016,Jun,555.1
Australia,2016,Jul,715.8
Australia,2016,Aug,632.1
Australia,2016,Sep,647.0
Australia,2016,Oct,695.9
Australia,2016,Nov,721.8
Australia,2016,Dec,976.2
Australia,2017,Jan,724.0
Australia,2017,Feb,787.6
Australia,2017,Mar,772.2
Australia,2017,Apr,700.0
Australia,2017,May,579.1
Australia,2017,Jun,606.0
Australia,2017,Jul,746.4
Australia,2017,Aug,702.9
Australia,2017,Sep,663.6
Australia,2017,Oct,741.4
Australia,2017,Nov,777.1
Australia,2017,Dec,1015.0
Australia,2018,Jan,702.6
Australia,2018,Feb,914.5
Australia,2018,Mar,872.4
Australia,2018,Apr,679.8
Australia,2018,May,609.5
Australia,2018,Jun,646.7
Australia,2018,Jul,774.4
Australia,2018,Aug,741.7
Australia,2018,Sep,690.2
Australia,2018,Oct,754.0
Australia,2018,Nov,802.2
Australia,2018,Dec,1058.0
Australia,2019,Jan,731.1
Australia,2019,Feb,927.2
Australia,2019,Mar,836.4
Australia,2019,Apr,700.4
Australia,2019,May,668.3
Australia,2019,Jun,660.3
Australia,2019,Jul,790.4
Australia,2019,Aug,789.2
Australia,2019,Sep,695.0
Australia,2019,Oct,774.0
Australia,2019,Nov,815.9
Australia,2019,Dec,1078.0
Australia,2020,Jan,766.6
Australia,2020,Feb,685.4
Australia,2020,Mar,331.9
Australia,2020,Apr,2.3
Australia,2020,May,3.4
Australia,2020,Jun,5.4
Australia,2020,Jul,3.5
Australia,2020,Aug,3.0
Australia,2020,Sep,3.7
Australia,2020,Oct,6.1
Australia,2020,Nov,7.6
Australia,2020,Dec,8.8
Australia,2021,Jan,8.0
Australia,2021,Feb,6.3
Australia,2021,Mar,8.3
Australia,2021,Apr,22.6
Australia,2021,May,36.2
Australia,2021,Jun,36.8
Australia,2021,Jul,18.7
Australia,2021,Aug,6.4
Australia,2021,Sep,4.4
Australia,2021,Oct,4.4
Australia,2021,Nov,20.9
Australia,2021,Dec,73.3
Australia,2022,Jan,60.8
Australia,2022,Feb,90.5
Australia,2022,Mar,170.3
Australia,2022,Apr,235.5
Australia,2022,May,231.5
Australia,2022,Jun,275.3
Australia,2022,Jul,325.7
Australia,2022,Aug,348.4
Australia,2022,Sep,371.9
Australia,2022,Oct,430.5
Australia,2022,Nov,505.2
Australia,2022,Dec,649.0
Australia,2023,Jan,412.4
Australia,2023,Feb,600.7
Australia,2023,Mar,613.3
Australia,2023,Apr,544.9
Australia,2023,May,512.3
Australia,2023,Jun,542.1
Australia,2023,Jul,625.1
Australia,2023,Aug,603.4
Australia,2023,Sep,584.6
Australia,2023,Oct,607.9
Australia,2023,Nov,663.8
Australia,2023,Dec,876.9
Australia,2024,Jan,603.8
Australia,2024,Feb,858.0
Australia,2024,Mar,761.1
Australia,2024,Apr,593.1
Australia,2024,May,600.8
Australia,2024,Jun,587.8
Australia,2024,Jul,659.0
Australia,2024,Aug,658.8
Australia,2024,Sep,630.7
Australia,2024,Oct,677.4
Australia,2024,Nov,695.4
Australia,2024,Dec,945.3
Australia,2025,Jan,710.0
Australia,2025,Feb,787.8
Australia,2025,Mar,761.2
Australia,2025,Apr,641.2
Australia,2025,May,611.2
Australia,2025,Jun,624.5
Australia,2025,Jul,743.2
Australia,2025,Aug,753.3
Australia,2025,Sep,696.5
Austria,2015,Feb,2800.0
Austria,2015,Mar,2261.0
Austria,2015,Apr,1454.0
Austria,2015,May,1735.0
Austria,2015,Jun,2132.0
Austria,2015,Jul,3196.0
Austria,2015,Aug,3615.0
Austria,2015,Sep,2223.0
Austria,2015,Oct,1553.0
Austria,2015,Nov,1028.0
Austria,2015,Dec,2224.0
Austria,2016,Jan,2626.0
Austria,2016,Feb,2964.0
Austria,2016,Mar,2755.0
Austria,2016,Apr,1297.0
Austria,2016,May,1830.0
Austria,2016,Jun,2017.0
Austria,2016,Jul,3496.0
Austria,2016,Aug,3628.0
Austria,2016,Sep,2426.0
Austria,2016,Oct,1704.0
Austria,2016,Nov,1065.0
Austria,2016,Dec,2312.0
Austria,2017,Jan,2585.0
Austria,2017,Feb,3012.0
Austria,2017,Mar,2471.0
Austria,2017,Apr,1815.0
Austria,2017,May,1697.0
Austria,2017,Jun,2530.0
Austria,2017,Jul,3712.0
Austria,2017,Aug,3757.0
Austria,2017,Sep,2504.0
Austria,2017,Oct,1786.0
Austria,2017,Nov,1111.0
Austria,2017,Dec,2481.0
Austria,2018,Jan,2687.0
Austria,2018,Feb,3148.0
Austria,2018,Mar,3004.0
Austria,2018,Apr,1553.0
Austria,2018,May,2067.0
Austria,2018,Jun,2450.0
Austria,2018,Jul,3782.0
Austria,2018,Aug,3807.0
Austria,2018,Sep,2594.0
Austria,2018,Oct,1836.0
Austria,2018,Nov,1247.0
Austria,2018,Dec,2638.0
Austria,2019,Jan,2679.0
Austria,2019,Feb,3118.0
Austria,2019,Mar,2949.0
Austria,2019,Apr,1905.0
Austria,2019,May,1849.0
Austria,2019,Jun,2906.0
Austria,2019,Jul,3853.0
Austria,2019,Aug,3994.0
Austria,2019,Sep,2593.0
Austria,2019,Oct,2006.0
Austria,2019,Nov,1256.0
Austria,2019,Dec,2778.0
Austria,2020,Jan,2969.0
Austria,2020,Feb,3526.0
Austria,2020,Mar,918.5
Austria,2020,Apr,12.9
Austria,2020,May,36.8
Austria,2020,Jun,690.2
Austria,2020,Jul,2290.0
Austria,2020,Aug,2586.0
Austria,2020,Sep,1472.0
Austria,2020,Oct,479.9
Austria,2020,Nov,64.1
Austria,2020,Dec,45.6
Austria,2021,Jan,45.3
Austria,2021,Feb,50.8
Austria,2021,Mar,63.3
Austria,2021,Apr,65.8
Austria,2021,May,366.4
Austria,2021,Jun,1050.0
Austria,2021,Jul,2574.0
Austria,2021,Aug,3336.0
Austria,2021,Sep,2111.0
Austria,2021,Oct,1469.0
Austria,2021,Nov,536.0
Austria,2021,Dec,1061.0
Austria,2022,Jan,1642.0
Austria,2022,Feb,2265.0
Austria,2022,Mar,1941.0
Austria,2022,Apr,1428.0
Austria,2022,May,1425.0
Austria,2022,Jun,2409.0
Austria,2022,Jul,3671.0
Austria,2022,Aug,3791.0
Austria,2022,Sep,2431.0
Austria,2022,Oct,1713.0
Austria,2022,Nov,1879.0
Austria,2022,Dec,2456.0
Austria,2023,Jan,2651.0
Austria,2023,Feb,3046.0
Austria,2023,Mar,2354.0
Austria,2023,Apr,1771.0
Austria,2023,May,1878.0
Austria,2023,Jun,2735.0
Austria,2023,Jul,3992.0
Austria,2023,Aug,3914.0
Austria,2023,Sep,2816.0
Austria,2023,Oct,1837.0
Austria,2023,Nov,1180.0
Austria,2023,Dec,2736.0
Austria,2024,Jan,2782.0
Austria,2024,Feb,3214.0
Austria,2024,Mar,2799.0
Austria,2024,Apr,1426.0
Austria,2024,May,2222.0
Austria,2024,Jun,2679.0
Austria,2024,Jul,3979.0
Austria,2024,Aug,4307.0
Austria,2024,Sep,2539.0
Austria,2024,Oct,2039.0
Austria,2024,Nov,1279.0
Austria,2024,Dec,2929.0
Austria,2025,Jan,2971.0
Austria,2025,Feb,3058.0
Austria,2025,Mar,2540.0
Austria,2025,Apr,1894.0
Austria,2025,May,2024.0
Austria,2025,Jun,3110.0
Austria,2025,Jul,3954.0
Austria,2025,Aug,4428.0
Austria,2025,Sep,2743.0
Azerbaijan,2017,Jan,159.3
Azerbaijan,2017,Feb,154.2
Azerbaijan,2017,Mar,244.2
Azerbaijan,2017,Apr,187.6
Azerbaijan,2017,May,211.3
Azerbaijan,2017,Jun,243.1
Azerbaijan,2017,Jul,313.5
Azerbaijan,2017,Aug,305.1
Azerbaijan,2017,Sep,253.7
Azerbaijan,2017,Oct,204.7
Azerbaijan,2017,Nov,201.3
Azerbaijan,2017,Dec,214.1
Azerbaijan,2018,Jan,185.9
Azerbaijan,2018,Feb,166.2
Azerbaijan,2018,Mar,275.8
Azerbaijan,2018,Apr,218.1
Azerbaijan,2018,May,208.0
Azerbaijan,2018,Jun,269.4
Azerbaijan,2018,Jul,330.0
Azerbaijan,2018,Aug,319.3
Azerbaijan,2018,Sep,231.5
Azerbaijan,2018,Oct,211.8
Azerbaijan,2018,Nov,212.9
Azerbaijan,2018,Dec,216.0
Azerbaijan,2019,Jan,191.4
Azerbaijan,2019,Feb,172.7
Azerbaijan,2019,Mar,246.3
Azerbaijan,2019,Apr,237.5
Azerbaijan,2019,May,246.1
Azerbaijan,2019,Jun,315.8
Azerbaijan,2019,Jul,365.2
Azerbaijan,2019,Aug,361.4
Azerbaijan,2019,Sep,279.6
Azerbaijan,2019,Oct,264.1
Azerbaijan,2019,Nov,241.4
Azerbaijan,2019,Dec,246.6
Azerbaijan,2020,Jan,226.2
Azerbaijan,2020,Feb,200.0
Azerbaijan,2020,Mar,93.2
Azerbaijan,2020,Apr,19.7
Azerbaijan,2020,May,24.9
Azerbaijan,2020,Jun,26.2
Azerbaijan,2020,Jul,28.2
Azerbaijan,2020,Aug,31.4
Azerbaijan,2020,Sep,36.5
Azerbaijan,2020,Oct,34.1
Azerbaijan,2020,Nov,36.4
Azerbaijan,2020,Dec,39.0
Azerbaijan,2021,Jan,36.1
Azerbaijan,2021,Feb,36.0
Azerbaijan,2021,Mar,45.1
Azerbaijan,2021,Apr,45.8
Azerbaijan,2021,May,51.6
Azerbaijan,2021,Jun,67.2
Azerbaijan,2021,Jul,83.7
Azerbaijan,2021,Aug,77.1
Azerbaijan,2021,Sep,72.7
Azerbaijan,2021,Oct,91.0
Azerbaijan,2021,Nov,86.1
Azerbaijan,2021,Dec,97.7
Azerbaijan,2022,Jan,74.1
Azerbaijan,2022,Feb,76.4
Azerbaijan,2022,Mar,95.8
Azerbaijan,2022,Apr,84.4
Azerbaijan,2022,May,137.5
Azerbaijan,2022,Jun,170.6
Azerbaijan,2022,Jul,193.4
Azerbaijan,2022,Aug,172.0
Azerbaijan,2022,Sep,158.8
Azerbaijan,2022,Oct,160.5
Azerbaijan,2022,Nov,135.4
Azerbaijan,2022,Dec,143.8
Azerbaijan,2023,Jan,119.1
Azerbaijan,2023,Feb,113.5
Azerbaijan,2023,Mar,136.5
Azerbaijan,2023,Apr,154.2
Azerbaijan,2023,May,190.1
Azerbaijan,2023,Jun,205.9
Azerbaijan,2023,Jul,224.8
Azerbaijan,2023,Aug,200.1
Azerbaijan,2023,Sep,192.1
Azerbaijan,2023,Oct,187.8
Azerbaijan,2023,Nov,169.5
Azerbaijan,2023,Dec,192.9
Azerbaijan,2024,Jan,165.9
Azerbaijan,2024,Feb,175.0
Azerbaijan,2024,Mar,172.6
Azerbaijan,2024,Apr,212.9
Azerbaijan,2024,May,239.3
Azerbaijan,2024,Jun,265.5
Azerbaijan,2024,Jul,271.6
Azerbaijan,2024,Aug,245.3
Azerbaijan,2024,Sep,235.3
Azerbaijan,2024,Oct,226.4
Azerbaijan,2024,Nov,202.4
Azerbaijan,2024,Dec,214.7
Azerbaijan,2025,Jan,172.7
Azerbaijan,2025,Feb,166.0
Azerbaijan,2025,Mar,169.5
Azerbaijan,2025,Apr,227.8
Azerbaijan,2025,May,244.1
Azerbaijan,2025,Jun,237.5
Azerbaijan,2025,Jul,260.5
Azerbaijan,2025,Aug,242.7
Azerbaijan,2025,Sep,227.7
Bahamas,2015,Feb,121.3
Bahamas,2015,Mar,170.1
Bahamas,2015,Apr,148.4
Bahamas,2015,May,132.4
Bahamas,2015,Jun,142.9
Bahamas,2015,Jul,166.0
Bahamas,2015,Aug,129.6
Bahamas,2015,Sep,72.3
Bahamas,2015,Oct,84.3
Bahamas,2015,Nov,95.7
Bahamas,2015,Dec,131.1
Bahamas,2016,Jan,100.3
Bahamas,2016,Feb,123.5
Bahamas,2016,Mar,182.8
Bahamas,2016,Apr,143.1
Bahamas,2016,May,140.0
Bahamas,2016,Jun,155.7
Bahamas,2016,Jul,174.9
Bahamas,2016,Aug,125.2
Bahamas,2016,Sep,78.3
Bahamas,2016,Oct,55.1
Bahamas,2016,Nov,92.1
Bahamas,2016,Dec,127.7
Bahamas,2017,Jan,97.1
Bahamas,2017,Feb,115.3
Bahamas,2017,Mar,157.0
Bahamas,2017,Apr,151.3
Bahamas,2017,May,133.1
Bahamas,2017,Jun,154.8
Bahamas,2017,Jul,169.1
Bahamas,2017,Aug,124.2
Bahamas,2017,Sep,50.2
Bahamas,2017,Oct,69.3
Bahamas,2017,Nov,98.2
Bahamas,2017,Dec,132.4
Bahamas,2018,Jan,105.5
Bahamas,2018,Feb,135.3
Bahamas,2018,Mar,188.0
Bahamas,2018,Apr,150.0
Bahamas,2018,May,142.3
Bahamas,2018,Jun,162.5
Bahamas,2018,Jul,171.7
Bahamas,2018,Aug,145.8
Bahamas,2018,Sep,69.2
Bahamas,2018,Oct,83.3
Bahamas,2018,Nov,119.8
Bahamas,2018,Dec,159.3
Bahamas,2019,Jan,138.9
Bahamas,2019,Feb,164.9
Bahamas,2019,Mar,220.7
Bahamas,2019,Apr,184.2
Bahamas,2019,May,174.7
Bahamas,2019,Jun,187.6
Bahamas,2019,Jul,199.0
Bahamas,2019,Aug,145.2
Bahamas,2019,Sep,56.3
Bahamas,2019,Oct,77.6
Bahamas,2019,Nov,109.8
Bahamas,2019,Dec,148.1
Bahamas,2020,Jan,135.7
Bahamas,2020,Feb,157.1
Bahamas,2020,Mar,82.1
Bahamas,2020,Apr,0.1
Bahamas,2020,May,0.1
Bahamas,2020,Jun,3.9
Bahamas,2020,Jul,24.6
Bahamas,2020,Aug,5.3
Bahamas,2020,Sep,4.6
Bahamas,2020,Oct,6.1
Bahamas,2020,Nov,6.9
Bahamas,2020,Dec,14.2
Bahamas,2021,Jan,19.4
Bahamas,2021,Feb,26.9
Bahamas,2021,Mar,59.9
Bahamas,2021,Apr,65.9
Bahamas,2021,May,89.1
Bahamas,2021,Jun,117.8
Bahamas,2021,Jul,146.3
Bahamas,2021,Aug,89.3
Bahamas,2021,Sep,43.7
Bahamas,2021,Oct,57.4
Bahamas,2021,Nov,90.6
Bahamas,2021,Dec,86.3
Bahamas,2022,Jan,72.9
Bahamas,2022,Feb,93.9
Bahamas,2022,Mar,142.7
Bahamas,2022,Apr,150.3
Bahamas,2022,May,129.4
Bahamas,2022,Jun,141.7
Bahamas,2022,Jul,171.1
Bahamas,2022,Aug,121.5
Bahamas,2022,Sep,72.9
Bahamas,2022,Oct,87.0
Bahamas,2022,Nov,116.9
Bahamas,2022,Dec,152.3
Bahamas,2023,Jan,137.9
Bahamas,2023,Feb,160.8
Bahamas,2023,Mar,194.5
Bahamas,2023,Apr,185.0
Bahamas,2023,May,166.3
Bahamas,2023,Jun,191.8
Bahamas,2023,Jul,185.5
Bahamas,2023,Aug,146.6
Bahamas,2023,Sep,95.0
Bahamas,2023,Oct,98.5
Bahamas,2023,Nov,129.4
Bahamas,2023,Dec,180.8
Bahamas,2024,Jan,146.6
Bahamas,2024,Feb,171.0
Bahamas,2024,Mar,217.9
Bahamas,2024,Apr,172.2
Bahamas,2024,May,181.2
Bahamas,2024,Jun,196.2
Bahamas,2024,Jul,195.6
Bahamas,2024,Aug,137.9
Bahamas,2024,Sep,63.2
Bahamas,2024,Oct,87.7
Bahamas,2024,Nov,128.5
Bahamas,2024,Dec,171.3
Bahamas,2025,Jan,139.3
Bahamas,2025,Feb,160.8
Bahamas,2025,Mar,213.4
Bahamas,2025,Apr,185.5
Bahamas,2025,May,172.8
Bahamas,2025,Jun,185.9
Bahamas,2025,Jul,185.9
Bahamas,2025,Aug,126.9
Bahrain,2019,Jan,415.5
Bahrain,2019,Feb,376.0
Bahrain,2019,Mar,448.5
Bahrain,2019,Apr,346.0
Bahrain,2019,May,227.2
Bahrain,2019,Jun,315.3
Bahrain,2019,Jul,353.0
Bahrain,2019,Aug,347.7
Bahrain,2019,Sep,281.9
Bahrain,2019,Oct,243.6
Bahrain,2019,Nov,234.4
Bahrain,2019,Dec,259.8
Bahrain,2020,Jan,302.6
Bahrain,2020,Feb,272.8
Bahrain,2020,Mar,33.1
Bahrain,2020,Apr,11.3
Bahrain,2020,May,10.5
Bahrain,2020,Jun,14.4
Bahrain,2020,Jul,15.3
Bahrain,2020,Aug,21.5
Bahrain,2020,Sep,26.5
Bahrain,2020,Oct,33.3
Bahrain,2020,Nov,41.6
Bahrain,2020,Dec,43.9
Bahrain,2021,Jan,29.2
Bahrain,2021,Feb,26.6
Bahrain,2021,Mar,36.3
Bahrain,2021,Apr,36.9
Bahrain,2021,May,61.0
Bahrain,2021,Jun,55.7
Bahrain,2021,Jul,203.9
Bahrain,2021,Aug,301.3
Bahrain,2021,Sep,301.2
Bahrain,2021,Oct,352.5
Bahrain,2021,Nov,373.7
Bahrain,2021,Dec,403.4
Bahrain,2022,Jan,257.1
Bahrain,2022,Feb,179.4
Bahrain,2022,Mar,321.8
Bahrain,2022,Apr,125.4
Bahrain,2022,May,359.8
Bahrain,2022,Jun,347.1
Bahrain,2022,Jul,452.1
Bahrain,2022,Aug,400.1
Bahrain,2022,Sep,312.9
Bahrain,2022,Oct,303.0
Bahrain,2022,Nov,299.7
Bahrain,2022,Dec,353.8
Bahrain,2023,Jan,438.0
Bahrain,2023,Feb,419.0
Bahrain,2023,Mar,425.0
Bahrain,2023,Apr,384.0
Bahrain,2023,May,428.0
Bahrain,2023,Jun,463.0
Bahrain,2023,Jul,531.0
Bahrain,2023,Aug,528.0
Bahrain,2023,Sep,458.0
Bahrain,2023,Oct,405.0
Bahrain,2023,Nov,479.0
Bahrain,2023,Dec,526.0
Bahrain,2024,Jan,587.0
Bahrain,2024,Feb,583.0
Bahrain,2024,Mar,431.0
Bahrain,2024,Apr,509.0
Bahrain,2024,May,568.0
Bahrain,2024,Jun,621.0
Bahrain,2024,Jul,617.0
Bahrain,2024,Aug,607.0
Bahrain,2024,Sep,496.0
Bahrain,2024,Oct,484.0
Bahrain,2024,Nov,589.0
Bahrain,2024,Dec,527.0
Bahrain,2025,Jan,694.9
Bahrain,2025,Feb,607.1
Bahrain,2025,Mar,436.3
Bahrain,2025,Apr,645.0
Bahrain,2025,May,685.0
Bahrain,2025,Jun,649.0
Bahrain,2025,Jul,610.0
Bahrain,2025,Aug,649.0
Bahrain,2025,Sep,510.0
Barbados,2015,Feb,57.8
Barbados,2015,Mar,57.5
Barbados,2015,Apr,51.7
Barbados,2015,May,41.0
Barbados,2015,Jun,39.7
Barbados,2015,Jul,54.0
Barbados,2015,Aug,42.9
Barbados,2015,Sep,32.2
Barbados,2015,Oct,41.7
Barbados,2015,Nov,53.0
Barbados,2015,Dec,64.5
Barbados,2016,Jan,62.3
Barbados,2016,Feb,61.0
Barbados,2016,Mar,60.6
Barbados,2016,Apr,49.2
Barbados,2016,May,44.9
Barbados,2016,Jun,42.6
Barbados,2016,Jul,56.7
Barbados,2016,Aug,44.8
Barbados,2016,Sep,35.5
Barbados,2016,Oct,43.4
Barbados,2016,Nov,62.8
Barbados,2016,Dec,67.6
Barbados,2017,Jan,62.2
Barbados,2017,Feb,63.1
Barbados,2017,Mar,65.7
Barbados,2017,Apr,60.2
Barbados,2017,May,48.7
Barbados,2017,Jun,45.0
Barbados,2017,Jul,54.9
Barbados,2017,Aug,51.9
Barbados,2017,Sep,34.3
Barbados,2017,Oct,45.2
Barbados,2017,Nov,57.7
Barbados,2017,Dec,72.3
Barbados,2018,Jan,66.0
Barbados,2018,Feb,66.9
Barbados,2018,Mar,70.4
Barbados,2018,Apr,57.1
Barbados,2018,May,50.3
Barbados,2018,Jun,46.3
Barbados,2018,Jul,55.6
Barbados,2018,Aug,52.0
Barbados,2018,Sep,35.8
Barbados,2018,Oct,46.5
Barbados,2018,Nov,59.5
Barbados,2018,Dec,72.2
Barbados,2019,Jan,69.5
Barbados,2019,Feb,68.6
Barbados,2019,Mar,70.7
Barbados,2019,Apr,63.4
Barbados,2019,May,50.7
Barbados,2019,Jun,50.2
Barbados,2019,Jul,60.2
Barbados,2019,Aug,50.8
Barbados,2019,Sep,36.9
Barbados,2020,Jan,59.6
Barbados,2020,Feb,63.1
Barbados,2020,Mar,31.2
Barbados,2020,Apr,0.1
Barbados,2020,May,0.3
Barbados,2020,Jun,0.5
Barbados,2020,Jul,2.1
Barbados,2020,Aug,6.1
Barbados,2020,Sep,4.9
Barbados,2020,Oct,2.4
Barbados,2020,Nov,6.7
Barbados,2020,Dec,18.2
Barbados,2021,Jan,3.5
Barbados,2021,Feb,1.9
Barbados,2021,Mar,1.8
Barbados,2021,Apr,1.9
Barbados,2021,May,3.4
Barbados,2021,Jun,6.4
Barbados,2021,Jul,11.5
Barbados,2021,Aug,15.6
Barbados,2021,Sep,17.2
Barbados,2021,Oct,18.5
Barbados,2021,Nov,23.7
Barbados,2021,Dec,39.4
Barbados,2022,Jan,48.8
Barbados,2022,Feb,54.6
Barbados,2022,Mar,60.7
Barbados,2022,Apr,47.1
Barbados,2022,May,33.9
Barbados,2022,Jun,32.8
Barbados,2022,Jul,39.4
Barbados,2022,Aug,34.3
Barbados,2022,Sep,28.8
Barbados,2022,Oct,34.8
Barbados,2022,Nov,54.0
Barbados,2022,Dec,70.5
Barbados,2023,Jan,70.6
Barbados,2023,Feb,65.0
Barbados,2023,Mar,63.7
Barbados,2023,Apr,45.2
Barbados,2023,May,42.8
Barbados,2023,Jun,36.7
Barbados,2023,Jul,46.1
Barbados,2023,Aug,47.4
Barbados,2023,Sep,34.0
Barbados,2023,Oct,43.3
Barbados,2023,Nov,64.9
Barbados,2023,Dec,76.8
Barbados,2024,Jan,73.7
Barbados,2024,Feb,74.0
Barbados,2024,Mar,81.1
Barbados,2024,Apr,54.2
Barbados,2024,May,49.7
Barbados,2024,Jun,49.3
Barbados,2024,Jul,49.8
Barbados,2024,Aug,46.1
Barbados,2024,Sep,31.8
Barbados,2024,Oct,43.6
Barbados,2024,Nov,64.0
Barbados,2024,Dec,87.1
Barbados,2025,Jan,78.0
Barbados,2025,Feb,79.4
Barbados,2025,Mar,76.9
Barbados,2025,Apr,62.5
Barbados,2025,May,50.0
Barbados,2025,Jun,47.9
Barbados,2025,Jul,58.8
Barbados,2025,Aug,50.3
Barbados,2025,Sep,34.0
Belgium,2015,Feb,501.0
Belgium,2015,Mar,596.7
Belgium,2015,Apr,746.5
Belgium,2015,May,893.8
Belgium,2015,Jun,801.1
Belgium,2015,Jul,889.9
Belgium,2015,Aug,913.9
Belgium,2015,Sep,746.2
Belgium,2015,Oct,797.2
Belgium,2015,Nov,520.1
Belgium,2015,Dec,521.3
Belgium,2016,Jan,410.8
Belgium,2016,Feb,523.1
Belgium,2016,Mar,545.2
Belgium,2016,Apr,610.9
Belgium,2016,May,708.1
Belgium,2016,Jun,671.7
Belgium,2016,Jul,743.6
Belgium,2016,Aug,767.5
Belgium,2016,Sep,654.6
Belgium,2016,Oct,704.2
Belgium,2016,Nov,544.3
Belgium,2016,Dec,595.0
Belgium,2017,Jan,437.3
Belgium,2017,Feb,523.1
Belgium,2017,Mar,591.7
Belgium,2017,Apr,775.2
Belgium,2017,May,766.1
Belgium,2017,Jun,779.7
Belgium,2017,Jul,850.6
Belgium,2017,Aug,852.8
Belgium,2017,Sep,739.1
Belgium,2017,Oct,779.2
Belgium,2017,Nov,603.8
Belgium,2017,Dec,659.4
Belgium,2018,Jan,489.9
Belgium,2018,Feb,545.3
Belgium,2018,Mar,706.7
Belgium,2018,Apr,778.1
Belgium,2018,May,880.1
Belgium,2018,Jun,816.3
Belgium,2018,Jul,938.0
Belgium,2018,Aug,964.8
Belgium,2018,Sep,787.1
Belgium,2018,Oct,842.0
Belgium,2018,Nov,678.3
Belgium,2018,Dec,692.2
Belgium,2019,Jan,497.9
Belgium,2019,Feb,568.7
Belgium,2019,Mar,665.6
Belgium,2019,Apr,885.7
Belgium,2019,May,864.1
Belgium,2019,Jun,877.7
Belgium,2019,Jul,965.4
Belgium,2019,Aug,977.6
Belgium,2019,Sep,793.8
Belgium,2019,Oct,849.2
Belgium,2019,Nov,682.1
Belgium,2019,Dec,715.5
Belgium,2020,Jan,525.4
Belgium,2020,Feb,595.7
Belgium,2020,Mar,198.1
Belgium,2020,Apr,5.9
Belgium,2020,May,12.3
Belgium,2020,Jun,120.5
Belgium,2020,Jul,423.9
Belgium,2020,Aug,306.0
Belgium,2020,Sep,192.9
Belgium,2020,Oct,107.5
Belgium,2020,Nov,43.3
Belgium,2020,Dec,52.4
Belgium,2021,Jan,54.0
Belgium,2021,Feb,51.1
Belgium,2021,Mar,60.6
Belgium,2021,Apr,72.9
Belgium,2021,May,154.4
Belgium,2021,Jun,199.9
Belgium,2021,Jul,373.5
Belgium,2021,Aug,497.8
Belgium,2021,Sep,419.1
Belgium,2021,Oct,574.9
Belgium,2021,Nov,395.2
Belgium,2021,Dec,389.5
Belgium,2022,Jan,339.0
Belgium,2022,Feb,371.4
Belgium,2022,Mar,478.8
Belgium,2022,Apr,714.1
Belgium,2022,May,768.8
Belgium,2022,Jun,783.7
Belgium,2022,Jul,933.2
Belgium,2022,Aug,980.6
Belgium,2022,Sep,748.1
Belgium,2022,Oct,808.2
Belgium,2022,Nov,604.6
Belgium,2022,Dec,689.7
Belgium,2023,Jan,500.3
Belgium,2023,Feb,556.4
Belgium,2023,Mar,653.1
Belgium,2023,Apr,887.3
Belgium,2023,May,900.8
Belgium,2023,Jun,859.5
Belgium,2023,Jul,973.8
Belgium,2023,Aug,981.8
Belgium,2023,Sep,822.0
Belgium,2023,Oct,814.9
Belgium,2023,Nov,606.8
Belgium,2023,Dec,722.9
Belgium,2024,Jan,508.3
Belgium,2024,Feb,587.1
Belgium,2024,Mar,753.3
Belgium,2024,Apr,810.3
Belgium,2024,May,960.6
Belgium,2024,Jun,855.7
Belgium,2024,Jul,1004.0
Belgium,2024,Aug,1059.0
Belgium,2024,Sep,801.3
Belgium,2024,Oct,849.9
Belgium,2024,Nov,686.5
Belgium,2024,Dec,762.1
Belgium,2025,Jan,526.1
Belgium,2025,Feb,617.0
Belgium,2025,Mar,688.2
Belgium,2025,Apr,967.5
Belgium,2025,May,948.2
Belgium,2025,Jun,975.1
Belgium,2025,Jul,1021.0
Belgium,2025,Aug,1084.0
Belize,2015,Feb,31.8
Belize,2015,Mar,39.1
Belize,2015,Apr,27.6
Belize,2015,May,24.7
Belize,2015,Jun,29.2
Belize,2015,Jul,31.0
Belize,2015,Aug,23.9
Belize,2015,Sep,14.3
Belize,2015,Oct,18.9
Belize,2015,Nov,29.9
Belize,2015,Dec,40.0
Belize,2016,Jan,38.3
Belize,2016,Feb,37.6
Belize,2016,Mar,43.1
Belize,2016,Apr,30.7
Belize,2016,May,29.7
Belize,2016,Jun,34.3
Belize,2016,Jul,36.2
Belize,2016,Aug,25.9
Belize,2016,Sep,18.1
Belize,2016,Oct,21.7
Belize,2016,Nov,29.5
Belize,2016,Dec,40.6
Belize,2017,Jan,38.5
Belize,2017,Feb,39.2
Belize,2017,Mar,44.5
Belize,2017,Apr,38.1
Belize,2017,May,32.1
Belize,2017,Jun,37.7
Belize,2017,Jul,38.6
Belize,2017,Aug,30.8
Belize,2017,Sep,19.5
Belize,2017,Oct,22.7
Belize,2017,Nov,36.2
Belize,2017,Dec,49.1
Belize,2018,Jan,48.7
Belize,2018,Feb,45.9
Belize,2018,Mar,54.3
Belize,2018,Apr,40.3
Belize,2018,May,35.7
Belize,2018,Jun,43.4
Belize,2018,Jul,46.3
Belize,2018,Aug,34.8
Belize,2018,Sep,21.5
Belize,2018,Oct,24.9
Belize,2018,Nov,38.8
Belize,2018,Dec,54.6
Belize,2019,Jan,50.6
Belize,2019,Feb,49.9
Belize,2019,Mar,57.9
Belize,2019,Apr,46.4
Belize,2019,May,36.7
Belize,2019,Jun,42.9
Belize,2019,Jul,45.2
Belize,2019,Aug,33.8
Belize,2019,Sep,19.6
Belize,2019,Oct,25.3
Belize,2019,Nov,39.0
Belize,2019,Dec,55.7
Belize,2020,Jan,48.6
Belize,2020,Feb,50.8
Belize,2020,Mar,24.0
Belize,2020,Apr,0.7
Belize,2020,May,0.5
Belize,2020,Jun,0.2
Belize,2020,Jul,0.6
Belize,2020,Aug,0.7
Belize,2020,Sep,0.8
Belize,2020,Oct,3.2
Belize,2020,Nov,4.9
Belize,2020,Dec,9.2
Belize,2021,Jan,6.9
Belize,2021,Feb,7.9
Belize,2021,Mar,15.4
Belize,2021,Apr,14.6
Belize,2021,May,20.8
Belize,2021,Jun,26.4
Belize,2021,Jul,27.7
Belize,2021,Aug,16.8
Belize,2021,Sep,11.7
Belize,2021,Oct,13.6
Belize,2021,Nov,22.8
Belize,2021,Dec,34.3
Belize,2022,Jan,25.7
Belize,2022,Feb,30.2
Belize,2022,Mar,41.9
Belize,2022,Apr,39.2
Belize,2022,May,33.0
Belize,2022,Jun,34.1
Belize,2022,Jul,37.1
Belize,2022,Aug,31.1
Belize,2022,Sep,17.8
Belize,2022,Oct,18.9
Belize,2022,Nov,25.6
Belize,2022,Dec,37.9
Belize,2023,Jan,42.4
Belize,2023,Feb,48.5
Belize,2023,Mar,52.4
Belize,2023,Apr,42.8
Belize,2023,May,32.9
Belize,2023,Jun,38.8
Belize,2023,Jul,43.1
Belize,2023,Aug,33.4
Belize,2023,Sep,19.8
Belize,2023,Oct,19.1
Belize,2023,Nov,35.8
Belize,2023,Dec,55.8
Belize,2024,Jan,55.7
Belize,2024,Feb,57.1
Belize,2024,Mar,66.8
Belize,2024,Apr,46.8
Belize,2024,May,44.3
Belize,2024,Jun,45.9
Belize,2024,Jul,43.3
Belize,2024,Aug,37.0
Belize,2024,Sep,22.8
Belize,2024,Oct,27.6
Belize,2024,Nov,43.0
Belize,2024,Dec,37.9
Belize,2025,Jan,59.6
Belize,2025,Feb,58.7
Belize,2025,Mar,64.7
Belize,2025,Apr,49.1
Belize,2025,May,41.1
Belize,2025,Jun,43.7
Belize,2025,Jul,47.4
Belize,2025,Aug,37.3
Belize,2025,Sep,20.8
Bermuda,2015,Feb,8.2
Bermuda,2015,Mar,14.0
Bermuda,2015,Apr,18.7
Bermuda,2015,May,24.5
Bermuda,2015,Jun,28.7
Bermuda,2015,Jul,30.8
Bermuda,2015,Aug,26.8
Bermuda,2015,Sep,18.9
Bermuda,2015,Oct,18.1
Bermuda,2015,Nov,13.2
Bermuda,2015,Dec,11.1
Bermuda,2016,Jan,6.7
Bermuda,2016,Feb,8.9
Bermuda,2016,Mar,16.3
Bermuda,2016,Apr,19.0
Bermuda,2016,May,25.5
Bermuda,2016,Jun,31.2
Bermuda,2016,Jul,33.4
Bermuda,2016,Aug,30.6
Bermuda,2016,Sep,22.9
Bermuda,2016,Oct,18.9
Bermuda,2016,Nov,17.3
Bermuda,2016,Dec,13.4
Bermuda,2017,Jan,9.1
Bermuda,2017,Feb,10.3
Bermuda,2017,Mar,17.3
Bermuda,2017,Apr,21.2
Bermuda,2017,May,29.8
Bermuda,2017,Jun,36.3
Bermuda,2017,Jul,35.2
Bermuda,2017,Aug,33.3
Bermuda,2017,Sep,21.8
Bermuda,2017,Oct,21.5
Bermuda,2017,Nov,19.1
Bermuda,2017,Dec,14.5
Bermuda,2018,Jan,8.7
Bermuda,2018,Feb,11.6
Bermuda,2018,Mar,20.0
Bermuda,2018,Apr,24.3
Bermuda,2018,May,31.2
Bermuda,2018,Jun,36.6
Bermuda,2018,Jul,37.5
Bermuda,2018,Aug,35.2
Bermuda,2018,Sep,22.2
Bermuda,2018,Oct,21.5
Bermuda,2018,Nov,18.2
Bermuda,2018,Dec,14.9
Bermuda,2019,Jan,8.9
Bermuda,2019,Feb,11.0
Bermuda,2019,Mar,18.4
Bermuda,2019,Apr,23.7
Bermuda,2019,May,31.1
Bermuda,2019,Jun,34.8
Bermuda,2019,Jul,36.8
Bermuda,2019,Aug,33.2
Bermuda,2019,Sep,19.2
Bermuda,2019,Oct,22.1
Bermuda,2019,Nov,15.9
Bermuda,2019,Dec,14.4
Bermuda,2020,Jan,8.4
Bermuda,2020,Feb,10.0
Bermuda,2020,Mar,5.5
Bermuda,2020,Apr,0.0
Bermuda,2020,May,0.0
Bermuda,2020,Jun,0.0
Bermuda,2020,Jul,1.7
Bermuda,2020,Aug,3.7
Bermuda,2020,Sep,3.0
Bermuda,2020,Oct,4.8
Bermuda,2020,Nov,2.7
Bermuda,2020,Dec,2.4
Bermuda,2021,Jan,0.9
Bermuda,2021,Feb,0.8
Bermuda,2021,Mar,1.8
Bermuda,2021,Apr,1.7
Bermuda,2021,May,5.1
Bermuda,2021,Jun,10.1
Bermuda,2021,Jul,14.7
Bermuda,2021,Aug,12.7
Bermuda,2021,Sep,8.1
Bermuda,2021,Oct,6.5
Bermuda,2021,Nov,5.4
Bermuda,2021,Dec,4.5
Bermuda,2022,Jan,1.6
Bermuda,2022,Feb,3.4
Bermuda,2022,Mar,7.3
Bermuda,2022,Apr,11.9
Bermuda,2022,May,17.0
Bermuda,2022,Jun,19.6
Bermuda,2022,Jul,21.0
Bermuda,2022,Aug,18.0
Bermuda,2022,Sep,13.2
Bermuda,2022,Oct,13.8
Bermuda,2022,Nov,10.2
Bermuda,2022,Dec,8.9
Bermuda,2023,Jan,5.4
Bermuda,2023,Feb,7.1
Bermuda,2023,Mar,12.1
Bermuda,2023,Apr,16.0
Bermuda,2023,May,22.1
Bermuda,2023,Jun,24.3
Bermuda,2023,Jul,25.5
Bermuda,2023,Aug,21.7
Bermuda,2023,Sep,14.3
Bermuda,2023,Oct,15.4
Bermuda,2023,Nov,12.0
Bermuda,2023,Dec,9.4
Bermuda,2024,Jan,5.9
Bermuda,2024,Feb,7.3
Bermuda,2024,Mar,12.6
Bermuda,2024,Apr,17.8
Bermuda,2024,May,24.0
Bermuda,2024,Jun,25.4
Bermuda,2024,Jul,27.5
Bermuda,2024,Aug,22.9
Bermuda,2024,Sep,16.5
Bermuda,2024,Oct,17.5
Bermuda,2024,Nov,13.8
Bermuda,2024,Dec,12.0
Bermuda,2025,Jan,6.8
Bermuda,2025,Feb,7.7
Bermuda,2025,Mar,13.2
Bermuda,2025,Apr,18.3
Bermuda,2025,May,22.9
Bermuda,2025,Jun,26.4
Bermuda,2025,Jul,27.1
Bermuda,2025,Aug,21.8
Bermuda,2025,Sep,15.2
Bhutan,2015,Feb,3.9
Bhutan,2015,Mar,6.2
Bhutan,2015,Apr,6.7
Bhutan,2015,May,3.0
Bhutan,2015,Jun,2.1
Bhutan,2015,Jul,1.6
Bhutan,2015,Aug,2.3
Bhutan,2015,Sep,4.9
Bhutan,2015,Oct,8.0
Bhutan,2015,Nov,5.2
Bhutan,2015,Dec,3.2
Bhutan,2016,Jan,1.3
Bhutan,2016,Feb,3.1
Bhutan,2016,Mar,5.8
Bhutan,2016,Apr,5.3
Bhutan,2016,May,3.4
Bhutan,2016,Jun,3.8
Bhutan,2016,Jul,3.5
Bhutan,2016,Aug,4.9
Bhutan,2016,Sep,4.4
Bhutan,2016,Oct,9.0
Bhutan,2016,Nov,5.9
Bhutan,2016,Dec,4.2
Bhutan,2017,Jan,2.2
Bhutan,2017,Feb,2.9
Bhutan,2017,Mar,4.9
Bhutan,2017,Apr,8.6
Bhutan,2017,May,4.1
Bhutan,2017,Jun,4.6
Bhutan,2017,Jul,3.0
Bhutan,2017,Aug,4.2
Bhutan,2017,Sep,5.4
Bhutan,2017,Oct,10.0
Bhutan,2017,Nov,5.8
Bhutan,2017,Dec,6.8
Bhutan,2018,Jan,2.1
Bhutan,2018,Feb,2.6
Bhutan,2018,Mar,5.0
Bhutan,2018,Apr,7.5
Bhutan,2018,May,6.9
Bhutan,2018,Jun,3.5
Bhutan,2018,Jul,2.8
Bhutan,2018,Aug,3.3
Bhutan,2018,Sep,4.4
Bhutan,2018,Oct,8.1
Bhutan,2018,Nov,10.6
Bhutan,2018,Dec,4.8
Bhutan,2019,Jan,3.8
Bhutan,2019,Feb,3.1
Bhutan,2019,Mar,5.4
Bhutan,2019,Apr,7.7
Bhutan,2019,May,6.9
Bhutan,2019,Jun,3.2
Bhutan,2019,Jul,2.4
Bhutan,2019,Aug,3.4
Bhutan,2019,Sep,3.2
Bhutan,2019,Oct,9.3
Bhutan,2019,Nov,9.2
Bhutan,2019,Dec,6.0
Bhutan,2022,Sep,1.1
Bhutan,2022,Oct,8.3
Bhutan,2022,Nov,5.4
Bhutan,2022,Dec,6.1
Bhutan,2023,Jan,2.7
Bhutan,2023,Feb,2.6
Bhutan,2023,Mar,7.4
Bhutan,2023,Apr,13.8
Bhutan,2023,May,16.6
Bhutan,2023,Jun,8.5
Bhutan,2023,Jul,3.0
Bhutan,2023,Aug,3.5
Bhutan,2023,Sep,9.6
Bhutan,2023,Oct,16.5
Bhutan,2023,Nov,9.2
Bhutan,2023,Dec,9.7
Bhutan,2024,Jan,4.4
Bhutan,2024,Feb,5.8
Bhutan,2024,Mar,14.8
Bhutan,2024,Apr,16.4
Bhutan,2024,May,23.5
Bhutan,2024,Jun,10.7
Bhutan,2024,Jul,2.6
Bhutan,2024,Aug,5.0
Bhutan,2024,Sep,12.4
Bhutan,2024,Oct,20.5
Bhutan,2024,Nov,16.0
Bhutan,2024,Dec,12.7
Bhutan,2025,Jan,4.8
Bhutan,2025,Feb,5.5
Bhutan,2025,Mar,17.1
Bhutan,2025,Apr,25.7
Bhutan,2025,May,28.5
Bhutan,2025,Jun,12.7
Bhutan,2025,Jul,4.5
Bhutan,2025,Aug,10.0
Bolivia,2015,Feb,95.8
Bolivia,2015,Mar,70.3
Bolivia,2015,Apr,61.7
Bolivia,2015,May,59.0
Bolivia,2015,Jun,59.1
Bolivia,2015,Jul,91.0
Bolivia,2015,Aug,77.8
Bolivia,2015,Sep,65.7
Bolivia,2015,Oct,62.5
Bolivia,2015,Nov,59.2
Bolivia,2015,Dec,72.3
Bolivia,2016,Jan,100.8
Bolivia,2016,Feb,90.1
Bolivia,2016,Mar,78.9
Bolivia,2016,Apr,63.7
Bolivia,2016,May,63.9
Bolivia,2016,Jun,61.9
Bolivia,2016,Jul,95.1
Bolivia,2016,Aug,97.6
Bolivia,2016,Sep,78.2
Bolivia,2016,Oct,76.6
Bolivia,2016,Nov,69.7
Bolivia,2016,Dec,84.4
Bolivia,2017,Jan,114.6
Bolivia,2017,Feb,104.2
Bolivia,2017,Mar,75.2
Bolivia,2017,Apr,74.1
Bolivia,2017,May,66.1
Bolivia,2017,Jun,64.5
Bolivia,2017,Jul,102.0
Bolivia,2017,Aug,96.6
Bolivia,2017,Sep,108.1
Bolivia,2017,Oct,104.0
Bolivia,2017,Nov,90.2
Bolivia,2017,Dec,109.1
Bolivia,2018,Jan,138.8
Bolivia,2018,Feb,120.4
Bolivia,2018,Mar,94.6
Bolivia,2018,Apr,82.9
Bolivia,2018,May,83.5
Bolivia,2018,Jun,73.8
Bolivia,2018,Jul,110.3
Bolivia,2018,Aug,98.5
Bolivia,2018,Sep,81.1
Bolivia,2018,Oct,80.5
Bolivia,2018,Nov,77.4
Bolivia,2018,Dec,100.0
Bolivia,2019,Jan,133.4
Bolivia,2019,Feb,117.4
Bolivia,2019,Mar,98.9
Bolivia,2019,Apr,91.7
Bolivia,2019,May,87.3
Bolivia,2019,Jun,97.1
Bolivia,2019,Jul,139.4
Bolivia,2019,Aug,127.3
Bolivia,2019,Sep,104.8
Bolivia,2019,Oct,90.0
Bolivia,2019,Nov,55.7
Bolivia,2019,Dec,96.1
Bolivia,2020,Jan,122.9
Bolivia,2020,Feb,123.0
Bolivia,2020,Mar,45.2
Bolivia,2020,Apr,1.0
Bolivia,2020,May,1.2
Bolivia,2020,Jun,1.1
Bolivia,2020,Jul,1.0
Bolivia,2020,Aug,1.2
Bolivia,2020,Sep,2.8
Bolivia,2020,Oct,6.3
Bolivia,2020,Nov,4.3
Bolivia,2020,Dec,13.3
Bolivia,2021,Jan,10.7
Bolivia,2021,Feb,9.3
Bolivia,2021,Mar,9.4
Bolivia,2021,Apr,7.3
Bolivia,2021,May,8.9
Bolivia,2021,Jun,9.9
Bolivia,2021,Jul,13.2
Bolivia,2021,Aug,14.3
Bolivia,2021,Sep,13.5
Bolivia,2021,Oct,15.2
Bolivia,2021,Nov,24.6
Bolivia,2021,Dec,30.6
Bolivia,2022,Jan,27.3
Bolivia,2022,Feb,31.3
Bolivia,2022,Mar,34.6
Bolivia,2022,Apr,38.4
Bolivia,2022,May,49.7
Bolivia,2022,Jun,53.6
Bolivia,2022,Jul,72.2
Bolivia,2022,Aug,65.0
Bolivia,2022,Sep,70.5
Bolivia,2022,Oct,74.8
Bolivia,2022,Nov,61.6
Bolivia,2022,Dec,88.5
Bolivia,2023,Jan,78.1
Bolivia,2023,Feb,73.0
Bolivia,2023,Mar,69.0
Bolivia,2023,Apr,74.2
Bolivia,2023,May,76.7
Bolivia,2023,Jun,75.1
Bolivia,2023,Jul,98.5
Bolivia,2023,Aug,93.3
Bolivia,2023,Sep,92.6
Bolivia,2023,Oct,88.3
Bolivia,2023,Nov,83.7
Bolivia,2023,Dec,106.7
Bolivia,2024,Jan,121.6
Bolivia,2024,Feb,102.5
Bolivia,2024,Mar,83.3
Bolivia,2024,Apr,64.1
Bolivia,2024,May,62.1
Bolivia,2024,Jun,64.7
Bolivia,2024,Jul,95.1
Bolivia,2024,Aug,90.1
Bolivia,2024,Sep,74.4
Bolivia,2024,Oct,74.1
Bolivia,2024,Nov,71.1
Bolivia,2024,Dec,88.1
Bolivia,2025,Jan,110.0
Bolivia,2025,Feb,111.7
Bolivia,2025,Mar,87.7
Bolivia,2025,Apr,80.4
Bolivia,2025,May,85.6
Bolivia,2025,Jun,85.7
Bolivia,2025,Jul,91.1
Bolivia,2025,Aug,93.5
Bosnia & Herzg.,2015,Feb,25.6
Bosnia & Herzg.,2015,Mar,35.9
Bosnia & Herzg.,2015,Apr,55.0
Bosnia & Herzg.,2015,May,81.7
Bosnia & Herzg.,2015,Jun,73.1
Bosnia & Herzg.,2015,Jul,77.4
Bosnia & Herzg.,2015,Aug,96.8
Bosnia & Herzg.,2015,Sep,80.5
Bosnia & Herzg.,2015,Oct,64.2
Bosnia & Herzg.,2015,Nov,32.6
Bosnia & Herzg.,2015,Dec,30.1
Bosnia & Herzg.,2016,Jan,27.8
Bosnia & Herzg.,2016,Feb,28.6
Bosnia & Herzg.,2016,Mar,41.9
Bosnia & Herzg.,2016,Apr,62.4
Bosnia & Herzg.,2016,May,94.1
Bosnia & Herzg.,2016,Jun,71.9
Bosnia & Herzg.,2016,Jul,100.5
Bosnia & Herzg.,2016,Aug,111.1
Bosnia & Herzg.,2016,Sep,91.9
Bosnia & Herzg.,2016,Oct,73.4
Bosnia & Herzg.,2016,Nov,37.0
Bosnia & Herzg.,2016,Dec,37.6
Bosnia & Herzg.,2017,Jan,33.4
Bosnia & Herzg.,2017,Feb,31.2
Bosnia & Herzg.,2017,Mar,45.6
Bosnia & Herzg.,2017,Apr,79.5
Bosnia & Herzg.,2017,May,96.0
Bosnia & Herzg.,2017,Jun,93.4
Bosnia & Herzg.,2017,Jul,128.9
Bosnia & Herzg.,2017,Aug,128.9
Bosnia & Herzg.,2017,Sep,106.8
Bosnia & Herzg.,2017,Oct,89.7
Bosnia & Herzg.,2017,Nov,43.9
Bosnia & Herzg.,2017,Dec,46.0
Bosnia & Herzg.,2018,Jan,39.4
Bosnia & Herzg.,2018,Feb,37.3
Bosnia & Herzg.,2018,Mar,55.2
Bosnia & Herzg.,2018,Apr,93.7
Bosnia & Herzg.,2018,May,109.4
Bosnia & Herzg.,2018,Jun,106.8
Bosnia & Herzg.,2018,Jul,136.7
Bosnia & Herzg.,2018,Aug,150.9
Bosnia & Herzg.,2018,Sep,118.8
Bosnia & Herzg.,2018,Oct,103.5
Bosnia & Herzg.,2018,Nov,52.3
Bosnia & Herzg.,2018,Dec,49.5
Bosnia & Herzg.,2019,Jan,41.0
Bosnia & Herzg.,2019,Feb,45.7
Bosnia & Herzg.,2019,Mar,61.5
Bosnia & Herzg.,2019,Apr,105.2
Bosnia & Herzg.,2019,May,117.1
Bosnia & Herzg.,2019,Jun,134.2
Bosnia & Herzg.,2019,Jul,156.6
Bosnia & Herzg.,2019,Aug,165.6
Bosnia & Herzg.,2019,Sep,129.0
Bosnia & Herzg.,2019,Oct,124.9
Bosnia & Herzg.,2019,Nov,60.5
Bosnia & Herzg.,2019,Dec,56.9
Bosnia & Herzg.,2020,Jan,50.9
Bosnia & Herzg.,2020,Feb,42.7
Bosnia & Herzg.,2020,Mar,15.1
Bosnia & Herzg.,2020,Apr,0.3
Bosnia & Herzg.,2020,May,0.5
Bosnia & Herzg.,2020,Jun,6.8
Bosnia & Herzg.,2020,Jul,9.4
Bosnia & Herzg.,2020,Aug,20.0
Bosnia & Herzg.,2020,Sep,15.1
Bosnia & Herzg.,2020,Oct,14.4
Bosnia & Herzg.,2020,Nov,9.6
Bosnia & Herzg.,2020,Dec,12.3
Bosnia & Herzg.,2021,Jan,15.6
Bosnia & Herzg.,2021,Feb,20.2
Bosnia & Herzg.,2021,Mar,16.6
Bosnia & Herzg.,2021,Apr,13.6
Bosnia & Herzg.,2021,May,26.8
Bosnia & Herzg.,2021,Jun,41.8
Bosnia & Herzg.,2021,Jul,80.6
Bosnia & Herzg.,2021,Aug,96.0
Bosnia & Herzg.,2021,Sep,59.9
Bosnia & Herzg.,2021,Oct,53.4
Bosnia & Herzg.,2021,Nov,34.7
Bosnia & Herzg.,2021,Dec,42.8
Bosnia & Herzg.,2022,Jan,42.3
Bosnia & Herzg.,2022,Feb,40.6
Bosnia & Herzg.,2022,Mar,43.4
Bosnia & Herzg.,2022,Apr,50.1
Bosnia & Herzg.,2022,May,85.0
Bosnia & Herzg.,2022,Jun,88.7
Bosnia & Herzg.,2022,Jul,121.7
Bosnia & Herzg.,2022,Aug,136.7
Bosnia & Herzg.,2022,Sep,103.3
Bosnia & Herzg.,2022,Oct,91.1
Bosnia & Herzg.,2022,Nov,55.4
Bosnia & Herzg.,2022,Dec,56.8
Bosnia & Herzg.,2023,Jan,53.5
Bosnia & Herzg.,2023,Feb,52.8
Bosnia & Herzg.,2023,Mar,61.6
Bosnia & Herzg.,2023,Apr,91.0
Bosnia & Herzg.,2023,May,114.3
Bosnia & Herzg.,2023,Jun,117.8
Bosnia & Herzg.,2023,Jul,160.3
Bosnia & Herzg.,2023,Aug,171.6
Bosnia & Herzg.,2023,Sep,135.2
Bosnia & Herzg.,2023,Oct,115.8
Bosnia & Herzg.,2023,Nov,64.0
Bosnia & Herzg.,2023,Dec,61.1
Bosnia & Herzg.,2024,Jan,53.8
Bosnia & Herzg.,2024,Feb,55.6
Bosnia & Herzg.,2024,Mar,63.5
Bosnia & Herzg.,2024,Apr,99.9
Bosnia & Herzg.,2024,May,133.7
Bosnia & Herzg.,2024,Jun,153.2
Bosnia & Herzg.,2024,Jul,190.0
Bosnia & Herzg.,2024,Aug,193.2
Bosnia & Herzg.,2024,Sep,156.4
Bosnia & Herzg.,2024,Oct,134.9
Bosnia & Herzg.,2024,Nov,78.2
Bosnia & Herzg.,2024,Dec,66.1
Bosnia & Herzg.,2025,Jan,62.9
Bosnia & Herzg.,2025,Feb,61.4
Bosnia & Herzg.,2025,Mar,66.5
Bosnia & Herzg.,2025,Apr,111.5
Bosnia & Herzg.,2025,May,142.8
Bosnia & Herzg.,2025,Jun,149.5
Bosnia & Herzg.,2025,Jul,178.8
Bosnia & Herzg.,2025,Aug,191.2
Bosnia & Herzg.,2025,Sep,153.8
Botswana,2019,Jan,246.0
Botswana,2019,Feb,165.2
Botswana,2019,Mar,194.6
Botswana,2019,Apr,286.2
Botswana,2019,May,240.1
Botswana,2019,Jun,286.7
Botswana,2019,Jul,289.8
Botswana,2019,Aug,304.9
Botswana,2019,Sep,269.3
Botswana,2019,Oct,248.5
Botswana,2019,Nov,262.9
Botswana,2019,Dec,316.7
Botswana,2020,Jan,194.0
Botswana,2020,Feb,184.4
Botswana,2020,Mar,139.1
Botswana,2020,Apr,10.3
Botswana,2020,May,15.0
Botswana,2020,Jun,18.6
Botswana,2020,Jul,20.5
Botswana,2020,Aug,20.2
Botswana,2020,Sep,21.2
Botswana,2020,Oct,23.7
Botswana,2020,Nov,22.8
Botswana,2020,Dec,46.6
Botswana,2021,Jan,34.0
Botswana,2021,Feb,31.2
Botswana,2021,Mar,48.0
Botswana,2021,Apr,50.6
Botswana,2021,May,58.5
Botswana,2021,Jun,52.9
Botswana,2021,Jul,49.4
Botswana,2021,Aug,57.9
Botswana,2021,Sep,63.2
Botswana,2021,Oct,74.7
Botswana,2021,Nov,77.7
Botswana,2021,Dec,77.2
Botswana,2022,Jan,51.8
Botswana,2022,Feb,46.0
Botswana,2022,Mar,60.5
Botswana,2022,Apr,83.7
Botswana,2022,May,81.2
Botswana,2022,Jun,84.1
Botswana,2022,Jul,79.6
Botswana,2022,Aug,88.3
Botswana,2022,Sep,86.4
Botswana,2022,Oct,82.5
Botswana,2022,Nov,77.8
Botswana,2022,Dec,110.7
Botswana,2023,Jan,77.3
Botswana,2023,Feb,66.2
Botswana,2023,Mar,83.7
Botswana,2023,Apr,102.9
Botswana,2023,May,96.2
Botswana,2023,Jun,101.1
Botswana,2023,Jul,108.7
Botswana,2023,Aug,116.6
Botswana,2023,Sep,109.4
Botswana,2023,Oct,101.6
Botswana,2023,Nov,92.6
Botswana,2023,Dec,126.5
Botswana,2024,Jan,92.3
Botswana,2024,Feb,74.0
Botswana,2024,Mar,101.8
Brazil,2015,Feb,719.5
Brazil,2015,Mar,619.9
Brazil,2015,Apr,414.1
Brazil,2015,May,372.8
Brazil,2015,Jun,350.2
Brazil,2015,Jul,454.6
Brazil,2015,Aug,366.3
Brazil,2015,Sep,243.3
Brazil,2015,Oct,491.5
Brazil,2015,Nov,574.0
Brazil,2015,Dec,784.6
Brazil,2016,Jan,1084.0
Brazil,2016,Feb,808.5
Brazil,2016,Mar,625.1
Brazil,2016,Apr,398.1
Brazil,2016,May,345.3
Brazil,2016,Jun,355.4
Brazil,2016,Jul,472.3
Brazil,2016,Aug,537.7
Brazil,2016,Sep,419.0
Brazil,2016,Oct,439.4
Brazil,2016,Nov,451.9
Brazil,2016,Dec,609.6
Brazil,2017,Jan,1108.0
Brazil,2017,Feb,863.3
Brazil,2017,Mar,563.7
Brazil,2017,Apr,462.8
Brazil,2017,May,349.8
Brazil,2017,Jun,319.9
Brazil,2017,Jul,477.1
Brazil,2017,Aug,410.1
Brazil,2017,Sep,419.2
Brazil,2017,Oct,440.1
Brazil,2017,Nov,494.5
Brazil,2017,Dec,680.7
Brazil,2018,Jan,1067.0
Brazil,2018,Feb,868.5
Brazil,2018,Mar,728.7
Brazil,2018,Apr,435.4
Brazil,2018,May,341.3
Brazil,2018,Jun,302.2
Brazil,2018,Jul,448.3
Brazil,2018,Aug,429.7
Brazil,2018,Sep,425.8
Brazil,2018,Oct,434.0
Brazil,2018,Nov,478.4
Brazil,2018,Dec,661.7
Brazil,2019,Jan,863.3
Brazil,2019,Feb,816.0
Brazil,2019,Mar,611.4
Brazil,2019,Apr,497.3
Brazil,2019,May,343.1
Brazil,2019,Jun,400.2
Brazil,2019,Jul,459.8
Brazil,2019,Aug,417.8
Brazil,2019,Sep,407.2
Brazil,2019,Oct,413.2
Brazil,2019,Nov,471.7
Brazil,2019,Dec,652.1
Brazil,2020,Jan,873.3
Brazil,2020,Feb,812.7
Brazil,2020,Mar,290.2
Brazil,2020,Apr,0.6
Brazil,2020,May,0.5
Brazil,2020,Jun,0.7
Brazil,2020,Jul,1.5
Brazil,2020,Aug,8.3
Brazil,2020,Sep,12.0
Brazil,2020,Oct,24.8
Brazil,2020,Nov,41.6
Brazil,2020,Dec,80.3
Brazil,2021,Jan,72.0
Brazil,2021,Feb,48.1
Brazil,2021,Mar,32.4
Brazil,2021,Apr,18.4
Brazil,2021,May,23.7
Brazil,2021,Jun,24.1
Brazil,2021,Jul,60.3
Brazil,2021,Aug,40.4
Brazil,2021,Sep,50.7
Brazil,2021,Oct,93.8
Brazil,2021,Nov,107.1
Brazil,2021,Dec,174.8
Brazil,2022,Jan,326.7
Brazil,2022,Feb,311.3
Brazil,2022,Mar,276.7
Brazil,2022,Apr,306.8
Brazil,2022,May,202.3
Brazil,2022,Jun,192.9
Brazil,2022,Jul,289.6
Brazil,2022,Aug,263.6
Brazil,2022,Sep,273.0
Brazil,2022,Oct,305.6
Brazil,2022,Nov,352.5
Brazil,2022,Dec,529.0
Brazil,2023,Jan,971.3
Brazil,2023,Feb,755.8
Brazil,2023,Mar,577.2
Brazil,2023,Apr,408.8
Brazil,2023,May,292.4
Brazil,2023,Jun,274.3
Brazil,2023,Jul,375.6
Brazil,2023,Aug,365.0
Brazil,2023,Sep,352.4
Brazil,2023,Oct,409.9
Brazil,2023,Nov,504.4
Brazil,2023,Dec,621.2
Brazil,2024,Jan,956.7
Brazil,2024,Feb,833.3
Brazil,2024,Mar,740.5
Brazil,2024,Apr,398.6
Brazil,2024,May,335.7
Brazil,2024,Jun,332.5
Brazil,2024,Jul,437.1
Brazil,2024,Aug,417.9
Brazil,2024,Sep,445.4
Brazil,2024,Oct,508.7
Brazil,2024,Nov,560.7
Brazil,2024,Dec,806.5
Brazil,2025,Jan,1484.0
Brazil,2025,Feb,1327.0
Brazil,2025,Mar,929.1
Brazil,2025,Apr,686.2
Brazil,2025,May,461.3
Brazil,2025,Jun,444.9
Brazil,2025,Jul,620.1
Brazil,2025,Aug,576.0
Brazil,2025,Sep,570.9
Brit. Virgin Islands,2015,Feb,40.8
Brit. Virgin Islands,2015,Mar,48.4
Brit. Virgin Islands,2015,Apr,36.9
Brit. Virgin Islands,2015,May,34.7
Brit. Virgin Islands,2015,Jun,32.6
Brit. Virgin Islands,2015,Jul,38.5
Brit. Virgin Islands,2015,Aug,21.0
Brit. Virgin Islands,2015,Sep,11.6
Brit. Virgin Islands,2015,Oct,19.1
Brit. Virgin Islands,2015,Nov,29.1
Brit. Virgin Islands,2015,Dec,41.9
Brit. Virgin Islands,2016,Jan,42.1
Brit. Virgin Islands,2016,Feb,41.2
Brit. Virgin Islands,2016,Mar,51.1
Brit. Virgin Islands,2016,Apr,36.7
Brit. Virgin Islands,2016,May,33.7
Brit. Virgin Islands,2016,Jun,35.3
Brit. Virgin Islands,2016,Jul,41.3
Brit. Virgin Islands,2016,Aug,22.1
Brit. Virgin Islands,2016,Sep,12.5
Brit. Virgin Islands,2016,Oct,20.1
Brit. Virgin Islands,2016,Nov,28.5
Brit. Virgin Islands,2016,Dec,43.1
Brit. Virgin Islands,2017,Jan,39.0
Brit. Virgin Islands,2017,Feb,41.4
Brit. Virgin Islands,2017,Mar,46.8
Brit. Virgin Islands,2017,Apr,43.9
Brit. Virgin Islands,2017,May,34.3
Brit. Virgin Islands,2017,Jun,37.9
Brit. Virgin Islands,2017,Jul,43.3
Brit. Virgin Islands,2017,Aug,32.6
Brit. Virgin Islands,2017,Sep,1.2
Brit. Virgin Islands,2017,Oct,1.9
Brit. Virgin Islands,2017,Nov,3.5
Brit. Virgin Islands,2017,Dec,8.8
Brit. Virgin Islands,2018,Jan,10.7
Brit. Virgin Islands,2018,Feb,12.9
Brit. Virgin Islands,2018,Mar,17.6
Brit. Virgin Islands,2018,Apr,15.7
Brit. Virgin Islands,2018,May,14.9
Brit. Virgin Islands,2018,Jun,17.4
Brit. Virgin Islands,2018,Jul,21.4
Brit. Virgin Islands,2018,Aug,16.3
Brit. Virgin Islands,2018,Sep,6.5
Brit. Virgin Islands,2018,Oct,10.7
Brit. Virgin Islands,2018,Nov,17.7
Brit. Virgin Islands,2018,Dec,30.5
Brit. Virgin Islands,2019,Jan,27.1
Brit. Virgin Islands,2019,Feb,26.9
Brit. Virgin Islands,2019,Mar,34.0
Brit. Virgin Islands,2019,Apr,29.9
Brit. Virgin Islands,2019,May,25.1
Brit. Virgin Islands,2019,Jun,29.9
Brit. Virgin Islands,2019,Jul,30.9
Brit. Virgin Islands,2019,Aug,20.5
Brit. Virgin Islands,2019,Sep,7.6
Brit. Virgin Islands,2019,Oct,13.3
Brit. Virgin Islands,2019,Nov,23.6
Brit. Virgin Islands,2019,Dec,33.8
Brit. Virgin Islands,2020,Jan,30.8
Brit. Virgin Islands,2020,Feb,34.5
Brit. Virgin Islands,2020,Mar,15.7
Brit. Virgin Islands,2020,Apr,0.0
Brit. Virgin Islands,2020,May,0.0
Brit. Virgin Islands,2020,Jun,0.0
Brit. Virgin Islands,2020,Jul,0.0
Brit. Virgin Islands,2020,Aug,0.0
Brit. Virgin Islands,2020,Sep,0.0
Brit. Virgin Islands,2020,Oct,0.0
Brit. Virgin Islands,2020,Nov,0.0
Brit. Virgin Islands,2020,Dec,1.7
Brit. Virgin Islands,2021,Jan,0.9
Brit. Virgin Islands,2021,Feb,0.6
Brit. Virgin Islands,2021,Mar,1.9
Brit. Virgin Islands,2021,Apr,2.4
Brit. Virgin Islands,2021,May,3.5
Brit. Virgin Islands,2021,Jun,7.3
Brit. Virgin Islands,2021,Jul,6.9
Brit. Virgin Islands,2021,Aug,2.2
Brit. Virgin Islands,2021,Sep,1.3
Brit. Virgin Islands,2021,Oct,5.5
Brit. Virgin Islands,2021,Nov,7.6
Brit. Virgin Islands,2021,Dec,15.6
Brit. Virgin Islands,2022,Jan,12.7
Brit. Virgin Islands,2022,Feb,14.4
Brit. Virgin Islands,2022,Mar,17.3
Brit. Virgin Islands,2022,Apr,18.5
Brit. Virgin Islands,2022,May,14.6
Brit. Virgin Islands,2022,Jun,15.7
Brit. Virgin Islands,2022,Jul,20.1
Brit. Virgin Islands,2022,Aug,8.1
Brit. Virgin Islands,2022,Sep,4.4
Brit. Virgin Islands,2022,Oct,8.4
Brit. Virgin Islands,2022,Nov,17.0
Brit. Virgin Islands,2022,Dec,22.1
Brit. Virgin Islands,2023,Jan,24.6
Brit. Virgin Islands,2023,Feb,25.5
Brit. Virgin Islands,2023,Mar,30.0
Brit. Virgin Islands,2023,Apr,27.0
Brit. Virgin Islands,2023,May,23.2
Brit. Virgin Islands,2023,Jun,24.7
Brit. Virgin Islands,2023,Jul,28.4
Brit. Virgin Islands,2023,Aug,13.1
Brit. Virgin Islands,2023,Sep,5.6
Brit. Virgin Islands,2023,Oct,11.2
Brit. Virgin Islands,2023,Nov,21.3
Brit. Virgin Islands,2023,Dec,27.4
Brit. Virgin Islands,2024,Jan,31.1
Brit. Virgin Islands,2024,Feb,30.5
Brit. Virgin Islands,2024,Mar,38.7
Brit. Virgin Islands,2024,Apr,28.7
Brit. Virgin Islands,2024,May,26.9
Brit. Virgin Islands,2024,Jun,29.4
Brit. Virgin Islands,2024,Jul,29.3
Brit. Virgin Islands,2024,Aug,12.9
Brit. Virgin Islands,2024,Sep,5.7
Brit. Virgin Islands,2024,Oct,12.7
Brit. Virgin Islands,2024,Nov,24.9
Brit. Virgin Islands,2024,Dec,35.1
Brit. Virgin Islands,2025,Jan,33.5
Brit. Virgin Islands,2025,Feb,32.6
Brit. Virgin Islands,2025,Mar,40.5
Brit. Virgin Islands,2025,Apr,32.7
Brit. Virgin Islands,2025,May,23.7
Brit. Virgin Islands,2025,Jun,28.2
Brit. Virgin Islands,2025,Jul,30.3
Brunei,2015,Feb,21.4
Brunei,2015,Mar,19.7
Brunei,2015,Apr,18.8
Brunei,2015,May,20.2
Brunei,2015,Jun,16.6
Brunei,2015,Jul,17.9
Brunei,2015,Aug,17.9
Brunei,2015,Sep,16.4
Brunei,2015,Oct,16.8
Brunei,2015,Nov,18.1
Brunei,2015,Dec,17.5
Brunei,2016,Jan,18.5
Brunei,2016,Feb,20.4
Brunei,2016,Mar,17.6
Brunei,2016,Apr,19.3
Brunei,2016,May,17.3
Brunei,2016,Jun,15.6
Brunei,2016,Jul,18.9
Brunei,2016,Aug,19.0
Brunei,2016,Sep,17.2
Brunei,2016,Oct,17.3
Brunei,2016,Nov,18.4
Brunei,2016,Dec,19.2
Brunei,2017,Jan,25.6
Brunei,2017,Feb,21.2
Brunei,2017,Mar,21.2
Brunei,2017,Apr,23.9
Brunei,2017,May,22.7
Brunei,2017,Jun,19.1
Brunei,2017,Jul,21.3
Brunei,2017,Aug,21.0
Brunei,2017,Sep,20.3
Brunei,2017,Oct,21.1
Brunei,2017,Nov,20.7
Brunei,2017,Dec,20.8
Brunei,2018,Jan,21.7
Brunei,2018,Feb,24.2
Brunei,2018,Mar,24.7
Brunei,2018,Apr,26.2
Brunei,2018,May,20.3
Brunei,2018,Jun,21.8
Brunei,2018,Jul,22.9
Brunei,2018,Aug,21.8
Brunei,2018,Sep,21.5
Brunei,2018,Oct,23.2
Brunei,2018,Nov,24.7
Brunei,2018,Dec,25.1
Brunei,2019,Jan,27.8
Brunei,2019,Feb,27.1
Brunei,2019,Mar,26.2
Brunei,2019,Apr,29.7
Brunei,2019,May,19.8
Brunei,2019,Jun,29.7
Brunei,2019,Jul,24.2
Brunei,2019,Aug,28.5
Brunei,2019,Sep,25.3
Brunei,2019,Oct,29.1
Brunei,2019,Nov,32.5
Brunei,2019,Dec,33.4
Brunei,2020,Jan,34.1
Brunei,2020,Feb,18.8
Brunei,2020,Mar,7.7
Brunei,2020,Apr,0.0
Brunei,2020,May,0.0
Brunei,2020,Jun,0.2
Brunei,2020,Jul,0.1
Brunei,2020,Aug,0.2
Brunei,2020,Sep,0.3
Brunei,2020,Oct,0.1
Brunei,2020,Nov,0.4
Brunei,2020,Dec,0.5
Brunei,2021,Jan,0.4
Brunei,2021,Feb,0.3
Brunei,2021,Mar,0.3
Brunei,2021,Apr,0.3
Brunei,2021,May,0.2
Brunei,2021,Jun,0.3
Brunei,2021,Jul,0.4
Brunei,2021,Aug,0.3
Brunei,2021,Sep,0.2
Brunei,2021,Oct,0.3
Brunei,2021,Nov,0.2
Brunei,2021,Dec,0.4
Brunei,2022,Jan,0.5
Brunei,2022,Feb,0.5
Brunei,2022,Mar,0.5
Brunei,2022,Apr,0.9
Brunei,2022,May,2.0
Brunei,2022,Jun,2.4
Brunei,2022,Jul,2.3
Brunei,2022,Aug,4.4
Brunei,2022,Sep,4.9
Brunei,2022,Oct,5.4
Brunei,2022,Nov,5.6
Brunei,2022,Dec,6.3
Brunei,2023,Jan,10.0
Brunei,2023,Feb,9.4
Brunei,2023,Mar,9.1
Brunei,2023,Apr,8.3
Brunei,2023,May,8.4
Brunei,2023,Jun,9.7
Brunei,2023,Jul,8.9
Brunei,2023,Aug,9.2
Brunei,2023,Sep,9.1
Brunei,2023,Oct,18.8
Brunei,2023,Nov,19.2
Brunei,2023,Dec,13.6
Brunei,2024,Jan,16.0
Brunei,2024,Feb,19.7
Brunei,2024,Mar,19.1
Brunei,2024,Apr,20.5
Brunei,2024,May,22.8
Brunei,2024,Jun,23.9
Brunei,2024,Jul,24.2
Brunei,2024,Aug,25.9
Brunei,2024,Sep,28.0
Brunei,2024,Oct,20.8
Brunei,2024,Nov,24.2
Brunei,2024,Dec,23.2
Bulgaria,2015,Feb,329.8
Bulgaria,2015,Mar,370.5
Bulgaria,2015,Apr,502.2
Bulgaria,2015,May,714.7
Bulgaria,2015,Jun,1134.0
Bulgaria,2015,Jul,1632.0
Bulgaria,2015,Aug,1730.0
Bulgaria,2015,Sep,1056.0
Bulgaria,2015,Oct,577.0
Bulgaria,2015,Nov,436.8
Bulgaria,2015,Dec,441.3
Bulgaria,2016,Jan,410.1
Bulgaria,2016,Feb,361.9
Bulgaria,2016,Mar,395.0
Bulgaria,2016,Apr,558.1
Bulgaria,2016,May,808.3
Bulgaria,2016,Jun,1355.0
Bulgaria,2016,Jul,1872.0
Bulgaria,2016,Aug,1918.0
Bulgaria,2016,Sep,1192.0
Bulgaria,2016,Oct,678.6
Bulgaria,2016,Nov,524.1
Bulgaria,2016,Dec,531.1
Bulgaria,2017,Jan,454.6
Bulgaria,2017,Feb,435.9
Bulgaria,2017,Mar,474.5
Bulgaria,2017,Apr,633.7
Bulgaria,2017,May,866.3
Bulgaria,2017,Jun,1449.0
Bulgaria,2017,Jul,2022.0
Bulgaria,2017,Aug,2125.0
Bulgaria,2017,Sep,1271.0
Bulgaria,2017,Oct,712.6
Bulgaria,2017,Nov,556.1
Bulgaria,2017,Dec,596.1
Bulgaria,2018,Jan,437.5
Bulgaria,2018,Feb,356.0
Bulgaria,2018,Mar,402.9
Bulgaria,2018,Apr,526.0
Bulgaria,2018,May,714.0
Bulgaria,2018,Jun,1208.0
Bulgaria,2018,Jul,1621.0
Bulgaria,2018,Aug,1654.0
Bulgaria,2018,Sep,984.2
Bulgaria,2018,Oct,519.6
Bulgaria,2018,Nov,410.9
Bulgaria,2018,Dec,438.8
Bulgaria,2019,Jan,423.2
Bulgaria,2019,Feb,360.7
Bulgaria,2019,Mar,408.7
Bulgaria,2019,Apr,558.5
Bulgaria,2019,May,692.1
Bulgaria,2019,Jun,1190.0
Bulgaria,2019,Jul,1541.0
Bulgaria,2019,Aug,1708.0
Bulgaria,2019,Sep,963.3
Bulgaria,2019,Oct,546.0
Bulgaria,2019,Nov,442.2
Bulgaria,2019,Dec,479.3
Bulgaria,2020,Jan,479.0
Bulgaria,2020,Feb,380.3
Bulgaria,2020,Mar,204.3
Bulgaria,2020,Apr,30.1
Bulgaria,2020,May,56.8
Bulgaria,2020,Jun,113.9
Bulgaria,2020,Jul,310.0
Bulgaria,2020,Aug,370.7
Bulgaria,2020,Sep,309.1
Bulgaria,2020,Oct,196.5
Bulgaria,2020,Nov,124.2
Bulgaria,2020,Dec,112.8
Bulgaria,2021,Jan,120.6
Bulgaria,2021,Feb,109.4
Bulgaria,2021,Mar,120.5
Bulgaria,2021,Apr,108.1
Bulgaria,2021,May,151.3
Bulgaria,2021,Jun,348.1
Bulgaria,2021,Jul,751.6
Bulgaria,2021,Aug,911.5
Bulgaria,2021,Sep,421.0
Bulgaria,2021,Oct,265.2
Bulgaria,2021,Nov,197.3
Bulgaria,2021,Dec,217.4
Bulgaria,2022,Jan,226.7
Bulgaria,2022,Feb,249.1
Bulgaria,2022,Mar,338.2
Bulgaria,2022,Apr,368.8
Bulgaria,2022,May,502.7
Bulgaria,2022,Jun,737.3
Bulgaria,2022,Jul,995.0
Bulgaria,2022,Aug,1190.0
Bulgaria,2022,Sep,713.5
Bulgaria,2022,Oct,519.4
Bulgaria,2022,Nov,420.7
Bulgaria,2022,Dec,474.3
Bulgaria,2023,Jan,459.5
Bulgaria,2023,Feb,395.7
Bulgaria,2023,Mar,470.7
Bulgaria,2023,Apr,496.5
Bulgaria,2023,May,590.4
Bulgaria,2023,Jun,961.9
Bulgaria,2023,Jul,1178.0
Bulgaria,2023,Aug,1262.0
Bulgaria,2023,Sep,797.5
Bulgaria,2023,Oct,575.4
Bulgaria,2023,Nov,431.8
Bulgaria,2023,Dec,498.9
Bulgaria,2024,Jan,499.4
Bulgaria,2024,Feb,478.9
Bulgaria,2024,Mar,504.7
Bulgaria,2024,Apr,510.7
Bulgaria,2024,May,641.4
Bulgaria,2024,Jun,1016.0
Bulgaria,2024,Jul,1222.0
Bulgaria,2024,Aug,1317.0
Bulgaria,2024,Sep,844.7
Bulgaria,2024,Oct,605.6
Bulgaria,2024,Nov,442.5
Bulgaria,2024,Dec,537.4
Bulgaria,2025,Jan,528.9
Bulgaria,2025,Feb,507.3
Bulgaria,2025,Mar,518.8
Bulgaria,2025,Apr,550.9
Bulgaria,2025,May,698.7
Bulgaria,2025,Jun,978.6
Bulgaria,2025,Jul,1274.0
Bulgaria,2025,Aug,1425.0
Bulgaria,2025,Sep,893.4
Cambodia,2015,Feb,430.2
Cambodia,2015,Mar,417.1
Cambodia,2015,Apr,361.1
Cambodia,2015,May,314.7
Cambodia,2015,Jun,318.3
Cambodia,2015,Jul,364.3
Cambodia,2015,Aug,366.1
Cambodia,2015,Sep,314.5
Cambodia,2015,Oct,408.9
Cambodia,2015,Nov,444.6
Cambodia,2015,Dec,574.8
Cambodia,2016,Jan,466.1
Cambodia,2016,Feb,448.5
Cambodia,2016,Mar,427.9
Cambodia,2016,Apr,367.7
Cambodia,2016,May,320.6
Cambodia,2016,Jun,330.2
Cambodia,2016,Jul,395.8
Cambodia,2016,Aug,406.2
Cambodia,2016,Sep,345.5
Cambodia,2016,Oct,414.1
Cambodia,2016,Nov,477.7
Cambodia,2016,Dec,611.5
Cambodia,2017,Jan,532.2
Cambodia,2017,Feb,493.3
Cambodia,2017,Mar,477.4
Cambodia,2017,Apr,412.9
Cambodia,2017,May,368.8
Cambodia,2017,Jun,378.0
Cambodia,2017,Jul,446.6
Cambodia,2017,Aug,427.2
Cambodia,2017,Sep,376.2
Cambodia,2017,Oct,417.0
Cambodia,2017,Nov,570.5
Cambodia,2017,Dec,701.9
Cambodia,2018,Jan,596.2
Cambodia,2018,Feb,542.9
Cambodia,2018,Mar,572.1
Cambodia,2018,Apr,463.4
Cambodia,2018,May,419.2
Cambodia,2018,Jun,407.8
Cambodia,2018,Jul,454.1
Cambodia,2018,Aug,494.0
Cambodia,2018,Sep,426.3
Cambodia,2018,Oct,453.4
Cambodia,2018,Nov,616.5
Cambodia,2018,Dec,755.1
Cambodia,2019,Jan,647.2
Cambodia,2019,Feb,597.5
Cambodia,2019,Mar,633.2
Cambodia,2019,Apr,537.7
Cambodia,2019,May,473.0
Cambodia,2019,Jun,450.0
Cambodia,2019,Jul,502.4
Cambodia,2019,Aug,519.5
Cambodia,2019,Sep,453.9
Cambodia,2019,Oct,481.8
Cambodia,2019,Nov,602.0
Cambodia,2019,Dec,712.5
Cambodia,2020,Jan,548.0
Cambodia,2020,Feb,383.9
Cambodia,2020,Mar,223.4
Cambodia,2020,Apr,4.8
Cambodia,2020,May,10.5
Cambodia,2020,Jun,12.3
Cambodia,2020,Jul,20.7
Cambodia,2020,Aug,23.0
Cambodia,2020,Sep,21.1
Cambodia,2020,Oct,20.2
Cambodia,2020,Nov,18.2
Cambodia,2020,Dec,20.1
Cambodia,2021,Jan,20.6
Cambodia,2021,Feb,20.6
Cambodia,2021,Mar,29.8
Cambodia,2021,Apr,11.9
Cambodia,2021,May,8.8
Cambodia,2021,Jun,11.0
Cambodia,2021,Jul,10.0
Cambodia,2021,Aug,9.2
Cambodia,2021,Sep,10.0
Cambodia,2021,Oct,12.8
Cambodia,2021,Nov,18.9
Cambodia,2021,Dec,33.1
Cambodia,2022,Jan,44.9
Cambodia,2022,Feb,50.4
Cambodia,2022,Mar,64.2
Cambodia,2022,Apr,81.9
Cambodia,2022,May,102.0
Cambodia,2022,Jun,163.3
Cambodia,2022,Jul,236.7
Cambodia,2022,Aug,254.8
Cambodia,2022,Sep,267.5
Cambodia,2022,Oct,310.2
Cambodia,2022,Nov,338.1
Cambodia,2022,Dec,362.6
Cambodia,2023,Jan,402.9
Cambodia,2023,Feb,434.5
Cambodia,2023,Mar,454.1
Cambodia,2023,Apr,430.1
Cambodia,2023,May,442.1
Cambodia,2023,Jun,416.2
Cambodia,2023,Jul,457.4
Cambodia,2023,Aug,464.6
Cambodia,2023,Sep,424.9
Cambodia,2023,Oct,480.3
Cambodia,2023,Nov,510.2
Cambodia,2023,Dec,535.8
Cambodia,2024,Jan,540.0
Cambodia,2024,Feb,448.6
Cambodia,2024,Mar,594.1
Cambodia,2024,Apr,533.9
Cambodia,2024,May,524.4
Cambodia,2024,Jun,525.5
Cambodia,2024,Jul,575.7
Cambodia,2024,Aug,548.8
Cambodia,2024,Sep,509.5
Cambodia,2024,Oct,574.2
Cambodia,2024,Nov,626.3
Cambodia,2024,Dec,699.1
Cambodia,2025,Jan,611.9
Cambodia,2025,Feb,652.1
Cambodia,2025,Mar,574.2
Cambodia,2025,Apr,565.2
Cambodia,2025,May,547.4
Cambodia,2025,Jun,413.6
Cambodia,2025,Jul,347.5
Cambodia,2025,Aug,338.4
Cambodia,2025,Sep,327.2
Canada,2015,Feb,756.6
Canada,2015,Mar,853.6
Canada,2015,Apr,1031.0
Canada,2015,May,1581.0
Canada,2015,Jun,2248.0
Canada,2015,Jul,2881.0
Canada,2015,Aug,2625.0
Canada,2015,Sep,1892.0
Canada,2015,Oct,1322.0
Canada,2015,Nov,868.8
Canada,2015,Dec,1204.0
Canada,2016,Jan,796.7
Canada,2016,Feb,894.1
Canada,2016,Mar,1058.0
Canada,2016,Apr,1139.0
Canada,2016,May,1674.0
Canada,2016,Jun,2395.0
Canada,2016,Jul,3256.0
Canada,2016,Aug,2827.0
Canada,2016,Sep,2129.0
Canada,2016,Oct,1486.0
Canada,2016,Nov,978.4
Canada,2016,Dec,1338.0
Canada,2017,Jan,875.7
Canada,2017,Feb,912.7
Canada,2017,Mar,1046.0
Canada,2017,Apr,1314.0
Canada,2017,May,1709.0
Canada,2017,Jun,2590.0
Canada,2017,Jul,3253.0
Canada,2017,Aug,2962.0
Canada,2017,Sep,2205.0
Canada,2017,Oct,1581.0
Canada,2017,Nov,1060.0
Canada,2017,Dec,1375.0
Canada,2018,Jan,886.0
Canada,2018,Feb,980.5
Canada,2018,Mar,1188.0
Canada,2018,Apr,1145.0
Canada,2018,May,1774.0
Canada,2018,Jun,2706.0
Canada,2018,Jul,3210.0
Canada,2018,Aug,3090.0
Canada,2018,Sep,2128.0
Canada,2018,Oct,1552.0
Canada,2018,Nov,1073.0
Canada,2018,Dec,1403.0
Canada,2019,Jan,920.8
Canada,2019,Feb,965.5
Canada,2019,Mar,1129.0
Canada,2019,Apr,1360.0
Canada,2019,May,1913.0
Canada,2019,Jun,2747.0
Canada,2019,Jul,3388.0
Canada,2019,Aug,3328.0
Canada,2019,Sep,2201.0
Canada,2019,Oct,1641.0
Canada,2019,Nov,1092.0
Canada,2019,Dec,1460.0
Canada,2020,Jan,972.5
Canada,2020,Feb,1003.0
Canada,2020,Mar,449.5
Canada,2020,Apr,23.6
Canada,2020,May,28.0
Canada,2020,Jun,50.6
Canada,2020,Jul,67.8
Canada,2020,Aug,81.6
Canada,2020,Sep,70.6
Canada,2020,Oct,63.0
Canada,2020,Nov,62.0
Canada,2020,Dec,87.4
Canada,2021,Jan,60.0
Canada,2021,Feb,44.7
Canada,2021,Mar,51.2
Canada,2021,Apr,60.5
Canada,2021,May,61.7
Canada,2021,Jun,78.4
Canada,2021,Jul,171.0
Canada,2021,Aug,464.1
Canada,2021,Sep,527.4
Canada,2021,Oct,501.1
Canada,2021,Nov,422.2
Canada,2021,Dec,620.0
Canada,2022,Jan,212.2
Canada,2022,Feb,318.5
Canada,2022,Mar,473.2
Canada,2022,Apr,720.2
Canada,2022,May,999.6
Canada,2022,Jun,1586.0
Canada,2022,Jul,2067.0
Canada,2022,Aug,1819.0
Canada,2022,Sep,1444.0
Canada,2022,Oct,1187.0
Canada,2022,Nov,839.1
Canada,2022,Dec,1158.0
Canada,2023,Jan,707.0
Canada,2023,Feb,820.4
Canada,2023,Mar,945.2
Canada,2023,Apr,1134.0
Canada,2023,May,1548.0
Canada,2023,Jun,2268.0
Canada,2023,Jul,2755.0
Canada,2023,Aug,2431.0
Canada,2023,Sep,1886.0
Canada,2023,Oct,1455.0
Canada,2023,Nov,995.3
Canada,2023,Dec,1398.0
Canada,2024,Jan,770.9
Canada,2024,Feb,979.0
Canada,2024,Mar,1133.0
Canada,2024,Apr,1265.0
Canada,2024,May,1736.0
Canada,2024,Jun,2433.0
Canada,2024,Jul,2922.0
Canada,2024,Aug,2699.0
Canada,2024,Sep,1838.0
Canada,2024,Oct,1519.0
Canada,2024,Nov,1122.0
Canada,2024,Dec,1497.0
Canada,2025,Jan,906.7
Canada,2025,Feb,945.5
Canada,2025,Mar,1058.0
Canada,2025,Apr,1241.0
Canada,2025,May,1668.0
Canada,2025,Jun,2403.0
Canada,2025,Jul,2930.0
Canada,2025,Aug,2660.0
Canada,2025,Sep,1864.0
Cayman Islands,2015,Feb,35.8
Cayman Islands,2015,Mar,45.5
Cayman Islands,2015,Apr,36.0
Cayman Islands,2015,May,29.3
Cayman Islands,2015,Jun,32.6
Cayman Islands,2015,Jul,37.8
Cayman Islands,2015,Aug,29.0
Cayman Islands,2015,Sep,15.2
Cayman Islands,2015,Oct,20.2
Cayman Islands,2015,Nov,29.8
Cayman Islands,2015,Dec,39.9
Cayman Islands,2016,Jan,32.8
Cayman Islands,2016,Feb,34.8
Cayman Islands,2016,Mar,45.2
Cayman Islands,2016,Apr,34.6
Cayman Islands,2016,May,28.8
Cayman Islands,2016,Jun,34.3
Cayman Islands,2016,Jul,42.7
Cayman Islands,2016,Aug,28.6
Cayman Islands,2016,Sep,14.7
Cayman Islands,2016,Oct,19.5
Cayman Islands,2016,Nov,29.2
Cayman Islands,2016,Dec,40.3
Cayman Islands,2017,Jan,31.6
Cayman Islands,2017,Feb,35.5
Cayman Islands,2017,Mar,44.1
Cayman Islands,2017,Apr,38.9
Cayman Islands,2017,May,29.3
Cayman Islands,2017,Jun,38.7
Cayman Islands,2017,Jul,45.6
Cayman Islands,2017,Aug,31.4
Cayman Islands,2017,Sep,16.8
Cayman Islands,2017,Oct,22.3
Cayman Islands,2017,Nov,35.0
Cayman Islands,2017,Dec,49.0
Cayman Islands,2018,Jan,39.2
Cayman Islands,2018,Feb,40.0
Cayman Islands,2018,Mar,55.0
Cayman Islands,2018,Apr,39.1
Cayman Islands,2018,May,35.9
Cayman Islands,2018,Jun,43.8
Cayman Islands,2018,Jul,47.1
Cayman Islands,2018,Aug,34.0
Cayman Islands,2018,Sep,16.3
Cayman Islands,2018,Oct,22.5
Cayman Islands,2018,Nov,38.2
Cayman Islands,2018,Dec,52.0
Cayman Islands,2019,Jan,41.4
Cayman Islands,2019,Feb,44.9
Cayman Islands,2019,Mar,59.6
Cayman Islands,2019,Apr,46.1
Cayman Islands,2019,May,40.6
Cayman Islands,2019,Jun,48.2
Cayman Islands,2019,Jul,51.6
Cayman Islands,2019,Aug,37.4
Cayman Islands,2019,Sep,16.6
Cayman Islands,2019,Oct,23.8
Cayman Islands,2019,Nov,38.5
Cayman Islands,2019,Dec,54.2
Cayman Islands,2020,Jan,42.9
Cayman Islands,2020,Feb,50.7
Cayman Islands,2020,Mar,24.8
Cayman Islands,2020,Apr,0.1
Cayman Islands,2020,May,0.2
Cayman Islands,2020,Jun,0.2
Cayman Islands,2020,Jul,0.2
Cayman Islands,2020,Aug,0.2
Cayman Islands,2020,Sep,0.3
Cayman Islands,2020,Oct,0.5
Cayman Islands,2020,Nov,0.7
Cayman Islands,2020,Dec,1.0
Cayman Islands,2021,Jan,0.9
Cayman Islands,2021,Feb,0.6
Cayman Islands,2021,Mar,0.6
Cayman Islands,2021,Apr,0.6
Cayman Islands,2021,May,0.7
Cayman Islands,2021,Jun,0.9
Cayman Islands,2021,Jul,1.0
Cayman Islands,2021,Aug,0.7
Cayman Islands,2021,Sep,0.7
Cayman Islands,2021,Oct,1.0
Cayman Islands,2021,Nov,2.0
Cayman Islands,2021,Dec,7.6
Cayman Islands,2022,Jan,5.9
Cayman Islands,2022,Feb,12.2
Cayman Islands,2022,Mar,22.6
Cayman Islands,2022,Apr,25.0
Cayman Islands,2022,May,21.8
Cayman Islands,2022,Jun,26.1
Cayman Islands,2022,Jul,32.4
Cayman Islands,2022,Aug,22.3
Cayman Islands,2022,Sep,12.4
Cayman Islands,2022,Oct,21.6
Cayman Islands,2022,Nov,34.1
Cayman Islands,2022,Dec,48.0
Cayman Islands,2023,Jan,36.9
Cayman Islands,2023,Feb,37.6
Cayman Islands,2023,Mar,46.4
Cayman Islands,2023,Apr,39.5
Cayman Islands,2023,May,34.4
Cayman Islands,2023,Jun,40.5
Cayman Islands,2023,Jul,44.5
Cayman Islands,2023,Aug,28.5
Cayman Islands,2023,Sep,14.7
Cayman Islands,2023,Oct,20.6
Cayman Islands,2023,Nov,35.8
Cayman Islands,2023,Dec,49.9
Cayman Islands,2024,Jan,38.4
Cayman Islands,2024,Feb,41.6
Cayman Islands,2024,Mar,57.0
Cayman Islands,2024,Apr,37.2
Cayman Islands,2024,May,34.9
Cayman Islands,2024,Jun,41.6
Cayman Islands,2024,Jul,38.4
Cayman Islands,2024,Aug,28.1
Cayman Islands,2024,Sep,13.3
Cayman Islands,2024,Oct,20.7
Cayman Islands,2024,Nov,34.5
Cayman Islands,2024,Dec,52.0
Cayman Islands,2025,Jan,41.4
Cayman Islands,2025,Feb,44.6
Cayman Islands,2025,Mar,58.4
Cayman Islands,2025,Apr,42.8
Cayman Islands,2025,May,34.3
Cayman Islands,2025,Jun,37.8
Cayman Islands,2025,Jul,41.0
Cayman Islands,2025,Aug,25.1
Cayman Islands,2025,Sep,12.9
Centr. African Rep.,2015,Feb,11.6
Centr. African Rep.,2015,Mar,9.4
Centr. African Rep.,2015,Apr,9.4
Centr. African Rep.,2015,May,9.6
Centr. African Rep.,2015,Jun,9.5
Centr. African Rep.,2015,Jul,8.9
Centr. African Rep.,2015,Aug,10.8
Centr. African Rep.,2015,Sep,10.8
Centr. African Rep.,2015,Oct,10.6
Centr. African Rep.,2015,Nov,9.6
Centr. African Rep.,2015,Dec,9.5
Centr. African Rep.,2016,Jan,6.6
Centr. African Rep.,2016,Feb,6.3
Centr. African Rep.,2016,Mar,4.0
Centr. African Rep.,2016,Apr,7.2
Centr. African Rep.,2016,May,6.0
Centr. African Rep.,2016,Jun,6.0
Centr. African Rep.,2016,Jul,8.2
Centr. African Rep.,2016,Aug,9.5
Centr. African Rep.,2016,Sep,8.7
Centr. African Rep.,2016,Oct,6.8
Centr. African Rep.,2016,Nov,7.3
Centr. African Rep.,2016,Dec,5.2
Centr. African Rep.,2017,Jan,8.1
Centr. African Rep.,2017,Feb,10.3
Centr. African Rep.,2017,Mar,8.6
Centr. African Rep.,2017,Apr,8.5
Centr. African Rep.,2017,May,8.1
Centr. African Rep.,2017,Jun,7.2
Centr. African Rep.,2017,Jul,8.2
Centr. African Rep.,2017,Aug,8.0
Centr. African Rep.,2017,Sep,8.8
Centr. African Rep.,2017,Oct,9.5
Centr. African Rep.,2017,Nov,10.8
Centr. African Rep.,2017,Dec,10.5
Centr. African Rep.,2018,Jan,9.6
Centr. African Rep.,2018,Feb,10.9
Centr. African Rep.,2018,Mar,9.0
Centr. African Rep.,2018,Apr,7.9
Centr. African Rep.,2018,May,6.8
Centr. African Rep.,2018,Jun,6.3
Centr. African Rep.,2018,Jul,10.5
Centr. African Rep.,2018,Aug,11.7
Centr. African Rep.,2018,Sep,9.8
Centr. African Rep.,2018,Oct,10.3
Centr. African Rep.,2018,Nov,8.4
Centr. African Rep.,2018,Dec,8.1
Centr. African Rep.,2019,Jan,0.6
Centr. African Rep.,2019,Feb,4.7
Centr. African Rep.,2019,Mar,5.5
Centr. African Rep.,2019,Apr,5.5
Centr. African Rep.,2019,May,9.8
Centr. African Rep.,2019,Jun,5.5
Centr. African Rep.,2019,Jul,9.4
Centr. African Rep.,2019,Aug,8.2
Centr. African Rep.,2019,Sep,8.5
Centr. African Rep.,2019,Oct,7.9
Centr. African Rep.,2019,Nov,8.2
Centr. African Rep.,2019,Dec,8.4
Centr. African Rep.,2020,Jan,8.7
Centr. African Rep.,2020,Feb,7.2
Centr. African Rep.,2020,Mar,4.3
Centr. African Rep.,2020,Jun,0.3
Centr. African Rep.,2020,Jul,0.8
Centr. African Rep.,2020,Aug,1.4
Centr. African Rep.,2020,Sep,2.5
Centr. African Rep.,2020,Oct,3.1
Centr. African Rep.,2020,Nov,3.5
Centr. African Rep.,2020,Dec,2.8
Centr. African Rep.,2021,Jan,2.8
Centr. African Rep.,2021,Feb,2.8
Centr. African Rep.,2021,Mar,3.4
Centr. African Rep.,2021,Apr,3.8
Centr. African Rep.,2021,May,4.1
Centr. African Rep.,2021,Jun,4.2
Centr. African Rep.,2021,Jul,4.2
Centr. African Rep.,2021,Aug,5.0
Centr. African Rep.,2021,Sep,4.5
Centr. African Rep.,2021,Oct,4.7
Centr. African Rep.,2021,Nov,4.8
Centr. African Rep.,2021,Dec,4.2
Centr. African Rep.,2022,Jan,4.7
Centr. African Rep.,2022,Feb,3.8
Centr. African Rep.,2022,Mar,4.7
Centr. African Rep.,2022,Apr,4.2
Centr. African Rep.,2022,May,4.8
Centr. African Rep.,2022,Jun,4.6
Centr. African Rep.,2022,Jul,5.2
Centr. African Rep.,2022,Aug,4.8
Centr. African Rep.,2022,Sep,4.7
Centr. African Rep.,2022,Oct,5.7
Centr. African Rep.,2022,Nov,5.8
Centr. African Rep.,2022,Dec,4.1
Chile,2015,Feb,432.4
Chile,2015,Mar,370.8
Chile,2015,Apr,313.4
Chile,2015,May,263.9
Chile,2015,Jun,284.0
Chile,2015,Jul,331.1
Chile,2015,Aug,294.7
Chile,2015,Sep,300.5
Chile,2015,Oct,360.3
Chile,2015,Nov,401.3
Chile,2015,Dec,565.3
Chile,2016,Jan,730.8
Chile,2016,Feb,599.4
Chile,2016,Mar,510.7
Chile,2016,Apr,374.2
Chile,2016,May,320.4
Chile,2016,Jun,301.8
Chile,2016,Jul,440.9
Chile,2016,Aug,370.8
Chile,2016,Sep,403.2
Chile,2016,Oct,456.3
Chile,2016,Nov,474.3
Chile,2016,Dec,657.8
Chile,2017,Jan,964.0
Chile,2017,Feb,709.0
Chile,2017,Mar,521.1
Chile,2017,Apr,469.6
Chile,2017,May,358.0
Chile,2017,Jun,322.6
Chile,2017,Jul,491.2
Chile,2017,Aug,480.2
Chile,2017,Sep,442.5
Chile,2017,Oct,481.8
Chile,2017,Nov,517.2
Chile,2017,Dec,692.7
Chile,2018,Jan,893.3
Chile,2018,Feb,683.0
Chile,2018,Mar,574.3
Chile,2018,Apr,436.3
Chile,2018,May,329.5
Chile,2018,Jun,281.4
Chile,2018,Jul,409.8
Chile,2018,Aug,372.4
Chile,2018,Sep,351.6
Chile,2018,Oct,369.4
Chile,2018,Nov,464.0
Chile,2018,Dec,557.9
Chile,2019,Jan,625.4
Chile,2019,Feb,436.8
Chile,2019,Mar,454.8
Chile,2019,Apr,377.7
Chile,2019,May,306.5
Chile,2019,Jun,300.0
Chile,2019,Jul,376.0
Chile,2019,Aug,322.9
Chile,2019,Sep,288.5
Chile,2019,Oct,306.1
Chile,2019,Nov,292.2
Chile,2019,Dec,431.1
Chile,2020,Jan,509.1
Chile,2020,Feb,399.8
Chile,2020,Mar,168.3
Chile,2020,Apr,0.0
Chile,2020,May,0.0
Chile,2020,Jun,0.0
Chile,2020,Jul,0.0
Chile,2020,Aug,0.0
Chile,2020,Sep,0.0
Chile,2020,Oct,0.0
Chile,2020,Nov,8.7
Chile,2020,Dec,33.3
Chile,2021,Jan,22.4
Chile,2021,Feb,20.5
Chile,2021,Mar,22.7
Chile,2021,Apr,0.0
Chile,2021,May,0.0
Chile,2021,Jun,0.0
Chile,2021,Jul,0.0
Chile,2021,Aug,0.0
Chile,2021,Sep,0.0
Chile,2021,Oct,16.4
Chile,2021,Nov,35.9
Chile,2021,Dec,72.1
Chile,2022,Jan,69.7
Chile,2022,Feb,70.3
Chile,2022,Mar,81.2
Chile,2022,Apr,95.7
Chile,2022,May,123.3
Chile,2022,Jun,127.1
Chile,2022,Jul,169.6
Chile,2022,Aug,174.1
Chile,2022,Sep,203.5
Chile,2022,Oct,254.8
Chile,2022,Nov,284.1
Chile,2022,Dec,376.9
Chile,2023,Jan,477.5
Chile,2023,Feb,351.8
Chile,2023,Mar,307.7
Chile,2023,Apr,268.6
Chile,2023,May,224.4
Chile,2023,Jun,202.7
Chile,2023,Jul,267.8
Chile,2023,Aug,256.1
Chile,2023,Sep,255.7
Chile,2023,Oct,330.7
Chile,2023,Nov,347.8
Chile,2023,Dec,439.6
Chile,2024,Jan,506.2
Chile,2024,Feb,419.2
Chile,2024,Mar,451.2
Chile,2024,Apr,395.6
Chile,2024,May,335.4
Chile,2024,Jun,281.8
Chile,2024,Jul,460.3
Chile,2024,Aug,398.0
Chile,2024,Sep,381.7
Chile,2024,Oct,456.6
Chile,2024,Nov,505.6
Chile,2024,Dec,647.7
Chile,2025,Jan,846.8
Chile,2025,Feb,648.9
Chile,2025,Mar,535.5
Chile,2025,Apr,465.1
Chile,2025,May,373.6
Chile,2025,Jun,299.2
China,2015,Feb,3738.0
China,2015,Mar,4782.0
China,2015,Apr,5145.0
China,2015,May,4844.0
China,2015,Jun,4578.0
China,2015,Jul,4617.0
China,2015,Aug,4806.0
China,2015,Sep,4811.0
China,2015,Oct,5204.0
China,2015,Nov,4900.0
China,2015,Dec,4868.0
China,2016,Jan,4630.0
China,2016,Feb,4096.0
China,2016,Mar,4978.0
China,2016,Apr,5356.0
China,2016,May,5043.0
China,2016,Jun,4766.0
China,2016,Jul,4806.0
China,2016,Aug,5002.0
China,2016,Sep,5008.0
China,2016,Oct,5417.0
China,2016,Nov,5100.0
China,2016,Dec,5067.0
China,2017,Jan,4830.0
China,2017,Feb,4273.0
China,2017,Mar,5193.0
China,2017,Apr,5588.0
China,2017,May,5261.0
China,2017,Jun,4972.0
China,2017,Jul,4841.0
China,2017,Aug,5039.0
China,2017,Sep,5045.0
China,2017,Oct,5457.0
China,2017,Nov,5138.0
China,2017,Dec,5104.0
China,2018,Jan,4926.0
China,2018,Feb,4359.0
China,2018,Mar,5297.0
China,2018,Apr,5700.0
China,2018,May,5367.0
China,2018,Jun,5072.0
China,2018,Jul,4978.0
China,2018,Aug,5182.0
China,2018,Sep,5188.0
China,2018,Oct,5850.0
China,2018,Nov,5508.0
China,2018,Dec,5473.0
China,2019,Jan,5176.0
China,2019,Feb,4582.0
China,2019,Mar,5834.0
China,2019,Apr,6147.0
China,2019,May,5651.0
China,2019,Jun,5597.0
China,2019,Jul,5061.0
China,2019,Aug,5268.0
China,2019,Sep,5274.0
China,2019,Oct,5947.0
China,2019,Nov,5600.0
China,2019,Dec,5563.0
China,2020,Jan,4249.0
China,2020,Feb,360.7
China,2020,Mar,323.6
China,2020,Apr,66.4
China,2020,May,105.4
China,2020,Jun,151.3
China,2020,Jul,300.3
China,2020,Aug,425.9
China,2020,Sep,464.8
China,2020,Oct,491.8
China,2020,Nov,502.2
China,2020,Dec,525.1
China,2021,Jan,508.4
Colombia,2015,Feb,226.0
Colombia,2015,Mar,235.4
Colombia,2015,Apr,210.0
Colombia,2015,May,224.9
Colombia,2015,Jun,238.7
Colombia,2015,Jul,282.8
Colombia,2015,Aug,270.5
Colombia,2015,Sep,226.3
Colombia,2015,Oct,236.8
Colombia,2015,Nov,254.2
Colombia,2015,Dec,363.4
Colombia,2016,Jan,253.2
Colombia,2016,Feb,257.7
Colombia,2016,Mar,264.8
Colombia,2016,Apr,230.6
Colombia,2016,May,232.2
Colombia,2016,Jun,262.4
Colombia,2016,Jul,296.1
Colombia,2016,Aug,314.0
Colombia,2016,Sep,272.0
Colombia,2016,Oct,267.8
Colombia,2016,Nov,286.4
Colombia,2016,Dec,388.8
Colombia,2017,Jan,270.9
Colombia,2017,Feb,283.1
Colombia,2017,Mar,282.5
Colombia,2017,Apr,276.2
Colombia,2017,May,270.1
Colombia,2017,Jun,292.6
Colombia,2017,Jul,333.4
Colombia,2017,Aug,331.4
Colombia,2017,Sep,274.3
Colombia,2017,Oct,276.5
Colombia,2017,Nov,313.4
Colombia,2017,Dec,437.1
Colombia,2018,Jan,305.6
Colombia,2018,Feb,320.6
Colombia,2018,Mar,338.3
Colombia,2018,Apr,292.2
Colombia,2018,May,289.1
Colombia,2018,Jun,314.7
Colombia,2018,Jul,350.8
Colombia,2018,Aug,349.4
Colombia,2018,Sep,287.2
Colombia,2018,Oct,282.3
Colombia,2018,Nov,412.1
Colombia,2018,Dec,481.6
Colombia,2019,Jan,328.5
Colombia,2019,Feb,356.1
Colombia,2019,Mar,356.9
Colombia,2019,Apr,314.5
Colombia,2019,May,321.3
Colombia,2019,Jun,336.9
Colombia,2019,Jul,374.5
Colombia,2019,Aug,361.1
Colombia,2019,Sep,305.3
Colombia,2019,Oct,307.8
Colombia,2019,Nov,338.8
Colombia,2019,Dec,471.9
Colombia,2020,Jan,345.5
Colombia,2020,Feb,377.4
Colombia,2020,Mar,182.3
Colombia,2020,Apr,0.7
Colombia,2020,May,1.3
Colombia,2020,Jun,3.1
Colombia,2020,Jul,3.2
Colombia,2020,Aug,3.1
Colombia,2020,Sep,11.5
Colombia,2020,Oct,55.6
Colombia,2020,Nov,90.3
Colombia,2020,Dec,176.2
Colombia,2021,Jan,91.0
Colombia,2021,Feb,79.7
Colombia,2021,Mar,111.9
Colombia,2021,Apr,89.8
Colombia,2021,May,88.7
Colombia,2021,Jun,139.4
Colombia,2021,Jul,188.5
Colombia,2021,Aug,197.1
Colombia,2021,Sep,205.0
Colombia,2021,Oct,223.6
Colombia,2021,Nov,293.4
Colombia,2021,Dec,430.7
Colombia,2022,Jan,275.5
Colombia,2022,Feb,291.3
Colombia,2022,Mar,335.6
Colombia,2022,Apr,349.7
Colombia,2022,May,336.3
Colombia,2022,Jun,368.6
Colombia,2022,Jul,439.6
Colombia,2022,Aug,419.0
Colombia,2022,Sep,376.0
Colombia,2022,Oct,382.5
Colombia,2022,Nov,427.3
Colombia,2022,Dec,552.4
Colombia,2023,Jan,435.6
Colombia,2023,Feb,427.8
Colombia,2023,Mar,451.7
Colombia,2023,Apr,332.8
Colombia,2023,May,510.0
Colombia,2023,Jun,481.4
Colombia,2023,Jul,564.1
Colombia,2023,Aug,520.7
Colombia,2023,Sep,444.1
Colombia,2023,Oct,453.4
Colombia,2023,Nov,530.1
Colombia,2023,Dec,673.3
Colombia,2024,Jan,526.0
Colombia,2024,Feb,523.9
Colombia,2024,Mar,543.2
Colombia,2024,Apr,490.6
Colombia,2024,May,509.0
Colombia,2024,Jun,553.4
Colombia,2024,Jul,862.1
Colombia,2024,Aug,605.3
Colombia,2024,Sep,211.7
Colombia,2024,Oct,511.4
Colombia,2024,Nov,574.2
Colombia,2024,Dec,921.2
Colombia,2025,Jan,490.2
Colombia,2025,Feb,512.7
Colombia,2025,Mar,547.2
Colombia,2025,Apr,517.1
Colombia,2025,May,519.0
Colombia,2025,Jun,561.5
Colombia,2025,Jul,624.3
Colombia,2025,Aug,498.3
Cook Islands,2015,Feb,5.6
Cook Islands,2015,Mar,8.5
Cook Islands,2015,Apr,9.1
Cook Islands,2015,May,10.4
Cook Islands,2015,Jun,12.0
Cook Islands,2015,Jul,14.4
Cook Islands,2015,Aug,12.7
Cook Islands,2015,Sep,12.1
Cook Islands,2015,Oct,13.3
Cook Islands,2015,Nov,9.4
Cook Islands,2015,Dec,11.1
Cook Islands,2016,Jan,8.2
Cook Islands,2016,Feb,6.1
Cook Islands,2016,Mar,9.9
Cook Islands,2016,Apr,11.3
Cook Islands,2016,May,12.3
Cook Islands,2016,Jun,14.4
Cook Islands,2016,Jul,16.5
Cook Islands,2016,Aug,14.4
Cook Islands,2016,Sep,14.9
Cook Islands,2016,Oct,14.2
Cook Islands,2016,Nov,11.1
Cook Islands,2016,Dec,13.1
Cook Islands,2017,Jan,10.0
Cook Islands,2017,Feb,7.7
Cook Islands,2017,Mar,11.0
Cook Islands,2017,Apr,13.2
Cook Islands,2017,May,13.4
Cook Islands,2017,Jun,15.7
Cook Islands,2017,Jul,16.4
Cook Islands,2017,Aug,15.9
Cook Islands,2017,Sep,15.7
Cook Islands,2017,Oct,15.4
Cook Islands,2017,Nov,12.7
Cook Islands,2017,Dec,14.3
Cook Islands,2018,Jan,9.5
Cook Islands,2018,Feb,8.5
Cook Islands,2018,Mar,12.0
Cook Islands,2018,Apr,13.2
Cook Islands,2018,May,15.2
Cook Islands,2018,Jun,16.1
Cook Islands,2018,Jul,18.3
Cook Islands,2018,Aug,16.8
Cook Islands,2018,Sep,16.5
Cook Islands,2018,Oct,15.5
Cook Islands,2018,Nov,13.1
Cook Islands,2018,Dec,14.1
Cook Islands,2019,Jan,10.1
Cook Islands,2019,Feb,7.6
Cook Islands,2019,Mar,10.7
Cook Islands,2019,Apr,13.7
Cook Islands,2019,May,14.4
Cook Islands,2019,Jun,15.9
Cook Islands,2019,Jul,18.6
Cook Islands,2019,Aug,18.5
Cook Islands,2019,Sep,17.9
Cook Islands,2019,Oct,16.1
Cook Islands,2019,Nov,13.4
Cook Islands,2019,Dec,14.6
Cook Islands,2020,Jan,9.9
Cook Islands,2020,Feb,9.0
Cook Islands,2020,Mar,5.8
Cook Islands,2020,Apr,0.0
Cook Islands,2020,May,0.0
Cook Islands,2020,Jun,0.1
Cook Islands,2020,Jul,0.2
Cook Islands,2020,Aug,0.0
Cook Islands,2020,Sep,0.0
Cook Islands,2020,Oct,0.0
Cook Islands,2020,Nov,0.1
Cook Islands,2020,Dec,0.1
Cook Islands,2021,Jan,0.1
Cook Islands,2021,Feb,0.1
Cook Islands,2021,Mar,0.1
Cook Islands,2021,Apr,0.2
Cook Islands,2021,May,1.5
Cook Islands,2021,Jun,6.1
Cook Islands,2021,Jul,12.4
Cook Islands,2021,Aug,5.9
Cook Islands,2021,Sep,0.0
Cook Islands,2021,Oct,0.0
Cook Islands,2021,Nov,0.0
Cook Islands,2021,Dec,0.1
Cook Islands,2022,Jan,3.6
Cook Islands,2022,Feb,3.2
Cook Islands,2022,Mar,3.6
Cook Islands,2022,Apr,8.1
Cook Islands,2022,May,9.0
Cook Islands,2022,Jun,14.0
Cook Islands,2022,Jul,15.0
Cook Islands,2022,Aug,13.2
Cook Islands,2022,Sep,12.9
Cook Islands,2022,Oct,11.9
Cook Islands,2022,Nov,9.3
Cook Islands,2022,Dec,9.9
Cook Islands,2023,Jan,7.0
Cook Islands,2023,Feb,6.0
Cook Islands,2023,Mar,7.9
Cook Islands,2023,Apr,9.9
Cook Islands,2023,May,11.1
Cook Islands,2023,Jun,13.4
Cook Islands,2023,Jul,16.2
Cook Islands,2023,Aug,15.5
Cook Islands,2023,Sep,15.7
Cook Islands,2023,Oct,15.0
Cook Islands,2023,Nov,12.5
Cook Islands,2023,Dec,13.3
Cook Islands,2024,Jan,10.5
Cook Islands,2024,Feb,7.3
Cook Islands,2024,Mar,11.6
Cook Islands,2024,Apr,14.0
Cook Islands,2024,May,15.8
Cook Islands,2024,Jun,16.2
Cook Islands,2024,Jul,17.3
Cook Islands,2024,Aug,16.8
Cook Islands,2024,Sep,17.4
Cook Islands,2024,Oct,16.4
Cook Islands,2024,Nov,13.4
Cook Islands,2024,Dec,13.8
Cook Islands,2025,Jan,12.3
Cook Islands,2025,Feb,9.4
Cook Islands,2025,Mar,11.6
Cook Islands,2025,Apr,14.7
Cook Islands,2025,May,15.8
Cook Islands,2025,Jun,16.9
Cook Islands,2025,Jul,20.0
Cook Islands,2025,Aug,18.8
Cook Islands,2025,Sep,18.4
Costa Rica,2015,Feb,253.3
Costa Rica,2015,Mar,265.5
Costa Rica,2015,Apr,221.1
Costa Rica,2015,May,180.1
Costa Rica,2015,Jun,202.4
Costa Rica,2015,Jul,238.2
Costa Rica,2015,Aug,197.9
Costa Rica,2015,Sep,146.5
Costa Rica,2015,Oct,159.1
Costa Rica,2015,Nov,216.7
Costa Rica,2015,Dec,287.0
Costa Rica,2016,Jan,326.2
Costa Rica,2016,Feb,287.1
Costa Rica,2016,Mar,306.3
Costa Rica,2016,Apr,233.4
Costa Rica,2016,May,204.6
Costa Rica,2016,Jun,231.3
Costa Rica,2016,Jul,277.3
Costa Rica,2016,Aug,220.2
Costa Rica,2016,Sep,160.1
Costa Rica,2016,Oct,172.9
Costa Rica,2016,Nov,212.0
Costa Rica,2016,Dec,293.7
Costa Rica,2017,Jan,325.7
Costa Rica,2017,Feb,289.7
Costa Rica,2017,Mar,304.2
Costa Rica,2017,Apr,266.7
Costa Rica,2017,May,208.6
Costa Rica,2017,Jun,239.3
Costa Rica,2017,Jul,264.2
Costa Rica,2017,Aug,216.2
Costa Rica,2017,Sep,163.3
Costa Rica,2017,Oct,166.9
Costa Rica,2017,Nov,224.1
Costa Rica,2017,Dec,291.1
Costa Rica,2018,Jan,336.9
Costa Rica,2018,Feb,303.6
Costa Rica,2018,Mar,328.7
Costa Rica,2018,Apr,260.4
Costa Rica,2018,May,206.9
Costa Rica,2018,Jun,224.7
Costa Rica,2018,Jul,255.2
Costa Rica,2018,Aug,222.4
Costa Rica,2018,Sep,161.0
Costa Rica,2018,Oct,172.5
Costa Rica,2018,Nov,234.5
Costa Rica,2018,Dec,310.0
Costa Rica,2019,Jan,355.3
Costa Rica,2019,Feb,312.8
Costa Rica,2019,Mar,335.6
Costa Rica,2019,Apr,262.0
Costa Rica,2019,May,211.6
Costa Rica,2019,Jun,248.7
Costa Rica,2019,Jul,269.4
Costa Rica,2019,Aug,225.3
Costa Rica,2019,Sep,160.2
Costa Rica,2019,Oct,185.6
Costa Rica,2019,Nov,245.6
Costa Rica,2019,Dec,326.9
Costa Rica,2020,Jan,358.7
Costa Rica,2020,Feb,341.0
Costa Rica,2020,Mar,163.0
Costa Rica,2020,Apr,8.3
Costa Rica,2020,May,3.8
Costa Rica,2020,Jun,7.2
Costa Rica,2020,Jul,1.0
Costa Rica,2020,Aug,2.4
Costa Rica,2020,Sep,3.8
Costa Rica,2020,Oct,10.1
Costa Rica,2020,Nov,37.6
Costa Rica,2020,Dec,75.0
Costa Rica,2021,Jan,62.2
Costa Rica,2021,Feb,55.3
Costa Rica,2021,Mar,89.3
Costa Rica,2021,Apr,89.3
Costa Rica,2021,May,95.9
Costa Rica,2021,Jun,124.7
Costa Rica,2021,Jul,154.7
Costa Rica,2021,Aug,122.2
Costa Rica,2021,Sep,85.2
Costa Rica,2021,Oct,100.1
Costa Rica,2021,Nov,151.7
Costa Rica,2021,Dec,216.7
Costa Rica,2022,Jan,188.2
Costa Rica,2022,Feb,200.2
Costa Rica,2022,Mar,243.2
Costa Rica,2022,Apr,213.7
Costa Rica,2022,May,176.2
Costa Rica,2022,Jun,202.2
Costa Rica,2022,Jul,223.0
Costa Rica,2022,Aug,178.5
Costa Rica,2022,Sep,122.2
Costa Rica,2022,Oct,137.1
Costa Rica,2022,Nov,204.9
Costa Rica,2022,Dec,260.1
Costa Rica,2023,Jan,272.4
Costa Rica,2023,Feb,278.3
Costa Rica,2023,Mar,293.6
Costa Rica,2023,Apr,236.6
Costa Rica,2023,May,187.4
Costa Rica,2023,Jun,221.2
Costa Rica,2023,Jul,245.0
Costa Rica,2023,Aug,196.2
Costa Rica,2023,Sep,131.8
Costa Rica,2023,Oct,149.5
Costa Rica,2023,Nov,231.5
Costa Rica,2023,Dec,307.6
Costa Rica,2024,Jan,299.2
Costa Rica,2024,Feb,317.8
Costa Rica,2024,Mar,350.3
Costa Rica,2024,Apr,242.5
Costa Rica,2024,May,216.7
Costa Rica,2024,Jun,244.4
Costa Rica,2024,Jul,258.9
Costa Rica,2024,Aug,201.0
Costa Rica,2024,Sep,123.4
Costa Rica,2024,Oct,138.3
Costa Rica,2024,Nov,220.8
Costa Rica,2024,Dec,306.1
Costa Rica,2025,Jan,298.5
Costa Rica,2025,Feb,293.8
Costa Rica,2025,Mar,336.5
Costa Rica,2025,Apr,252.9
Costa Rica,2025,May,205.8
Costa Rica,2025,Jun,232.6
Costa Rica,2025,Jul,262.0
Costa Rica,2025,Aug,200.0
Costa Rica,2025,Sep,121.8
Croatia,2015,Feb,91.4
Croatia,2015,Mar,189.8
Croatia,2015,Apr,531.8
Croatia,2015,May,1020.0
Croatia,2015,Jun,1705.0
Croatia,2015,Jul,3072.0
Croatia,2015,Aug,3577.0
Croatia,2015,Sep,1486.0
Croatia,2015,Oct,533.5
Croatia,2015,Nov,137.9
Croatia,2015,Dec,132.1
Croatia,2016,Jan,82.1
Croatia,2016,Feb,114.4
Croatia,2016,Mar,244.3
Croatia,2016,Apr,513.5
Croatia,2016,May,1036.0
Croatia,2016,Jun,1714.0
Croatia,2016,Jul,3642.0
Croatia,2016,Aug,3707.0
Croatia,2016,Sep,1701.0
Croatia,2016,Oct,612.6
Croatia,2016,Nov,175.6
Croatia,2016,Dec,171.3
Croatia,2017,Jan,101.4
Croatia,2017,Feb,125.2
Croatia,2017,Mar,232.0
Croatia,2017,Apr,769.7
Croatia,2017,May,1077.0
Croatia,2017,Jun,2319.0
Croatia,2017,Jul,4089.0
Croatia,2017,Aug,3953.0
Croatia,2017,Sep,1827.0
Croatia,2017,Oct,707.1
Croatia,2017,Nov,195.3
Croatia,2017,Dec,197.3
Croatia,2018,Jan,122.6
Croatia,2018,Feb,137.2
Croatia,2018,Mar,321.6
Croatia,2018,Apr,783.3
Croatia,2018,May,1443.0
Croatia,2018,Jun,2394.0
Croatia,2018,Jul,4068.0
Croatia,2018,Aug,4085.0
Croatia,2018,Sep,2021.0
Croatia,2018,Oct,797.7
Croatia,2018,Nov,244.9
Croatia,2018,Dec,226.7
Croatia,2019,Jan,119.8
Croatia,2019,Feb,170.5
Croatia,2019,Mar,318.6
Croatia,2019,Apr,933.7
Croatia,2019,May,1354.0
Croatia,2019,Jun,2673.0
Croatia,2019,Jul,4033.0
Croatia,2019,Aug,4365.0
Croatia,2019,Sep,1995.0
Croatia,2019,Oct,894.7
Croatia,2019,Nov,256.2
Croatia,2019,Dec,239.4
Croatia,2020,Jan,122.5
Croatia,2020,Feb,172.0
Croatia,2020,Mar,61.1
Croatia,2020,Apr,0.8
Croatia,2020,May,31.5
Croatia,2020,Jun,641.5
Croatia,2020,Jul,1968.0
Croatia,2020,Aug,2056.0
Croatia,2020,Sep,354.9
Croatia,2020,Oct,88.8
Croatia,2020,Nov,32.2
Croatia,2020,Dec,15.7
Croatia,2021,Jan,16.4
Croatia,2021,Feb,20.4
Croatia,2021,Mar,44.6
Croatia,2021,Apr,98.4
Croatia,2021,May,274.9
Croatia,2021,Jun,1095.0
Croatia,2021,Jul,3165.0
Croatia,2021,Aug,3672.0
Croatia,2021,Sep,1566.0
Croatia,2021,Oct,462.0
Croatia,2021,Nov,107.8
Croatia,2021,Dec,118.6
Croatia,2022,Jan,73.5
Croatia,2022,Feb,115.7
Croatia,2022,Mar,191.2
Croatia,2022,Apr,641.9
Croatia,2022,May,976.3
Croatia,2022,Jun,2369.0
Croatia,2022,Jul,4006.0
Croatia,2022,Aug,4013.0
Croatia,2022,Sep,1867.0
Croatia,2022,Oct,691.3
Croatia,2022,Nov,184.2
Croatia,2022,Dec,194.3
Croatia,2023,Jan,114.6
Croatia,2023,Feb,143.3
Croatia,2023,Mar,273.1
Croatia,2023,Apr,870.5
Croatia,2023,May,1373.0
Croatia,2023,Jun,2446.0
Croatia,2023,Jul,4157.0
Croatia,2023,Aug,4063.0
Croatia,2023,Sep,2157.0
Croatia,2023,Oct,815.0
Croatia,2023,Nov,213.5
Croatia,2023,Dec,228.3
Croatia,2024,Jan,117.9
Croatia,2024,Feb,169.4
Croatia,2024,Mar,370.9
Croatia,2024,Apr,813.5
Croatia,2024,May,1659.0
Croatia,2024,Jun,2532.0
Croatia,2024,Jul,4040.0
Croatia,2024,Aug,4246.0
Croatia,2024,Sep,2053.0
Croatia,2024,Oct,897.8
Croatia,2024,Nov,241.2
Croatia,2024,Dec,238.3
Croatia,2025,Jan,132.4
Croatia,2025,Feb,158.6
Croatia,2025,Mar,259.9
Croatia,2025,Apr,956.2
Croatia,2025,May,1510.0
Croatia,2025,Jun,2834.0
Croatia,2025,Jul,3976.0
Croatia,2025,Aug,4248.0
Croatia,2025,Sep,2157.0
Cuba,2015,Feb,362.6
Cuba,2015,Mar,405.4
Cuba,2015,Apr,331.8
Cuba,2015,May,238.6
Cuba,2015,Jun,219.9
Cuba,2015,Jul,267.8
Cuba,2015,Aug,241.7
Cuba,2015,Sep,194.9
Cuba,2015,Oct,228.3
Cuba,2015,Nov,293.7
Cuba,2015,Dec,383.3
Cuba,2016,Jan,420.6
Cuba,2016,Feb,417.5
Cuba,2016,Mar,457.1
Cuba,2016,Apr,352.7
Cuba,2016,May,263.0
Cuba,2016,Jun,246.0
Cuba,2016,Jul,307.9
Cuba,2016,Aug,267.5
Cuba,2016,Sep,218.3
Cuba,2016,Oct,258.6
Cuba,2016,Nov,325.0
Cuba,2016,Dec,475.0
Cuba,2017,Jan,488.2
Cuba,2017,Feb,484.6
Cuba,2017,Mar,530.6
Cuba,2017,Apr,409.4
Cuba,2017,May,305.3
Cuba,2017,Jun,285.6
Cuba,2017,Jul,357.3
Cuba,2017,Aug,310.5
Cuba,2017,Sep,253.3
Cuba,2017,Oct,300.1
Cuba,2017,Nov,377.2
Cuba,2017,Dec,551.4
Cuba,2018,Jan,446.4
Cuba,2018,Feb,441.6
Cuba,2018,Mar,510.8
Cuba,2018,Apr,404.1
Cuba,2018,May,357.1
Cuba,2018,Jun,342.8
Cuba,2018,Jul,386.0
Cuba,2018,Aug,369.0
Cuba,2018,Sep,282.8
Cuba,2018,Oct,326.4
Cuba,2018,Nov,390.1
Cuba,2018,Dec,454.9
Cuba,2019,Jan,489.6
Cuba,2019,Feb,459.4
Cuba,2019,Mar,521.4
Cuba,2019,Apr,458.1
Cuba,2019,May,358.3
Cuba,2019,Jun,274.8
Cuba,2019,Jul,295.0
Cuba,2019,Aug,269.3
Cuba,2019,Sep,201.3
Cuba,2019,Oct,235.6
Cuba,2019,Nov,333.9
Cuba,2019,Dec,378.7
Cuba,2020,Jan,393.7
Cuba,2020,Feb,398.8
Cuba,2020,Mar,189.4
Cuba,2020,Apr,1.2
Cuba,2020,May,1.0
Cuba,2020,Jun,1.1
Cuba,2020,Jul,1.5
Cuba,2020,Aug,1.3
Cuba,2020,Sep,1.7
Cuba,2020,Oct,3.3
Cuba,2020,Nov,28.0
Cuba,2020,Dec,64.9
Cuba,2021,Jan,22.3
Cuba,2021,Feb,13.2
Cuba,2021,Mar,12.5
Cuba,2021,Apr,16.6
Cuba,2021,May,23.5
Cuba,2021,Jun,26.2
Cuba,2021,Jul,26.9
Cuba,2021,Aug,22.4
Cuba,2021,Sep,17.0
Cuba,2021,Oct,23.2
Cuba,2021,Nov,51.2
Cuba,2021,Dec,101.3
Cuba,2022,Jan,86.4
Cuba,2022,Feb,99.3
Cuba,2022,Mar,128.8
Cuba,2022,Apr,133.3
Cuba,2022,May,117.0
Cuba,2022,Jun,117.6
Cuba,2022,Jul,152.4
Cuba,2022,Aug,136.6
Cuba,2022,Sep,103.4
Cuba,2022,Oct,123.6
Cuba,2022,Nov,178.9
Cuba,2022,Dec,236.9
Cuba,2023,Jan,249.2
Cuba,2023,Feb,239.8
Cuba,2023,Mar,263.5
Cuba,2023,Apr,231.7
Cuba,2023,May,159.9
Cuba,2023,Jun,154.6
Cuba,2023,Jul,190.8
Cuba,2023,Aug,177.7
Cuba,2023,Sep,147.2
Cuba,2023,Oct,159.0
Cuba,2023,Nov,204.7
Cuba,2023,Dec,259.1
Cuba,2024,Jan,259.8
Cuba,2024,Feb,268.1
Cuba,2024,Mar,281.0
Cuba,2024,Apr,215.1
Cuba,2024,May,150.5
Cuba,2024,Jun,135.1
Cuba,2024,Jul,153.3
Cuba,2024,Aug,145.0
Cuba,2024,Sep,111.1
Cuba,2024,Oct,125.8
Cuba,2024,Nov,160.5
Cuba,2024,Dec,197.8
Cuba,2025,Jan,196.0
Cuba,2025,Feb,178.3
Cuba,2025,Mar,197.5
Cuba,2025,Apr,169.3
Cuba,2025,May,121.2
Cuba,2025,Jun,119.5
Cuba,2025,Jul,142.1
Cuba,2025,Aug,136.0
Cuba,2025,Sep,106.7
Cyprus,2015,Feb,50.7
Cyprus,2015,Mar,97.5
Cyprus,2015,Apr,201.5
Cyprus,2015,May,307.4
Cyprus,2015,Jun,337.0
Cyprus,2015,Jul,414.5
Cyprus,2015,Aug,392.3
Cyprus,2015,Sep,360.9
Cyprus,2015,Oct,269.4
Cyprus,2015,Nov,108.1
Cyprus,2015,Dec,78.3
Cyprus,2016,Jan,48.6
Cyprus,2016,Feb,66.0
Cyprus,2016,Mar,137.0
Cyprus,2016,Apr,225.6
Cyprus,2016,May,364.9
Cyprus,2016,Jun,413.1
Cyprus,2016,Jul,482.1
Cyprus,2016,Aug,458.6
Cyprus,2016,Sep,421.2
Cyprus,2016,Oct,357.2
Cyprus,2016,Nov,124.2
Cyprus,2016,Dec,87.9
Cyprus,2017,Jan,62.6
Cyprus,2017,Feb,82.2
Cyprus,2017,Mar,140.9
Cyprus,2017,Apr,286.3
Cyprus,2017,May,418.7
Cyprus,2017,Jun,472.5
Cyprus,2017,Jul,531.0
Cyprus,2017,Aug,523.7
Cyprus,2017,Sep,483.7
Cyprus,2017,Oct,406.9
Cyprus,2017,Nov,144.7
Cyprus,2017,Dec,98.9
Cyprus,2018,Jan,75.9
Cyprus,2018,Feb,101.5
Cyprus,2018,Mar,192.1
Cyprus,2018,Apr,314.1
Cyprus,2018,May,450.5
Cyprus,2018,Jun,511.1
Cyprus,2018,Jul,539.6
Cyprus,2018,Aug,534.8
Cyprus,2018,Sep,520.1
Cyprus,2018,Oct,433.6
Cyprus,2018,Nov,158.7
Cyprus,2018,Dec,106.6
Cyprus,2019,Jan,82.0
Cyprus,2019,Feb,105.6
Cyprus,2019,Mar,169.9
Cyprus,2019,Apr,329.3
Cyprus,2019,May,434.6
Cyprus,2019,Jun,509.7
Cyprus,2019,Jul,551.0
Cyprus,2019,Aug,553.8
Cyprus,2019,Sep,524.7
Cyprus,2019,Oct,436.5
Cyprus,2019,Nov,169.4
Cyprus,2019,Dec,110.3
Cyprus,2020,Jan,85.6
Cyprus,2020,Feb,105.6
Cyprus,2020,Mar,55.3
Cyprus,2020,Apr,0.0
Cyprus,2020,May,0.0
Cyprus,2020,Jun,9.1
Cyprus,2020,Jul,64.9
Cyprus,2020,Aug,104.3
Cyprus,2020,Sep,87.3
Cyprus,2020,Oct,100.8
Cyprus,2020,Nov,9.0
Cyprus,2020,Dec,9.7
Cyprus,2021,Jan,3.9
Cyprus,2021,Feb,5.0
Cyprus,2021,Mar,8.8
Cyprus,2021,Apr,38.2
Cyprus,2021,May,100.9
Cyprus,2021,Jun,184.2
Cyprus,2021,Jul,297.3
Cyprus,2021,Aug,321.9
Cyprus,2021,Sep,339.2
Cyprus,2021,Oct,391.6
Cyprus,2021,Nov,149.0
Cyprus,2021,Dec,96.9
Cyprus,2022,Jan,43.9
Cyprus,2022,Feb,71.9
Cyprus,2022,Mar,128.8
Cyprus,2022,Apr,289.3
Cyprus,2022,May,315.0
Cyprus,2022,Jun,372.3
Cyprus,2022,Jul,454.7
Cyprus,2022,Aug,451.1
Cyprus,2022,Sep,413.4
Cyprus,2022,Oct,400.6
Cyprus,2022,Nov,149.9
Cyprus,2022,Dec,110.0
Cyprus,2023,Jan,90.5
Cyprus,2023,Feb,119.1
Cyprus,2023,Mar,184.3
Cyprus,2023,Apr,342.7
Cyprus,2023,May,420.1
Cyprus,2023,Jun,457.0
Cyprus,2023,Jul,523.7
Cyprus,2023,Aug,511.4
Cyprus,2023,Sep,487.4
Cyprus,2023,Oct,426.3
Cyprus,2023,Nov,159.6
Cyprus,2023,Dec,123.6
Cyprus,2024,Jan,88.0
Cyprus,2024,Feb,125.0
Cyprus,2024,Mar,202.3
Cyprus,2024,Apr,333.6
Cyprus,2024,May,421.4
Cyprus,2024,Jun,482.3
Cyprus,2024,Jul,551.2
Cyprus,2024,Aug,554.9
Cyprus,2024,Sep,509.5
Cyprus,2024,Oct,459.1
Cyprus,2024,Nov,179.9
Cyprus,2024,Dec,133.1
Cyprus,2025,Jan,112.1
Cyprus,2025,Feb,133.8
Cyprus,2025,Mar,200.7
Cyprus,2025,Apr,418.7
Cyprus,2025,May,479.2
Cyprus,2025,Jun,498.5
Cyprus,2025,Jul,589.1
Cyprus,2025,Aug,602.0
Cyprus,2025,Sep,570.6
Czechia,2015,Feb,458.6
Czechia,2015,Mar,583.4
Czechia,2015,Apr,695.4
Czechia,2015,May,853.1
Czechia,2015,Jun,834.6
Czechia,2015,Jul,972.5
Czechia,2015,Aug,1015.0
Czechia,2015,Sep,838.6
Czechia,2015,Oct,774.5
Czechia,2015,Nov,576.6
Czechia,2015,Dec,655.9
Czechia,2016,Jan,480.5
Czechia,2016,Feb,515.0
Czechia,2016,Mar,677.5
Czechia,2016,Apr,703.1
Czechia,2016,May,882.5
Czechia,2016,Jun,843.6
Czechia,2016,Jul,1044.0
Czechia,2016,Aug,1054.0
Czechia,2016,Sep,899.3
Czechia,2016,Oct,859.7
Czechia,2016,Nov,626.6
Czechia,2016,Dec,735.4
Czechia,2017,Jan,549.8
Czechia,2017,Feb,561.6
Czechia,2017,Mar,696.3
Czechia,2017,Apr,867.7
Czechia,2017,May,941.8
Czechia,2017,Jun,978.4
Czechia,2017,Jul,1097.0
Czechia,2017,Aug,1113.0
Czechia,2017,Sep,957.8
Czechia,2017,Oct,926.9
Czechia,2017,Nov,684.7
Czechia,2017,Dec,785.7
Czechia,2018,Jan,596.2
Czechia,2018,Feb,622.4
Czechia,2018,Mar,798.0
Czechia,2018,Apr,856.1
Czechia,2018,May,988.4
Czechia,2018,Jun,974.3
Czechia,2018,Jul,1133.0
Czechia,2018,Aug,1155.0
Czechia,2018,Sep,979.6
Czechia,2018,Oct,946.0
Czechia,2018,Nov,737.5
Czechia,2018,Dec,824.9
Czechia,2019,Jan,606.3
Czechia,2019,Feb,640.3
Czechia,2019,Mar,760.1
Czechia,2019,Apr,903.7
Czechia,2019,May,1006.0
Czechia,2019,Jun,1038.0
Czechia,2019,Jul,1165.0
Czechia,2019,Aug,1193.0
Czechia,2019,Sep,973.3
Czechia,2019,Oct,987.0
Czechia,2019,Nov,756.0
Czechia,2019,Dec,862.5
Czechia,2020,Jan,668.1
Czechia,2020,Feb,645.7
Czechia,2020,Mar,194.6
Czechia,2020,Apr,1.8
Czechia,2020,May,7.2
Czechia,2020,Jun,119.5
Czechia,2020,Jul,365.7
Czechia,2020,Aug,442.7
Czechia,2020,Sep,235.4
Czechia,2020,Oct,54.8
Czechia,2020,Nov,21.7
Czechia,2020,Dec,27.0
Czechia,2021,Jan,20.4
Czechia,2021,Feb,17.6
Czechia,2021,Mar,17.3
Czechia,2021,Apr,20.9
Czechia,2021,May,47.1
Czechia,2021,Jun,154.7
Czechia,2021,Jul,366.5
Czechia,2021,Aug,483.1
Czechia,2021,Sep,409.6
Czechia,2021,Oct,448.2
Czechia,2021,Nov,324.4
Czechia,2021,Dec,259.8
Czechia,2022,Jan,215.5
Czechia,2022,Feb,293.8
Czechia,2022,Mar,377.6
Czechia,2022,Apr,558.9
Czechia,2022,May,649.4
Czechia,2022,Jun,733.3
Czechia,2022,Jul,862.0
Czechia,2022,Aug,914.5
Czechia,2022,Sep,740.6
Czechia,2022,Oct,751.9
Czechia,2022,Nov,550.1
Czechia,2022,Dec,695.9
Czechia,2023,Jan,518.8
Czechia,2023,Feb,522.9
Czechia,2023,Mar,603.4
Czechia,2023,Apr,799.7
Czechia,2023,May,856.5
Czechia,2023,Jun,875.7
Czechia,2023,Jul,1045.0
Czechia,2023,Aug,1079.0
Czechia,2023,Sep,920.0
Czechia,2023,Oct,857.9
Czechia,2023,Nov,643.1
Czechia,2023,Dec,837.5
Czechia,2024,Jan,568.3
Czechia,2024,Feb,611.8
Czechia,2024,Mar,754.6
Czechia,2024,Apr,795.7
Czechia,2024,May,1040.0
Czechia,2024,Jun,939.6
Czechia,2024,Jul,1102.0
Czechia,2024,Aug,1181.0
Czechia,2024,Sep,892.4
Czechia,2024,Oct,939.4
Czechia,2024,Nov,726.3
Czechia,2024,Dec,926.2
Czechia,2025,Jan,638.4
Czechia,2025,Feb,634.4
Czechia,2025,Mar,679.7
Czechia,2025,Apr,906.5
Czechia,2025,May,1005.0
Czechia,2025,Jun,1036.0
Czechia,2025,Jul,1109.0
Czechia,2025,Aug,1209.0
Czechia,2025,Sep,964.5
Denmark,2015,Feb,103.3
Denmark,2015,Mar,137.6
Denmark,2015,Apr,184.2
Denmark,2015,May,248.4
Denmark,2015,Jun,288.3
Denmark,2015,Jul,496.2
Denmark,2015,Aug,387.1
Denmark,2015,Sep,211.0
Denmark,2015,Oct,191.7
Denmark,2015,Nov,141.5
Denmark,2015,Dec,138.7
Denmark,2016,Jan,107.5
Denmark,2016,Feb,120.3
Denmark,2016,Mar,169.8
Denmark,2016,Apr,176.2
Denmark,2016,May,250.4
Denmark,2016,Jun,290.2
Denmark,2016,Jul,507.0
Denmark,2016,Aug,407.2
Denmark,2016,Sep,215.7
Denmark,2016,Oct,197.8
Denmark,2016,Nov,150.3
Denmark,2016,Dec,148.6
Denmark,2017,Jan,118.3
Denmark,2017,Feb,126.1
Denmark,2017,Mar,155.7
Denmark,2017,Apr,221.4
Denmark,2017,May,262.2
Denmark,2017,Jun,307.9
Denmark,2017,Jul,501.6
Denmark,2017,Aug,421.1
Denmark,2017,Sep,230.0
Denmark,2017,Oct,215.9
Denmark,2017,Nov,164.2
Denmark,2017,Dec,154.5
Denmark,2018,Jan,135.9
Denmark,2018,Feb,134.4
Denmark,2018,Mar,183.7
Denmark,2018,Apr,210.3
Denmark,2018,May,294.5
Denmark,2018,Jun,322.0
Denmark,2018,Jul,532.7
Denmark,2018,Aug,428.4
Denmark,2018,Sep,239.7
Denmark,2018,Oct,218.9
Denmark,2018,Nov,170.9
Denmark,2018,Dec,158.4
Denmark,2019,Jan,132.1
Denmark,2019,Feb,131.9
Denmark,2019,Mar,163.1
Denmark,2019,Apr,235.1
Denmark,2019,May,274.8
Denmark,2019,Jun,336.3
Denmark,2019,Jul,546.4
Denmark,2019,Aug,432.7
Denmark,2019,Sep,241.2
Denmark,2019,Oct,231.4
Denmark,2019,Nov,174.2
Denmark,2019,Dec,165.0
Denmark,2020,Jan,134.8
Denmark,2020,Feb,140.8
Denmark,2020,Mar,55.4
Denmark,2020,Apr,7.1
Denmark,2020,May,11.4
Denmark,2020,Jun,42.0
Denmark,2020,Jul,168.7
Denmark,2020,Aug,168.8
Denmark,2020,Sep,82.7
Denmark,2020,Oct,55.1
Denmark,2020,Nov,24.7
Denmark,2020,Dec,20.2
Denmark,2021,Jan,15.5
Denmark,2021,Mar,21.5
Denmark,2021,Apr,19.7
Denmark,2021,May,31.8
Denmark,2021,Jun,67.9
Denmark,2021,Jul,188.5
Denmark,2021,Aug,259.9
Denmark,2021,Sep,158.7
Denmark,2021,Oct,176.9
Denmark,2021,Nov,150.6
Denmark,2021,Dec,88.9
Denmark,2022,Jan,51.6
Denmark,2022,Feb,92.3
Denmark,2022,Mar,138.5
Denmark,2022,Apr,224.5
Denmark,2022,May,268.1
Denmark,2022,Jun,335.5
Denmark,2022,Jul,568.8
Denmark,2022,Aug,497.4
Denmark,2022,Sep,257.0
Denmark,2022,Oct,234.4
Denmark,2022,Nov,173.1
Denmark,2023,Jan,130.6
Denmark,2023,Feb,136.4
Denmark,2023,Mar,175.4
Denmark,2023,Apr,267.7
Denmark,2023,May,307.2
Denmark,2023,Jun,354.5
Denmark,2023,Jul,541.0
Denmark,2023,Aug,513.6
Denmark,2023,Sep,276.6
Denmark,2023,Oct,251.7
Denmark,2023,Nov,176.7
Denmark,2023,Dec,180.9
Denmark,2024,Jan,132.8
Denmark,2024,Feb,143.4
Denmark,2024,Mar,231.6
Denmark,2024,Apr,252.1
Denmark,2024,May,349.2
Denmark,2024,Jun,371.4
Denmark,2024,Jul,556.9
Denmark,2024,Aug,548.0
Denmark,2024,Sep,308.4
Denmark,2024,Oct,292.9
Denmark,2024,Nov,206.4
Denmark,2024,Dec,212.0
Denmark,2025,Jan,154.8
Denmark,2025,Feb,161.6
Denmark,2025,Mar,214.3
Denmark,2025,Apr,295.6
Denmark,2025,May,356.1
Denmark,2025,Jun,396.9
Denmark,2025,Jul,602.6
Denmark,2025,Aug,578.1
Dominica,2015,Feb,8.0
Dominica,2015,Mar,6.2
Dominica,2015,Apr,5.6
Dominica,2015,May,7.1
Dominica,2015,Jun,5.6
Dominica,2015,Jul,9.3
Dominica,2015,Aug,7.7
Dominica,2015,Sep,3.8
Dominica,2015,Oct,4.6
Dominica,2015,Nov,3.9
Dominica,2015,Dec,6.4
Dominica,2016,Jan,6.6
Dominica,2016,Feb,7.2
Dominica,2016,Mar,6.0
Dominica,2016,Apr,4.6
Dominica,2016,May,5.6
Dominica,2016,Jun,5.3
Dominica,2016,Jul,8.8
Dominica,2016,Aug,8.2
Dominica,2016,Sep,4.1
Dominica,2016,Oct,10.1
Dominica,2016,Nov,4.6
Dominica,2016,Dec,7.3
Dominica,2017,Jan,6.8
Dominica,2017,Feb,8.6
Dominica,2017,Mar,5.7
Dominica,2017,Apr,7.3
Dominica,2017,May,6.3
Dominica,2017,Jun,6.0
Dominica,2017,Jul,8.8
Dominica,2017,Aug,8.6
Dominica,2017,Sep,2.8
Dominica,2017,Oct,4.8
Dominica,2017,Nov,2.2
Dominica,2017,Dec,3.5
Dominica,2018,Jan,3.3
Dominica,2018,Feb,4.6
Dominica,2018,Mar,4.6
Dominica,2018,Apr,4.0
Dominica,2018,May,4.7
Dominica,2018,Jun,5.0
Dominica,2018,Jul,5.6
Dominica,2018,Aug,5.7
Dominica,2018,Sep,3.2
Dominica,2018,Oct,9.1
Dominica,2018,Nov,5.3
Dominica,2018,Dec,7.8
Dominica,2019,Jan,6.0
Dominica,2019,Feb,7.7
Dominica,2019,Mar,9.7
Dominica,2019,Apr,7.7
Dominica,2019,May,6.0
Dominica,2019,Jun,6.4
Dominica,2019,Jul,8.9
Dominica,2019,Aug,8.6
Dominica,2019,Sep,3.6
Dominica,2019,Oct,10.9
Dominica,2019,Nov,5.4
Dominica,2019,Dec,8.7
Dominica,2020,Jan,5.8
Dominica,2020,Feb,9.1
Dominica,2020,Mar,3.5
Dominica,2020,Apr,0.1
Dominica,2020,May,0.0
Dominica,2020,Jun,0.0
Dominica,2020,Jul,0.1
Dominica,2020,Aug,0.5
Dominica,2020,Sep,0.5
Dominica,2020,Oct,0.6
Dominica,2020,Nov,0.7
Dominica,2020,Dec,0.9
Dominica,2021,Jan,0.7
Dominica,2021,Feb,0.6
Dominica,2021,Mar,0.6
Dominica,2021,Apr,0.8
Dominica,2021,May,0.9
Dominica,2021,Jun,1.1
Dominica,2021,Jul,1.9
Dominica,2021,Aug,1.1
Dominica,2021,Sep,0.9
Dominica,2021,Oct,1.4
Dominica,2021,Nov,1.6
Dominica,2021,Dec,3.2
Dominica,2022,Jan,2.2
Dominica,2022,Feb,2.8
Dominica,2022,Mar,3.1
Dominica,2022,Apr,4.6
Dominica,2022,May,4.1
Dominica,2022,Jun,4.6
Dominica,2022,Jul,7.3
Dominica,2022,Aug,6.1
Dominica,2022,Sep,2.8
Dominica,2022,Oct,11.1
Dominica,2022,Nov,4.9
Dominica,2022,Dec,7.5
Dominica,2023,Jan,5.0
Dominica,2023,Feb,7.5
Dominica,2023,Mar,5.2
Dominica,2023,Apr,6.2
Dominica,2023,May,5.2
Dominica,2023,Jun,4.4
Dominica,2023,Jul,7.7
Dominica,2023,Aug,7.3
Dominica,2023,Sep,3.4
Dominica,2023,Oct,10.1
Dominica,2023,Nov,4.8
Dominica,2023,Dec,7.6
Dominica,2024,Jan,6.3
Dominica,2024,Feb,9.0
Dominica,2024,Mar,6.9
Dominica,2024,Apr,6.4
Dominica,2024,May,7.1
Dominica,2024,Jun,6.1
Dominica,2024,Jul,7.6
Dominica,2024,Aug,7.9
Dominica,2024,Sep,3.4
Dominica,2024,Oct,11.3
Dominica,2024,Nov,4.8
Dominica,2024,Dec,7.2
Dominica,2025,Jan,6.6
Dominica,2025,Feb,10.3
Dominica,2025,Mar,7.4
Dominica,2025,Apr,7.7
Dominica,2025,May,7.1
Dominica,2025,Jun,5.7
Dominica,2025,Jul,10.0
Dominica,2025,Aug,10.0
Dominican Rep.,2015,Feb,478.8
Dominican Rep.,2015,Mar,537.6
Dominican Rep.,2015,Apr,462.0
Dominican Rep.,2015,May,417.0
Dominican Rep.,2015,Jun,480.4
Dominican Rep.,2015,Jul,568.3
Dominican Rep.,2015,Aug,465.8
Dominican Rep.,2015,Sep,329.5
Dominican Rep.,2015,Oct,370.5
Dominican Rep.,2015,Nov,423.3
Dominican Rep.,2015,Dec,583.8
Dominican Rep.,2016,Jan,520.0
Dominican Rep.,2016,Feb,519.1
Dominican Rep.,2016,Mar,565.4
Dominican Rep.,2016,Apr,484.8
Dominican Rep.,2016,May,437.3
Dominican Rep.,2016,Jun,516.6
Dominican Rep.,2016,Jul,619.7
Dominican Rep.,2016,Aug,502.3
Dominican Rep.,2016,Sep,359.1
Dominican Rep.,2016,Oct,392.7
Dominican Rep.,2016,Nov,435.5
Dominican Rep.,2016,Dec,606.8
Dominican Rep.,2017,Jan,545.6
Dominican Rep.,2017,Feb,538.1
Dominican Rep.,2017,Mar,581.9
Dominican Rep.,2017,Apr,557.5
Dominican Rep.,2017,May,472.9
Dominican Rep.,2017,Jun,545.7
Dominican Rep.,2017,Jul,637.7
Dominican Rep.,2017,Aug,520.8
Dominican Rep.,2017,Sep,311.4
Dominican Rep.,2017,Oct,395.7
Dominican Rep.,2017,Nov,453.6
Dominican Rep.,2017,Dec,626.8
Dominican Rep.,2018,Jan,566.8
Dominican Rep.,2018,Feb,560.0
Dominican Rep.,2018,Mar,667.5
Dominican Rep.,2018,Apr,553.5
Dominican Rep.,2018,May,506.2
Dominican Rep.,2018,Jun,586.8
Dominican Rep.,2018,Jul,665.7
Dominican Rep.,2018,Aug,537.6
Dominican Rep.,2018,Sep,365.4
Dominican Rep.,2018,Oct,415.0
Dominican Rep.,2018,Nov,485.5
Dominican Rep.,2018,Dec,659.0
Dominican Rep.,2019,Jan,598.2
Dominican Rep.,2019,Feb,605.0
Dominican Rep.,2019,Mar,673.0
Dominican Rep.,2019,Apr,584.3
Dominican Rep.,2019,May,527.7
Dominican Rep.,2019,Jun,587.1
Dominican Rep.,2019,Jul,591.3
Dominican Rep.,2019,Aug,497.4
Dominican Rep.,2019,Sep,323.7
Dominican Rep.,2019,Oct,372.2
Dominican Rep.,2019,Nov,461.9
Dominican Rep.,2019,Dec,624.3
Dominican Rep.,2020,Jan,557.2
Dominican Rep.,2020,Feb,565.2
Dominican Rep.,2020,Mar,270.0
Dominican Rep.,2020,Apr,0.2
Dominican Rep.,2020,May,0.4
Dominican Rep.,2020,Jun,1.0
Dominican Rep.,2020,Jul,135.2
Dominican Rep.,2020,Aug,110.3
Dominican Rep.,2020,Sep,103.9
Dominican Rep.,2020,Oct,138.3
Dominican Rep.,2020,Nov,175.1
Dominican Rep.,2020,Dec,348.5
Dominican Rep.,2021,Jan,205.3
Dominican Rep.,2021,Feb,198.5
Dominican Rep.,2021,Mar,313.3
Dominican Rep.,2021,Apr,327.1
Dominican Rep.,2021,May,390.9
Dominican Rep.,2021,Jun,462.5
Dominican Rep.,2021,Jul,564.0
Dominican Rep.,2021,Aug,476.6
Dominican Rep.,2021,Sep,365.5
Dominican Rep.,2021,Oct,443.0
Dominican Rep.,2021,Nov,519.2
Dominican Rep.,2021,Dec,728.3
Dominican Rep.,2022,Jan,531.0
Dominican Rep.,2022,Feb,566.2
Dominican Rep.,2022,Mar,617.8
Dominican Rep.,2022,Apr,626.0
Dominican Rep.,2022,May,561.3
Dominican Rep.,2022,Jun,644.9
Dominican Rep.,2022,Jul,735.1
Dominican Rep.,2022,Aug,622.0
Dominican Rep.,2022,Sep,430.1
Dominican Rep.,2022,Oct,491.8
Dominican Rep.,2022,Nov,571.4
Dominican Rep.,2022,Dec,765.9
Dominican Rep.,2023,Jan,674.8
Dominican Rep.,2023,Feb,661.1
Dominican Rep.,2023,Mar,740.3
Dominican Rep.,2023,Apr,681.6
Dominican Rep.,2023,May,621.6
Dominican Rep.,2023,Jun,707.3
Dominican Rep.,2023,Jul,793.0
Dominican Rep.,2023,Aug,665.1
Dominican Rep.,2023,Sep,478.8
Dominican Rep.,2023,Oct,531.0
Dominican Rep.,2023,Nov,636.4
Dominican Rep.,2023,Dec,867.6
Dominican Rep.,2024,Jan,742.2
Dominican Rep.,2024,Feb,755.8
Dominican Rep.,2024,Mar,836.5
Dominican Rep.,2024,Apr,704.2
Dominican Rep.,2024,May,677.5
Dominican Rep.,2024,Jun,758.8
Dominican Rep.,2024,Jul,811.2
Dominican Rep.,2024,Aug,675.2
Dominican Rep.,2024,Sep,468.9
Dominican Rep.,2024,Oct,554.2
Dominican Rep.,2024,Nov,667.0
Dominican Rep.,2024,Dec,884.1
Dominican Rep.,2025,Jan,759.9
Dominican Rep.,2025,Feb,740.7
Dominican Rep.,2025,Mar,820.0
Dominican Rep.,2025,Apr,749.2
Dominican Rep.,2025,May,673.7
Dominican Rep.,2025,Jun,770.4
Dominican Rep.,2025,Jul,863.8
Dominican Rep.,2025,Aug,707.1
Dominican Rep.,2025,Sep,490.3
Ecuador,2015,Feb,252.1
Ecuador,2015,Mar,262.3
Ecuador,2015,Apr,227.9
Ecuador,2015,May,232.6
Ecuador,2015,Jun,281.0
Ecuador,2015,Jul,325.3
Ecuador,2015,Aug,267.7
Ecuador,2015,Sep,226.8
Ecuador,2015,Oct,242.2
Ecuador,2015,Nov,252.8
Ecuador,2015,Dec,305.7
Ecuador,2016,Jan,149.4
Ecuador,2016,Feb,128.8
Ecuador,2016,Mar,129.1
Ecuador,2016,Apr,98.8
Ecuador,2016,May,104.1
Ecuador,2016,Jun,136.6
Ecuador,2016,Jul,163.4
Ecuador,2016,Aug,128.6
Ecuador,2016,Sep,107.1
Ecuador,2016,Oct,130.7
Ecuador,2016,Nov,122.0
Ecuador,2016,Dec,170.6
Ecuador,2017,Jan,156.0
Ecuador,2017,Feb,136.1
Ecuador,2017,Mar,126.9
Ecuador,2017,Apr,120.6
Ecuador,2017,May,121.6
Ecuador,2017,Jun,160.6
Ecuador,2017,Jul,188.3
Ecuador,2017,Aug,150.5
Ecuador,2017,Sep,130.8
Ecuador,2017,Oct,146.8
Ecuador,2017,Nov,153.8
Ecuador,2017,Dec,213.6
Ecuador,2018,Jan,205.5
Ecuador,2018,Feb,197.6
Ecuador,2018,Mar,205.4
Ecuador,2018,Apr,183.4
Ecuador,2018,May,204.4
Ecuador,2018,Jun,230.5
Ecuador,2018,Jul,254.2
Ecuador,2018,Aug,221.4
Ecuador,2018,Sep,178.3
Ecuador,2018,Oct,218.8
Ecuador,2018,Nov,185.6
Ecuador,2018,Dec,250.2
Ecuador,2019,Jan,187.9
Ecuador,2019,Feb,161.4
Ecuador,2019,Mar,150.2
Ecuador,2019,Apr,192.2
Ecuador,2019,May,208.7
Ecuador,2019,Jun,243.4
Ecuador,2019,Jul,225.8
Ecuador,2019,Aug,226.3
Ecuador,2019,Sep,108.9
Ecuador,2019,Oct,101.7
Ecuador,2019,Nov,119.1
Ecuador,2019,Dec,182.1
Ecuador,2020,Jan,147.1
Ecuador,2020,Feb,143.8
Ecuador,2020,Mar,51.9
Ecuador,2020,Apr,1.4
Ecuador,2020,May,1.8
Ecuador,2020,Jun,4.3
Ecuador,2020,Jul,11.1
Ecuador,2020,Aug,14.4
Ecuador,2020,Sep,16.9
Ecuador,2020,Oct,26.3
Ecuador,2020,Nov,31.6
Ecuador,2020,Dec,56.7
Ecuador,2021,Jan,30.1
Ecuador,2021,Feb,32.4
Ecuador,2021,Mar,35.3
Ecuador,2021,Apr,31.0
Ecuador,2021,May,36.8
Ecuador,2021,Jun,56.0
Ecuador,2021,Jul,76.2
Ecuador,2021,Aug,66.8
Ecuador,2021,Sep,57.4
Ecuador,2021,Oct,66.3
Ecuador,2021,Nov,72.0
Ecuador,2021,Dec,109.1
Ecuador,2022,Jan,64.6
Ecuador,2022,Feb,81.0
Ecuador,2022,Mar,87.8
Ecuador,2022,Apr,96.7
Ecuador,2022,May,95.8
Ecuador,2022,Jun,104.2
Ecuador,2022,Jul,131.2
Ecuador,2022,Aug,113.0
Ecuador,2022,Sep,105.8
Ecuador,2022,Oct,128.5
Ecuador,2022,Nov,115.1
Ecuador,2022,Dec,141.2
Ecuador,2023,Jan,122.8
Ecuador,2023,Feb,120.2
Ecuador,2023,Mar,113.1
Ecuador,2023,Apr,104.3
Ecuador,2023,May,105.4
Ecuador,2023,Jun,133.2
Ecuador,2023,Jul,149.5
Ecuador,2023,Aug,116.0
Ecuador,2023,Sep,96.3
Ecuador,2023,Oct,109.1
Ecuador,2023,Nov,109.8
Ecuador,2023,Dec,146.8
Ecuador,2024,Jan,95.8
Ecuador,2024,Feb,90.3
Ecuador,2024,Mar,95.4
Ecuador,2024,Apr,88.7
Ecuador,2024,May,96.9
Ecuador,2024,Jun,122.1
Ecuador,2024,Jul,127.7
Ecuador,2024,Aug,110.8
Ecuador,2024,Sep,91.8
Ecuador,2024,Oct,103.1
Ecuador,2024,Nov,101.0
Ecuador,2024,Dec,139.2
Ecuador,2025,Jan,118.2
Ecuador,2025,Feb,110.1
Ecuador,2025,Mar,101.6
Ecuador,2025,Apr,102.3
Ecuador,2025,May,99.1
Ecuador,2025,Jun,118.7
Ecuador,2025,Jul,138.6
Ecuador,2025,Aug,117.9
Ecuador,2025,Sep,95.9
Egypt,2015,Feb,623.2
Egypt,2015,Mar,816.6
Egypt,2015,Apr,909.0
Egypt,2015,May,879.7
Egypt,2015,Jun,801.0
Egypt,2015,Jul,895.9
Egypt,2015,Aug,898.4
Egypt,2015,Sep,787.6
Egypt,2015,Oct,893.5
Egypt,2015,Nov,546.6
Egypt,2015,Dec,427.6
Egypt,2016,Jan,350.8
Egypt,2016,Feb,337.9
Egypt,2016,Mar,428.6
Egypt,2016,Apr,412.8
Egypt,2016,May,420.2
Egypt,2016,Jun,316.3
Egypt,2016,Jul,516.6
Egypt,2016,Aug,492.8
Egypt,2016,Sep,462.0
Egypt,2016,Oct,494.1
Egypt,2016,Nov,488.4
Egypt,2016,Dec,537.2
Egypt,2017,Jan,529.8
Egypt,2017,Feb,529.1
Egypt,2017,Mar,642.1
Egypt,2017,Apr,703.2
Egypt,2017,May,563.5
Egypt,2017,Jun,522.6
Egypt,2017,Jul,771.6
Egypt,2017,Aug,809.9
Egypt,2017,Sep,720.9
Egypt,2017,Oct,816.0
Egypt,2017,Nov,766.4
Egypt,2017,Dec,781.3
Egypt,2018,Jan,701.3
Egypt,2018,Feb,719.1
Egypt,2018,Mar,929.3
Egypt,2018,Apr,973.0
Egypt,2018,May,807.0
Egypt,2018,Jun,843.4
Egypt,2018,Jul,1090.0
Egypt,2018,Aug,1083.0
Egypt,2018,Sep,982.0
Egypt,2018,Oct,1065.0
Egypt,2018,Nov,981.6
Egypt,2018,Dec,1021.0
Egypt,2019,Jan,850.1
Egypt,2019,Feb,877.7
Egypt,2019,Mar,1087.0
Egypt,2019,Apr,1197.0
Egypt,2019,May,920.3
Egypt,2019,Jun,1073.0
Egypt,2019,Jul,1216.0
Egypt,2019,Aug,1208.0
Egypt,2019,Sep,1102.0
Egypt,2019,Oct,1208.0
Egypt,2019,Nov,1083.0
Egypt,2019,Dec,1053.0
Egypt,2020,Jan,933.9
Egypt,2020,Feb,930.8
Egypt,2020,Mar,387.8
Egypt,2020,Apr,0.6
Egypt,2020,May,1.8
Egypt,2020,Jun,3.8
Egypt,2020,Jul,86.6
Egypt,2020,Aug,219.2
Egypt,2020,Sep,211.6
Egypt,2020,Oct,294.1
Egypt,2020,Nov,264.1
Egypt,2020,Dec,284.2
Egypt,2021,Jan,262.3
Egypt,2021,Feb,299.1
Egypt,2021,Mar,475.2
Egypt,2021,Apr,522.8
Egypt,2021,May,506.4
Egypt,2021,Jun,560.9
Egypt,2021,Jul,699.4
Egypt,2021,Aug,734.7
Egypt,2021,Sep,793.4
Egypt,2021,Oct,1110.0
Egypt,2021,Nov,1079.0
Egypt,2021,Dec,924.3
Egypt,2022,Jan,730.0
Egypt,2022,Feb,709.0
Egypt,2022,Mar,767.0
Egypt,2022,Apr,839.0
Egypt,2022,May,919.0
Egypt,2022,Jun,922.0
Egypt,2022,Jul,1163.0
Egypt,2022,Aug,1194.0
Egypt,2022,Sep,1048.0
Egypt,2022,Oct,1245.0
Egypt,2022,Nov,1047.0
Egypt,2022,Dec,1081.0
Egypt,2023,Jan,937.0
Egypt,2023,Feb,1001.0
Egypt,2023,Mar,1216.0
Egypt,2023,Apr,1368.0
Egypt,2023,May,1344.0
Egypt,2023,Jun,1196.0
Egypt,2023,Jul,1418.0
Egypt,2023,Aug,1451.0
Egypt,2023,Sep,1325.0
Egypt,2023,Oct,1368.0
Egypt,2023,Nov,1152.0
Egypt,2023,Dec,1129.0
Egypt,2024,Jan,977.0
Egypt,2024,Feb,1112.0
Egypt,2024,Mar,1170.0
Egypt,2024,Apr,1351.0
Egypt,2024,May,1246.0
Egypt,2024,Jun,1229.0
Egypt,2024,Jul,1483.0
Egypt,2024,Aug,1460.0
Egypt,2024,Sep,1342.0
Egypt,2024,Oct,1527.0
Egypt,2024,Nov,1428.0
Egypt,2024,Dec,1456.0
Egypt,2025,Jan,1271.0
Egypt,2025,Feb,1300.0
Egypt,2025,Mar,1374.0
Egypt,2025,Apr,1749.0
Egypt,2025,May,1484.0
Egypt,2025,Jun,1500.0
Egypt,2025,Jul,1750.0
Egypt,2025,Aug,1753.0
Egypt,2025,Sep,1605.0
El Salvador,2015,Feb,106.6
El Salvador,2015,Mar,103.6
El Salvador,2015,Apr,114.8
El Salvador,2015,May,122.8
El Salvador,2015,Jun,126.0
El Salvador,2015,Jul,124.8
El Salvador,2015,Aug,129.2
El Salvador,2015,Sep,94.7
El Salvador,2015,Oct,90.8
El Salvador,2015,Nov,118.9
El Salvador,2015,Dec,164.2
El Salvador,2016,Jan,108.2
El Salvador,2016,Feb,109.9
El Salvador,2016,Mar,110.9
El Salvador,2016,Apr,107.4
El Salvador,2016,May,116.0
El Salvador,2016,Jun,125.6
El Salvador,2016,Jul,131.6
El Salvador,2016,Aug,133.9
El Salvador,2016,Sep,92.9
El Salvador,2016,Oct,102.9
El Salvador,2016,Nov,127.7
El Salvador,2016,Dec,166.7
El Salvador,2017,Jan,123.0
El Salvador,2017,Feb,103.2
El Salvador,2017,Mar,113.6
El Salvador,2017,Apr,127.7
El Salvador,2017,May,114.1
El Salvador,2017,Jun,136.1
El Salvador,2017,Jul,147.3
El Salvador,2017,Aug,147.9
El Salvador,2017,Sep,103.2
El Salvador,2017,Oct,112.9
El Salvador,2017,Nov,135.7
El Salvador,2017,Dec,191.4
El Salvador,2018,Jan,126.3
El Salvador,2018,Feb,115.9
El Salvador,2018,Mar,142.9
El Salvador,2018,Apr,124.4
El Salvador,2018,May,121.5
El Salvador,2018,Jun,153.0
El Salvador,2018,Jul,166.8
El Salvador,2018,Aug,172.8
El Salvador,2018,Sep,114.7
El Salvador,2018,Oct,118.1
El Salvador,2018,Nov,143.1
El Salvador,2018,Dec,177.9
El Salvador,2019,Jan,142.3
El Salvador,2019,Feb,118.8
El Salvador,2019,Mar,143.5
El Salvador,2019,Apr,152.7
El Salvador,2019,May,115.8
El Salvador,2019,Jun,150.5
El Salvador,2019,Jul,188.7
El Salvador,2019,Aug,162.6
El Salvador,2019,Sep,119.1
El Salvador,2019,Oct,132.2
El Salvador,2019,Nov,149.2
El Salvador,2019,Dec,190.1
El Salvador,2020,Jan,154.9
El Salvador,2020,Feb,135.2
El Salvador,2020,Mar,50.0
El Salvador,2020,Apr,0.0
El Salvador,2020,May,0.0
El Salvador,2020,Jun,0.0
El Salvador,2020,Jul,0.0
El Salvador,2020,Aug,0.0
El Salvador,2020,Sep,7.9
El Salvador,2020,Oct,46.8
El Salvador,2020,Nov,57.3
El Salvador,2020,Dec,96.6
El Salvador,2021,Jan,52.9
El Salvador,2021,Feb,48.7
El Salvador,2021,Mar,68.3
El Salvador,2021,Apr,73.0
El Salvador,2021,May,88.0
El Salvador,2021,Jun,113.9
El Salvador,2021,Jul,134.0
El Salvador,2021,Aug,109.5
El Salvador,2021,Sep,96.8
El Salvador,2021,Oct,118.1
El Salvador,2021,Nov,117.1
El Salvador,2021,Dec,198.8
El Salvador,2022,Jan,115.2
El Salvador,2022,Feb,124.1
El Salvador,2022,Mar,138.9
El Salvador,2022,Apr,151.3
El Salvador,2022,May,139.4
El Salvador,2022,Jun,157.8
El Salvador,2022,Jul,192.8
El Salvador,2022,Aug,164.9
El Salvador,2022,Sep,135.7
El Salvador,2022,Oct,170.7
El Salvador,2022,Nov,173.4
El Salvador,2022,Dec,227.1
El Salvador,2023,Jan,176.2
El Salvador,2023,Feb,153.9
El Salvador,2023,Mar,181.1
El Salvador,2023,Apr,189.9
El Salvador,2023,May,168.7
El Salvador,2023,Jun,205.1
El Salvador,2023,Jul,257.2
El Salvador,2023,Aug,224.8
El Salvador,2023,Sep,194.3
El Salvador,2023,Oct,199.5
El Salvador,2023,Nov,230.3
El Salvador,2023,Dec,298.2
El Salvador,2024,Jan,250.9
El Salvador,2024,Feb,229.9
El Salvador,2024,Mar,287.4
El Salvador,2024,Apr,254.7
El Salvador,2024,May,243.6
El Salvador,2024,Jun,276.9
El Salvador,2024,Jul,289.8
El Salvador,2024,Aug,267.4
El Salvador,2024,Sep,214.5
El Salvador,2024,Oct,249.0
El Salvador,2024,Nov,268.0
El Salvador,2024,Dec,355.0
El Salvador,2025,Jan,290.0
El Salvador,2025,Feb,231.8
El Salvador,2025,Mar,260.0
El Salvador,2025,Apr,286.1
El Salvador,2025,May,245.6
El Salvador,2025,Jun,281.6
El Salvador,2025,Jul,314.7
El Salvador,2025,Aug,286.3
El Salvador,2025,Sep,233.6
Estonia,2015,Feb,92.5
Estonia,2015,Mar,105.9
Estonia,2015,Apr,132.7
Estonia,2015,May,183.0
Estonia,2015,Jun,210.5
Estonia,2015,Jul,295.4
Estonia,2015,Aug,240.2
Estonia,2015,Sep,157.5
Estonia,2015,Oct,158.5
Estonia,2015,Nov,123.8
Estonia,2015,Dec,138.5
Estonia,2016,Jan,98.2
Estonia,2016,Feb,95.9
Estonia,2016,Mar,120.9
Estonia,2016,Apr,140.0
Estonia,2016,May,190.9
Estonia,2016,Jun,223.5
Estonia,2016,Jul,315.3
Estonia,2016,Aug,255.7
Estonia,2016,Sep,168.6
Estonia,2016,Oct,167.4
Estonia,2016,Nov,129.2
Estonia,2016,Dec,153.0
Estonia,2017,Jan,105.9
Estonia,2017,Feb,112.9
Estonia,2017,Mar,126.5
Estonia,2017,Apr,157.4
Estonia,2017,May,196.9
Estonia,2017,Jun,237.6
Estonia,2017,Jul,312.3
Estonia,2017,Aug,263.1
Estonia,2017,Sep,182.5
Estonia,2017,Oct,165.6
Estonia,2017,Nov,138.8
Estonia,2017,Dec,156.6
Estonia,2018,Jan,118.2
Estonia,2018,Feb,115.2
Estonia,2018,Mar,132.7
Estonia,2018,Apr,150.5
Estonia,2018,May,202.2
Estonia,2018,Jun,231.4
Estonia,2018,Jul,305.0
Estonia,2018,Aug,263.0
Estonia,2018,Sep,178.2
Estonia,2018,Oct,162.7
Estonia,2018,Nov,128.9
Estonia,2018,Dec,152.5
Estonia,2019,Jan,113.6
Estonia,2019,Feb,110.6
Estonia,2019,Mar,124.0
Estonia,2019,Apr,156.2
Estonia,2019,May,211.3
Estonia,2019,Jun,254.9
Estonia,2019,Jul,328.2
Estonia,2019,Aug,286.2
Estonia,2019,Sep,190.5
Estonia,2019,Oct,172.7
Estonia,2019,Nov,146.0
Estonia,2019,Dec,159.4
Estonia,2020,Jan,128.4
Estonia,2020,Feb,120.6
Estonia,2020,Mar,45.2
Estonia,2020,Apr,1.3
Estonia,2020,May,5.4
Estonia,2020,Jun,41.8
Estonia,2020,Jul,136.4
Estonia,2020,Aug,111.8
Estonia,2020,Sep,37.7
Estonia,2020,Oct,19.0
Estonia,2020,Nov,15.0
Estonia,2020,Dec,13.4
Estonia,2021,Jan,10.4
Estonia,2021,Feb,12.5
Estonia,2021,Mar,8.7
Estonia,2021,Apr,8.7
Estonia,2021,May,14.8
Estonia,2021,Jun,31.7
Estonia,2021,Jul,85.2
Estonia,2021,Aug,97.0
Estonia,2021,Sep,74.3
Estonia,2021,Oct,82.5
Estonia,2021,Nov,65.6
Estonia,2021,Dec,71.3
Estonia,2022,Jan,53.4
Estonia,2022,Feb,60.0
Estonia,2022,Mar,76.6
Estonia,2022,Apr,105.7
Estonia,2022,May,116.9
Estonia,2022,Jun,149.9
Estonia,2022,Jul,229.4
Estonia,2022,Aug,188.6
Estonia,2022,Sep,129.6
Estonia,2022,Oct,130.8
Estonia,2022,Nov,105.3
Estonia,2022,Dec,120.7
Estonia,2023,Jan,82.2
Estonia,2023,Feb,102.9
Estonia,2023,Mar,101.7
Estonia,2023,Apr,126.3
Estonia,2023,May,141.0
Estonia,2023,Jun,162.8
Estonia,2023,Jul,242.1
Estonia,2023,Aug,203.9
Estonia,2023,Sep,138.2
Estonia,2023,Oct,124.4
Estonia,2023,Nov,103.6
Estonia,2023,Dec,140.6
Estonia,2024,Jan,83.1
Estonia,2024,Feb,107.4
Estonia,2024,Mar,115.7
Estonia,2024,Apr,115.7
Estonia,2024,May,163.2
Estonia,2024,Jun,203.7
Estonia,2024,Jul,272.5
Estonia,2024,Aug,231.8
Estonia,2024,Sep,152.9
Estonia,2024,Oct,142.8
Estonia,2024,Nov,118.7
Estonia,2024,Dec,147.6
Estonia,2025,Jan,95.4
Estonia,2025,Feb,110.5
Estonia,2025,Mar,108.1
Estonia,2025,Apr,133.8
Estonia,2025,May,169.3
Estonia,2025,Jun,214.6
Estonia,2025,Jul,278.2
Estonia,2025,Aug,240.7
Estonia,2025,Sep,157.5
Eswatini,2015,Feb,89.9
Eswatini,2015,Mar,100.0
Eswatini,2015,Apr,115.2
Eswatini,2015,May,92.6
Eswatini,2015,Jun,86.0
Eswatini,2015,Jul,104.3
Eswatini,2015,Aug,115.0
Eswatini,2015,Sep,100.0
Eswatini,2015,Oct,107.0
Eswatini,2015,Nov,101.5
Eswatini,2015,Dec,116.9
Eswatini,2016,Jan,113.6
Eswatini,2016,Feb,85.3
Eswatini,2016,Mar,109.3
Eswatini,2016,Apr,93.0
Eswatini,2016,May,106.2
Eswatini,2016,Jun,91.7
Eswatini,2016,Jul,113.7
Eswatini,2016,Aug,116.0
Eswatini,2016,Sep,102.9
Eswatini,2016,Oct,114.0
Eswatini,2016,Nov,99.5
Eswatini,2016,Dec,133.2
Eswatini,2017,Jan,116.5
Eswatini,2017,Feb,82.2
Eswatini,2017,Mar,93.8
Eswatini,2017,Apr,116.0
Eswatini,2017,May,105.3
Eswatini,2017,Jun,109.5
Eswatini,2017,Jul,122.7
Eswatini,2017,Aug,116.9
Eswatini,2017,Sep,117.2
Eswatini,2017,Oct,119.1
Eswatini,2017,Nov,105.9
Eswatini,2017,Dec,137.4
Eswatini,2018,Jan,114.1
Eswatini,2018,Feb,89.2
Eswatini,2018,Mar,98.4
Eswatini,2018,Apr,115.0
Eswatini,2018,May,99.4
Eswatini,2018,Jun,92.0
Eswatini,2018,Jul,114.2
Eswatini,2018,Aug,112.4
Eswatini,2018,Sep,115.0
Eswatini,2018,Oct,105.4
Eswatini,2018,Nov,98.1
Eswatini,2018,Dec,124.0
Eswatini,2019,Jan,91.9
Eswatini,2019,Feb,72.9
Eswatini,2019,Mar,98.3
Eswatini,2019,Apr,102.1
Eswatini,2019,May,97.4
Eswatini,2019,Jun,95.5
Eswatini,2019,Jul,102.4
Eswatini,2019,Aug,108.7
Eswatini,2019,Sep,114.2
Eswatini,2019,Oct,102.9
Eswatini,2019,Nov,87.4
Eswatini,2019,Dec,112.3
Eswatini,2020,Jan,93.6
Eswatini,2020,Feb,76.0
Eswatini,2020,Mar,75.6
Eswatini,2020,Apr,3.4
Eswatini,2020,May,5.7
Eswatini,2020,Jun,7.6
Eswatini,2020,Jul,7.7
Eswatini,2020,Aug,8.6
Eswatini,2020,Sep,9.0
Eswatini,2020,Oct,15.3
Eswatini,2020,Nov,20.2
Eswatini,2020,Dec,22.8
Eswatini,2021,Jan,16.7
Eswatini,2021,Feb,9.8
Eswatini,2021,Mar,14.8
Eswatini,2021,Apr,18.0
Eswatini,2021,May,19.3
Eswatini,2021,Jun,18.1
Eswatini,2021,Jul,11.5
Eswatini,2021,Aug,16.4
Eswatini,2021,Sep,20.9
Eswatini,2021,Oct,19.3
Eswatini,2021,Nov,20.6
Eswatini,2021,Dec,25.3
Eswatini,2022,Jan,25.1
Eswatini,2022,Feb,22.6
Eswatini,2022,Mar,27.1
Eswatini,2022,Apr,32.7
Eswatini,2022,May,39.0
Eswatini,2022,Jun,37.9
Eswatini,2022,Jul,46.7
Eswatini,2022,Aug,54.5
Eswatini,2022,Sep,50.4
Eswatini,2022,Oct,57.3
Eswatini,2022,Nov,32.5
Eswatini,2022,Dec,76.7
Eswatini,2023,Jan,69.1
Eswatini,2023,Feb,47.8
Eswatini,2023,Mar,61.9
Eswatini,2023,Apr,71.9
Eswatini,2023,May,68.7
Eswatini,2023,Jun,61.5
Eswatini,2023,Jul,82.6
Eswatini,2023,Aug,76.3
Eswatini,2023,Sep,76.2
Eswatini,2023,Oct,80.1
Eswatini,2023,Nov,67.4
Eswatini,2023,Dec,79.1
Eswatini,2024,Jan,84.7
Eswatini,2024,Feb,65.9
Eswatini,2024,Mar,76.4
Eswatini,2024,Apr,64.5
Eswatini,2024,May,72.5
Eswatini,2024,Jun,83.9
Eswatini,2024,Jul,81.1
Eswatini,2024,Aug,86.1
Eswatini,2024,Sep,90.1
Eswatini,2024,Oct,75.2
Eswatini,2024,Nov,72.7
Eswatini,2024,Dec,111.2
Eswatini,2025,Jan,85.7
Eswatini,2025,Feb,72.9
Eswatini,2025,Mar,85.5
Eswatini,2025,Apr,90.7
Eswatini,2025,May,87.2
Eswatini,2025,Jun,97.7
Eswatini,2025,Jul,88.7
Eswatini,2025,Aug,92.6
Eswatini,2025,Sep,90.8
Ethiopia,2020,Jan,67.1
Ethiopia,2020,Feb,19.4
Ethiopia,2020,Mar,33.7
Ethiopia,2020,Apr,1.6
Ethiopia,2020,May,1.8
Ethiopia,2020,Jun,3.5
Ethiopia,2020,Jul,8.1
Ethiopia,2020,Aug,17.2
Ethiopia,2020,Sep,21.3
Ethiopia,2020,Oct,30.2
Ethiopia,2020,Nov,29.4
Ethiopia,2020,Dec,37.4
Ethiopia,2021,Jan,38.5
Ethiopia,2021,Feb,28.6
Ethiopia,2021,Mar,32.7
Ethiopia,2021,Apr,34.8
Ethiopia,2021,May,38.2
Ethiopia,2021,Jun,39.3
Ethiopia,2021,Jul,41.8
Ethiopia,2021,Aug,39.4
Ethiopia,2021,Sep,37.7
Ethiopia,2021,Oct,66.7
Ethiopia,2021,Nov,56.9
Ethiopia,2021,Dec,63.6
Ethiopia,2022,Jan,65.9
Ethiopia,2022,Feb,55.5
Ethiopia,2022,Mar,75.3
Ethiopia,2022,Apr,80.7
Ethiopia,2022,May,79.9
Ethiopia,2022,Jun,84.4
Ethiopia,2022,Jul,87.2
Ethiopia,2022,Aug,94.0
Ethiopia,2022,Sep,79.5
Ethiopia,2022,Oct,38.1
Ethiopia,2022,Nov,35.6
Ethiopia,2022,Dec,63.8
Ethiopia,2023,Jan,97.0
Ethiopia,2023,Feb,82.8
Ethiopia,2023,Mar,89.4
Ethiopia,2023,Apr,81.3
Ethiopia,2023,May,80.6
Ethiopia,2023,Jun,80.6
Ethiopia,2023,Jul,86.0
Ethiopia,2023,Aug,87.2
Ethiopia,2023,Sep,87.3
Ethiopia,2023,Oct,94.4
Ethiopia,2023,Nov,102.9
Ethiopia,2023,Dec,108.3
Ethiopia,2024,Jan,91.4
Ethiopia,2024,Feb,88.8
Ethiopia,2024,Mar,82.5
Ethiopia,2024,Apr,79.0
Ethiopia,2024,May,102.4
Ethiopia,2024,Jun,94.6
Ethiopia,2024,Jul,103.6
Ethiopia,2024,Aug,97.4
Ethiopia,2024,Sep,77.4
Ethiopia,2024,Oct,101.1
Ethiopia,2024,Nov,105.1
Ethiopia,2024,Dec,115.4
Ethiopia,2025,Jan,114.6
Ethiopia,2025,Feb,82.2
Ethiopia,2025,Mar,83.7
Ethiopia,2025,Apr,98.3
Ethiopia,2025,May,100.8
Ethiopia,2025,Jun,110.2
Ethiopia,2025,Jul,136.8
Ethiopia,2025,Aug,125.3
Ethiopia,2025,Sep,114.5
Fiji,2015,Feb,42.2
Fiji,2015,Mar,51.0
Fiji,2015,Apr,59.0
Fiji,2015,May,60.5
Fiji,2015,Jun,72.5
Fiji,2015,Jul,79.5
Fiji,2015,Aug,73.3
Fiji,2015,Sep,71.8
Fiji,2015,Oct,69.1
Fiji,2015,Nov,59.6
Fiji,2015,Dec,66.0
Fiji,2016,Jan,57.7
Fiji,2016,Feb,44.3
Fiji,2016,Mar,56.0
Fiji,2016,Apr,58.2
Fiji,2016,May,60.4
Fiji,2016,Jun,73.1
Fiji,2016,Jul,85.7
Fiji,2016,Aug,76.3
Fiji,2016,Sep,71.8
Fiji,2016,Oct,73.6
Fiji,2016,Nov,62.5
Fiji,2016,Dec,72.7
Fiji,2017,Jan,64.9
Fiji,2017,Feb,43.9
Fiji,2017,Mar,54.4
Fiji,2017,Apr,68.5
Fiji,2017,May,64.4
Fiji,2017,Jun,76.6
Fiji,2017,Jul,90.1
Fiji,2017,Aug,82.3
Fiji,2017,Sep,77.0
Fiji,2017,Oct,78.2
Fiji,2017,Nov,65.2
Fiji,2017,Dec,77.4
Fiji,2018,Jan,62.6
Fiji,2018,Feb,48.8
Fiji,2018,Mar,60.1
Fiji,2018,Apr,63.5
Fiji,2018,May,67.3
Fiji,2018,Jun,81.7
Fiji,2018,Jul,95.1
Fiji,2018,Aug,88.7
Fiji,2018,Sep,81.4
Fiji,2018,Oct,79.1
Fiji,2018,Nov,65.0
Fiji,2018,Dec,77.1
Fiji,2019,Jan,63.8
Fiji,2019,Feb,48.7
Fiji,2019,Mar,59.3
Fiji,2019,Apr,76.8
Fiji,2019,May,73.2
Fiji,2019,Jun,85.7
Fiji,2019,Jul,96.4
Fiji,2019,Aug,88.8
Fiji,2019,Sep,81.4
Fiji,2019,Oct,77.5
Fiji,2019,Nov,69.1
Fiji,2019,Dec,73.7
Fiji,2020,Jan,65.4
Fiji,2020,Feb,46.3
Fiji,2020,Mar,28.0
Fiji,2020,Apr,0.7
Fiji,2020,May,0.7
Fiji,2020,Jun,0.4
Fiji,2020,Jul,0.7
Fiji,2020,Aug,1.0
Fiji,2020,Sep,1.0
Fiji,2020,Oct,1.1
Fiji,2020,Nov,0.9
Fiji,2020,Dec,0.7
Fiji,2021,Jan,1.0
Fiji,2021,Feb,1.3
Fiji,2021,Mar,2.0
Fiji,2021,Apr,0.8
Fiji,2021,May,0.4
Fiji,2021,Jun,0.3
Fiji,2021,Jul,0.5
Fiji,2021,Aug,0.4
Fiji,2021,Sep,0.5
Fiji,2021,Oct,0.6
Fiji,2021,Nov,0.7
Fiji,2021,Dec,23.2
Fiji,2022,Jan,16.5
Fiji,2022,Feb,11.0
Fiji,2022,Mar,21.4
Fiji,2022,Apr,46.7
Fiji,2022,May,47.8
Fiji,2022,Jun,62.1
Fiji,2022,Jul,78.6
Fiji,2022,Aug,70.1
Fiji,2022,Sep,72.7
Fiji,2022,Oct,70.2
Fiji,2022,Nov,63.6
Fiji,2022,Dec,75.6
Fiji,2023,Jan,67.5
Fiji,2023,Feb,47.2
Fiji,2023,Mar,60.5
Fiji,2023,Apr,77.0
Fiji,2023,May,75.1
Fiji,2023,Jun,90.5
Fiji,2023,Jul,93.5
Fiji,2023,Aug,87.4
Fiji,2023,Sep,90.4
Fiji,2023,Oct,83.0
Fiji,2023,Nov,74.7
Fiji,2023,Dec,82.8
Fiji,2024,Jan,70.3
Fiji,2024,Feb,54.7
Fiji,2024,Mar,69.3
Fiji,2024,Apr,77.3
Fiji,2024,May,82.9
Fiji,2024,Jun,92.6
Fiji,2024,Jul,98.3
Fiji,2024,Aug,94.8
Fiji,2024,Sep,92.6
Fiji,2024,Oct,89.4
Fiji,2024,Nov,76.8
Fiji,2024,Dec,83.8
Fiji,2025,Jan,70.8
Fiji,2025,Feb,49.5
Fiji,2025,Mar,63.8
Fiji,2025,Apr,80.4
Fiji,2025,May,86.6
Fiji,2025,Jun,92.7
Fiji,2025,Jul,99.3
Fiji,2025,Aug,99.7
Fiji,2025,Sep,92.3
Finland,2015,Feb,167.5
Finland,2015,Mar,178.9
Finland,2015,Apr,142.3
Finland,2015,May,190.9
Finland,2015,Jun,285.0
Finland,2015,Jul,377.6
Finland,2015,Aug,334.9
Finland,2015,Sep,201.2
Finland,2015,Oct,164.1
Finland,2015,Nov,163.3
Finland,2015,Dec,231.3
Finland,2016,Jan,202.5
Finland,2016,Feb,198.9
Finland,2016,Mar,182.8
Finland,2016,Apr,146.3
Finland,2016,May,198.6
Finland,2016,Jun,298.9
Finland,2016,Jul,375.5
Finland,2016,Aug,345.1
Finland,2016,Sep,215.4
Finland,2016,Oct,166.3
Finland,2016,Nov,179.2
Finland,2016,Dec,279.5
Finland,2017,Jan,240.4
Finland,2017,Feb,231.4
Finland,2017,Mar,221.8
Finland,2017,Apr,169.2
Finland,2017,May,217.6
Finland,2017,Jun,343.9
Finland,2017,Jul,423.2
Finland,2017,Aug,391.8
Finland,2017,Sep,238.2
Finland,2017,Oct,182.6
Finland,2017,Nov,202.5
Finland,2017,Dec,317.7
Finland,2018,Jan,260.6
Finland,2018,Feb,247.0
Finland,2018,Mar,241.2
Finland,2018,Apr,174.8
Finland,2018,May,213.1
Finland,2018,Jun,330.3
Finland,2018,Jul,396.8
Finland,2018,Aug,382.4
Finland,2018,Sep,234.7
Finland,2018,Oct,198.6
Finland,2018,Nov,205.4
Finland,2018,Dec,339.3
Finland,2019,Jan,264.2
Finland,2019,Feb,254.8
Finland,2019,Mar,243.8
Finland,2019,Apr,170.7
Finland,2019,May,229.8
Finland,2019,Jun,333.7
Finland,2019,Jul,396.3
Finland,2019,Aug,388.4
Finland,2019,Sep,252.7
Finland,2019,Oct,209.7
Finland,2019,Nov,207.2
Finland,2019,Dec,338.9
Finland,2020,Jan,288.0
Finland,2020,Feb,249.5
Finland,2020,Mar,102.3
Finland,2020,Apr,3.6
Finland,2020,May,4.9
Finland,2020,Jun,20.9
Finland,2020,Jul,62.9
Finland,2020,Aug,66.9
Finland,2020,Sep,30.6
Finland,2020,Oct,23.4
Finland,2020,Nov,22.3
Finland,2020,Dec,20.5
Finland,2021,Jan,18.8
Finland,2021,Feb,17.6
Finland,2021,Mar,13.9
Finland,2021,Apr,14.9
Finland,2021,May,21.5
Finland,2021,Jun,33.4
Finland,2021,Jul,83.0
Finland,2021,Aug,116.5
Finland,2021,Sep,86.2
Finland,2021,Oct,83.1
Finland,2021,Nov,112.5
Finland,2021,Dec,205.7
Finland,2022,Jan,107.2
Finland,2022,Feb,120.2
Finland,2022,Mar,138.7
Finland,2022,Apr,96.9
Finland,2022,May,139.3
Finland,2022,Jun,199.5
Finland,2022,Jul,271.0
Finland,2022,Aug,271.4
Finland,2022,Sep,196.9
Finland,2022,Oct,139.5
Finland,2022,Nov,163.8
Finland,2022,Dec,283.1
Finland,2023,Jan,201.9
Finland,2023,Feb,201.9
Finland,2023,Mar,195.4
Finland,2023,Apr,124.9
Finland,2023,May,173.2
Finland,2023,Jun,234.2
Finland,2023,Jul,296.3
Finland,2023,Aug,295.5
Finland,2023,Sep,189.7
Finland,2023,Oct,148.2
Finland,2023,Nov,186.1
Finland,2023,Dec,313.3
Finland,2024,Jan,227.8
Finland,2024,Feb,246.9
Finland,2024,Mar,220.9
Finland,2024,Apr,129.5
Finland,2024,May,167.4
Finland,2024,Jun,265.7
Finland,2024,Jul,336.3
Finland,2024,Aug,328.0
Finland,2024,Sep,205.8
Finland,2024,Oct,174.1
Finland,2024,Nov,223.5
Finland,2024,Dec,378.1
Finland,2025,Jan,274.9
Finland,2025,Feb,274.0
Finland,2025,Mar,261.0
Finland,2025,Apr,149.7
Finland,2025,May,208.7
Finland,2025,Jun,302.1
Finland,2025,Jul,367.6
Finland,2025,Aug,376.4
Finland,2025,Sep,239.5
France,2015,Feb,2011.0
France,2015,Mar,2491.0
France,2015,Apr,3241.0
France,2015,May,4501.0
France,2015,Jun,5230.0
France,2015,Jul,7918.0
France,2015,Aug,7713.0
France,2015,Sep,4849.0
France,2015,Oct,3128.0
France,2015,Nov,1879.0
France,2015,Dec,1994.0
France,2016,Jan,1748.0
France,2016,Feb,1916.0
France,2016,Mar,2756.0
France,2016,Apr,2746.0
France,2016,May,4222.0
France,2016,Jun,5134.0
France,2016,Jul,7569.0
France,2016,Aug,7019.0
France,2016,Sep,4592.0
France,2016,Oct,2980.0
France,2016,Nov,2010.0
France,2016,Dec,2309.0
France,2017,Jan,2025.0
France,2017,Feb,2053.0
France,2017,Mar,2581.0
France,2017,Apr,3994.0
France,2017,May,4094.0
France,2017,Jun,5466.0
France,2017,Jul,7834.0
France,2017,Aug,7590.0
France,2017,Sep,5122.0
France,2017,Oct,3296.0
France,2017,Nov,2213.0
France,2017,Dec,2653.0
France,2018,Jan,2199.0
France,2018,Feb,2335.0
France,2018,Mar,3262.0
France,2018,Apr,3797.0
France,2018,May,4738.0
France,2018,Jun,5729.0
France,2018,Jul,8273.0
France,2018,Aug,8110.0
France,2018,Sep,5428.0
France,2018,Oct,3577.0
France,2018,Nov,2429.0
France,2018,Dec,2629.0
France,2019,Jan,2191.0
France,2019,Feb,2247.0
France,2019,Mar,2927.0
France,2019,Apr,4288.0
France,2019,May,4452.0
France,2019,Jun,5935.0
France,2019,Jul,7982.0
France,2019,Aug,7912.0
France,2019,Sep,6563.0
France,2019,Oct,3381.0
France,2019,Nov,3028.0
France,2019,Dec,2615.0
France,2020,Jan,2323.0
France,2020,Feb,2240.0
France,2020,Mar,1016.0
France,2020,Apr,0.0
France,2020,May,0.0
France,2020,Jun,645.9
France,2020,Jul,3508.0
France,2020,Aug,3371.0
France,2020,Sep,1346.0
France,2020,Oct,507.9
France,2020,Nov,253.1
France,2021,Jan,332.1
France,2021,Feb,315.6
France,2021,Mar,384.4
France,2021,Apr,355.9
France,2021,May,485.3
France,2021,Jul,4161.0
France,2021,Aug,4461.0
France,2021,Sep,3217.0
France,2021,Oct,2191.0
France,2021,Nov,1519.0
France,2021,Dec,1628.0
France,2022,Jan,1255.0
France,2022,Feb,1473.0
France,2022,Mar,2024.0
France,2022,Apr,3478.0
France,2022,May,3895.0
France,2022,Jun,5217.0
France,2022,Jul,7812.0
France,2022,Aug,7450.0
France,2022,Sep,5046.0
France,2022,Oct,3177.0
France,2022,Nov,2088.0
France,2022,Dec,2758.0
France,2023,Jan,2299.0
France,2023,Feb,2192.0
France,2023,Mar,2640.0
France,2023,Apr,4141.0
France,2023,May,4743.0
France,2023,Jun,5936.0
France,2023,Jul,8263.0
France,2023,Aug,8088.0
France,2023,Sep,5850.0
France,2023,Oct,3449.0
France,2023,Nov,2214.0
France,2023,Dec,2897.0
France,2024,Jan,2369.0
France,2024,Feb,2519.0
France,2024,Mar,3559.0
France,2024,Apr,3769.0
France,2024,May,5198.0
France,2024,Jun,5843.0
France,2024,Jul,8074.0
France,2024,Aug,8124.0
France,2024,Sep,5594.0
France,2024,Oct,3912.0
France,2024,Nov,2459.0
France,2024,Dec,3143.0
France,2025,Jan,2573.0
France,2025,Feb,2515.0
France,2025,Mar,3169.0
France,2025,Apr,4649.0
France,2025,May,5283.0
France,2025,Jun,6641.0
France,2025,Jul,8890.0
France,2025,Aug,8808.0
French Polynesia,2015,Feb,12.9
French Polynesia,2015,Mar,14.5
French Polynesia,2015,Apr,14.0
French Polynesia,2015,May,14.8
French Polynesia,2015,Jun,16.2
French Polynesia,2015,Jul,18.1
French Polynesia,2015,Aug,16.5
French Polynesia,2015,Sep,16.9
French Polynesia,2015,Oct,17.6
French Polynesia,2015,Nov,15.7
French Polynesia,2015,Dec,14.4
French Polynesia,2016,Jan,12.3
French Polynesia,2016,Feb,14.4
French Polynesia,2016,Mar,15.2
French Polynesia,2016,Apr,17.0
French Polynesia,2016,May,15.7
French Polynesia,2016,Jun,16.8
French Polynesia,2016,Jul,19.5
French Polynesia,2016,Aug,17.7
French Polynesia,2016,Sep,17.1
French Polynesia,2016,Oct,17.5
French Polynesia,2016,Nov,14.3
French Polynesia,2016,Dec,14.9
French Polynesia,2017,Jan,11.9
French Polynesia,2017,Feb,13.6
French Polynesia,2017,Mar,16.3
French Polynesia,2017,Apr,15.5
French Polynesia,2017,May,16.8
French Polynesia,2017,Jun,17.6
French Polynesia,2017,Jul,21.4
French Polynesia,2017,Aug,18.6
French Polynesia,2017,Sep,18.5
French Polynesia,2017,Oct,18.3
French Polynesia,2017,Nov,15.4
French Polynesia,2017,Dec,15.0
French Polynesia,2018,Jan,11.5
French Polynesia,2018,Feb,15.7
French Polynesia,2018,Mar,17.5
French Polynesia,2018,Apr,16.0
French Polynesia,2018,May,16.6
French Polynesia,2018,Jun,19.4
French Polynesia,2018,Jul,24.2
French Polynesia,2018,Aug,20.1
French Polynesia,2018,Sep,19.8
French Polynesia,2018,Oct,20.7
French Polynesia,2018,Nov,17.2
French Polynesia,2018,Dec,17.7
French Polynesia,2019,Jan,15.0
French Polynesia,2019,Feb,16.8
French Polynesia,2019,Mar,18.7
French Polynesia,2019,Apr,19.2
French Polynesia,2019,May,18.7
French Polynesia,2019,Jun,21.5
French Polynesia,2019,Jul,25.4
French Polynesia,2019,Aug,21.9
French Polynesia,2019,Sep,20.3
French Polynesia,2019,Oct,21.2
French Polynesia,2019,Nov,19.2
French Polynesia,2019,Dec,18.8
French Polynesia,2020,Jan,13.9
French Polynesia,2020,Feb,15.5
French Polynesia,2020,Mar,7.5
French Polynesia,2020,Apr,0.0
French Polynesia,2020,May,0.0
French Polynesia,2020,Jun,0.0
French Polynesia,2020,Jul,4.6
French Polynesia,2020,Aug,7.8
French Polynesia,2020,Sep,7.7
French Polynesia,2020,Oct,9.0
French Polynesia,2020,Nov,4.5
French Polynesia,2020,Dec,6.5
French Polynesia,2021,Jan,3.9
French Polynesia,2021,Feb,0.5
French Polynesia,2021,Mar,0.3
French Polynesia,2021,Apr,0.3
French Polynesia,2021,May,3.4
French Polynesia,2021,Jun,8.6
French Polynesia,2021,Jul,14.3
French Polynesia,2021,Aug,9.5
French Polynesia,2021,Sep,6.7
French Polynesia,2021,Oct,12.3
French Polynesia,2021,Nov,10.3
French Polynesia,2021,Dec,12.3
French Polynesia,2022,Jan,6.3
French Polynesia,2022,Feb,9.0
French Polynesia,2022,Mar,14.9
French Polynesia,2022,Apr,18.2
French Polynesia,2022,May,18.9
French Polynesia,2022,Jun,19.5
French Polynesia,2022,Jul,24.4
French Polynesia,2022,Aug,19.8
French Polynesia,2022,Sep,21.9
French Polynesia,2022,Oct,23.6
French Polynesia,2022,Nov,20.2
French Polynesia,2022,Dec,22.2
French Polynesia,2023,Jan,15.2
French Polynesia,2023,Feb,17.5
French Polynesia,2023,Mar,22.5
French Polynesia,2023,Apr,23.3
French Polynesia,2023,May,20.1
French Polynesia,2023,Jun,24.0
French Polynesia,2023,Jul,26.5
French Polynesia,2023,Aug,21.8
French Polynesia,2023,Sep,24.5
French Polynesia,2023,Oct,23.2
French Polynesia,2023,Nov,20.1
French Polynesia,2023,Dec,23.1
French Polynesia,2024,Jan,14.6
French Polynesia,2024,Feb,18.3
French Polynesia,2024,Mar,23.1
French Polynesia,2024,Apr,23.4
French Polynesia,2024,May,20.4
French Polynesia,2024,Jun,23.4
French Polynesia,2024,Jul,26.5
French Polynesia,2024,Aug,23.3
French Polynesia,2024,Sep,23.6
French Polynesia,2024,Oct,24.1
French Polynesia,2024,Nov,20.8
French Polynesia,2024,Dec,22.2
French Polynesia,2025,Jan,14.1
French Polynesia,2025,Feb,17.3
French Polynesia,2025,Mar,23.0
French Polynesia,2025,Apr,25.1
French Polynesia,2025,May,24.3
French Polynesia,2025,Jun,26.1
French Polynesia,2025,Jul,31.0
French Polynesia,2025,Aug,25.1
Gambia,2015,Feb,13.0
Gambia,2015,Mar,13.4
Gambia,2015,Apr,9.2
Gambia,2015,May,6.5
Gambia,2015,Jun,6.3
Gambia,2015,Jul,6.8
Gambia,2015,Aug,6.2
Gambia,2015,Sep,7.7
Gambia,2015,Oct,9.5
Gambia,2015,Nov,18.9
Gambia,2015,Dec,22.6
Gambia,2016,Jan,21.8
Gambia,2016,Feb,20.0
Gambia,2016,Mar,17.8
Gambia,2016,Apr,11.9
Gambia,2016,May,7.0
Gambia,2016,Jun,6.5
Gambia,2016,Jul,7.3
Gambia,2016,Aug,6.7
Gambia,2016,Sep,8.4
Gambia,2016,Oct,10.8
Gambia,2016,Nov,19.3
Gambia,2016,Dec,23.5
Gambia,2017,Jan,13.4
Gambia,2017,Feb,17.7
Gambia,2017,Mar,16.3
Gambia,2017,Apr,11.1
Gambia,2017,May,7.7
Gambia,2017,Jun,7.3
Gambia,2017,Jul,8.7
Gambia,2017,Aug,8.2
Gambia,2017,Sep,9.2
Gambia,2017,Oct,11.4
Gambia,2017,Nov,22.8
Gambia,2017,Dec,28.3
Gambia,2018,Jan,28.5
Gambia,2018,Feb,24.4
Gambia,2018,Mar,23.3
Gambia,2018,Apr,13.0
Gambia,2018,May,7.5
Gambia,2018,Jun,8.4
Gambia,2018,Jul,9.0
Gambia,2018,Aug,9.2
Gambia,2018,Sep,8.5
Gambia,2018,Oct,13.3
Gambia,2018,Nov,27.2
Gambia,2018,Dec,31.4
Gambia,2019,Jan,30.2
Gambia,2019,Feb,26.8
Gambia,2019,Mar,25.8
Gambia,2019,Apr,17.5
Gambia,2019,May,11.7
Gambia,2019,Jun,11.4
Gambia,2019,Jul,13.3
Gambia,2019,Aug,13.3
Gambia,2019,Sep,11.4
Gambia,2019,Oct,16.6
Gambia,2019,Nov,25.5
Gambia,2019,Dec,32.2
Gambia,2020,Jan,31.1
Gambia,2020,Feb,28.9
Gambia,2020,Mar,13.3
Gambia,2020,Apr,0.0
Gambia,2020,May,0.2
Gambia,2020,Jun,0.6
Gambia,2020,Jul,0.4
Gambia,2020,Aug,1.0
Gambia,2020,Sep,1.6
Gambia,2020,Oct,4.5
Gambia,2020,Nov,7.7
Gambia,2020,Dec,6.7
Gambia,2021,Jan,5.7
Gambia,2021,Feb,6.0
Gambia,2021,Mar,4.4
Gambia,2021,Apr,6.0
Gambia,2021,May,7.4
Gambia,2021,Jun,9.7
Gambia,2021,Jul,6.5
Gambia,2021,Aug,7.1
Gambia,2021,Sep,9.2
Gambia,2021,Oct,14.2
Gambia,2021,Nov,19.5
Gambia,2021,Dec,16.1
Gambia,2022,Jan,15.4
Gambia,2022,Feb,15.8
Gambia,2022,Mar,12.6
Gambia,2022,Apr,10.2
Gambia,2022,May,11.8
Gambia,2022,Jun,15.2
Gambia,2022,Jul,9.6
Gambia,2022,Aug,7.7
Gambia,2022,Sep,13.0
Gambia,2022,Oct,25.9
Gambia,2022,Nov,27.6
Gambia,2022,Dec,25.3
Gambia,2023,Jan,25.3
Gambia,2023,Feb,21.0
Gambia,2023,Mar,18.6
Gambia,2023,Apr,12.2
Gambia,2023,May,11.7
Gambia,2023,Jun,13.7
Gambia,2023,Jul,14.1
Gambia,2023,Aug,9.7
Gambia,2023,Sep,10.9
Gambia,2023,Oct,14.3
Gambia,2023,Nov,24.3
Gambia,2023,Dec,31.1
Gambia,2024,Jan,29.7
Gambia,2024,Feb,26.3
Gambia,2024,Mar,19.9
Gambia,2024,Apr,15.5
Gambia,2024,May,12.9
Gambia,2024,Jun,16.1
Gambia,2024,Jul,13.2
Gambia,2024,Aug,11.0
Gambia,2024,Sep,10.7
Gambia,2024,Oct,14.6
Gambia,2024,Nov,24.8
Gambia,2024,Dec,32.8
Gambia,2025,Jan,30.4
Gambia,2025,Feb,23.7
Gambia,2025,Mar,19.1
Gambia,2025,Apr,16.4
Gambia,2025,May,14.3
Gambia,2025,Jun,16.9
Gambia,2025,Jul,13.2
Gambia,2025,Aug,12.0
Georgia,2015,Feb,435.0
Georgia,2015,Mar,557.3
Georgia,2015,Apr,553.9
Georgia,2015,May,644.1
Georgia,2015,Jun,647.7
Georgia,2015,Jul,918.8
Georgia,2015,Aug,1266.0
Georgia,2015,Sep,855.6
Georgia,2015,Oct,721.2
Georgia,2015,Nov,598.4
Georgia,2015,Dec,558.2
Georgia,2016,Jan,492.9
Georgia,2016,Feb,477.8
Georgia,2016,Mar,599.5
Georgia,2016,Apr,595.8
Georgia,2016,May,742.3
Georgia,2016,Jun,663.3
Georgia,2016,Jul,943.0
Georgia,2016,Aug,1261.0
Georgia,2016,Sep,986.0
Georgia,2016,Oct,769.9
Georgia,2016,Nov,604.6
Georgia,2016,Dec,554.5
Georgia,2017,Jan,588.3
Georgia,2017,Feb,502.2
Georgia,2017,Mar,676.2
Georgia,2017,Apr,714.1
Georgia,2017,May,806.5
Georgia,2017,Jun,862.7
Georgia,2017,Jul,1255.0
Georgia,2017,Aug,1587.0
Georgia,2017,Sep,1214.0
Georgia,2017,Oct,917.0
Georgia,2017,Nov,728.5
Georgia,2017,Dec,700.9
Georgia,2018,Jan,728.8
Georgia,2018,Feb,629.8
Georgia,2018,Mar,799.9
Georgia,2018,Apr,864.4
Georgia,2018,May,901.5
Georgia,2018,Jun,1007.0
Georgia,2018,Jul,1411.0
Georgia,2018,Aug,1778.0
Georgia,2018,Sep,1300.0
Georgia,2018,Oct,1018.0
Georgia,2018,Nov,792.6
Georgia,2018,Dec,730.0
Georgia,2019,Jan,743.2
Georgia,2019,Feb,636.9
Georgia,2019,Mar,835.6
Georgia,2019,Apr,898.3
Georgia,2019,May,1043.0
Georgia,2019,Jun,1200.0
Georgia,2019,Jul,1453.0
Georgia,2019,Aug,1840.0
Georgia,2019,Sep,1324.0
Georgia,2019,Oct,1104.0
Georgia,2019,Nov,882.0
Georgia,2019,Dec,312.0
Georgia,2020,Jan,363.6
Georgia,2020,Feb,257.5
Georgia,2020,Mar,144.2
Georgia,2020,Apr,26.9
Georgia,2020,May,26.5
Georgia,2020,Jun,28.9
Georgia,2020,Jul,37.2
Georgia,2020,Aug,34.6
Georgia,2020,Sep,41.8
Georgia,2020,Oct,43.7
Georgia,2020,Nov,39.5
Georgia,2020,Dec,42.6
Georgia,2021,Jan,29.4
Georgia,2021,Feb,35.9
Georgia,2021,Mar,51.3
Georgia,2021,Apr,75.8
Georgia,2021,May,96.5
Georgia,2021,Jun,133.5
Georgia,2021,Jul,213.5
Georgia,2021,Aug,247.2
Georgia,2021,Sep,209.6
Georgia,2021,Oct,188.8
Georgia,2021,Nov,151.4
Georgia,2021,Dec,144.6
Georgia,2022,Jan,163.6
Georgia,2022,Feb,137.1
Georgia,2022,Mar,159.2
Georgia,2022,Apr,182.4
Georgia,2022,May,264.3
Georgia,2022,Jun,302.6
Georgia,2022,Jul,459.7
Georgia,2022,Aug,583.0
Georgia,2022,Sep,452.2
Georgia,2022,Oct,344.6
Georgia,2022,Nov,299.6
Georgia,2022,Dec,304.6
Germany,2015,Feb,2110.0
Germany,2015,Mar,2264.0
Germany,2015,Apr,2650.0
Germany,2015,May,3179.0
Germany,2015,Jun,3318.0
Germany,2015,Jul,4429.0
Germany,2015,Aug,4011.0
Germany,2015,Sep,3340.0
Germany,2015,Oct,3077.0
Germany,2015,Nov,2354.0
Germany,2015,Dec,2460.0
Germany,2016,Jan,1865.0
Germany,2016,Feb,2221.0
Germany,2016,Mar,2433.0
Germany,2016,Apr,2834.0
Germany,2016,May,3105.0
Germany,2016,Jun,3289.0
Germany,2016,Jul,4406.0
Germany,2016,Aug,3908.0
Germany,2016,Sep,3493.0
Germany,2016,Oct,3080.0
Germany,2016,Nov,2431.0
Germany,2016,Dec,2528.0
Germany,2017,Jan,2029.0
Germany,2017,Feb,2290.0
Germany,2017,Mar,2529.0
Germany,2017,Apr,2994.0
Germany,2017,May,3360.0
Germany,2017,Jun,3464.0
Germany,2017,Jul,4579.0
Germany,2017,Aug,4198.0
Germany,2017,Sep,3637.0
Germany,2017,Oct,3152.0
Germany,2017,Nov,2530.0
Germany,2017,Dec,2690.0
Germany,2018,Jan,2155.0
Germany,2018,Feb,2354.0
Germany,2018,Mar,2673.0
Germany,2018,Apr,3085.0
Germany,2018,May,3358.0
Germany,2018,Jun,3670.0
Germany,2018,Jul,4709.0
Germany,2018,Aug,4453.0
Germany,2018,Sep,3695.0
Germany,2018,Oct,3341.0
Germany,2018,Nov,2608.0
Germany,2018,Dec,2779.0
Germany,2019,Jan,2171.0
Germany,2019,Feb,2404.0
Germany,2019,Mar,2649.0
Germany,2019,Apr,3208.0
Germany,2019,May,3503.0
Germany,2019,Jun,3687.0
Germany,2019,Jul,4846.0
Germany,2019,Aug,4485.0
Germany,2019,Sep,3635.0
Germany,2019,Oct,3375.0
Germany,2019,Nov,2720.0
Germany,2019,Dec,2881.0
Germany,2020,Jan,2222.0
Germany,2020,Feb,2427.0
Germany,2020,Mar,767.9
Germany,2020,Apr,85.2
Germany,2020,May,164.3
Germany,2020,Jun,616.7
Germany,2020,Jul,1851.0
Germany,2020,Aug,1791.0
Germany,2020,Sep,1351.0
Germany,2020,Oct,776.5
Germany,2020,Nov,224.1
Germany,2020,Dec,172.0
Germany,2021,Jan,170.5
Germany,2021,Feb,181.8
Germany,2021,Mar,230.9
Germany,2021,Apr,219.8
Germany,2021,May,292.2
Germany,2021,Jun,672.3
Germany,2021,Jul,1861.0
Germany,2021,Aug,2048.0
Germany,2021,Sep,1796.0
Germany,2021,Oct,1890.0
Germany,2021,Nov,1354.0
Germany,2021,Dec,971.1
Germany,2022,Jan,703.3
Germany,2022,Feb,1010.0
Germany,2022,Mar,1286.0
Germany,2022,Apr,2013.0
Germany,2022,May,2524.0
Germany,2022,Jun,2781.0
Germany,2022,Jul,4082.0
Germany,2022,Aug,3696.0
Germany,2022,Sep,3052.0
Germany,2022,Oct,2794.0
Germany,2022,Nov,2122.0
Germany,2022,Dec,2401.0
Germany,2023,Jan,1641.0
Germany,2023,Feb,1996.0
Germany,2023,Mar,2134.0
Germany,2023,Apr,2711.0
Germany,2023,May,3113.0
Germany,2023,Jun,3309.0
Germany,2023,Jul,4485.0
Germany,2023,Aug,3983.0
Germany,2023,Sep,3378.0
Germany,2023,Oct,2945.0
Germany,2023,Nov,2374.0
Germany,2023,Dec,2733.0
Germany,2024,Jan,1856.0
Germany,2024,Feb,2165.0
Germany,2024,Mar,2390.0
Germany,2024,Apr,2790.0
Germany,2024,May,3252.0
Germany,2024,Jun,3957.0
Germany,2024,Jul,4788.0
Germany,2024,Aug,4369.0
Germany,2024,Sep,3470.0
Germany,2024,Oct,3036.0
Germany,2024,Nov,2514.0
Germany,2024,Dec,2917.0
Germany,2025,Jan,1877.0
Germany,2025,Feb,2189.0
Germany,2025,Mar,2306.0
Germany,2025,Apr,2911.0
Germany,2025,May,3343.0
Germany,2025,Jun,3462.0
Germany,2025,Jul,4696.0
Germany,2025,Aug,4245.0
Germany,2025,Sep,3479.0
Greece,2015,Feb,509.2
Greece,2015,Mar,613.1
Greece,2015,Apr,934.2
Greece,2015,May,1870.0
Greece,2015,Jun,3033.0
Greece,2015,Jul,4409.0
Greece,2015,Aug,4993.0
Greece,2015,Sep,3650.0
Greece,2015,Oct,1853.0
Greece,2015,Nov,641.5
Greece,2015,Dec,487.9
Greece,2016,Jan,559.1
Greece,2016,Feb,433.2
Greece,2016,Mar,628.7
Greece,2016,Apr,901.6
Greece,2016,May,1953.0
Greece,2016,Jun,2971.0
Greece,2016,Jul,4664.0
Greece,2016,Aug,5084.0
Greece,2016,Sep,4150.0
Greece,2016,Oct,2174.0
Greece,2016,Nov,716.8
Greece,2016,Dec,564.0
Greece,2017,Jan,520.4
Greece,2017,Feb,444.4
Greece,2017,Mar,627.6
Greece,2017,Apr,1010.0
Greece,2017,May,1982.0
Greece,2017,Jun,3356.0
Greece,2017,Jul,5142.0
Greece,2017,Aug,5813.0
Greece,2017,Sep,4640.0
Greece,2017,Oct,2356.0
Greece,2017,Nov,740.5
Greece,2017,Dec,562.5
Greece,2018,Jan,603.5
Greece,2018,Feb,484.1
Greece,2018,Mar,708.2
Greece,2018,Apr,1107.0
Greece,2018,May,2450.0
Greece,2018,Jun,4104.0
Greece,2018,Jul,5539.0
Greece,2018,Aug,6093.0
Greece,2018,Sep,4869.0
Greece,2018,Oct,2722.0
Greece,2018,Nov,786.2
Greece,2018,Dec,657.0
Greece,2019,Jan,660.0
Greece,2019,Feb,503.5
Greece,2019,Mar,772.5
Greece,2019,Apr,982.1
Greece,2019,May,2387.0
Greece,2019,Jun,4102.0
Greece,2019,Jul,5673.0
Greece,2019,Aug,6762.0
Greece,2019,Sep,5111.0
Greece,2019,Oct,2773.0
Greece,2019,Nov,929.5
Greece,2019,Dec,692.2
Greece,2020,Jan,790.0
Greece,2020,Feb,627.3
Greece,2020,Mar,410.8
Greece,2020,Apr,37.6
Greece,2020,May,55.6
Greece,2020,Jun,256.2
Greece,2020,Jul,828.2
Greece,2020,Aug,1807.0
Greece,2020,Sep,1335.0
Greece,2020,Oct,954.8
Greece,2020,Nov,175.7
Greece,2020,Dec,96.6
Greece,2021,Jan,95.7
Greece,2021,Feb,76.4
Greece,2021,Mar,98.9
Greece,2021,Apr,107.3
Greece,2021,May,285.4
Greece,2021,Jun,1069.0
Greece,2021,Jul,2817.0
Greece,2021,Aug,4074.0
Greece,2021,Sep,2995.0
Greece,2021,Oct,2144.0
Greece,2021,Nov,561.2
Greece,2021,Dec,380.5
Greece,2022,Jan,341.4
Greece,2022,Feb,317.0
Greece,2022,Mar,414.3
Greece,2022,Apr,1056.0
Greece,2022,May,2205.0
Greece,2022,Jun,3649.0
Greece,2022,Jul,5277.0
Greece,2022,Aug,5866.0
Greece,2022,Sep,4560.0
Greece,2022,Oct,2756.0
Greece,2022,Nov,812.4
Greece,2022,Dec,580.1
Greece,2023,Jan,635.5
Greece,2023,Feb,572.6
Greece,2023,Mar,666.1
Greece,2023,Apr,1373.0
Greece,2023,May,2513.0
Greece,2023,Jun,4302.0
Greece,2023,Jul,6109.0
Greece,2023,Aug,6479.0
Greece,2023,Sep,5141.0
Greece,2023,Oct,3143.0
Greece,2023,Nov,1036.0
Greece,2023,Dec,765.5
Greece,2024,Jan,737.3
Greece,2024,Feb,721.3
Greece,2024,Mar,874.0
Greece,2024,Apr,1563.0
Greece,2024,May,3048.0
Greece,2024,Jun,4682.0
Greece,2024,Jul,6357.0
Greece,2024,Aug,6908.0
Greece,2024,Sep,5483.0
Greece,2024,Oct,3414.0
Greece,2024,Nov,1281.0
Greece,2024,Dec,882.4
Greece,2025,Jan,821.6
Greece,2025,Feb,715.9
Greece,2025,Mar,921.5
Greece,2025,Apr,1663.0
Greece,2025,May,2967.0
Greece,2025,Jun,4603.0
Greece,2025,Jul,6763.0
Greece,2025,Aug,7466.0
Greece,2025,Sep,5680.0
Grenada,2015,Feb,10.6
Grenada,2015,Mar,12.5
Grenada,2015,Apr,11.3
Grenada,2015,May,9.0
Grenada,2015,Jun,11.1
Grenada,2015,Jul,14.2
Grenada,2015,Aug,15.7
Grenada,2015,Sep,7.9
Grenada,2015,Oct,9.6
Grenada,2015,Nov,10.3
Grenada,2015,Dec,13.6
Grenada,2016,Jan,12.0
Grenada,2016,Feb,12.9
Grenada,2016,Mar,13.8
Grenada,2016,Apr,10.3
Grenada,2016,May,9.1
Grenada,2016,Jun,9.9
Grenada,2016,Jul,14.4
Grenada,2016,Aug,12.1
Grenada,2016,Sep,7.6
Grenada,2016,Oct,10.0
Grenada,2016,Nov,9.7
Grenada,2016,Dec,13.5
Grenada,2017,Jan,12.2
Grenada,2017,Feb,12.6
Grenada,2017,Mar,12.6
Grenada,2017,Apr,12.4
Grenada,2017,May,10.4
Grenada,2017,Jun,11.5
Grenada,2017,Jul,15.0
Grenada,2017,Aug,14.2
Grenada,2017,Sep,8.5
Grenada,2017,Oct,11.3
Grenada,2017,Nov,11.2
Grenada,2017,Dec,14.5
Grenada,2018,Jan,13.8
Grenada,2018,Feb,13.8
Grenada,2018,Mar,15.4
Grenada,2018,Apr,12.1
Grenada,2018,May,11.6
Grenada,2018,Jun,12.6
Grenada,2018,Jul,15.8
Grenada,2018,Aug,16.3
Grenada,2018,Sep,9.0
Grenada,2018,Oct,11.0
Grenada,2018,Nov,12.5
Grenada,2018,Dec,17.0
Grenada,2019,Jan,14.3
Grenada,2019,Feb,15.4
Grenada,2019,Mar,15.5
Grenada,2019,Apr,13.0
Grenada,2019,May,11.9
Grenada,2019,Jun,12.3
Grenada,2019,Jul,15.2
Grenada,2019,Aug,17.8
Grenada,2019,Sep,8.7
Grenada,2019,Oct,11.0
Grenada,2019,Nov,12.2
Grenada,2019,Dec,15.6
Grenada,2020,Jan,14.6
Grenada,2020,Feb,15.7
Grenada,2020,Mar,7.0
Grenada,2020,Apr,0.0
Grenada,2020,May,0.0
Grenada,2020,Jun,0.0
Grenada,2020,Jul,0.1
Grenada,2020,Aug,0.5
Grenada,2020,Sep,0.4
Grenada,2020,Oct,1.7
Grenada,2020,Nov,1.8
Grenada,2020,Dec,2.0
Grenada,2021,Jan,0.8
Grenada,2021,Feb,0.5
Grenada,2021,Mar,0.9
Grenada,2021,Apr,1.0
Grenada,2021,May,2.6
Grenada,2021,Jun,4.2
Grenada,2021,Jul,5.1
Grenada,2021,Aug,4.4
Grenada,2021,Sep,3.0
Grenada,2021,Oct,4.0
Grenada,2021,Nov,6.0
Grenada,2021,Dec,9.6
Grenada,2022,Jan,6.8
Grenada,2022,Feb,8.0
Grenada,2022,Mar,10.4
Grenada,2022,Apr,10.7
Grenada,2022,May,10.1
Grenada,2022,Jun,11.0
Grenada,2022,Jul,12.5
Grenada,2022,Aug,12.3
Grenada,2022,Sep,9.7
Grenada,2022,Oct,11.6
Grenada,2022,Nov,14.2
Grenada,2022,Dec,15.8
Grenada,2023,Jan,14.6
Grenada,2023,Feb,14.9
Grenada,2023,Mar,16.4
Grenada,2023,Apr,15.2
Grenada,2023,May,12.5
Grenada,2023,Jun,13.2
Grenada,2023,Jul,15.9
Grenada,2023,Aug,16.4
Grenada,2023,Sep,10.5
Grenada,2023,Oct,12.7
Grenada,2023,Nov,15.8
Grenada,2023,Dec,20.0
Grenada,2024,Jan,17.1
Grenada,2024,Feb,19.6
Grenada,2024,Mar,22.2
Grenada,2024,Apr,16.2
Grenada,2024,May,13.6
Grenada,2024,Jun,14.3
Grenada,2024,Jul,16.9
Grenada,2024,Aug,18.5
Grenada,2024,Sep,10.5
Grenada,2024,Oct,13.5
Grenada,2024,Nov,14.4
Grenada,2024,Dec,18.3
Grenada,2025,Jan,15.4
Grenada,2025,Feb,15.9
Grenada,2025,Mar,17.4
Grenada,2025,Apr,15.5
Grenada,2025,May,13.3
Grenada,2025,Jun,14.7
Grenada,2025,Jul,16.4
Guam,2015,Feb,126.1
Guam,2015,Mar,132.3
Guam,2015,Apr,96.2
Guam,2015,May,96.9
Guam,2015,Jun,101.0
Guam,2015,Jul,115.1
Guam,2015,Aug,135.5
Guam,2015,Sep,120.9
Guam,2015,Oct,112.3
Guam,2015,Nov,113.7
Guam,2015,Dec,140.4
Guam,2016,Jan,129.3
Guam,2016,Feb,142.3
Guam,2016,Mar,133.3
Guam,2016,Apr,105.4
Guam,2016,May,114.4
Guam,2016,Jun,118.4
Guam,2016,Jul,123.0
Guam,2016,Aug,144.8
Guam,2016,Sep,133.8
Guam,2016,Oct,122.5
Guam,2016,Nov,125.7
Guam,2016,Dec,142.6
Guam,2017,Jan,136.0
Guam,2017,Feb,133.4
Guam,2017,Mar,140.7
Guam,2017,Apr,122.6
Guam,2017,May,118.9
Guam,2017,Jun,122.7
Guam,2017,Jul,133.0
Guam,2017,Aug,144.0
Guam,2017,Sep,117.2
Guam,2017,Oct,113.5
Guam,2017,Nov,122.4
Guam,2017,Dec,139.6
Guam,2018,Jan,134.9
Guam,2018,Feb,127.2
Guam,2018,Mar,137.7
Guam,2018,Apr,117.7
Guam,2018,May,114.0
Guam,2018,Jun,126.4
Guam,2018,Jul,131.6
Guam,2018,Aug,145.8
Guam,2018,Sep,113.1
Guam,2018,Oct,121.7
Guam,2018,Nov,132.9
Guam,2018,Dec,146.1
Guam,2019,Jan,147.5
Guam,2019,Feb,137.2
Guam,2019,Mar,144.1
Guam,2019,Apr,121.6
Guam,2019,May,119.3
Guam,2019,Jun,124.9
Guam,2019,Jul,138.3
Guam,2019,Aug,159.9
Guam,2019,Sep,135.2
Guam,2019,Oct,134.8
Guam,2019,Nov,144.0
Guam,2019,Dec,155.7
Guam,2020,Jan,157.5
Guam,2020,Feb,116.7
Guam,2020,Mar,35.3
Guam,2020,Apr,1.6
Guam,2020,May,1.5
Guam,2020,Jun,2.2
Guam,2020,Jul,1.4
Guam,2020,Aug,2.0
Guam,2020,Sep,2.9
Guam,2020,Oct,2.3
Guam,2020,Nov,2.6
Guam,2020,Dec,2.1
Guam,2021,Jan,4.5
Guam,2021,Feb,3.5
Guam,2021,Mar,3.7
Guam,2021,Apr,3.8
Guam,2021,May,4.4
Guam,2021,Jun,7.4
Guam,2021,Jul,12.9
Guam,2021,Aug,8.7
Guam,2021,Sep,5.7
Guam,2021,Oct,6.4
Guam,2021,Nov,9.6
Guam,2021,Dec,8.8
Guam,2022,Jan,9.1
Guam,2022,Feb,7.1
Guam,2022,Mar,9.4
Guam,2022,Apr,11.3
Guam,2022,May,20.0
Guam,2022,Jun,28.3
Guam,2022,Jul,41.1
Guam,2022,Aug,37.8
Guam,2022,Sep,28.0
Guam,2022,Oct,40.9
Guam,2022,Nov,39.9
Guam,2022,Dec,55.1
Guam,2023,Jan,56.7
Guam,2023,Feb,56.3
Guam,2023,Mar,65.6
Guam,2023,Apr,55.4
Guam,2023,May,44.3
Guam,2023,Jun,17.3
Guam,2023,Jul,52.2
Guam,2023,Aug,67.8
Guam,2023,Sep,52.3
Guam,2023,Oct,54.1
Guam,2023,Nov,60.9
Guam,2023,Dec,73.2
Guam,2024,Jan,82.7
Guam,2024,Feb,74.2
Guam,2024,Mar,68.6
Guam,2024,Apr,56.8
Guam,2024,May,51.4
Guam,2024,Jun,52.0
Guam,2024,Jul,59.9
Guam,2024,Aug,66.9
Guam,2024,Sep,50.5
Guam,2024,Oct,53.1
Guam,2024,Nov,54.2
Guam,2024,Dec,67.2
Guam,2025,Jan,67.3
Guam,2025,Feb,61.0
Guam,2025,Mar,62.1
Guam,2025,Apr,51.1
Guam,2025,May,50.2
Guam,2025,Jun,54.1
Guam,2025,Jul,71.0
Guam,2025,Aug,78.9
Guam,2025,Sep,57.0
Guatemala,2015,Feb,105.0
Guatemala,2015,Mar,140.0
Guatemala,2015,Apr,131.6
Guatemala,2015,May,111.5
Guatemala,2015,Jun,116.2
Guatemala,2015,Jul,128.6
Guatemala,2015,Aug,128.8
Guatemala,2015,Sep,98.0
Guatemala,2015,Oct,113.6
Guatemala,2015,Nov,121.6
Guatemala,2015,Dec,161.5
Guatemala,2016,Jan,134.3
Guatemala,2016,Feb,118.4
Guatemala,2016,Mar,168.7
Guatemala,2016,Apr,109.8
Guatemala,2016,May,106.8
Guatemala,2016,Jun,122.0
Guatemala,2016,Jul,146.0
Guatemala,2016,Aug,142.1
Guatemala,2016,Sep,98.0
Guatemala,2016,Oct,132.9
Guatemala,2016,Nov,131.3
Guatemala,2016,Dec,174.9
Guatemala,2017,Jan,145.5
Guatemala,2017,Feb,136.5
Guatemala,2017,Mar,158.2
Guatemala,2017,Apr,177.8
Guatemala,2017,May,117.8
Guatemala,2017,Jun,122.5
Guatemala,2017,Jul,153.9
Guatemala,2017,Aug,139.1
Guatemala,2017,Sep,98.0
Guatemala,2017,Oct,115.3
Guatemala,2017,Nov,133.1
Guatemala,2017,Dec,162.0
Guatemala,2018,Jan,147.6
Guatemala,2018,Feb,130.1
Guatemala,2018,Mar,189.7
Guatemala,2018,Apr,135.4
Guatemala,2018,May,125.0
Guatemala,2018,Jun,140.0
Guatemala,2018,Jul,169.0
Guatemala,2018,Aug,167.4
Guatemala,2018,Sep,112.8
Guatemala,2018,Oct,129.1
Guatemala,2018,Nov,151.3
Guatemala,2018,Dec,183.1
Guatemala,2019,Jan,160.5
Guatemala,2019,Feb,122.2
Guatemala,2019,Mar,167.4
Guatemala,2019,Apr,171.9
Guatemala,2019,May,128.5
Guatemala,2019,Jun,138.1
Guatemala,2019,Jul,156.4
Guatemala,2019,Aug,148.4
Guatemala,2019,Sep,113.8
Guatemala,2019,Oct,120.7
Guatemala,2019,Nov,142.1
Guatemala,2019,Dec,182.4
Guatemala,2020,Jan,155.0
Guatemala,2020,Feb,130.7
Guatemala,2020,Mar,57.0
Guatemala,2020,Apr,0.0
Guatemala,2020,May,0.0
Guatemala,2020,Jun,0.0
Guatemala,2020,Jul,0.0
Guatemala,2020,Aug,0.0
Guatemala,2020,Sep,1.8
Guatemala,2020,Oct,5.1
Guatemala,2020,Nov,28.3
Guatemala,2020,Dec,17.9
Guatemala,2021,Jan,39.6
Guatemala,2021,Feb,21.5
Guatemala,2021,Mar,54.1
Guatemala,2021,Apr,38.6
Guatemala,2021,May,35.9
Guatemala,2021,Jun,52.4
Guatemala,2021,Jul,54.8
Guatemala,2021,Aug,38.5
Guatemala,2021,Sep,35.1
Guatemala,2021,Oct,41.9
Guatemala,2021,Nov,53.8
Guatemala,2021,Dec,135.8
Guatemala,2022,Jan,71.8
Guatemala,2022,Feb,91.8
Guatemala,2022,Mar,123.0
Guatemala,2022,Apr,132.2
Guatemala,2022,May,110.1
Guatemala,2022,Jun,127.3
Guatemala,2022,Jul,142.8
Guatemala,2022,Aug,136.7
Guatemala,2022,Sep,109.1
Guatemala,2022,Oct,121.6
Guatemala,2022,Nov,145.2
Guatemala,2022,Dec,182.6
Guatemala,2023,Jan,174.4
Guatemala,2023,Feb,154.0
Guatemala,2023,Mar,183.3
Guatemala,2023,Apr,182.8
Guatemala,2023,May,136.3
Guatemala,2023,Jun,154.1
Guatemala,2023,Jul,186.8
Guatemala,2023,Aug,189.5
Guatemala,2023,Sep,148.5
Guatemala,2023,Oct,105.9
Guatemala,2023,Nov,182.0
Guatemala,2023,Dec,223.1
Guatemala,2024,Jan,207.9
Guatemala,2024,Feb,191.2
Guatemala,2024,Mar,234.6
Guatemala,2024,Apr,171.1
Guatemala,2024,May,162.1
Guatemala,2024,Jun,170.9
Guatemala,2024,Jul,203.0
Guatemala,2024,Aug,213.3
Guatemala,2024,Sep,158.0
Guatemala,2024,Oct,172.7
Guatemala,2024,Nov,203.2
Guatemala,2024,Dec,249.6
Guatemala,2025,Jan,212.9
Guatemala,2025,Feb,193.4
Guatemala,2025,Mar,217.3
Guatemala,2025,Apr,226.1
Guatemala,2025,May,187.3
Guatemala,2025,Jun,192.4
Guatemala,2025,Jul,221.2
Guatemala,2025,Aug,215.0
Guatemala,2025,Sep,159.4
Guyana,2015,Feb,14.0
Guyana,2015,Mar,18.5
Guyana,2015,Apr,20.1
Guyana,2015,May,12.4
Guyana,2015,Jun,14.6
Guyana,2015,Jul,23.0
Guyana,2015,Aug,21.7
Guyana,2015,Sep,15.2
Guyana,2015,Oct,15.2
Guyana,2015,Nov,15.7
Guyana,2015,Dec,22.6
Guyana,2016,Jan,14.4
Guyana,2016,Feb,15.1
Guyana,2016,Mar,20.2
Guyana,2016,Apr,17.3
Guyana,2016,May,25.0
Guyana,2016,Jun,16.2
Guyana,2016,Jul,25.0
Guyana,2016,Aug,21.9
Guyana,2016,Sep,15.3
Guyana,2016,Oct,17.5
Guyana,2016,Nov,19.8
Guyana,2016,Dec,27.7
Guyana,2017,Jan,17.0
Guyana,2017,Feb,16.3
Guyana,2017,Mar,19.6
Guyana,2017,Apr,24.9
Guyana,2017,May,18.3
Guyana,2017,Jun,17.5
Guyana,2017,Jul,24.8
Guyana,2017,Aug,25.7
Guyana,2017,Sep,16.0
Guyana,2017,Oct,19.4
Guyana,2017,Nov,21.0
Guyana,2017,Dec,26.8
Guyana,2018,Jan,19.6
Guyana,2018,Feb,20.5
Guyana,2018,Mar,26.5
Guyana,2018,Apr,22.5
Guyana,2018,May,23.4
Guyana,2018,Jun,21.8
Guyana,2018,Jul,28.1
Guyana,2018,Aug,26.6
Guyana,2018,Sep,22.4
Guyana,2018,Oct,22.9
Guyana,2018,Nov,23.3
Guyana,2018,Dec,29.1
Guyana,2019,Jan,22.0
Guyana,2019,Feb,20.8
Guyana,2019,Mar,23.9
Guyana,2019,Apr,27.5
Guyana,2019,May,29.6
Guyana,2019,Jun,24.9
Guyana,2019,Jul,29.5
Guyana,2019,Aug,27.3
Guyana,2019,Sep,23.5
Guyana,2019,Oct,26.7
Guyana,2019,Nov,26.4
Guyana,2019,Dec,32.5
Guyana,2020,Jan,24.2
Guyana,2020,Feb,26.0
Guyana,2020,Mar,11.2
Guyana,2020,Apr,0.1
Guyana,2020,May,0.4
Guyana,2020,Jun,0.4
Guyana,2020,Jul,0.9
Guyana,2020,Aug,1.1
Guyana,2020,Sep,2.3
Guyana,2020,Oct,2.7
Guyana,2020,Nov,6.4
Guyana,2020,Dec,10.9
Guyana,2021,Jan,7.1
Guyana,2021,Feb,6.5
Guyana,2021,Mar,11.7
Guyana,2021,Apr,11.5
Guyana,2021,May,11.8
Guyana,2021,Jun,13.7
Guyana,2021,Jul,17.1
Guyana,2021,Aug,15.1
Guyana,2021,Sep,11.8
Guyana,2021,Oct,13.2
Guyana,2021,Nov,14.7
Guyana,2021,Dec,23.0
Guyana,2022,Jan,16.3
Guyana,2022,Feb,19.2
Guyana,2022,Mar,22.1
Guyana,2022,Apr,25.0
Guyana,2022,May,23.4
Guyana,2022,Jun,22.4
Guyana,2022,Jul,28.3
Guyana,2022,Aug,25.6
Guyana,2022,Sep,26.1
Guyana,2022,Oct,24.3
Guyana,2022,Nov,26.5
Guyana,2022,Dec,29.3
Guyana,2023,Jan,20.8
Guyana,2023,Feb,23.7
Guyana,2023,Mar,27.4
Guyana,2023,Apr,28.5
Guyana,2023,May,24.7
Guyana,2023,Jun,24.0
Guyana,2023,Jul,30.4
Guyana,2023,Aug,26.9
Guyana,2023,Sep,27.9
Guyana,2023,Oct,26.7
Guyana,2023,Nov,27.1
Guyana,2023,Dec,31.1
Guyana,2024,Jan,24.3
Guyana,2024,Feb,26.7
Guyana,2024,Mar,31.8
Guyana,2024,Apr,30.1
Guyana,2024,May,28.3
Guyana,2024,Jun,29.7
Guyana,2024,Jul,34.8
Guyana,2024,Aug,32.0
Guyana,2024,Sep,29.6
Guyana,2024,Oct,32.8
Guyana,2024,Nov,32.2
Guyana,2024,Dec,39.0
Guyana,2025,Jan,29.8
Guyana,2025,Feb,31.2
Guyana,2025,Mar,34.8
Guyana,2025,Apr,38.6
Guyana,2025,May,33.3
Guyana,2025,Jun,34.3
Guyana,2025,Jul,40.6
Haiti,2015,Feb,39.4
Haiti,2015,Mar,48.0
Haiti,2015,Apr,39.6
Haiti,2015,May,38.7
Haiti,2015,Jun,50.7
Haiti,2015,Jul,68.5
Haiti,2015,Aug,48.2
Haiti,2015,Sep,34.3
Haiti,2015,Oct,31.6
Haiti,2015,Nov,30.4
Haiti,2015,Dec,47.4
Haiti,2016,Jan,35.0
Haiti,2016,Feb,32.1
Haiti,2016,Mar,45.3
Haiti,2016,Apr,37.0
Haiti,2016,May,34.7
Haiti,2016,Jun,42.4
Haiti,2016,Jul,38.9
Haiti,2016,Aug,31.8
Haiti,2016,Sep,22.7
Haiti,2016,Oct,30.2
Haiti,2016,Nov,33.4
Haiti,2016,Dec,61.4
Haiti,2017,Jan,41.8
Haiti,2017,Feb,27.1
Haiti,2017,Mar,34.2
Haiti,2017,Apr,29.3
Haiti,2017,May,34.8
Haiti,2017,Jun,28.2
Haiti,2017,Jul,58.3
Haiti,2017,Aug,55.9
Haiti,2017,Sep,25.2
Haiti,2017,Oct,30.5
Haiti,2017,Nov,32.7
Haiti,2017,Dec,68.9
Haiti,2018,Jan,39.1
Haiti,2018,Feb,19.6
Haiti,2018,Mar,47.4
Haiti,2018,Apr,35.3
Haiti,2018,May,36.1
Haiti,2018,Jun,55.0
Haiti,2018,Jul,55.3
Haiti,2018,Aug,52.4
Haiti,2018,Sep,13.0
Haiti,2018,Oct,22.3
Haiti,2018,Nov,29.9
Haiti,2018,Dec,42.0
Haiti,2019,Jan,33.1
Haiti,2019,Feb,21.9
Haiti,2019,Mar,22.0
Haiti,2019,Apr,24.1
Haiti,2019,May,18.1
Haiti,2019,Jun,29.3
Haiti,2019,Jul,37.8
Haiti,2019,Aug,42.0
Haiti,2019,Sep,23.5
Haiti,2019,Oct,8.8
Haiti,2019,Nov,5.3
Haiti,2019,Dec,20.0
Haiti,2020,Jan,47.9
Haiti,2020,Feb,21.0
Haiti,2020,Mar,11.7
Haiti,2020,Apr,0.0
Haiti,2020,May,0.0
Haiti,2020,Jun,0.0
Haiti,2020,Jul,15.8
Haiti,2020,Aug,20.6
Haiti,2020,Sep,17.9
Haiti,2020,Oct,22.7
Haiti,2020,Nov,14.5
Haiti,2020,Dec,30.6
Haiti,2021,Jan,18.0
Haiti,2021,Feb,4.4
Haiti,2021,Mar,10.8
Haiti,2021,Apr,10.8
Haiti,2021,May,17.8
Haiti,2021,Jun,12.4
Haiti,2021,Jul,11.4
Haiti,2021,Aug,17.3
Haiti,2021,Sep,11.4
Haiti,2021,Oct,6.9
Haiti,2021,Nov,10.0
Haiti,2021,Dec,28.3
Haiti,2022,Jan,12.1
Haiti,2022,Feb,9.4
Haiti,2022,Mar,8.1
Haiti,2022,Apr,12.3
Haiti,2022,May,10.7
Haiti,2022,Jun,11.6
Haiti,2022,Jul,16.8
Haiti,2022,Aug,11.6
Haiti,2022,Sep,0.6
Honduras,2015,Feb,74.8
Honduras,2015,Mar,85.6
Honduras,2015,Apr,69.3
Honduras,2015,May,60.6
Honduras,2015,Jun,75.9
Honduras,2015,Jul,76.1
Honduras,2015,Aug,90.2
Honduras,2015,Sep,58.9
Honduras,2015,Oct,56.9
Honduras,2015,Nov,74.3
Honduras,2015,Dec,74.0
Honduras,2016,Jan,170.1
Honduras,2016,Feb,146.0
Honduras,2016,Mar,175.0
Honduras,2016,Apr,144.3
Honduras,2016,May,128.4
Honduras,2016,Jun,156.7
Honduras,2016,Jul,156.9
Honduras,2016,Aug,172.7
Honduras,2016,Sep,120.9
Honduras,2016,Oct,120.7
Honduras,2016,Nov,122.6
Honduras,2016,Dec,131.0
Honduras,2017,Jan,182.9
Honduras,2017,Feb,158.4
Honduras,2017,Mar,173.6
Honduras,2017,Apr,162.2
Honduras,2017,May,132.3
Honduras,2017,Jun,157.7
Honduras,2017,Jul,172.3
Honduras,2017,Aug,165.3
Honduras,2017,Sep,118.3
Honduras,2017,Oct,118.0
Honduras,2017,Nov,121.6
Honduras,2017,Dec,123.3
Honduras,2018,Jan,160.8
Honduras,2018,Feb,150.8
Honduras,2018,Mar,173.4
Honduras,2018,Apr,156.1
Honduras,2018,May,59.6
Honduras,2018,Jun,89.0
Honduras,2018,Jul,82.0
Honduras,2018,Aug,82.8
Honduras,2018,Sep,62.1
Honduras,2018,Oct,62.1
Honduras,2018,Nov,66.2
Honduras,2018,Dec,77.3
Honduras,2019,Jan,54.0
Honduras,2019,Feb,55.8
Honduras,2019,Mar,59.2
Honduras,2019,Apr,66.2
Honduras,2019,May,52.0
Honduras,2019,Jun,68.9
Honduras,2019,Jul,70.2
Honduras,2019,Aug,64.8
Honduras,2019,Sep,45.1
Honduras,2019,Oct,47.1
Honduras,2019,Nov,56.8
Honduras,2019,Dec,84.0
Honduras,2020,Jan,62.8
Honduras,2020,Feb,64.5
Honduras,2020,Mar,28.6
Honduras,2020,Apr,0.0
Honduras,2020,May,0.0
Honduras,2020,Jun,0.0
Honduras,2020,Jul,0.0
Honduras,2020,Aug,2.7
Honduras,2020,Sep,6.3
Honduras,2020,Oct,10.8
Honduras,2020,Nov,8.1
Honduras,2020,Dec,20.5
Honduras,2021,Jan,16.0
Honduras,2021,Feb,16.6
Honduras,2021,Mar,29.6
Honduras,2021,Apr,26.0
Honduras,2021,May,31.9
Honduras,2021,Jun,44.5
Honduras,2021,Jul,53.4
Honduras,2021,Aug,43.6
Honduras,2021,Sep,35.9
Honduras,2021,Oct,40.0
Honduras,2021,Nov,44.6
Honduras,2021,Dec,77.1
Honduras,2022,Jan,43.9
Honduras,2022,Feb,51.1
Honduras,2022,Mar,71.2
Honduras,2022,Apr,85.5
Honduras,2022,May,68.6
Honduras,2022,Jun,81.0
Honduras,2022,Jul,84.6
Honduras,2022,Aug,74.8
Honduras,2022,Sep,53.6
Honduras,2022,Oct,62.6
Honduras,2022,Nov,71.3
Honduras,2022,Dec,96.1
Honduras,2023,Jan,61.9
Honduras,2023,Feb,57.3
Honduras,2023,Mar,72.0
Honduras,2023,Apr,68.5
Honduras,2023,May,66.3
Honduras,2023,Jun,84.3
Honduras,2023,Jul,89.6
Honduras,2023,Aug,73.8
Honduras,2023,Sep,51.3
Honduras,2023,Oct,38.8
Honduras,2023,Nov,52.4
Honduras,2023,Dec,133.9
Honduras,2024,Jan,71.4
Honduras,2024,Feb,67.6
Honduras,2024,Mar,82.8
Honduras,2024,Apr,56.1
Honduras,2024,May,65.5
Honduras,2024,Jun,91.9
Honduras,2024,Jul,84.4
Honduras,2024,Aug,76.9
Honduras,2024,Sep,48.6
Honduras,2024,Oct,50.2
Honduras,2024,Nov,58.8
Honduras,2024,Dec,86.4
Honduras,2025,Jan,60.2
Honduras,2025,Feb,61.7
Honduras,2025,Mar,71.0
Honduras,2025,Apr,69.2
Honduras,2025,May,70.7
Honduras,2025,Jun,89.1
Honduras,2025,Jul,92.1
Honduras,2025,Aug,90.7
Honduras,2025,Sep,72.8
Hong Kong (China),2015,Feb,2324.0
Hong Kong (China),2015,Mar,1928.0
Hong Kong (China),2015,Apr,2116.0
Hong Kong (China),2015,May,2103.0
Hong Kong (China),2015,Jun,1935.0
Hong Kong (China),2015,Jul,2326.0
Hong Kong (China),2015,Aug,2666.0
Hong Kong (China),2015,Sep,2018.0
Hong Kong (China),2015,Oct,2374.0
Hong Kong (China),2015,Nov,2203.0
Hong Kong (China),2015,Dec,2403.0
Hong Kong (China),2016,Jan,2212.0
Hong Kong (China),2016,Feb,1993.0
Hong Kong (China),2016,Mar,1960.0
Hong Kong (China),2016,Apr,2204.0
Hong Kong (China),2016,May,2045.0
Hong Kong (China),2016,Jun,2014.0
Hong Kong (China),2016,Jul,2453.0
Hong Kong (China),2016,Aug,2494.0
Hong Kong (China),2016,Sep,2031.0
Hong Kong (China),2016,Oct,2354.0
Hong Kong (China),2016,Nov,2244.0
Hong Kong (China),2016,Dec,2550.0
Hong Kong (China),2017,Jan,2400.0
Hong Kong (China),2017,Feb,1993.0
Hong Kong (China),2017,Mar,2162.0
Hong Kong (China),2017,Apr,2268.0
Hong Kong (China),2017,May,2182.0
Hong Kong (China),2017,Jun,2048.0
Hong Kong (China),2017,Jul,2556.0
Hong Kong (China),2017,Aug,2554.0
Hong Kong (China),2017,Sep,2086.0
Hong Kong (China),2017,Oct,2526.0
Hong Kong (China),2017,Nov,2435.0
Hong Kong (China),2017,Dec,2676.0
Hong Kong (China),2018,Jan,2421.0
Hong Kong (China),2018,Feb,2301.0
Hong Kong (China),2018,Mar,2303.0
Hong Kong (China),2018,Apr,2397.0
Hong Kong (China),2018,May,2241.0
Hong Kong (China),2018,Jun,2193.0
Hong Kong (China),2018,Jul,2512.0
Hong Kong (China),2018,Aug,2845.0
Hong Kong (China),2018,Sep,2041.0
Hong Kong (China),2018,Oct,2534.0
Hong Kong (China),2018,Nov,2564.0
Hong Kong (China),2018,Dec,2911.0
Hong Kong (China),2019,Jan,2733.0
Hong Kong (China),2019,Feb,2535.0
Hong Kong (China),2019,Mar,2508.0
Hong Kong (China),2019,Apr,2448.0
Hong Kong (China),2019,May,2477.0
Hong Kong (China),2019,Jun,2219.0
Hong Kong (China),2019,Jul,2378.0
Hong Kong (China),2019,Aug,1538.0
Hong Kong (China),2019,Sep,1192.0
Hong Kong (China),2019,Oct,1364.0
Hong Kong (China),2019,Nov,1114.0
Hong Kong (China),2019,Dec,1245.0
Hong Kong (China),2020,Jan,1154.0
Hong Kong (China),2020,Feb,90.4
Hong Kong (China),2020,Mar,37.0
Hong Kong (China),2020,Apr,4.0
Hong Kong (China),2020,May,8.0
Hong Kong (China),2020,Jun,14.5
Hong Kong (China),2020,Jul,20.5
Hong Kong (China),2020,Aug,4.3
Hong Kong (China),2020,Sep,9.0
Hong Kong (China),2020,Oct,7.6
Hong Kong (China),2020,Nov,5.8
Hong Kong (China),2020,Dec,4.7
Hong Kong (China),2021,Jan,4.3
Hong Kong (China),2021,Feb,5.3
Hong Kong (China),2021,Mar,6.6
Hong Kong (China),2021,Apr,5.6
Hong Kong (China),2021,May,5.2
Hong Kong (China),2021,Jun,6.2
Hong Kong (China),2021,Jul,8.6
Hong Kong (China),2021,Aug,10.8
Hong Kong (China),2021,Sep,9.6
Hong Kong (China),2021,Oct,8.8
Hong Kong (China),2021,Nov,9.1
Hong Kong (China),2021,Dec,9.0
Hong Kong (China),2022,Jan,6.7
Hong Kong (China),2022,Feb,2.4
Hong Kong (China),2022,Mar,1.6
Hong Kong (China),2022,Apr,4.4
Hong Kong (China),2022,May,18.0
Hong Kong (China),2022,Jun,40.3
Hong Kong (China),2022,Jul,46.0
Hong Kong (China),2022,Aug,56.5
Hong Kong (China),2022,Sep,62.1
Hong Kong (China),2022,Oct,76.2
Hong Kong (China),2022,Nov,107.7
Hong Kong (China),2022,Dec,145.9
Hong Kong (China),2023,Jan,343.2
Hong Kong (China),2023,Feb,774.9
Hong Kong (China),2023,Mar,1222.0
Hong Kong (China),2023,Apr,1445.0
Hong Kong (China),2023,May,1390.0
Hong Kong (China),2023,Jun,1402.0
Hong Kong (China),2023,Jul,1835.0
Hong Kong (China),2023,Aug,2030.0
Hong Kong (China),2023,Sep,1403.0
Hong Kong (China),2023,Oct,1679.0
Hong Kong (China),2023,Nov,1664.0
Hong Kong (China),2023,Dec,1971.0
Hong Kong (China),2024,Jan,1905.0
Hong Kong (China),2024,Feb,1990.0
Hong Kong (China),2024,Mar,1719.0
Hong Kong (China),2024,Apr,1713.0
Hong Kong (China),2024,May,1645.0
Hong Kong (China),2024,Jun,1571.0
Hong Kong (China),2024,Jul,2003.0
Hong Kong (China),2024,Aug,2173.0
Hong Kong (China),2024,Sep,1481.0
Hong Kong (China),2024,Oct,1885.0
Hong Kong (China),2024,Nov,1783.0
Hong Kong (China),2024,Dec,2076.0
Hong Kong (China),2025,Jan,2233.0
Hong Kong (China),2025,Feb,1775.0
Hong Kong (China),2025,Mar,1880.0
Hong Kong (China),2025,Apr,1877.0
Hong Kong (China),2025,May,1873.0
Hong Kong (China),2025,Jun,1646.0
Hong Kong (China),2025,Jul,2054.0
Hong Kong (China),2025,Aug,2294.0
Hong Kong (China),2025,Sep,1489.0
Iceland,2015,Feb,195.0
Iceland,2015,Mar,235.7
Iceland,2015,Apr,195.4
Iceland,2015,May,331.9
Iceland,2015,Jun,639.0
Iceland,2015,Jul,953.4
Iceland,2015,Aug,879.7
Iceland,2015,Sep,429.5
Iceland,2015,Oct,288.8
Iceland,2015,Nov,205.6
Iceland,2015,Dec,187.9
Iceland,2016,Jan,178.3
Iceland,2016,Feb,271.8
Iceland,2016,Mar,322.2
Iceland,2016,Apr,242.5
Iceland,2016,May,410.2
Iceland,2016,Jun,735.9
Iceland,2016,Jul,1043.0
Iceland,2016,Aug,996.0
Iceland,2016,Sep,597.8
Iceland,2016,Oct,411.3
Iceland,2016,Nov,326.4
Iceland,2016,Dec,311.1
Iceland,2017,Jan,305.5
Iceland,2017,Feb,381.1
Iceland,2017,Mar,429.6
Iceland,2017,Apr,365.4
Iceland,2017,May,447.1
Iceland,2017,Jun,795.9
Iceland,2017,Jul,1049.0
Iceland,2017,Aug,990.0
Iceland,2017,Sep,646.7
Iceland,2017,Oct,468.0
Iceland,2017,Nov,347.4
Iceland,2017,Dec,323.8
Iceland,2018,Jan,316.1
Iceland,2018,Feb,426.7
Iceland,2018,Mar,474.9
Iceland,2018,Apr,329.9
Iceland,2018,May,490.7
Iceland,2018,Jun,779.7
Iceland,2018,Jul,1028.0
Iceland,2018,Aug,1054.0
Iceland,2018,Sep,755.2
Iceland,2018,Oct,546.2
Iceland,2018,Nov,357.4
Iceland,2018,Dec,345.6
Iceland,2019,Jan,299.0
Iceland,2019,Feb,428.1
Iceland,2019,Mar,481.0
Iceland,2019,Apr,357.0
Iceland,2019,May,464.2
Iceland,2019,Jun,780.0
Iceland,2019,Jul,1044.0
Iceland,2019,Aug,1061.0
Iceland,2019,Sep,744.1
Iceland,2019,Oct,578.6
Iceland,2019,Nov,367.1
Iceland,2019,Dec,353.5
Iceland,2020,Jan,191.8
Iceland,2020,Feb,215.3
Iceland,2020,Mar,124.0
Iceland,2020,Apr,6.6
Iceland,2020,May,13.4
Iceland,2020,Jun,43.8
Iceland,2020,Jul,202.1
Iceland,2020,Aug,183.9
Iceland,2020,Sep,30.0
Iceland,2020,Oct,14.8
Iceland,2020,Nov,7.4
Iceland,2020,Dec,7.8
Iceland,2021,Jan,7.9
Iceland,2021,Feb,8.9
Iceland,2021,Mar,11.2
Iceland,2021,Apr,13.7
Iceland,2021,May,46.6
Iceland,2021,Jun,156.0
Iceland,2021,Jul,390.7
Iceland,2021,Aug,482.5
Iceland,2021,Sep,328.4
Iceland,2021,Oct,222.1
Iceland,2021,Nov,133.2
Iceland,2021,Dec,101.6
Iceland,2022,Jan,78.8
Iceland,2022,Feb,131.7
Iceland,2022,Mar,181.2
Iceland,2022,Apr,178.5
Iceland,2022,May,269.5
Iceland,2022,Jun,512.2
Iceland,2022,Jul,770.1
Iceland,2022,Aug,739.8
Iceland,2022,Sep,507.6
Iceland,2022,Oct,331.2
Iceland,2022,Nov,206.5
Iceland,2022,Dec,169.4
Iceland,2023,Jan,161.0
Iceland,2023,Feb,215.8
Iceland,2023,Mar,270.7
Iceland,2023,Apr,261.1
Iceland,2023,May,380.5
Iceland,2023,Jun,587.6
Iceland,2023,Jul,801.6
Iceland,2023,Aug,795.6
Iceland,2023,Sep,551.7
Iceland,2023,Oct,393.0
Iceland,2023,Nov,226.8
Iceland,2023,Dec,169.6
Iceland,2024,Jan,156.3
Iceland,2024,Feb,249.0
Iceland,2024,Mar,302.2
Iceland,2024,Apr,229.9
Iceland,2024,May,307.1
Iceland,2024,Jun,581.2
Iceland,2024,Jul,783.2
Iceland,2024,Aug,825.4
Iceland,2024,Sep,607.0
India,2015,Feb,761.0
India,2015,Mar,729.2
India,2015,Apr,541.6
India,2015,May,509.9
India,2015,Jun,512.3
India,2015,Jul,628.3
India,2015,Aug,599.5
India,2015,Sep,542.6
India,2015,Oct,683.3
India,2015,Nov,815.9
India,2015,Dec,912.7
India,2016,Jan,844.5
India,2016,Feb,848.8
India,2016,Mar,809.1
India,2016,Apr,592.0
India,2016,May,527.5
India,2016,Jun,547.0
India,2016,Jul,733.8
India,2016,Aug,652.1
India,2016,Sep,608.2
India,2016,Oct,741.8
India,2016,Nov,878.3
India,2016,Dec,1021.0
India,2017,Jan,964.1
India,2017,Feb,931.0
India,2017,Mar,885.9
India,2017,Apr,717.9
India,2017,May,622.4
India,2017,Jun,663.5
India,2017,Jul,779.3
India,2017,Aug,719.1
India,2017,Sep,720.0
India,2017,Oct,867.0
India,2017,Nov,997.7
India,2017,Dec,1168.0
India,2018,Jan,1045.0
India,2018,Feb,1049.0
India,2018,Mar,1022.0
India,2018,Apr,745.0
India,2018,May,606.5
India,2018,Jun,683.9
India,2018,Jul,806.5
India,2018,Aug,786.0
India,2018,Sep,719.9
India,2018,Oct,890.2
India,2018,Nov,1013.0
India,2018,Dec,1191.0
India,2019,Jan,1111.0
India,2019,Feb,1091.0
India,2019,Mar,976.5
India,2019,Apr,774.7
India,2019,May,615.1
India,2019,Jun,726.4
India,2019,Jul,818.1
India,2019,Aug,800.8
India,2019,Sep,751.5
India,2019,Oct,945.0
India,2019,Nov,1092.0
India,2019,Dec,1226.0
India,2020,Jan,1119.0
India,2020,Feb,1018.0
India,2020,Mar,328.3
India,2020,Apr,2.8
India,2020,May,3.8
India,2020,Jun,8.6
India,2020,Jul,12.7
India,2020,Aug,19.8
India,2020,Sep,28.2
India,2020,Oct,41.5
India,2020,Nov,71.0
India,2020,Dec,90.5
India,2021,Jan,83.8
India,2021,Feb,99.6
India,2021,Mar,123.2
India,2021,Apr,110.8
India,2021,May,19.8
India,2021,Jun,36.1
India,2021,Jul,72.5
India,2021,Aug,92.7
India,2021,Sep,115.7
India,2021,Oct,191.4
India,2021,Nov,263.9
India,2021,Dec,317.6
India,2022,Jan,201.5
India,2022,Feb,240.9
India,2022,Mar,342.3
India,2022,Apr,392.9
India,2022,May,423.7
India,2022,Jun,522.7
India,2022,Jul,777.7
India,2022,Aug,524.8
India,2022,Sep,551.6
India,2022,Oct,677.1
India,2022,Nov,789.3
India,2022,Dec,993.0
India,2023,Jan,868.2
India,2023,Feb,865.8
India,2023,Mar,795.8
India,2023,Apr,604.0
India,2023,May,598.5
India,2023,Jun,648.0
India,2023,Jul,926.8
India,2023,Aug,664.2
India,2023,Sep,666.9
India,2023,Oct,832.2
India,2023,Nov,948.6
India,2023,Dec,1102.0
India,2024,Jan,958.7
India,2024,Feb,1003.0
India,2024,Mar,859.7
India,2024,Apr,650.7
India,2024,May,600.5
India,2024,Jun,706.0
India,2024,Jul,776.1
India,2024,Aug,636.3
India,2024,Sep,669.6
India,2024,Oct,820.3
India,2024,Nov,947.6
India,2024,Dec,1029.0
India,2025,Jan,957.0
India,2025,Feb,915.7
India,2025,Mar,742.1
India,2025,Apr,625.9
India,2025,May,474.3
India,2025,Jun,547.9
India,2025,Jul,668.6
India,2025,Aug,627.6
India,2025,Sep,623.8
Indonesia,2015,Feb,843.9
Indonesia,2015,Mar,841.1
Indonesia,2015,Apr,801.9
Indonesia,2015,May,852.4
Indonesia,2015,Jun,872.4
Indonesia,2015,Jul,877.6
Indonesia,2015,Aug,911.7
Indonesia,2015,Sep,920.1
Indonesia,2015,Oct,877.8
Indonesia,2015,Nov,835.4
Indonesia,2015,Dec,986.5
Indonesia,2016,Jan,814.3
Indonesia,2016,Feb,888.3
Indonesia,2016,Mar,915.0
Indonesia,2016,Apr,901.1
Indonesia,2016,May,915.2
Indonesia,2016,Jun,857.7
Indonesia,2016,Jul,1033.0
Indonesia,2016,Aug,1032.0
Indonesia,2016,Sep,1007.0
Indonesia,2016,Oct,1041.0
Indonesia,2016,Nov,1002.0
Indonesia,2016,Dec,1113.0
Indonesia,2017,Jan,1108.0
Indonesia,2017,Feb,1023.0
Indonesia,2017,Mar,1060.0
Indonesia,2017,Apr,1171.0
Indonesia,2017,May,1149.0
Indonesia,2017,Jun,1144.0
Indonesia,2017,Jul,1371.0
Indonesia,2017,Aug,1393.0
Indonesia,2017,Sep,1250.0
Indonesia,2017,Oct,1162.0
Indonesia,2017,Nov,1062.0
Indonesia,2017,Dec,1147.0
Indonesia,2018,Jan,1098.0
Indonesia,2018,Feb,1198.0
Indonesia,2018,Mar,1363.0
Indonesia,2018,Apr,1302.0
Indonesia,2018,May,1243.0
Indonesia,2018,Jun,1323.0
Indonesia,2018,Jul,1547.0
Indonesia,2018,Aug,1511.0
Indonesia,2018,Sep,1371.0
Indonesia,2018,Oct,1292.0
Indonesia,2018,Nov,1157.0
Indonesia,2018,Dec,1406.0
Indonesia,2019,Jan,1202.0
Indonesia,2019,Feb,1244.0
Indonesia,2019,Mar,1312.0
Indonesia,2019,Apr,1274.0
Indonesia,2019,May,1250.0
Indonesia,2019,Jun,1434.0
Indonesia,2019,Jul,1468.0
Indonesia,2019,Aug,1530.0
Indonesia,2019,Sep,1389.0
Indonesia,2019,Oct,1346.0
Indonesia,2019,Nov,1281.0
Indonesia,2019,Dec,1377.0
Indonesia,2020,Jan,1290.0
Indonesia,2020,Feb,872.8
Indonesia,2020,Mar,486.2
Indonesia,2020,Apr,158.1
Indonesia,2020,May,161.8
Indonesia,2020,Jun,156.6
Indonesia,2020,Jul,155.7
Indonesia,2020,Aug,161.5
Indonesia,2020,Sep,149.0
Indonesia,2020,Oct,152.3
Indonesia,2020,Nov,144.5
Indonesia,2020,Dec,164.1
Indonesia,2021,Jan,126.5
Indonesia,2021,Feb,105.8
Indonesia,2021,Mar,120.0
Indonesia,2021,Apr,112.8
Indonesia,2021,May,139.4
Indonesia,2021,Jun,126.8
Indonesia,2021,Jul,127.2
Indonesia,2021,Aug,118.5
Indonesia,2021,Sep,120.1
Indonesia,2021,Oct,146.1
Indonesia,2021,Nov,150.6
Indonesia,2021,Dec,163.6
Indonesia,2022,Jan,136.3
Indonesia,2022,Feb,117.5
Indonesia,2022,Mar,158.6
Indonesia,2022,Apr,230.1
Indonesia,2022,May,354.9
Indonesia,2022,Jun,483.9
Indonesia,2022,Jul,645.1
Indonesia,2022,Aug,670.5
Indonesia,2022,Sep,700.6
Indonesia,2022,Oct,734.2
Indonesia,2022,Nov,704.8
Indonesia,2022,Dec,952.5
Indonesia,2023,Jan,798.5
Indonesia,2023,Feb,749.4
Indonesia,2023,Mar,869.2
Indonesia,2023,Apr,865.8
Indonesia,2023,May,953.7
Indonesia,2023,Jun,1063.0
Indonesia,2023,Jul,1121.0
Indonesia,2023,Aug,1133.0
Indonesia,2023,Sep,1070.0
Indonesia,2023,Oct,978.5
Indonesia,2023,Nov,931.2
Indonesia,2023,Dec,1145.0
Indonesia,2024,Jan,927.7
Indonesia,2024,Feb,1062.0
Indonesia,2024,Mar,1042.0
Indonesia,2024,Apr,1067.0
Indonesia,2024,May,1145.0
Indonesia,2024,Jun,1198.0
Indonesia,2024,Jul,1311.0
Indonesia,2024,Aug,1340.0
Indonesia,2024,Sep,1279.0
Indonesia,2024,Oct,1194.0
Indonesia,2024,Nov,1092.0
Indonesia,2024,Dec,1229.0
Indonesia,2025,Jan,1156.0
Indonesia,2025,Feb,1023.0
Indonesia,2025,Mar,984.8
Indonesia,2025,Apr,1165.0
Indonesia,2025,May,1306.0
Indonesia,2025,Jun,1416.0
Indonesia,2025,Jul,1481.0
Indonesia,2025,Aug,1505.0
Indonesia,2025,Sep,1395.0
Iran,2017,Jan,298.0
Iran,2017,Feb,346.4
Iran,2017,Mar,329.2
Iran,2017,Apr,375.4
Iran,2017,May,433.8
Iran,2017,Jun,295.7
Iran,2017,Jul,490.6
Iran,2017,Aug,564.4
Iran,2017,Sep,459.4
Iran,2017,Oct,387.2
Iran,2017,Nov,500.9
Iran,2017,Dec,385.9
Iran,2018,Jan,377.1
Iran,2018,Feb,416.9
Iran,2018,Mar,426.3
Iran,2018,Apr,448.6
Iran,2018,May,525.4
Iran,2018,Jun,469.5
Iran,2018,Jul,752.8
Iran,2018,Aug,943.7
Iran,2018,Sep,816.1
Iran,2018,Oct,783.3
Iran,2018,Nov,782.3
Iran,2018,Dec,552.9
Iran,2019,Jan,598.8
Iran,2019,Feb,704.5
Iran,2019,Mar,727.3
Iran,2019,Apr,1047.0
Iran,2019,May,1021.0
Iran,2019,Jun,899.9
Iran,2019,Jul,892.7
Iran,2019,Aug,843.5
Iran,2019,Sep,643.2
Iran,2019,Oct,497.8
Iran,2019,Nov,606.2
Iran,2019,Dec,625.5
Iran,2020,Jan,619.4
Iran,2020,Feb,512.5
Iran,2020,Mar,31.5
Iran,2020,Apr,18.2
Iran,2020,May,23.6
Iran,2020,Jun,34.9
Iran,2020,Jul,39.6
Iran,2020,Aug,45.3
Iran,2020,Sep,59.3
Iran,2020,Oct,66.3
Iran,2020,Nov,59.3
Iran,2020,Dec,39.5
Iran,2021,Jan,55.3
Iran,2021,Feb,48.8
Iran,2021,Mar,46.8
Iran,2021,Apr,49.6
Iran,2021,May,44.0
Iran,2021,Jun,58.1
Iran,2021,Jul,75.5
Iran,2021,Aug,69.9
Iran,2021,Sep,66.1
Iran,2021,Oct,98.0
Iran,2021,Nov,190.2
Iran,2021,Dec,187.2
Iran,2022,Jan,198.3
Iran,2022,Feb,279.2
Iran,2022,Mar,267.3
Iran,2022,Apr,226.2
Iran,2022,May,371.2
Iran,2022,Jun,470.6
Iran,2022,Jul,550.3
Iran,2022,Aug,448.2
Iran,2022,Sep,369.2
Iran,2022,Oct,261.1
Iran,2022,Nov,309.8
Iran,2022,Dec,357.1
Iran,2023,Jan,181.4
Iran,2023,Feb,327.8
Iran,2023,Mar,363.5
Iran,2023,Apr,381.8
Iran,2023,May,551.1
Iran,2023,Jun,573.8
Iran,2023,Jul,590.4
Iran,2023,Aug,652.0
Iran,2023,Sep,667.4
Iran,2023,Oct,526.3
Iran,2023,Nov,504.1
Iran,2023,Dec,548.9
Iran,2024,Jan,494.7
Iran,2024,Feb,506.3
Iran,2024,Mar,396.8
Iran,2024,Apr,497.5
Iran,2024,May,443.3
Iran,2024,Jun,790.9
Iran,2024,Jul,744.5
Iran,2024,Aug,766.2
Iran,2024,Sep,790.5
Iran,2024,Oct,513.0
Iran,2024,Nov,517.6
Iran,2024,Dec,583.8
Iran,2025,Jan,630.6
Iran,2025,Feb,539.1
Iran,2025,Mar,430.5
Iran,2025,Apr,657.4
Iran,2025,May,710.9
Iran,2025,Jun,452.5
Iran,2025,Jul,412.8
Iran,2025,Aug,645.5
Iran,2025,Sep,677.5
Ireland,2015,Feb,440.1
Ireland,2015,Mar,644.5
Ireland,2015,Apr,694.0
Ireland,2015,May,821.2
Ireland,2015,Jun,829.7
Ireland,2015,Jul,938.4
Ireland,2015,Aug,1020.0
Ireland,2015,Sep,812.9
Ireland,2015,Oct,772.3
Ireland,2015,Nov,615.9
Ireland,2015,Dec,607.7
Ireland,2016,Jan,521.0
Ireland,2016,Feb,561.0
Ireland,2016,Mar,702.7
Ireland,2016,Apr,798.8
Ireland,2016,May,881.3
Ireland,2016,Jun,918.8
Ireland,2016,Jul,1043.0
Ireland,2016,Aug,1126.0
Ireland,2016,Sep,892.4
Ireland,2016,Oct,832.3
Ireland,2016,Nov,642.2
Ireland,2016,Dec,664.8
Ireland,2017,Jan,564.1
Ireland,2017,Feb,512.0
Ireland,2017,Mar,720.0
Ireland,2017,Apr,833.3
Ireland,2017,May,943.4
Ireland,2017,Jun,992.7
Ireland,2017,Jul,1032.0
Ireland,2017,Aug,1118.0
Ireland,2017,Sep,946.6
Ireland,2017,Oct,870.3
Ireland,2017,Nov,718.2
Ireland,2017,Dec,682.4
Ireland,2018,Jan,585.5
Ireland,2018,Feb,575.3
Ireland,2018,Mar,759.8
Ireland,2018,Apr,899.9
Ireland,2018,May,1026.0
Ireland,2018,Jun,1026.0
Ireland,2018,Jul,1161.0
Ireland,2018,Aug,1202.0
Ireland,2018,Sep,968.2
Ireland,2018,Oct,933.5
Ireland,2018,Nov,741.0
Ireland,2018,Dec,738.3
Ireland,2019,Jan,651.3
Ireland,2019,Feb,590.7
Ireland,2019,Mar,784.7
Ireland,2019,Apr,938.3
Ireland,2019,May,1022.0
Ireland,2019,Jun,1062.0
Ireland,2019,Jul,1155.0
Ireland,2019,Aug,1191.0
Ireland,2019,Sep,988.7
Ireland,2019,Oct,956.8
Ireland,2019,Nov,688.6
Ireland,2019,Dec,779.2
Ireland,2020,Jan,654.5
Ireland,2020,Feb,615.2
Ireland,2023,Apr,461.9
Ireland,2023,May,573.3
Ireland,2023,Jun,619.9
Ireland,2023,Jul,650.2
Ireland,2023,Aug,737.6
Ireland,2023,Sep,582.1
Ireland,2023,Oct,577.4
Ireland,2023,Nov,447.5
Ireland,2023,Dec,445.2
Ireland,2024,Jan,451.9
Ireland,2024,Feb,433.3
Ireland,2024,Mar,521.8
Ireland,2024,Apr,549.1
Ireland,2024,May,622.3
Ireland,2024,Jun,669.5
Ireland,2024,Jul,655.4
Ireland,2024,Aug,763.6
Ireland,2024,Sep,578.1
Ireland,2024,Oct,548.1
Ireland,2024,Nov,407.7
Ireland,2024,Dec,390.7
Ireland,2025,Jan,338.9
Ireland,2025,Feb,304.3
Ireland,2025,Mar,441.2
Ireland,2025,Apr,528.1
Ireland,2025,May,560.5
Ireland,2025,Jun,654.0
Ireland,2025,Jul,646.4
Ireland,2025,Aug,772.8
Ireland,2025,Sep,604.5
Israel,2015,Feb,187.0
Israel,2015,Mar,238.8
Israel,2015,Apr,288.7
Israel,2015,May,281.5
Israel,2015,Jun,237.5
Israel,2015,Jul,245.0
Israel,2015,Aug,232.9
Israel,2015,Sep,224.5
Israel,2015,Oct,289.7
Israel,2015,Nov,209.1
Israel,2015,Dec,197.2
Israel,2016,Jan,164.8
Israel,2016,Feb,191.2
Israel,2016,Mar,240.4
Israel,2016,Apr,253.0
Israel,2016,May,297.3
Israel,2016,Jun,236.3
Israel,2016,Jul,231.8
Israel,2016,Aug,211.4
Israel,2016,Sep,265.5
Israel,2016,Oct,271.7
Israel,2016,Nov,287.9
Israel,2016,Dec,248.6
Israel,2017,Jan,211.9
Israel,2017,Feb,233.7
Israel,2017,Mar,293.0
Israel,2017,Apr,349.2
Israel,2017,May,346.9
Israel,2017,Jun,303.1
Israel,2017,Jul,271.0
Israel,2017,Aug,253.7
Israel,2017,Sep,278.4
Israel,2017,Oct,426.3
Israel,2017,Nov,355.9
Israel,2017,Dec,290.1
Israel,2018,Jan,257.1
Israel,2018,Feb,299.6
Israel,2018,Mar,393.1
Israel,2018,Apr,408.9
Israel,2018,May,396.1
Israel,2018,Jun,310.8
Israel,2018,Jul,293.9
Israel,2018,Aug,279.2
Israel,2018,Sep,282.0
Israel,2018,Oct,485.7
Israel,2018,Nov,388.8
Israel,2018,Dec,325.6
Israel,2019,Jan,284.8
Israel,2019,Feb,342.1
Israel,2019,Mar,425.8
Israel,2019,Apr,404.9
Israel,2019,May,439.9
Israel,2019,Jun,365.1
Israel,2019,Jul,322.8
Israel,2019,Aug,304.6
Israel,2019,Sep,405.0
Israel,2019,Oct,447.1
Israel,2019,Nov,451.2
Israel,2019,Dec,358.3
Israel,2020,Jan,308.5
Israel,2020,Feb,343.8
Israel,2020,Mar,80.7
Israel,2020,Apr,0.6
Israel,2020,May,2.2
Israel,2020,Jun,5.8
Israel,2020,Jul,6.0
Israel,2020,Aug,20.1
Israel,2020,Sep,15.1
Israel,2020,Oct,20.3
Israel,2020,Nov,15.0
Israel,2020,Dec,13.3
Israel,2021,Jan,7.5
Israel,2021,Feb,2.6
Israel,2021,Mar,6.7
Israel,2021,Apr,30.2
Israel,2021,May,21.5
Israel,2021,Jun,38.5
Israel,2021,Jul,49.2
Israel,2021,Aug,52.9
Israel,2021,Sep,34.5
Israel,2021,Oct,57.0
Israel,2021,Nov,75.6
Israel,2021,Dec,20.5
Israel,2022,Jan,46.2
Israel,2022,Feb,89.9
Israel,2022,Mar,170.7
Israel,2022,Apr,209.9
Israel,2022,May,249.2
Israel,2022,Jun,244.5
Israel,2022,Jul,249.9
Israel,2022,Aug,234.4
Israel,2022,Sep,249.8
Israel,2022,Oct,333.5
Israel,2022,Nov,330.7
Israel,2022,Dec,266.2
Israel,2023,Jan,257.4
Israel,2023,Feb,307.0
Israel,2023,Mar,351.9
Israel,2023,Apr,355.2
Israel,2023,May,376.4
Israel,2023,Jun,322.9
Israel,2023,Jul,270.2
Israel,2023,Aug,284.2
Israel,2023,Sep,304.1
Israel,2023,Oct,89.7
Israel,2023,Nov,38.3
Israel,2023,Dec,52.8
Israel,2024,Jan,58.6
Israel,2024,Feb,67.5
Israel,2024,Mar,78.6
Israel,2024,Apr,80.1
Israel,2024,May,114.0
Israel,2024,Jun,96.0
Israel,2024,Jul,108.3
Israel,2024,Aug,68.8
Israel,2024,Sep,85.1
Israel,2024,Oct,66.8
Israel,2024,Nov,61.5
Israel,2024,Dec,75.9
Israel,2025,Jan,78.8
Israel,2025,Feb,88.2
Israel,2025,Mar,100.7
Israel,2025,Apr,164.0
Israel,2025,May,124.0
Israel,2025,Jun,55.3
Israel,2025,Jul,85.0
Israel,2025,Aug,118.2
Israel,2025,Sep,113.7
Italy,2015,Feb,2440.0
Italy,2015,Mar,3245.0
Italy,2015,Apr,3828.0
Italy,2015,May,5096.0
Italy,2015,Jun,5477.0
Italy,2015,Jul,6406.0
Italy,2015,Aug,6177.0
Italy,2015,Sep,4877.0
Italy,2015,Oct,4676.0
Italy,2015,Nov,2975.0
Italy,2015,Dec,2711.0
Italy,2016,Jan,3085.0
Italy,2016,Feb,2560.0
Italy,2016,Mar,3362.0
Italy,2016,Apr,3916.0
Italy,2016,May,5022.0
Italy,2016,Jun,6002.0
Italy,2016,Jul,6491.0
Italy,2016,Aug,6417.0
Italy,2016,Sep,5128.0
Italy,2016,Oct,4545.0
Italy,2016,Nov,3026.0
Italy,2016,Dec,2818.0
Italy,2017,Jan,3136.0
Italy,2017,Feb,2840.0
Italy,2017,Mar,3663.0
Italy,2017,Apr,4447.0
Italy,2017,May,5676.0
Italy,2017,Jun,6114.0
Italy,2017,Jul,7260.0
Italy,2017,Aug,7256.0
Italy,2017,Sep,6504.0
Italy,2017,Oct,4685.0
Italy,2017,Nov,3330.0
Italy,2017,Dec,3341.0
Italy,2018,Jan,3154.0
Italy,2018,Feb,2877.0
Italy,2018,Mar,3683.0
Italy,2018,Apr,4708.0
Italy,2018,May,5763.0
Italy,2018,Jun,6433.0
Italy,2018,Jul,7900.0
Italy,2018,Aug,7913.0
Italy,2018,Sep,6723.0
Italy,2018,Oct,5193.0
Italy,2018,Nov,3549.0
Italy,2018,Dec,3671.0
Italy,2019,Jan,3226.0
Italy,2019,Feb,3003.0
Italy,2019,Mar,4121.0
Italy,2019,Apr,4974.0
Italy,2019,May,6201.0
Italy,2019,Jun,6654.0
Italy,2019,Jul,8417.0
Italy,2019,Aug,7941.0
Italy,2019,Sep,6906.0
Italy,2019,Oct,5576.0
Italy,2019,Nov,3703.0
Italy,2019,Dec,3791.0
Italy,2020,Jan,3362.0
Italy,2020,Feb,2799.0
Italy,2020,Mar,667.4
Italy,2020,Apr,471.3
Italy,2020,May,988.7
Italy,2020,Jun,1838.0
Italy,2020,Jul,3626.0
Italy,2020,Aug,4388.0
Italy,2020,Sep,3636.0
Italy,2020,Oct,1948.0
Italy,2020,Nov,752.2
Italy,2020,Dec,713.0
Italy,2021,Jan,700.1
Italy,2021,Feb,705.0
Italy,2021,Mar,692.2
Italy,2021,Apr,621.4
Italy,2021,May,1074.0
Italy,2021,Jun,1889.0
Italy,2021,Jul,3203.0
Italy,2021,Aug,5099.0
Italy,2021,Sep,4805.0
Italy,2021,Oct,3715.0
Italy,2021,Nov,2397.0
Italy,2021,Dec,1988.0
Italy,2022,Jan,1526.0
Italy,2022,Feb,1875.0
Italy,2022,Mar,2723.0
Italy,2022,Apr,3855.0
Italy,2022,May,4702.0
Italy,2022,Jun,5564.0
Italy,2022,Jul,6503.0
Italy,2022,Aug,6604.0
Italy,2022,Sep,6030.0
Italy,2022,Oct,5000.0
Italy,2022,Nov,2923.0
Italy,2022,Dec,2504.0
Italy,2023,Jan,2917.0
Italy,2023,Feb,2800.0
Italy,2023,Mar,3452.0
Italy,2023,Apr,4578.0
Italy,2023,May,5102.0
Italy,2023,Jun,5920.0
Italy,2023,Jul,7384.0
Italy,2023,Aug,6911.0
Italy,2023,Sep,6193.0
Italy,2023,Oct,5162.0
Italy,2023,Nov,3222.0
Italy,2023,Dec,3608.0
Italy,2024,Jan,3022.0
Italy,2024,Feb,3101.0
Italy,2024,Mar,3688.0
Italy,2024,Apr,4676.0
Italy,2024,May,5768.0
Italy,2024,Jun,6441.0
Italy,2024,Jul,7321.0
Italy,2024,Aug,6679.0
Italy,2024,Sep,5758.0
Italy,2024,Oct,4935.0
Italy,2024,Nov,3182.0
Italy,2024,Dec,3154.0
Italy,2025,Jan,3073.0
Italy,2025,Feb,3269.0
Italy,2025,Mar,3808.0
Italy,2025,Apr,4977.0
Italy,2025,May,6090.0
Italy,2025,Jun,6771.0
Italy,2025,Jul,7768.0
Italy,2025,Aug,7209.0
Jamaica,2015,Feb,177.8
Jamaica,2015,Mar,212.1
Jamaica,2015,Apr,189.9
Jamaica,2015,May,168.3
Jamaica,2015,Jun,182.4
Jamaica,2015,Jul,220.7
Jamaica,2015,Aug,169.1
Jamaica,2015,Sep,114.3
Jamaica,2015,Oct,134.3
Jamaica,2015,Nov,158.5
Jamaica,2015,Dec,219.1
Jamaica,2016,Jan,179.6
Jamaica,2016,Feb,185.3
Jamaica,2016,Mar,219.7
Jamaica,2016,Apr,188.6
Jamaica,2016,May,167.9
Jamaica,2016,Jun,194.1
Jamaica,2016,Jul,228.2
Jamaica,2016,Aug,169.0
Jamaica,2016,Sep,120.3
Jamaica,2016,Oct,135.5
Jamaica,2016,Nov,163.2
Jamaica,2016,Dec,230.5
Jamaica,2017,Jan,185.9
Jamaica,2017,Feb,186.7
Jamaica,2017,Mar,212.6
Jamaica,2017,Apr,205.8
Jamaica,2017,May,181.7
Jamaica,2017,Jun,211.1
Jamaica,2017,Jul,248.6
Jamaica,2017,Aug,192.9
Jamaica,2017,Sep,131.4
Jamaica,2017,Oct,157.4
Jamaica,2017,Nov,187.1
Jamaica,2017,Dec,251.8
Jamaica,2018,Jan,194.6
Jamaica,2018,Feb,193.6
Jamaica,2018,Mar,236.8
Jamaica,2018,Apr,204.7
Jamaica,2018,May,195.5
Jamaica,2018,Jun,229.3
Jamaica,2018,Jul,257.1
Jamaica,2018,Aug,206.0
Jamaica,2018,Sep,134.9
Jamaica,2018,Oct,162.6
Jamaica,2018,Nov,196.5
Jamaica,2018,Dec,261.1
Jamaica,2019,Jan,216.5
Jamaica,2019,Feb,220.0
Jamaica,2019,Mar,271.7
Jamaica,2019,Apr,232.8
Jamaica,2019,May,210.7
Jamaica,2019,Jun,238.9
Jamaica,2019,Jul,270.5
Jamaica,2019,Aug,214.8
Jamaica,2019,Sep,144.6
Jamaica,2019,Oct,176.5
Jamaica,2019,Nov,202.8
Jamaica,2019,Dec,281.1
Jamaica,2020,Jan,227.2
Jamaica,2020,Feb,235.7
Jamaica,2020,Mar,111.2
Jamaica,2020,Apr,0.0
Jamaica,2020,May,0.0
Jamaica,2020,Jun,7.2
Jamaica,2020,Jul,41.9
Jamaica,2020,Aug,43.8
Jamaica,2020,Sep,28.6
Jamaica,2020,Oct,45.1
Jamaica,2020,Nov,49.4
Jamaica,2020,Dec,90.2
Jamaica,2021,Jan,43.8
Jamaica,2021,Feb,43.8
Jamaica,2021,Mar,73.6
Jamaica,2021,Apr,82.7
Jamaica,2021,May,122.5
Jamaica,2021,Jun,166.0
Jamaica,2021,Jul,183.7
Jamaica,2021,Aug,153.6
Jamaica,2021,Sep,100.7
Jamaica,2021,Oct,118.5
Jamaica,2021,Nov,152.1
Jamaica,2021,Dec,223.3
Jamaica,2022,Jan,131.7
Jamaica,2022,Feb,162.9
Jamaica,2022,Mar,215.8
Jamaica,2022,Apr,222.8
Jamaica,2022,May,204.0
Jamaica,2022,Jun,233.3
Jamaica,2022,Jul,259.9
Jamaica,2022,Aug,218.8
Jamaica,2022,Sep,168.5
Jamaica,2022,Oct,182.0
Jamaica,2022,Nov,207.2
Jamaica,2022,Dec,271.5
Jamaica,2023,Jan,229.5
Jamaica,2023,Feb,228.5
Jamaica,2023,Mar,276.0
Jamaica,2023,Apr,253.7
Jamaica,2023,May,227.9
Jamaica,2023,Jun,268.2
Jamaica,2023,Jul,291.6
Jamaica,2023,Aug,244.4
Jamaica,2023,Sep,178.2
Jamaica,2023,Oct,197.0
Jamaica,2023,Nov,222.5
Jamaica,2023,Dec,298.6
Jamaica,2024,Jan,246.8
Jamaica,2024,Feb,242.8
Jamaica,2024,Mar,291.4
Jamaica,2024,Apr,239.2
Jamaica,2024,May,229.4
Jamaica,2024,Jun,263.1
Jamaica,2024,Jul,258.3
Jamaica,2024,Aug,242.1
Jamaica,2024,Sep,167.8
Jamaica,2024,Oct,197.9
Jamaica,2024,Nov,218.9
Jamaica,2024,Dec,302.6
Jamaica,2025,Jan,238.6
Jamaica,2025,Feb,229.7
Jamaica,2025,Mar,269.1
Jamaica,2025,Apr,249.0
Jamaica,2025,May,226.8
Jamaica,2025,Jun,264.9
Jamaica,2025,Jul,298.4
Jamaica,2025,Aug,250.8
Japan,2015,Feb,1387.0
Japan,2015,Mar,1526.0
Japan,2015,Apr,1765.0
Japan,2015,May,1642.0
Japan,2015,Jun,1602.0
Japan,2015,Jul,1918.0
Japan,2015,Aug,1817.0
Japan,2015,Sep,1612.0
Japan,2015,Oct,1829.0
Japan,2015,Nov,1648.0
Japan,2015,Dec,1773.0
Japan,2016,Jan,1852.0
Japan,2016,Feb,1891.0
Japan,2016,Mar,2010.0
Japan,2016,Apr,2082.0
Japan,2016,May,1894.0
Japan,2016,Jun,1986.0
Japan,2016,Jul,2296.0
Japan,2016,Aug,2049.0
Japan,2016,Sep,1918.0
Japan,2016,Oct,2136.0
Japan,2016,Nov,1875.0
Japan,2016,Dec,2051.0
Japan,2017,Jan,2296.0
Japan,2017,Feb,2036.0
Japan,2017,Mar,2206.0
Japan,2017,Apr,2579.0
Japan,2017,May,2295.0
Japan,2017,Jun,2346.0
Japan,2017,Jul,2682.0
Japan,2017,Aug,2477.0
Japan,2017,Sep,2280.0
Japan,2017,Oct,2595.0
Japan,2017,Nov,2378.0
Japan,2017,Dec,2521.0
Japan,2018,Jan,2501.0
Japan,2018,Feb,2509.0
Japan,2018,Mar,2608.0
Japan,2018,Apr,2901.0
Japan,2018,May,2675.0
Japan,2018,Jun,2705.0
Japan,2018,Jul,2832.0
Japan,2018,Aug,2578.0
Japan,2018,Sep,2160.0
Japan,2018,Oct,2641.0
Japan,2018,Nov,2451.0
Japan,2018,Dec,2632.0
Japan,2019,Jan,2689.0
Japan,2019,Feb,2604.0
Japan,2019,Mar,2760.0
Japan,2019,Apr,2927.0
Japan,2019,May,2773.0
Japan,2019,Jun,2880.0
Japan,2019,Jul,2991.0
Japan,2019,Aug,2520.0
Japan,2019,Sep,2273.0
Japan,2019,Oct,2497.0
Japan,2019,Nov,2441.0
Japan,2019,Dec,2526.0
Japan,2020,Jan,2661.0
Japan,2020,Feb,1085.0
Japan,2020,Mar,193.7
Japan,2020,Apr,2.9
Japan,2020,May,1.7
Japan,2020,Jun,2.6
Japan,2020,Jul,3.8
Japan,2020,Aug,8.7
Japan,2020,Sep,13.7
Japan,2020,Oct,27.4
Japan,2020,Nov,56.7
Japan,2020,Dec,58.7
Japan,2021,Jan,46.5
Japan,2021,Feb,7.4
Japan,2021,Mar,12.3
Japan,2021,Apr,10.9
Japan,2021,May,10.0
Japan,2021,Jun,9.3
Japan,2021,Jul,51.1
Japan,2021,Aug,25.9
Japan,2021,Sep,17.7
Japan,2021,Oct,22.1
Japan,2021,Nov,20.7
Japan,2021,Dec,12.1
Japan,2022,Jan,17.8
Japan,2022,Feb,16.7
Japan,2022,Mar,66.1
Japan,2022,Apr,139.5
Japan,2022,May,147.0
Japan,2022,Jun,120.4
Japan,2022,Jul,144.6
Japan,2022,Aug,169.9
Japan,2022,Sep,206.6
Japan,2022,Oct,498.6
Japan,2022,Nov,934.6
Japan,2022,Dec,1370.0
Japan,2023,Jan,1497.0
Japan,2023,Feb,1475.0
Japan,2023,Mar,1818.0
Japan,2023,Apr,1949.0
Japan,2023,May,1899.0
Japan,2023,Jun,2073.0
Japan,2023,Jul,2321.0
Japan,2023,Aug,2157.0
Japan,2023,Sep,2184.0
Japan,2023,Oct,2517.0
Japan,2023,Nov,2441.0
Japan,2023,Dec,2734.0
Japan,2024,Jan,2688.0
Japan,2024,Feb,2788.0
Japan,2024,Mar,3082.0
Japan,2024,Apr,3043.0
Japan,2024,May,3040.0
Japan,2024,Jun,3141.0
Japan,2024,Jul,3293.0
Japan,2024,Aug,2933.0
Japan,2024,Sep,2872.0
Japan,2024,Oct,3312.0
Japan,2024,Nov,3187.0
Japan,2024,Dec,3490.0
Japan,2025,Jan,3782.0
Japan,2025,Feb,3258.0
Japan,2025,Mar,3498.0
Japan,2025,Apr,3909.0
Japan,2025,May,3694.0
Japan,2025,Jun,3378.0
Japan,2025,Jul,3437.0
Japan,2025,Aug,3428.0
Japan,2025,Sep,3267.0
Jordan,2015,Feb,225.9
Jordan,2015,Mar,289.1
Jordan,2015,Apr,316.4
Jordan,2015,May,300.3
Jordan,2015,Jun,310.0
Jordan,2015,Jul,336.6
Jordan,2015,Aug,483.1
Jordan,2015,Sep,350.7
Jordan,2015,Oct,306.0
Jordan,2015,Nov,248.0
Jordan,2015,Dec,266.3
Jordan,2016,Jan,308.7
Jordan,2016,Feb,213.8
Jordan,2016,Mar,278.4
Jordan,2016,Apr,295.7
Jordan,2016,May,297.5
Jordan,2016,Jun,238.8
Jordan,2016,Jul,343.7
Jordan,2016,Aug,428.8
Jordan,2016,Sep,394.2
Jordan,2016,Oct,258.6
Jordan,2016,Nov,256.6
Jordan,2016,Dec,252.4
Jordan,2017,Jan,317.1
Jordan,2017,Feb,248.4
Jordan,2017,Mar,281.3
Jordan,2017,Apr,376.7
Jordan,2017,May,302.2
Jordan,2017,Jun,251.2
Jordan,2017,Jul,371.7
Jordan,2017,Aug,460.7
Jordan,2017,Sep,409.1
Jordan,2017,Oct,286.1
Jordan,2017,Nov,272.7
Jordan,2017,Dec,266.4
Jordan,2018,Jan,344.6
Jordan,2018,Feb,250.7
Jordan,2018,Mar,356.9
Jordan,2018,Apr,375.1
Jordan,2018,May,291.1
Jordan,2018,Jun,311.6
Jordan,2018,Jul,423.5
Jordan,2018,Aug,540.3
Jordan,2018,Sep,355.7
Jordan,2018,Oct,312.2
Jordan,2018,Nov,298.3
Jordan,2018,Dec,290.0
Jordan,2019,Jan,364.2
Jordan,2019,Feb,269.0
Jordan,2019,Mar,333.2
Jordan,2019,Apr,388.9
Jordan,2019,May,282.2
Jordan,2019,Jun,393.8
Jordan,2019,Jul,453.5
Jordan,2019,Aug,602.0
Jordan,2019,Sep,375.3
Jordan,2019,Oct,354.6
Jordan,2019,Nov,343.1
Jordan,2019,Dec,328.7
Jordan,2020,Jan,408.5
Jordan,2020,Feb,311.8
Jordan,2020,Mar,136.0
Jordan,2020,Apr,0.0
Jordan,2020,May,0.0
Jordan,2020,Jun,14.5
Jordan,2020,Jul,18.0
Jordan,2020,Aug,19.6
Jordan,2020,Sep,26.3
Jordan,2020,Oct,37.0
Jordan,2020,Nov,43.5
Jordan,2020,Dec,51.8
Jordan,2021,Jan,60.4
Jordan,2021,Feb,50.1
Jordan,2021,Mar,64.4
Jordan,2021,Apr,62.3
Jordan,2021,May,84.5
Jordan,2021,Jun,140.6
Jordan,2021,Jul,231.1
Jordan,2021,Aug,339.4
Jordan,2021,Sep,259.2
Jordan,2021,Oct,260.5
Jordan,2021,Nov,245.2
Jordan,2021,Dec,213.9
Jordan,2022,Jan,185.6
Jordan,2022,Feb,163.1
Jordan,2022,Mar,317.1
Jordan,2022,Apr,228.3
Jordan,2022,May,364.3
Jordan,2022,Jun,355.2
Jordan,2022,Jul,485.2
Jordan,2022,Aug,612.8
Jordan,2022,Sep,416.4
Jordan,2022,Oct,404.6
Jordan,2022,Nov,369.3
Jordan,2022,Dec,374.7
Jordan,2023,Jan,409.0
Jordan,2023,Feb,356.3
Jordan,2023,Mar,439.1
Jordan,2023,Apr,393.1
Jordan,2023,May,446.5
Jordan,2023,Jun,448.3
Jordan,2023,Jul,593.2
Jordan,2023,Aug,671.4
Jordan,2023,Sep,473.1
Jordan,2023,Oct,427.2
Jordan,2023,Nov,328.4
Jordan,2023,Dec,359.8
Jordan,2024,Jan,405.7
Jordan,2024,Feb,398.6
Jordan,2024,Mar,341.0
Jordan,2024,Apr,385.7
Jordan,2024,May,388.2
Jordan,2024,Jun,456.3
Jordan,2024,Jul,562.8
Jordan,2024,Aug,654.0
Jordan,2024,Sep,429.2
Jordan,2024,Oct,417.9
Jordan,2024,Nov,386.6
Jordan,2024,Dec,391.2
Jordan,2025,Jan,502.4
Jordan,2025,Feb,435.2
Jordan,2025,Mar,307.6
Jordan,2025,Apr,519.6
Jordan,2025,May,468.9
Jordan,2025,Jun,482.9
Jordan,2025,Jul,565.2
Jordan,2025,Aug,713.4
Jordan,2025,Sep,463.0
Kenya,2015,Feb,53.1
Kenya,2015,Mar,73.1
Kenya,2015,Apr,54.0
Kenya,2015,May,53.3
Kenya,2015,Jun,63.1
Kenya,2015,Jul,78.2
Kenya,2015,Aug,70.9
Kenya,2015,Sep,59.3
Kenya,2015,Oct,72.5
Kenya,2015,Nov,61.3
Kenya,2015,Dec,59.1
Kenya,2016,Jan,74.8
Kenya,2016,Feb,72.8
Kenya,2016,Mar,58.5
Kenya,2016,Apr,55.2
Kenya,2016,May,62.9
Kenya,2016,Jun,68.6
Kenya,2016,Jul,89.6
Kenya,2016,Aug,97.0
Kenya,2016,Sep,75.6
Kenya,2016,Oct,72.2
Kenya,2016,Nov,69.2
Kenya,2016,Dec,77.9
Kenya,2017,Jan,108.6
Kenya,2017,Feb,100.3
Kenya,2017,Mar,97.3
Kenya,2017,Apr,99.6
Kenya,2017,May,94.0
Kenya,2017,Jun,108.3
Kenya,2017,Jul,136.8
Kenya,2017,Aug,120.7
Kenya,2017,Sep,111.4
Kenya,2017,Oct,98.6
Kenya,2017,Nov,99.8
Kenya,2017,Dec,120.8
Kenya,2018,Jan,119.8
Kenya,2018,Feb,111.3
Kenya,2018,Mar,111.5
Kenya,2018,Apr,99.4
Kenya,2018,May,98.5
Kenya,2018,Jun,119.3
Kenya,2018,Jul,150.8
Kenya,2018,Aug,154.8
Kenya,2018,Sep,124.5
Kenya,2018,Oct,124.9
Kenya,2018,Nov,111.6
Kenya,2018,Dec,134.3
Kenya,2019,Jan,129.1
Kenya,2019,Feb,119.9
Kenya,2019,Mar,115.7
Kenya,2019,Apr,109.5
Kenya,2019,May,102.5
Kenya,2019,Jun,129.3
Kenya,2019,Jul,158.9
Kenya,2019,Aug,161.7
Kenya,2019,Sep,133.2
Kenya,2019,Oct,126.8
Kenya,2019,Nov,123.9
Kenya,2019,Dec,134.3
Kenya,2020,Jan,125.3
Kenya,2020,Feb,117.4
Kenya,2020,Mar,47.3
Kenya,2020,Apr,0.0
Kenya,2020,May,0.1
Kenya,2020,Jun,0.4
Kenya,2020,Jul,0.5
Kenya,2020,Aug,16.8
Kenya,2020,Sep,19.7
Kenya,2020,Oct,29.0
Kenya,2020,Nov,31.2
Kenya,2020,Dec,46.3
Kenya,2021,Jan,46.3
Kenya,2021,Feb,35.1
Kenya,2021,Mar,40.4
Kenya,2021,Apr,30.9
Kenya,2021,May,33.9
Kenya,2021,Jun,48.5
Kenya,2021,Jul,69.0
Kenya,2021,Aug,78.5
Kenya,2021,Sep,70.3
Kenya,2021,Oct,72.8
Kenya,2021,Nov,76.7
Kenya,2021,Dec,90.5
Kenya,2022,Jan,69.9
Kenya,2022,Feb,74.0
Kenya,2022,Mar,81.4
Kenya,2022,Apr,81.3
Kenya,2022,May,90.5
Kenya,2022,Jun,108.2
Kenya,2022,Jul,124.9
Kenya,2022,Aug,111.1
Kenya,2022,Sep,106.9
Kenya,2022,Oct,114.0
Kenya,2022,Nov,107.9
Kenya,2022,Dec,128.7
Kenya,2023,Jan,128.8
Kenya,2023,Feb,123.1
Kenya,2023,Mar,118.7
Kenya,2023,Apr,100.1
Kenya,2023,May,106.9
Kenya,2023,Jun,141.6
Kenya,2023,Jul,168.4
Kenya,2023,Aug,172.1
Kenya,2023,Sep,145.7
Kenya,2023,Oct,142.2
Kenya,2023,Nov,133.6
Kenya,2023,Dec,154.3
Kenya,2024,Jan,150.7
Kenya,2024,Feb,155.6
Kenya,2024,Mar,138.3
Kenya,2024,Apr,115.3
Kenya,2024,May,127.6
Kenya,2024,Jun,159.3
Kenya,2024,Jul,181.0
Kenya,2024,Aug,189.6
Kenya,2024,Sep,155.6
Kenya,2024,Oct,153.4
Kenya,2024,Nov,139.5
Kenya,2024,Dec,166.8
Kenya,2025,Jan,163.6
Kenya,2025,Feb,155.4
Kenya,2025,Mar,127.9
Kenya,2025,Apr,124.2
Kenya,2025,May,127.0
Kenya,2025,Jun,165.3
Kenya,2025,Jul,205.3
Korea (ROK),2015,Feb,1051.0
Korea (ROK),2015,Mar,1238.0
Korea (ROK),2015,Apr,1385.0
Korea (ROK),2015,May,1334.0
Korea (ROK),2015,Jun,750.9
Korea (ROK),2015,Jul,629.7
Korea (ROK),2015,Aug,1069.0
Korea (ROK),2015,Sep,1207.0
Korea (ROK),2015,Oct,1384.0
Korea (ROK),2015,Nov,1150.0
Korea (ROK),2015,Dec,1116.0
Korea (ROK),2016,Jan,1077.0
Korea (ROK),2016,Feb,1126.0
Korea (ROK),2016,Mar,1389.0
Korea (ROK),2016,Apr,1470.0
Korea (ROK),2016,May,1493.0
Korea (ROK),2016,Jun,1554.0
Korea (ROK),2016,Jul,1703.0
Korea (ROK),2016,Aug,1664.0
Korea (ROK),2016,Sep,1524.0
Korea (ROK),2016,Oct,1588.0
Korea (ROK),2016,Nov,1309.0
Korea (ROK),2016,Dec,1343.0
Korea (ROK),2017,Jan,1221.0
Korea (ROK),2017,Feb,1252.0
Korea (ROK),2017,Mar,1234.0
Korea (ROK),2017,Apr,1076.0
Korea (ROK),2017,May,977.9
Korea (ROK),2017,Jun,991.8
Korea (ROK),2017,Jul,1009.0
Korea (ROK),2017,Aug,1104.0
Korea (ROK),2017,Sep,1079.0
Korea (ROK),2017,Oct,1166.0
Korea (ROK),2017,Nov,1093.0
Korea (ROK),2017,Dec,1134.0
Korea (ROK),2018,Jan,956.0
Korea (ROK),2018,Feb,1045.0
Korea (ROK),2018,Mar,1366.0
Korea (ROK),2018,Apr,1332.0
Korea (ROK),2018,May,1238.0
Korea (ROK),2018,Jun,1282.0
Korea (ROK),2018,Jul,1255.0
Korea (ROK),2018,Aug,1392.0
Korea (ROK),2018,Sep,1279.0
Korea (ROK),2018,Oct,1528.0
Korea (ROK),2018,Nov,1350.0
Korea (ROK),2018,Dec,1324.0
Korea (ROK),2019,Jan,1105.0
Korea (ROK),2019,Feb,1202.0
Korea (ROK),2019,Mar,1536.0
Korea (ROK),2019,Apr,1635.0
Korea (ROK),2019,May,1486.0
Korea (ROK),2019,Jun,1476.0
Korea (ROK),2019,Jul,1448.0
Korea (ROK),2019,Aug,1586.0
Korea (ROK),2019,Sep,1460.0
Korea (ROK),2019,Oct,1656.0
Korea (ROK),2019,Nov,1456.0
Korea (ROK),2019,Dec,1457.0
Korea (ROK),2020,Jan,1273.0
Korea (ROK),2020,Feb,685.2
Korea (ROK),2020,Mar,83.5
Korea (ROK),2020,Apr,29.4
Korea (ROK),2020,May,30.8
Korea (ROK),2020,Jun,36.9
Korea (ROK),2020,Jul,61.0
Korea (ROK),2020,Aug,68.8
Korea (ROK),2020,Sep,65.0
Korea (ROK),2020,Oct,61.6
Korea (ROK),2020,Nov,61.8
Korea (ROK),2020,Dec,62.3
Korea (ROK),2021,Jan,58.4
Korea (ROK),2021,Feb,65.6
Korea (ROK),2021,Mar,74.6
Korea (ROK),2021,Apr,70.1
Korea (ROK),2021,May,74.5
Korea (ROK),2021,Jun,77.0
Korea (ROK),2021,Jul,83.0
Korea (ROK),2021,Aug,97.1
Korea (ROK),2021,Sep,89.8
Korea (ROK),2021,Oct,92.4
Korea (ROK),2021,Nov,94.4
Korea (ROK),2021,Dec,90.2
Korea (ROK),2022,Jan,81.9
Korea (ROK),2022,Feb,100.0
Korea (ROK),2022,Mar,96.8
Korea (ROK),2022,Apr,127.9
Korea (ROK),2022,May,175.9
Korea (ROK),2022,Jun,227.7
Korea (ROK),2022,Jul,264.0
Korea (ROK),2022,Aug,310.9
Korea (ROK),2022,Sep,337.6
Korea (ROK),2022,Oct,476.1
Korea (ROK),2022,Nov,459.9
Korea (ROK),2022,Dec,539.3
Korea (ROK),2023,Jan,434.4
Korea (ROK),2023,Feb,479.2
Korea (ROK),2023,Mar,800.6
Korea (ROK),2023,Apr,888.8
Korea (ROK),2023,May,867.1
Korea (ROK),2023,Jun,960.6
Korea (ROK),2023,Jul,1032.0
Korea (ROK),2023,Aug,1089.0
Korea (ROK),2023,Sep,1098.0
Korea (ROK),2023,Oct,1230.0
Korea (ROK),2023,Nov,1115.0
Korea (ROK),2023,Dec,1037.0
Korea (ROK),2024,Jan,880.9
Korea (ROK),2024,Feb,1030.0
Korea (ROK),2024,Mar,1492.0
Korea (ROK),2024,Apr,1463.0
Korea (ROK),2024,May,1418.0
Korea (ROK),2024,Jun,1417.0
Korea (ROK),2024,Jul,1408.0
Korea (ROK),2024,Aug,1563.0
Korea (ROK),2024,Sep,1464.0
Korea (ROK),2024,Oct,1600.0
Korea (ROK),2024,Nov,1361.0
Korea (ROK),2024,Dec,1271.0
Korea (ROK),2025,Jan,1117.0
Korea (ROK),2025,Feb,1138.0
Korea (ROK),2025,Mar,1615.0
Korea (ROK),2025,Apr,1707.0
Korea (ROK),2025,May,1629.0
Korea (ROK),2025,Jun,1619.0
Korea (ROK),2025,Jul,1733.0
Korea (ROK),2025,Aug,1820.0
Korea (ROK),2025,Sep,1703.0
Kuwait,2019,Jan,17.2
Kuwait,2019,Feb,12.1
Kuwait,2019,Mar,4.7
Kuwait,2019,Apr,11.6
Kuwait,2019,May,9.3
Kuwait,2019,Jun,12.7
Kuwait,2019,Jul,16.8
Kuwait,2019,Aug,16.5
Kuwait,2019,Sep,12.3
Kuwait,2019,Oct,11.8
Kuwait,2019,Nov,13.1
Kuwait,2019,Dec,14.4
Kuwait,2020,Jan,20.5
Kuwait,2020,Feb,16.7
Kuwait,2020,Mar,2.5
Kuwait,2020,Apr,0.5
Kuwait,2020,May,0.4
Kuwait,2020,Jun,0.7
Kuwait,2020,Jul,2.1
Kuwait,2020,Aug,8.2
Kuwait,2020,Sep,10.9
Kuwait,2020,Oct,11.0
Kuwait,2020,Nov,6.7
Kuwait,2020,Dec,6.3
Kuwait,2021,Jan,6.3
Kuwait,2021,Feb,6.1
Kuwait,2021,Mar,4.7
Kuwait,2021,Apr,4.6
Kuwait,2021,May,7.2
Kuwait,2021,Jun,8.7
Kuwait,2021,Jul,10.2
Kuwait,2021,Aug,8.9
Kuwait,2021,Sep,7.6
Kuwait,2021,Oct,7.2
Kuwait,2021,Nov,6.2
Kuwait,2021,Dec,7.4
Kuwait,2022,Jan,5.9
Kuwait,2022,Feb,6.9
Kuwait,2022,Mar,15.5
Kuwait,2022,Apr,3.4
Kuwait,2022,May,7.5
Kuwait,2022,Jun,7.3
Kuwait,2022,Jul,7.2
Kuwait,2022,Aug,6.6
Kuwait,2022,Sep,7.2
Kuwait,2022,Oct,6.5
Kuwait,2022,Nov,7.3
Kuwait,2022,Dec,7.4
Kuwait,2023,Jan,10.6
Kuwait,2023,Feb,9.9
Kuwait,2023,Mar,9.4
Kuwait,2023,Apr,6.6
Kuwait,2023,May,10.2
Kuwait,2023,Jun,12.7
Kuwait,2023,Jul,13.2
Kuwait,2023,Aug,12.2
Kuwait,2023,Sep,9.0
Kuwait,2023,Oct,8.1
Kuwait,2023,Nov,9.1
Kuwait,2023,Dec,11.3
Laos,2015,Feb,426.7
Laos,2015,Mar,421.8
Laos,2015,Apr,416.6
Laos,2015,May,325.1
Laos,2015,Jun,299.0
Laos,2015,Jul,337.8
Laos,2015,Aug,358.4
Laos,2015,Sep,461.9
Laos,2015,Oct,400.1
Laos,2015,Nov,420.7
Laos,2015,Dec,380.1
Laos,2016,Jan,400.1
Laos,2016,Feb,450.9
Laos,2016,Mar,397.0
Laos,2016,Apr,363.5
Laos,2016,May,343.2
Laos,2016,Jun,296.3
Laos,2016,Jul,296.2
Laos,2016,Aug,323.6
Laos,2016,Sep,303.0
Laos,2016,Oct,336.9
Laos,2016,Nov,368.0
Laos,2016,Dec,360.4
Laos,2017,Jan,339.8
Laos,2017,Feb,350.3
Laos,2017,Mar,355.2
Laos,2017,Apr,346.6
Laos,2017,May,314.3
Laos,2017,Jun,298.3
Laos,2017,Jul,279.0
Laos,2017,Aug,281.0
Laos,2017,Sep,262.5
Laos,2017,Oct,325.6
Laos,2017,Nov,359.0
Laos,2017,Dec,357.3
Laos,2018,Jan,358.2
Laos,2018,Feb,347.2
Laos,2018,Mar,362.2
Laos,2018,Apr,376.1
Laos,2018,May,339.2
Laos,2018,Jun,344.3
Laos,2018,Jul,282.6
Laos,2018,Aug,386.9
Laos,2018,Sep,295.3
Laos,2018,Oct,348.3
Laos,2018,Nov,352.2
Laos,2018,Dec,393.8
Laos,2019,Jan,331.5
Laos,2019,Feb,337.4
Laos,2019,Mar,393.5
Laos,2019,Apr,404.9
Laos,2019,May,392.5
Laos,2019,Jun,368.6
Laos,2019,Jul,418.5
Laos,2019,Aug,437.6
Laos,2019,Sep,362.0
Laos,2019,Oct,413.3
Laos,2019,Nov,473.6
Laos,2019,Dec,457.6
Laos,2020,Jan,351.1
Laos,2020,Feb,345.9
Laos,2020,Mar,189.4
Laos,2020,Apr,0.0
Laos,2020,May,0.0
Laos,2020,Jun,0.0
Laos,2020,Jul,0.0
Laos,2020,Aug,0.0
Laos,2020,Sep,0.0
Laos,2020,Oct,0.0
Laos,2020,Nov,0.0
Laos,2020,Dec,0.0
Laos,2022,Jan,0.0
Laos,2022,Feb,0.1
Laos,2022,Mar,0.3
Laos,2022,Apr,0.1
Laos,2022,May,36.0
Laos,2022,Jun,175.4
Laos,2022,Jul,133.7
Laos,2022,Aug,157.5
Laos,2022,Sep,146.0
Laos,2022,Oct,211.0
Laos,2022,Nov,228.6
Laos,2022,Dec,205.7
Laos,2023,Jan,280.0
Laos,2023,Feb,276.2
Laos,2023,Mar,275.1
Laos,2023,Apr,295.3
Laos,2023,May,278.7
Laos,2023,Jun,269.2
Laos,2023,Jul,290.9
Laos,2023,Aug,266.6
Laos,2023,Sep,266.8
Laos,2023,Oct,290.5
Laos,2023,Nov,299.1
Laos,2023,Dec,329.3
Laos,2024,Jan,377.6
Laos,2024,Feb,367.3
Laos,2024,Mar,387.0
Laos,2024,Apr,388.7
Laos,2024,May,319.4
Laos,2024,Jun,267.6
Laos,2024,Jul,215.4
Laos,2024,Aug,330.0
Laos,2024,Sep,283.6
Laos,2024,Oct,376.0
Laos,2024,Nov,443.2
Laos,2024,Dec,365.0
Laos,2025,Jan,438.6
Laos,2025,Feb,402.6
Laos,2025,Mar,418.9
Latvia,2015,Feb,73.2
Latvia,2015,Mar,84.3
Latvia,2015,Apr,107.6
Latvia,2015,May,145.6
Latvia,2015,Jun,158.5
Latvia,2015,Jul,206.2
Latvia,2015,Aug,202.9
Latvia,2015,Sep,134.4
Latvia,2015,Oct,109.9
Latvia,2015,Nov,84.7
Latvia,2015,Dec,90.4
Latvia,2016,Jan,77.2
Latvia,2016,Feb,71.9
Latvia,2016,Mar,91.3
Latvia,2016,Apr,107.8
Latvia,2016,May,147.1
Latvia,2016,Jun,177.7
Latvia,2016,Jul,222.2
Latvia,2016,Aug,218.8
Latvia,2016,Sep,143.9
Latvia,2016,Oct,121.9
Latvia,2016,Nov,93.3
Latvia,2016,Dec,100.4
Latvia,2017,Jan,88.6
Latvia,2017,Feb,82.7
Latvia,2017,Mar,93.0
Latvia,2017,Apr,128.2
Latvia,2017,May,166.3
Latvia,2017,Jun,200.8
Latvia,2017,Jul,252.1
Latvia,2017,Aug,234.2
Latvia,2017,Sep,172.6
Latvia,2017,Oct,131.8
Latvia,2017,Nov,108.9
Latvia,2017,Dec,119.8
Latvia,2018,Jan,103.7
Latvia,2018,Feb,88.6
Latvia,2018,Mar,112.4
Latvia,2018,Apr,142.3
Latvia,2018,May,184.4
Latvia,2018,Jun,211.6
Latvia,2018,Jul,268.2
Latvia,2018,Aug,262.8
Latvia,2018,Sep,175.3
Latvia,2018,Oct,143.0
Latvia,2018,Nov,113.2
Latvia,2018,Dec,120.0
Latvia,2019,Jan,100.3
Latvia,2019,Feb,87.6
Latvia,2019,Mar,114.0
Latvia,2019,Apr,145.9
Latvia,2019,May,183.2
Latvia,2019,Jun,219.1
Latvia,2019,Jul,269.7
Latvia,2019,Aug,263.9
Latvia,2019,Sep,171.8
Latvia,2019,Oct,144.9
Latvia,2019,Nov,119.3
Latvia,2019,Dec,126.3
Latvia,2020,Jan,110.9
Latvia,2020,Feb,99.7
Latvia,2020,Mar,44.5
Latvia,2020,Apr,2.4
Latvia,2020,May,6.3
Latvia,2020,Jun,53.3
Latvia,2020,Jul,165.9
Latvia,2020,Aug,156.5
Latvia,2020,Sep,35.7
Latvia,2020,Oct,17.7
Latvia,2020,Nov,13.0
Latvia,2020,Dec,9.1
Latvia,2021,Jan,7.3
Latvia,2021,Feb,7.9
Latvia,2021,Mar,7.3
Latvia,2021,Apr,8.6
Latvia,2021,May,13.7
Latvia,2021,Jun,20.9
Latvia,2021,Jul,83.9
Latvia,2021,Aug,107.0
Latvia,2021,Sep,71.5
Latvia,2021,Oct,51.9
Latvia,2021,Nov,26.2
Latvia,2021,Dec,36.1
Latvia,2022,Jan,29.4
Latvia,2022,Feb,36.4
Latvia,2022,Mar,47.1
Latvia,2022,Apr,73.8
Latvia,2022,May,87.6
Latvia,2022,Jun,129.7
Latvia,2022,Jul,181.7
Latvia,2022,Aug,185.3
Latvia,2022,Sep,112.4
Latvia,2022,Oct,100.2
Latvia,2022,Nov,74.8
Latvia,2022,Dec,80.4
Latvia,2023,Jan,62.9
Latvia,2023,Feb,70.1
Latvia,2023,Mar,73.3
Latvia,2023,Apr,98.7
Latvia,2023,May,120.1
Latvia,2023,Jun,145.4
Latvia,2023,Jul,214.8
Latvia,2023,Aug,195.2
Latvia,2023,Sep,123.5
Latvia,2023,Oct,101.0
Latvia,2023,Nov,89.5
Latvia,2023,Dec,94.5
Latvia,2024,Jan,66.7
Latvia,2024,Feb,69.9
Latvia,2024,Mar,91.9
Latvia,2024,Apr,105.7
Latvia,2024,May,138.7
Latvia,2024,Jun,175.0
Latvia,2024,Jul,237.2
Latvia,2024,Aug,224.5
Latvia,2024,Sep,144.0
Latvia,2024,Oct,119.1
Latvia,2024,Nov,102.4
Latvia,2024,Dec,112.0
Latvia,2025,Jan,85.3
Latvia,2025,Feb,84.4
Latvia,2025,Mar,96.1
Latvia,2025,Apr,115.8
Latvia,2025,May,152.3
Latvia,2025,Jun,174.3
Latvia,2025,Jul,235.1
Latvia,2025,Aug,238.5
Latvia,2025,Sep,154.7
Lebanon,2015,Feb,85.1
Lebanon,2015,Mar,106.4
Lebanon,2015,Apr,116.7
Lebanon,2015,May,125.4
Lebanon,2015,Jun,147.1
Lebanon,2015,Jul,208.7
Lebanon,2015,Aug,165.7
Lebanon,2015,Sep,136.1
Lebanon,2015,Oct,112.6
Lebanon,2015,Nov,100.0
Lebanon,2015,Dec,123.6
Lebanon,2016,Jan,94.5
Lebanon,2016,Feb,97.3
Lebanon,2016,Mar,114.7
Lebanon,2016,Apr,122.4
Lebanon,2016,May,147.1
Lebanon,2016,Jun,147.1
Lebanon,2016,Jul,232.7
Lebanon,2016,Aug,182.2
Lebanon,2016,Sep,164.6
Lebanon,2016,Oct,122.4
Lebanon,2016,Nov,121.7
Lebanon,2016,Dec,141.5
Lebanon,2017,Jan,105.3
Lebanon,2017,Feb,110.1
Lebanon,2017,Mar,129.9
Lebanon,2017,Apr,158.6
Lebanon,2017,May,146.0
Lebanon,2017,Jun,176.3
Lebanon,2017,Jul,247.6
Lebanon,2017,Aug,213.7
Lebanon,2017,Sep,162.1
Lebanon,2017,Oct,142.8
Lebanon,2017,Nov,122.5
Lebanon,2017,Dec,142.0
Lebanon,2018,Jan,107.0
Lebanon,2018,Feb,114.7
Lebanon,2018,Mar,140.7
Lebanon,2018,Apr,159.2
Lebanon,2018,May,134.9
Lebanon,2018,Jun,196.6
Lebanon,2018,Jul,262.8
Lebanon,2018,Aug,223.4
Lebanon,2018,Sep,166.5
Lebanon,2018,Oct,166.1
Lebanon,2018,Nov,129.5
Lebanon,2018,Dec,162.5
Lebanon,2019,Jan,112.9
Lebanon,2019,Feb,118.2
Lebanon,2019,Mar,144.8
Lebanon,2019,Apr,184.0
Lebanon,2019,May,132.9
Lebanon,2019,Jun,231.1
Lebanon,2019,Jul,282.2
Lebanon,2019,Aug,235.4
Lebanon,2019,Sep,171.6
Lebanon,2019,Oct,142.6
Lebanon,2019,Nov,74.4
Lebanon,2019,Dec,106.2
Lebanon,2020,Jan,82.0
Lebanon,2020,Feb,83.1
Lebanon,2020,Mar,29.4
Lebanon,2020,Apr,0.5
Lebanon,2020,May,2.6
Lebanon,2020,Jun,2.3
Lebanon,2020,Jul,34.2
Lebanon,2020,Aug,26.8
Lebanon,2020,Sep,28.2
Lebanon,2020,Oct,36.5
Lebanon,2020,Nov,29.8
Lebanon,2020,Dec,58.9
Lebanon,2021,Jan,23.6
Lebanon,2021,Feb,22.7
Lebanon,2021,Mar,37.0
Lebanon,2021,Apr,39.7
Lebanon,2021,May,63.7
Lebanon,2021,Jun,105.0
Lebanon,2021,Jul,179.1
Lebanon,2021,Aug,108.4
Lebanon,2021,Sep,80.0
Lebanon,2021,Oct,75.7
Lebanon,2021,Nov,59.1
Lebanon,2021,Dec,96.1
Lebanon,2022,Jan,62.3
Lebanon,2022,Feb,67.8
Lebanon,2022,Mar,82.8
Lebanon,2022,Apr,87.6
Lebanon,2022,May,115.5
Lebanon,2022,Jun,154.7
Lebanon,2022,Jul,238.5
Lebanon,2022,Aug,173.0
Lebanon,2022,Sep,138.7
Lebanon,2022,Oct,123.4
Lebanon,2022,Nov,93.2
Lebanon,2022,Dec,128.4
Lebanon,2023,Jan,88.4
Lebanon,2023,Feb,85.7
Lebanon,2023,Mar,100.7
Lebanon,2023,Apr,123.4
Lebanon,2023,May,143.2
Lebanon,2023,Jun,209.8
Lebanon,2023,Jul,267.7
Lebanon,2023,Aug,210.5
Lebanon,2023,Sep,175.4
Lebanon,2023,Oct,102.7
Lebanon,2023,Nov,58.9
Lebanon,2023,Dec,100.1
Lebanon,2024,Jan,77.7
Lebanon,2024,Feb,80.2
Lebanon,2024,Mar,79.8
Lebanon,2024,Apr,102.7
Lebanon,2024,May,116.5
Lebanon,2024,Jun,173.3
Lebanon,2024,Jul,196.0
Lebanon,2024,Aug,107.9
Lebanon,2024,Sep,88.5
Lebanon,2024,Oct,13.9
Lebanon,2024,Nov,21.0
Lebanon,2024,Dec,73.7
Lebanon,2025,Jan,83.6
Lebanon,2025,Feb,90.9
Lebanon,2025,Mar,63.5
Lebanon,2025,Apr,102.6
Lebanon,2025,May,135.4
Lebanon,2025,Jun,159.5
Lebanon,2025,Jul,252.1
Lebanon,2025,Aug,209.5
Lebanon,2025,Sep,150.5
Lesotho,2015,Feb,144.4
Lesotho,2015,Mar,165.7
Lesotho,2015,Apr,198.8
Lesotho,2015,May,161.4
Lesotho,2015,Jun,160.7
Lesotho,2015,Jul,172.7
Lesotho,2015,Aug,182.0
Lesotho,2015,Sep,171.3
Lesotho,2015,Oct,161.8
Lesotho,2015,Nov,166.9
Lesotho,2015,Dec,282.2
Lesotho,2016,Jan,178.1
Lesotho,2016,Feb,159.1
Lesotho,2016,Mar,224.9
Lesotho,2016,Apr,184.4
Lesotho,2016,May,171.0
Lesotho,2016,Jun,178.6
Lesotho,2016,Jul,191.2
Lesotho,2016,Aug,193.8
Lesotho,2016,Sep,186.0
Lesotho,2016,Oct,194.5
Lesotho,2016,Nov,187.4
Lesotho,2016,Dec,310.2
Lesotho,2017,Jan,167.9
Lesotho,2017,Feb,150.3
Lesotho,2017,Mar,177.3
Lesotho,2017,Apr,218.5
Lesotho,2017,May,159.1
Lesotho,2017,Jun,164.4
Lesotho,2017,Jul,192.1
Lesotho,2017,Aug,170.0
Lesotho,2017,Sep,185.5
Lesotho,2017,Oct,177.9
Lesotho,2017,Nov,178.5
Lesotho,2017,Dec,301.4
Lesotho,2018,Jan,178.6
Lesotho,2018,Feb,156.8
Lesotho,2018,Mar,212.0
Lesotho,2018,Apr,189.2
Lesotho,2018,May,154.1
Lesotho,2018,Jun,174.2
Lesotho,2018,Jul,183.9
Lesotho,2018,Aug,191.9
Lesotho,2018,Sep,186.4
Lesotho,2018,Oct,182.5
Lesotho,2018,Nov,186.0
Lesotho,2018,Dec,317.1
Lesotho,2019,Jan,169.6
Lesotho,2019,Feb,147.8
Lesotho,2019,Mar,183.4
Lesotho,2019,Apr,194.0
Lesotho,2019,May,167.1
Lesotho,2019,Jun,184.0
Lesotho,2019,Jul,166.1
Lesotho,2019,Aug,198.0
Lesotho,2019,Sep,175.9
Lesotho,2019,Oct,174.9
Lesotho,2019,Nov,186.2
Lesotho,2019,Dec,306.0
Lesotho,2020,Jan,0.0
Lesotho,2020,Feb,0.0
Lesotho,2020,Mar,0.0
Lesotho,2020,Apr,0.0
Lesotho,2020,May,0.0
Lesotho,2020,Jun,0.0
Lesotho,2020,Jul,0.0
Lesotho,2020,Aug,0.0
Lesotho,2020,Sep,0.0
Lesotho,2020,Oct,0.0
Lesotho,2020,Nov,0.0
Lesotho,2020,Dec,0.0
Lesotho,2021,Jan,15.2
Lesotho,2021,Feb,16.1
Lesotho,2021,Mar,39.2
Lesotho,2021,Apr,45.7
Lesotho,2021,May,45.0
Lesotho,2021,Jun,46.3
Lesotho,2021,Jul,43.0
Lesotho,2021,Aug,49.5
Lesotho,2021,Sep,51.0
Lesotho,2021,Oct,52.5
Lesotho,2021,Nov,54.6
Lesotho,2021,Dec,91.4
Lesotho,2022,Jan,54.2
Lesotho,2022,Feb,56.4
Lesotho,2022,Mar,68.1
Lesotho,2022,Apr,88.5
Lesotho,2022,May,77.0
Lesotho,2022,Jun,91.1
Lesotho,2022,Jul,101.0
Lesotho,2022,Aug,110.7
Lesotho,2022,Sep,99.4
Lesotho,2022,Oct,91.2
Lesotho,2022,Nov,72.1
Lesotho,2022,Dec,157.5
Lesotho,2023,Jan,109.5
Lesotho,2023,Feb,94.1
Lesotho,2023,Mar,118.5
Lesotho,2023,Apr,140.1
Lesotho,2023,May,106.2
Lesotho,2023,Jun,109.2
Lesotho,2023,Jul,113.9
Lesotho,2023,Aug,116.0
Lesotho,2023,Sep,111.3
Lesotho,2023,Oct,117.4
Lesotho,2023,Nov,115.5
Lesotho,2023,Dec,195.4
Lesotho,2024,Jan,143.3
Lesotho,2024,Feb,123.1
Lesotho,2024,Mar,155.1
Lesotho,2024,Apr,183.4
Lesotho,2024,May,138.9
Lesotho,2024,Jun,142.9
Lesotho,2024,Jul,149.1
Lesotho,2024,Aug,151.8
Lesotho,2024,Sep,145.7
Lesotho,2024,Oct,153.7
Lesotho,2024,Nov,151.2
Lesotho,2024,Dec,255.8
Lesotho,2025,Jan,114.9
Lesotho,2025,Feb,100.9
Lesotho,2025,Mar,117.6
Lesotho,2025,Apr,129.1
Lesotho,2025,May,112.9
Lesotho,2025,Jun,119.3
Lesotho,2025,Jul,140.9
Lesotho,2025,Aug,133.9
Lesotho,2025,Sep,117.7
Liechtenstein,2015,Feb,4.1
Liechtenstein,2015,Mar,4.5
Liechtenstein,2015,Apr,3.7
Liechtenstein,2015,May,4.6
Liechtenstein,2015,Jun,5.4
Liechtenstein,2015,Jul,6.9
Liechtenstein,2015,Aug,7.5
Liechtenstein,2015,Sep,6.0
Liechtenstein,2015,Oct,4.3
Liechtenstein,2015,Nov,3.0
Liechtenstein,2015,Dec,3.0
Liechtenstein,2016,Jan,3.7
Liechtenstein,2016,Feb,4.8
Liechtenstein,2016,Mar,5.7
Liechtenstein,2016,Apr,4.1
Liechtenstein,2016,May,5.3
Liechtenstein,2016,Jun,6.9
Liechtenstein,2016,Jul,9.4
Liechtenstein,2016,Aug,9.9
Liechtenstein,2016,Sep,6.9
Liechtenstein,2016,Oct,4.8
Liechtenstein,2016,Nov,3.7
Liechtenstein,2016,Dec,3.8
Liechtenstein,2017,Jan,4.5
Liechtenstein,2017,Feb,5.4
Liechtenstein,2017,Mar,5.6
Liechtenstein,2017,Apr,5.5
Liechtenstein,2017,May,6.3
Liechtenstein,2017,Jun,7.4
Liechtenstein,2017,Jul,10.0
Liechtenstein,2017,Aug,10.9
Liechtenstein,2017,Sep,7.9
Liechtenstein,2017,Oct,6.2
Liechtenstein,2017,Nov,4.4
Liechtenstein,2017,Dec,5.2
Liechtenstein,2018,Jan,5.8
Liechtenstein,2018,Feb,6.0
Liechtenstein,2018,Mar,6.0
Liechtenstein,2018,Apr,5.0
Liechtenstein,2018,May,6.6
Liechtenstein,2018,Jun,9.0
Liechtenstein,2018,Jul,12.1
Liechtenstein,2018,Aug,12.5
Liechtenstein,2018,Sep,9.1
Liechtenstein,2018,Oct,6.3
Liechtenstein,2018,Nov,4.5
Liechtenstein,2018,Dec,4.6
Liechtenstein,2019,Jan,5.5
Liechtenstein,2019,Feb,5.9
Liechtenstein,2019,Mar,6.2
Liechtenstein,2019,Apr,5.8
Liechtenstein,2019,May,7.0
Liechtenstein,2019,Jun,10.4
Liechtenstein,2019,Jul,13.1
Liechtenstein,2019,Aug,14.2
Liechtenstein,2019,Sep,10.5
Liechtenstein,2019,Oct,8.2
Liechtenstein,2019,Nov,5.0
Liechtenstein,2019,Dec,6.2
Liechtenstein,2020,Jan,6.5
Liechtenstein,2020,Feb,7.4
Liechtenstein,2020,Mar,2.6
Liechtenstein,2020,Apr,0.3
Liechtenstein,2020,May,1.3
Liechtenstein,2020,Jun,3.9
Liechtenstein,2020,Jul,9.3
Liechtenstein,2020,Aug,9.8
Liechtenstein,2020,Sep,7.5
Liechtenstein,2020,Oct,4.7
Liechtenstein,2020,Nov,2.3
Liechtenstein,2020,Dec,2.7
Liechtenstein,2021,Jan,2.5
Liechtenstein,2021,Feb,3.3
Liechtenstein,2021,Mar,3.5
Liechtenstein,2021,Apr,2.8
Liechtenstein,2021,May,4.5
Liechtenstein,2021,Jun,6.3
Liechtenstein,2021,Jul,10.2
Liechtenstein,2021,Aug,11.7
Liechtenstein,2021,Sep,8.9
Liechtenstein,2021,Oct,8.4
Liechtenstein,2021,Nov,4.6
Liechtenstein,2021,Dec,4.1
Liechtenstein,2022,Jan,4.4
Liechtenstein,2022,Feb,5.6
Liechtenstein,2022,Mar,6.2
Liechtenstein,2022,Apr,5.9
Liechtenstein,2022,May,7.8
Liechtenstein,2022,Jun,10.8
Liechtenstein,2022,Jul,13.9
Liechtenstein,2022,Aug,13.9
Liechtenstein,2022,Sep,11.2
Liechtenstein,2022,Oct,9.4
Liechtenstein,2022,Nov,5.5
Liechtenstein,2022,Dec,6.3
Liechtenstein,2023,Jan,6.1
Liechtenstein,2023,Feb,6.4
Liechtenstein,2023,Mar,7.3
Liechtenstein,2023,Apr,7.1
Liechtenstein,2023,May,9.3
Liechtenstein,2023,Jun,12.4
Liechtenstein,2023,Jul,15.5
Liechtenstein,2023,Aug,14.3
Liechtenstein,2023,Sep,12.8
Liechtenstein,2023,Oct,9.6
Liechtenstein,2023,Nov,6.3
Liechtenstein,2023,Dec,6.4
Liechtenstein,2024,Jan,6.8
Liechtenstein,2024,Feb,7.3
Liechtenstein,2024,Mar,8.5
Liechtenstein,2024,Apr,7.1
Liechtenstein,2024,May,10.4
Liechtenstein,2024,Jun,11.3
Liechtenstein,2024,Jul,15.8
Liechtenstein,2024,Aug,16.0
Liechtenstein,2024,Sep,11.5
Liechtenstein,2024,Oct,9.5
Liechtenstein,2024,Nov,6.3
Liechtenstein,2024,Dec,6.8
Liechtenstein,2025,Jan,6.6
Liechtenstein,2025,Feb,6.6
Liechtenstein,2025,Mar,6.9
Liechtenstein,2025,Apr,6.8
Liechtenstein,2025,May,9.5
Liechtenstein,2025,Jun,11.6
Liechtenstein,2025,Jul,15.8
Liechtenstein,2025,Aug,17.1
Lithuania,2015,Feb,124.3
Lithuania,2015,Mar,156.9
Lithuania,2015,Apr,183.8
Lithuania,2015,May,272.2
Lithuania,2015,Jun,308.9
Lithuania,2015,Jul,364.4
Lithuania,2015,Aug,377.2
Lithuania,2015,Sep,262.1
Lithuania,2015,Oct,212.8
Lithuania,2015,Nov,173.2
Lithuania,2015,Dec,171.3
Lithuania,2016,Jan,156.7
Lithuania,2016,Feb,136.2
Lithuania,2016,Mar,178.7
Lithuania,2016,Apr,202.8
Lithuania,2016,May,302.1
Lithuania,2016,Jun,341.9
Lithuania,2016,Jul,398.0
Lithuania,2016,Aug,420.2
Lithuania,2016,Sep,293.3
Lithuania,2016,Oct,219.7
Lithuania,2016,Nov,181.0
Lithuania,2016,Dec,175.6
Lithuania,2017,Jan,171.6
Lithuania,2017,Feb,144.9
Lithuania,2017,Mar,185.9
Lithuania,2017,Apr,226.7
Lithuania,2017,May,308.2
Lithuania,2017,Jun,360.7
Lithuania,2017,Jul,396.1
Lithuania,2017,Aug,404.9
Lithuania,2017,Sep,308.9
Lithuania,2017,Oct,232.3
Lithuania,2017,Nov,198.7
Lithuania,2017,Dec,196.9
Lithuania,2018,Jan,184.1
Lithuania,2018,Feb,153.6
Lithuania,2018,Mar,203.3
Lithuania,2018,Apr,124.5
Lithuania,2018,May,170.3
Lithuania,2018,Jun,193.2
Lithuania,2018,Jul,227.6
Lithuania,2018,Aug,239.0
Lithuania,2018,Sep,168.1
Lithuania,2018,Oct,131.4
Lithuania,2018,Nov,111.9
Lithuania,2018,Dec,105.7
Lithuania,2019,Jan,99.6
Lithuania,2019,Feb,81.8
Lithuania,2019,Mar,106.8
Lithuania,2019,Apr,132.2
Lithuania,2019,May,199.6
Lithuania,2019,Jun,212.3
Lithuania,2019,Jul,255.0
Lithuania,2019,Aug,264.4
Lithuania,2019,Sep,188.4
Lithuania,2019,Oct,146.5
Lithuania,2019,Nov,127.4
Lithuania,2019,Dec,124.0
Lithuania,2020,Jan,97.0
Lithuania,2020,Feb,86.7
Lithuania,2020,Mar,40.7
Lithuania,2020,Apr,5.5
Lithuania,2020,May,9.1
Lithuania,2020,Jun,31.2
Lithuania,2020,Jul,86.6
Lithuania,2020,Aug,74.2
Lithuania,2020,Sep,30.1
Lithuania,2020,Oct,22.5
Lithuania,2020,Nov,16.5
Lithuania,2020,Dec,11.5
Lithuania,2021,Jan,12.2
Lithuania,2021,Feb,13.0
Lithuania,2021,Mar,15.1
Lithuania,2021,Apr,16.9
Lithuania,2021,May,21.4
Lithuania,2021,Jun,33.0
Lithuania,2021,Jul,71.2
Lithuania,2021,Aug,86.9
Lithuania,2021,Sep,69.7
Lithuania,2021,Oct,61.3
Lithuania,2021,Nov,53.4
Lithuania,2021,Dec,51.3
Lithuania,2022,Jan,42.4
Lithuania,2022,Feb,45.5
Lithuania,2022,Mar,68.2
Lithuania,2022,Apr,81.4
Lithuania,2022,May,98.4
Lithuania,2022,Jun,120.7
Lithuania,2022,Jul,145.9
Lithuania,2022,Aug,151.1
Lithuania,2022,Sep,117.1
Lithuania,2022,Oct,104.5
Lithuania,2022,Nov,90.6
Lithuania,2022,Dec,83.8
Lithuania,2023,Jan,75.7
Lithuania,2023,Feb,69.3
Lithuania,2023,Mar,90.9
Lithuania,2023,Apr,100.9
Lithuania,2023,May,129.6
Lithuania,2023,Jun,138.7
Lithuania,2023,Jul,173.5
Lithuania,2023,Aug,175.5
Lithuania,2023,Sep,125.2
Lithuania,2023,Oct,107.8
Lithuania,2023,Nov,91.5
Lithuania,2023,Dec,91.1
Lithuania,2024,Jan,78.4
Lithuania,2024,Feb,70.1
Lithuania,2024,Mar,95.1
Lithuania,2024,Apr,104.1
Lithuania,2024,May,137.2
Lithuania,2024,Jun,151.6
Lithuania,2024,Jul,176.7
Lithuania,2024,Aug,193.0
Lithuania,2024,Sep,138.1
Lithuania,2024,Oct,115.0
Lithuania,2024,Nov,94.6
Lithuania,2024,Dec,95.3
Lithuania,2025,Jan,58.9
Lithuania,2025,Feb,67.9
Lithuania,2025,Mar,82.8
Lithuania,2025,Apr,107.5
Lithuania,2025,May,148.6
Lithuania,2025,Jun,164.6
Lithuania,2025,Jul,184.1
Lithuania,2025,Aug,211.2
Lithuania,2025,Sep,145.7
Luxembourg,2015,Feb,62.3
Luxembourg,2015,Mar,75.2
Luxembourg,2015,Apr,90.1
Luxembourg,2015,May,114.4
Luxembourg,2015,Jun,114.9
Luxembourg,2015,Jul,138.4
Luxembourg,2015,Aug,123.9
Luxembourg,2015,Sep,107.9
Luxembourg,2015,Oct,81.4
Luxembourg,2015,Nov,64.4
Luxembourg,2015,Dec,61.0
Luxembourg,2016,Jan,55.1
Luxembourg,2016,Feb,62.7
Luxembourg,2016,Mar,76.8
Luxembourg,2016,Apr,86.7
Luxembourg,2016,May,111.2
Luxembourg,2016,Jun,109.6
Luxembourg,2016,Jul,133.2
Luxembourg,2016,Aug,116.7
Luxembourg,2016,Sep,96.9
Luxembourg,2016,Oct,84.3
Luxembourg,2016,Nov,62.4
Luxembourg,2016,Dec,58.0
Luxembourg,2017,Jan,52.9
Luxembourg,2017,Feb,58.9
Luxembourg,2017,Mar,75.5
Luxembourg,2017,Apr,83.9
Luxembourg,2017,May,105.4
Luxembourg,2017,Jun,108.3
Luxembourg,2017,Jul,131.7
Luxembourg,2017,Aug,119.5
Luxembourg,2017,Sep,101.0
Luxembourg,2017,Oct,84.2
Luxembourg,2017,Nov,63.8
Luxembourg,2017,Dec,60.7
Luxembourg,2018,Jan,57.5
Luxembourg,2018,Feb,58.5
Luxembourg,2018,Mar,74.0
Luxembourg,2018,Apr,80.3
Luxembourg,2018,May,97.9
Luxembourg,2018,Jun,106.7
Luxembourg,2018,Jul,117.1
Luxembourg,2018,Aug,119.6
Luxembourg,2018,Sep,92.1
Luxembourg,2018,Oct,86.5
Luxembourg,2018,Nov,64.9
Luxembourg,2018,Dec,62.7
Luxembourg,2019,Jan,60.7
Luxembourg,2019,Feb,59.1
Luxembourg,2019,Mar,74.4
Luxembourg,2019,Apr,81.4
Luxembourg,2019,May,102.4
Luxembourg,2019,Jun,115.1
Luxembourg,2019,Jul,124.2
Luxembourg,2019,Aug,124.2
Luxembourg,2019,Sep,94.2
Luxembourg,2019,Oct,83.2
Luxembourg,2019,Nov,64.4
Luxembourg,2019,Dec,57.7
Luxembourg,2020,Jan,67.9
Luxembourg,2020,Feb,59.3
Luxembourg,2020,Mar,34.6
Luxembourg,2020,Apr,3.0
Luxembourg,2020,May,8.4
Luxembourg,2020,Jun,36.2
Luxembourg,2020,Jul,62.8
Luxembourg,2020,Aug,82.6
Luxembourg,2020,Sep,52.2
Luxembourg,2020,Oct,47.0
Luxembourg,2020,Nov,36.8
Luxembourg,2020,Dec,34.3
Luxembourg,2021,Jan,14.7
Luxembourg,2021,Feb,16.0
Luxembourg,2021,Mar,19.8
Luxembourg,2021,Apr,30.4
Luxembourg,2021,May,60.0
Luxembourg,2021,Jun,55.4
Luxembourg,2021,Jul,79.2
Luxembourg,2021,Aug,95.0
Luxembourg,2021,Sep,72.5
Luxembourg,2021,Oct,72.1
Luxembourg,2021,Nov,52.5
Luxembourg,2021,Dec,47.6
Luxembourg,2022,Jan,33.2
Luxembourg,2022,Feb,40.7
Luxembourg,2022,Mar,54.4
Luxembourg,2022,Apr,81.8
Luxembourg,2022,May,99.3
Luxembourg,2022,Jun,106.1
Luxembourg,2022,Jul,143.1
Luxembourg,2022,Aug,136.7
Luxembourg,2022,Sep,94.7
Luxembourg,2022,Oct,88.9
Luxembourg,2022,Nov,66.5
Luxembourg,2022,Dec,67.3
Luxembourg,2023,Jan,49.2
Luxembourg,2023,Feb,52.9
Luxembourg,2023,Mar,64.0
Luxembourg,2023,Apr,95.1
Luxembourg,2023,May,107.8
Luxembourg,2023,Jun,105.7
Luxembourg,2023,Jul,139.2
Luxembourg,2023,Aug,132.2
Luxembourg,2023,Sep,98.2
Luxembourg,2023,Oct,87.9
Luxembourg,2023,Nov,63.6
Luxembourg,2023,Dec,67.1
Luxembourg,2024,Jan,55.1
Luxembourg,2024,Feb,65.6
Luxembourg,2024,Mar,77.2
Luxembourg,2024,Apr,113.0
Luxembourg,2024,May,137.0
Luxembourg,2024,Jun,130.9
Luxembourg,2024,Jul,165.3
Luxembourg,2024,Aug,173.2
Luxembourg,2024,Sep,115.7
Luxembourg,2024,Oct,103.6
Luxembourg,2024,Nov,78.9
Luxembourg,2024,Dec,82.5
Luxembourg,2025,Jan,61.1
Luxembourg,2025,Feb,62.8
Luxembourg,2025,Mar,79.2
Luxembourg,2025,Apr,116.1
Luxembourg,2025,May,144.9
Luxembourg,2025,Jun,150.7
Luxembourg,2025,Jul,182.2
Luxembourg,2025,Aug,180.7
Macao (China),2015,Feb,1102.0
Macao (China),2015,Mar,1029.0
Macao (China),2015,Apr,1160.0
Macao (China),2015,May,1162.0
Macao (China),2015,Jun,1076.0
Macao (China),2015,Jul,1296.0
Macao (China),2015,Aug,1425.0
Macao (China),2015,Sep,1173.0
Macao (China),2015,Oct,1223.0
Macao (China),2015,Nov,1245.0
Macao (China),2015,Dec,1330.0
Macao (China),2016,Jan,1146.0
Macao (China),2016,Feb,1189.0
Macao (China),2016,Mar,1173.0
Macao (China),2016,Apr,1224.0
Macao (China),2016,May,1205.0
Macao (China),2016,Jun,1225.0
Macao (China),2016,Jul,1456.0
Macao (China),2016,Aug,1477.0
Macao (China),2016,Sep,1312.0
Macao (China),2016,Oct,1371.0
Macao (China),2016,Nov,1375.0
Macao (China),2016,Dec,1550.0
Macao (China),2017,Jan,1363.0
Macao (China),2017,Feb,1232.0
Macao (China),2017,Mar,1336.0
Macao (China),2017,Apr,1441.0
Macao (China),2017,May,1376.0
Macao (China),2017,Jun,1349.0
Macao (China),2017,Jul,1609.0
Macao (China),2017,Aug,1548.0
Macao (China),2017,Sep,1382.0
Macao (China),2017,Oct,1471.0
Macao (China),2017,Nov,1512.0
Macao (China),2017,Dec,1635.0
Macao (China),2018,Jan,1483.0
Macao (China),2018,Feb,1396.0
Macao (China),2018,Mar,1451.0
Macao (China),2018,Apr,1542.0
Macao (China),2018,May,1449.0
Macao (China),2018,Jun,1445.0
Macao (China),2018,Jul,1637.0
Macao (China),2018,Aug,1800.0
Macao (China),2018,Sep,1408.0
Macao (China),2018,Oct,1550.0
Macao (China),2018,Nov,1589.0
Macao (China),2018,Dec,1741.0
Macao (China),2019,Jan,1641.0
Macao (China),2019,Feb,1510.0
Macao (China),2019,Mar,1583.0
Macao (China),2019,Apr,1624.0
Macao (China),2019,May,1598.0
Macao (China),2019,Jun,1528.0
Macao (China),2019,Jul,1714.0
Macao (China),2019,Aug,1697.0
Macao (China),2019,Sep,1377.0
Macao (China),2019,Oct,1475.0
Macao (China),2019,Nov,1408.0
Macao (China),2019,Dec,1476.0
Macao (China),2020,Jan,1320.0
Macao (China),2020,Feb,75.3
Macao (China),2020,Mar,125.9
Macao (China),2020,Apr,6.4
Macao (China),2020,May,9.1
Macao (China),2020,Jun,9.4
Macao (China),2020,Jul,23.8
Macao (China),2020,Aug,70.6
Macao (China),2020,Sep,159.6
Macao (China),2020,Oct,308.2
Macao (China),2020,Nov,323.8
Macao (China),2020,Dec,390.3
Macao (China),2021,Jan,268.9
Macao (China),2021,Feb,245.3
Macao (China),2021,Mar,404.9
Macao (China),2021,Apr,450.6
Macao (China),2021,May,473.8
Macao (China),2021,Jun,215.1
Macao (China),2021,Jul,412.7
Macao (China),2021,Aug,151.2
Macao (China),2021,Sep,281.0
Macao (China),2021,Oct,111.4
Macao (China),2021,Nov,287.4
Macao (China),2021,Dec,394.3
Macao (China),2022,Jan,244.0
Macao (China),2022,Feb,279.5
Macao (China),2022,Mar,157.3
Macao (China),2022,Apr,180.9
Macao (China),2022,May,241.8
Macao (China),2022,Jun,180.8
Macao (China),2022,Jul,2.6
Macao (China),2022,Aug,177.6
Macao (China),2022,Sep,280.3
Macao (China),2022,Oct,313.5
Macao (China),2022,Nov,196.3
Macao (China),2022,Dec,229.4
Macao (China),2023,Jan,816.2
Macao (China),2023,Feb,843.4
Macao (China),2023,Mar,979.2
Macao (China),2023,Apr,1176.0
Macao (China),2023,May,1089.0
Macao (China),2023,Jun,1164.0
Macao (China),2023,Jul,1432.0
Macao (China),2023,Aug,1568.0
Macao (China),2023,Sep,1169.0
Macao (China),2023,Oct,1306.0
Macao (China),2023,Nov,1227.0
Macao (China),2023,Dec,1458.0
Macao (China),2024,Jan,1382.0
Macao (China),2024,Feb,1426.0
Macao (China),2024,Mar,1277.0
Macao (China),2024,Apr,1251.0
Macao (China),2024,May,1261.0
Macao (China),2024,Jun,1235.0
Macao (China),2024,Jul,1425.0
Macao (China),2024,Aug,1610.0
Macao (China),2024,Sep,1220.0
Macao (China),2024,Oct,1346.0
Macao (China),2024,Nov,1284.0
Macao (China),2024,Dec,1328.0
Macao (China),2025,Jan,1491.0
Macao (China),2025,Feb,1259.0
Macao (China),2025,Mar,1289.0
Macao (China),2025,Apr,1337.0
Macao (China),2025,May,1380.0
Macao (China),2025,Jun,1279.0
Macao (China),2025,Jul,1478.0
Macao (China),2025,Aug,1666.0
Macao (China),2025,Sep,1214.0
Madagascar,2015,Feb,17.3
Madagascar,2015,Mar,19.8
Madagascar,2015,Apr,19.5
Madagascar,2015,May,19.7
Madagascar,2015,Jun,17.3
Madagascar,2015,Jul,23.8
Madagascar,2015,Aug,20.5
Madagascar,2015,Sep,18.6
Madagascar,2015,Oct,21.9
Madagascar,2015,Nov,22.2
Madagascar,2015,Dec,24.5
Madagascar,2016,Jan,26.6
Madagascar,2016,Feb,15.0
Madagascar,2016,Mar,19.3
Madagascar,2016,Apr,15.0
Madagascar,2016,May,18.1
Madagascar,2016,Jun,16.1
Madagascar,2016,Jul,23.8
Madagascar,2016,Aug,20.3
Madagascar,2016,Sep,19.8
Madagascar,2016,Oct,38.5
Madagascar,2016,Nov,42.5
Madagascar,2016,Dec,38.3
Madagascar,2017,Jan,28.2
Madagascar,2017,Feb,19.2
Madagascar,2017,Mar,19.0
Madagascar,2017,Apr,17.1
Madagascar,2017,May,22.8
Madagascar,2017,Jun,17.2
Madagascar,2017,Jul,27.6
Madagascar,2017,Aug,23.7
Madagascar,2017,Sep,22.1
Madagascar,2017,Oct,20.9
Madagascar,2017,Nov,18.0
Madagascar,2017,Dec,19.8
Madagascar,2018,Jan,19.0
Madagascar,2018,Feb,30.8
Madagascar,2018,Mar,19.9
Madagascar,2018,Apr,21.6
Madagascar,2018,May,19.2
Madagascar,2018,Jun,17.3
Madagascar,2018,Jul,17.3
Madagascar,2018,Aug,24.4
Madagascar,2018,Sep,24.3
Madagascar,2018,Oct,19.2
Madagascar,2018,Nov,41.6
Madagascar,2018,Dec,36.0
Madagascar,2019,Jan,43.1
Madagascar,2019,Feb,33.2
Madagascar,2019,Mar,33.3
Madagascar,2019,Apr,26.8
Madagascar,2019,May,23.3
Madagascar,2019,Jun,22.0
Madagascar,2019,Jul,29.6
Madagascar,2019,Aug,27.3
Madagascar,2019,Sep,28.9
Madagascar,2019,Oct,30.7
Madagascar,2019,Nov,45.1
Madagascar,2019,Dec,40.5
Madagascar,2020,Jan,36.9
Madagascar,2020,Feb,16.5
Madagascar,2020,Mar,9.3
Madagascar,2020,Apr,0.0
Madagascar,2020,May,0.0
Madagascar,2020,Jun,0.0
Madagascar,2020,Jul,0.0
Madagascar,2020,Aug,0.0
Madagascar,2020,Sep,0.0
Madagascar,2020,Oct,2.7
Madagascar,2020,Nov,1.1
Madagascar,2020,Dec,1.9
Madagascar,2021,Jan,3.6
Madagascar,2021,Feb,1.9
Madagascar,2021,Mar,2.0
Madagascar,2021,Apr,0.4
Madagascar,2021,May,0.2
Madagascar,2021,Jun,0.6
Madagascar,2021,Jul,1.0
Madagascar,2021,Aug,3.4
Madagascar,2021,Sep,2.8
Madagascar,2021,Oct,2.9
Madagascar,2021,Nov,8.3
Madagascar,2021,Dec,4.7
Madagascar,2022,Jan,1.9
Madagascar,2022,Feb,2.0
Madagascar,2022,Mar,2.6
Madagascar,2022,Apr,5.0
Madagascar,2022,May,8.7
Madagascar,2022,Jun,8.1
Madagascar,2022,Jul,11.2
Madagascar,2022,Aug,11.9
Madagascar,2022,Sep,14.2
Madagascar,2022,Oct,22.0
Madagascar,2022,Nov,20.5
Madagascar,2022,Dec,23.9
Madagascar,2023,Jan,10.3
Madagascar,2023,Feb,15.2
Madagascar,2023,Mar,13.8
Madagascar,2023,Apr,20.9
Madagascar,2023,May,18.9
Madagascar,2023,Jun,17.2
Madagascar,2023,Jul,25.9
Madagascar,2023,Aug,24.6
Madagascar,2023,Sep,24.1
Madagascar,2023,Oct,29.9
Madagascar,2023,Nov,28.3
Madagascar,2023,Dec,30.7
Madagascar,2024,Jan,38.8
Madagascar,2024,Feb,31.1
Madagascar,2024,Mar,15.9
Madagascar,2024,Apr,20.2
Madagascar,2024,May,22.3
Madagascar,2024,Jun,19.5
Madagascar,2024,Jul,26.2
Madagascar,2024,Aug,28.8
Madagascar,2024,Sep,24.5
Madagascar,2024,Oct,28.5
Madagascar,2024,Nov,30.2
Madagascar,2024,Dec,29.0
Madagascar,2025,Jan,30.3
Madagascar,2025,Feb,17.7
Madagascar,2025,Mar,15.6
Madagascar,2025,Apr,32.5
Madagascar,2025,May,29.7
Madagascar,2025,Jun,25.0
Madagascar,2025,Jul,35.8
Madagascar,2025,Aug,30.3
Madagascar,2025,Sep,31.2
Malawi,2019,Jan,87.1
Malawi,2019,Feb,121.8
Malawi,2019,Mar,69.6
Malawi,2019,Apr,73.8
Malawi,2019,May,86.6
Malawi,2019,Jun,103.7
Malawi,2019,Jul,61.5
Malawi,2019,Aug,92.2
Malawi,2019,Sep,56.4
Malawi,2019,Oct,102.5
Malawi,2019,Nov,70.6
Malawi,2019,Dec,52.5
Malawi,2020,Jan,17.7
Malawi,2020,Feb,11.9
Malawi,2020,Mar,9.0
Malawi,2020,Apr,0.4
Malawi,2020,May,0.3
Malawi,2020,Jun,0.3
Malawi,2020,Jul,4.7
Malawi,2020,Aug,27.4
Malawi,2020,Sep,31.0
Malawi,2020,Oct,40.1
Malawi,2020,Nov,26.4
Malawi,2020,Dec,29.6
Malaysia,2015,Feb,1949.0
Malaysia,2015,Mar,2242.0
Malaysia,2015,Apr,2072.0
Malaysia,2015,May,2119.0
Malaysia,2015,Jun,1894.0
Malaysia,2015,Jul,2216.0
Malaysia,2015,Aug,2183.0
Malaysia,2015,Sep,2084.0
Malaysia,2015,Oct,2083.0
Malaysia,2015,Nov,2005.0
Malaysia,2015,Dec,2583.0
Malaysia,2016,Jan,2376.0
Malaysia,2016,Feb,2091.0
Malaysia,2016,Mar,2199.0
Malaysia,2016,Apr,2101.0
Malaysia,2016,May,2144.0
Malaysia,2016,Jun,2121.0
Malaysia,2016,Jul,2297.0
Malaysia,2016,Aug,2282.0
Malaysia,2016,Sep,2118.0
Malaysia,2016,Oct,2326.0
Malaysia,2016,Nov,2054.0
Malaysia,2016,Dec,2647.0
Malaysia,2017,Jan,2350.0
Malaysia,2017,Feb,2043.0
Malaysia,2017,Mar,2238.0
Malaysia,2017,Apr,2146.0
Malaysia,2017,May,2039.0
Malaysia,2017,Jun,2135.0
Malaysia,2017,Jul,2263.0
Malaysia,2017,Aug,2129.0
Malaysia,2017,Sep,2092.0
Malaysia,2017,Oct,2069.0
Malaysia,2017,Nov,2008.0
Malaysia,2017,Dec,2436.0
Malaysia,2018,Jan,2277.0
Malaysia,2018,Feb,2051.0
Malaysia,2018,Mar,2193.0
Malaysia,2018,Apr,1957.0
Malaysia,2018,May,1977.0
Malaysia,2018,Jun,2276.0
Malaysia,2018,Jul,2305.0
Malaysia,2018,Aug,2254.0
Malaysia,2018,Sep,2097.0
Malaysia,2018,Oct,2104.0
Malaysia,2018,Nov,1990.0
Malaysia,2018,Dec,2352.0
Malaysia,2019,Jan,2196.0
Malaysia,2019,Feb,2166.0
Malaysia,2019,Mar,2335.0
Malaysia,2019,Apr,2160.0
Malaysia,2019,May,2098.0
Malaysia,2019,Jun,2401.0
Malaysia,2019,Jul,2415.0
Malaysia,2019,Aug,2342.0
Malaysia,2019,Sep,1997.0
Malaysia,2019,Oct,2031.0
Malaysia,2019,Nov,1969.0
Malaysia,2019,Dec,1991.0
Malaysia,2020,Jan,2164.0
Malaysia,2020,Feb,1398.0
Malaysia,2020,Mar,671.1
Malaysia,2020,Apr,7.5
Malaysia,2020,May,5.4
Malaysia,2020,Jun,6.6
Malaysia,2020,Jul,18.7
Malaysia,2020,Aug,11.6
Malaysia,2020,Sep,16.1
Malaysia,2020,Oct,11.3
Malaysia,2020,Nov,11.4
Malaysia,2020,Dec,10.6
Malaysia,2021,Jan,8.0
Malaysia,2021,Feb,7.6
Malaysia,2021,Mar,9.6
Malaysia,2021,Apr,9.7
Malaysia,2021,May,9.2
Malaysia,2021,Jun,6.5
Malaysia,2021,Jul,6.2
Malaysia,2021,Aug,8.1
Malaysia,2021,Sep,8.4
Malaysia,2021,Oct,10.7
Malaysia,2021,Nov,14.7
Malaysia,2021,Dec,36.0
Malaysia,2022,Jan,29.8
Malaysia,2022,Feb,26.8
Malaysia,2022,Mar,41.5
Malaysia,2022,Apr,392.1
Malaysia,2022,May,670.5
Malaysia,2022,Jun,971.6
Malaysia,2022,Jul,1076.0
Malaysia,2022,Aug,1103.0
Malaysia,2022,Sep,1245.0
Malaysia,2022,Oct,1344.0
Malaysia,2022,Nov,1331.0
Malaysia,2022,Dec,1840.0
Malaysia,2023,Jan,1496.0
Malaysia,2023,Feb,1298.0
Malaysia,2023,Mar,1593.0
Malaysia,2023,Apr,1543.0
Malaysia,2023,May,1550.0
Malaysia,2023,Jun,1679.0
Malaysia,2023,Jul,1822.0
Malaysia,2023,Aug,1717.0
Malaysia,2023,Sep,1768.0
Malaysia,2023,Oct,1645.0
Malaysia,2023,Nov,1706.0
Malaysia,2023,Dec,2323.0
Malaysia,2024,Jan,1772.0
Malaysia,2024,Feb,1952.0
Malaysia,2024,Mar,2088.0
Malaysia,2024,Apr,1749.0
Malaysia,2024,May,1926.0
Malaysia,2024,Jun,2323.0
Malaysia,2024,Jul,2256.0
Malaysia,2024,Aug,2386.0
Malaysia,2024,Sep,1927.0
Malaysia,2024,Oct,2230.0
Malaysia,2024,Nov,1856.0
Malaysia,2024,Dec,2552.0
Malaysia,2025,Jan,2459.0
Malaysia,2025,Feb,1853.0
Malaysia,2025,Mar,2055.0
Malaysia,2025,Apr,1990.0
Malaysia,2025,May,2131.0
Malaysia,2025,Jun,2363.0
Malaysia,2025,Jul,2628.0
Malaysia,2025,Aug,2302.0
Maldives,2015,Jan,214.9
Maldives,2015,Feb,214.1
Maldives,2015,Mar,203.5
Maldives,2015,Apr,198.3
Maldives,2015,May,135.6
Maldives,2015,Jun,141.8
Maldives,2015,Jul,186.7
Maldives,2015,Aug,192.1
Maldives,2015,Sep,149.6
Maldives,2016,Jan,108.4
Maldives,2016,Feb,120.6
Maldives,2016,Mar,115.1
Maldives,2016,Apr,103.5
Maldives,2016,May,93.2
Maldives,2016,Jun,79.0
Maldives,2016,Jul,110.4
Maldives,2016,Aug,112.3
Maldives,2016,Sep,101.9
Maldives,2016,Oct,117.5
Maldives,2016,Nov,104.6
Maldives,2016,Dec,119.5
Maldives,2017,Jan,125.3
Maldives,2017,Feb,121.1
Maldives,2017,Mar,112.7
Maldives,2017,Apr,119.8
Maldives,2017,May,93.5
Maldives,2017,Jun,85.2
Maldives,2017,Jul,113.2
Maldives,2017,Aug,121.3
Maldives,2017,Sep,106.0
Maldives,2017,Oct,128.0
Maldives,2017,Nov,120.5
Maldives,2017,Dec,143.0
Maldives,2018,Jan,142.4
Maldives,2018,Feb,144.3
Maldives,2018,Mar,133.5
Maldives,2018,Apr,119.7
Maldives,2018,May,92.9
Maldives,2018,Jun,93.8
Maldives,2018,Jul,122.3
Maldives,2018,Aug,124.0
Maldives,2018,Sep,107.6
Maldives,2018,Oct,127.4
Maldives,2018,Nov,125.6
Maldives,2018,Dec,150.8
Maldives,2019,Jan,151.6
Maldives,2019,Feb,168.6
Maldives,2019,Mar,162.8
Maldives,2019,Apr,163.1
Maldives,2019,May,103.0
Maldives,2019,Jun,113.5
Maldives,2019,Jul,132.1
Maldives,2019,Aug,139.3
Maldives,2019,Sep,117.6
Maldives,2019,Oct,141.9
Maldives,2019,Nov,137.9
Maldives,2019,Dec,171.3
Maldives,2020,Jan,173.3
Maldives,2020,Feb,149.8
Maldives,2020,Mar,59.6
Maldives,2020,Apr,0.0
Maldives,2020,May,0.0
Maldives,2020,Jun,0.0
Maldives,2020,Jul,1.8
Maldives,2020,Aug,7.6
Maldives,2020,Sep,9.6
Maldives,2020,Oct,21.5
Maldives,2020,Nov,35.8
Maldives,2020,Dec,96.4
Maldives,2021,Jan,92.1
Maldives,2021,Feb,96.9
Maldives,2021,Mar,109.6
Maldives,2021,Apr,91.2
Maldives,2021,May,64.6
Maldives,2021,Jun,56.2
Maldives,2021,Jul,101.8
Maldives,2021,Aug,143.6
Maldives,2021,Sep,114.9
Maldives,2021,Oct,142.1
Maldives,2021,Nov,144.7
Maldives,2021,Dec,164.3
Maldives,2022,Jan,131.8
Maldives,2022,Feb,149.0
Maldives,2022,Mar,150.7
Maldives,2022,Apr,145.3
Maldives,2022,May,125.5
Maldives,2022,Jun,110.9
Maldives,2022,Jul,133.6
Maldives,2022,Aug,131.9
Maldives,2022,Sep,112.0
Maldives,2022,Oct,153.7
Maldives,2022,Nov,146.9
Maldives,2022,Dec,184.1
Maldives,2023,Jan,172.5
Maldives,2023,Feb,177.9
Maldives,2023,Mar,173.5
Maldives,2023,Apr,164.4
Maldives,2023,May,121.0
Maldives,2023,Jun,120.4
Maldives,2023,Jul,145.6
Maldives,2023,Aug,154.9
Maldives,2023,Sep,131.0
Maldives,2023,Oct,159.1
Maldives,2023,Nov,163.7
Maldives,2023,Dec,194.7
Maldives,2024,Jan,192.4
Maldives,2024,Feb,217.4
Maldives,2024,Mar,194.2
Maldives,2024,Apr,168.4
Maldives,2024,May,119.9
Maldives,2024,Jun,123.3
Maldives,2024,Jul,167.5
Maldives,2024,Aug,176.2
Maldives,2024,Sep,132.8
Maldives,2024,Oct,172.6
Maldives,2024,Nov,173.0
Maldives,2024,Dec,209.0
Maldives,2025,Jan,214.9
Maldives,2025,Feb,214.1
Maldives,2025,Mar,203.5
Maldives,2025,Apr,198.3
Maldives,2025,May,135.6
Maldives,2025,Jun,141.8
Maldives,2025,Jul,186.7
Maldives,2025,Aug,192.1
Maldives,2025,Sep,149.6
Mali,2021,Jan,11.0
Mali,2021,Feb,10.7
Mali,2021,Mar,10.6
Mali,2021,Apr,9.8
Mali,2021,May,11.7
Mali,2021,Jun,15.4
Mali,2021,Jul,20.4
Mali,2021,Aug,15.5
Mali,2021,Sep,14.0
Mali,2021,Oct,16.0
Mali,2021,Nov,16.0
Mali,2021,Dec,17.1
Malta,2015,Feb,74.2
Malta,2015,Mar,101.2
Malta,2015,Apr,152.1
Malta,2015,May,173.6
Malta,2015,Jun,180.1
Malta,2015,Jul,206.6
Malta,2015,Aug,246.5
Malta,2015,Sep,192.5
Malta,2015,Oct,196.7
Malta,2015,Nov,113.0
Malta,2015,Dec,72.6
Malta,2016,Jan,84.8
Malta,2016,Feb,81.0
Malta,2016,Mar,115.5
Malta,2016,Apr,164.9
Malta,2016,May,190.6
Malta,2016,Jun,193.0
Malta,2016,Jul,225.3
Malta,2016,Aug,253.3
Malta,2016,Sep,206.9
Malta,2016,Oct,215.1
Malta,2016,Nov,140.4
Malta,2016,Dec,95.0
Malta,2017,Jan,104.1
Malta,2017,Feb,103.9
Malta,2017,Mar,140.9
Malta,2017,Apr,199.6
Malta,2017,May,215.4
Malta,2017,Jun,226.3
Malta,2017,Jul,251.1
Malta,2017,Aug,284.8
Malta,2017,Sep,235.9
Malta,2017,Oct,240.1
Malta,2017,Nov,162.5
Malta,2017,Dec,109.2
Malta,2018,Jan,124.8
Malta,2018,Feb,122.4
Malta,2018,Mar,167.2
Malta,2018,Apr,233.5
Malta,2018,May,256.9
Malta,2018,Jun,257.5
Malta,2018,Jul,289.2
Malta,2018,Aug,313.9
Malta,2018,Sep,271.4
Malta,2018,Oct,265.4
Malta,2018,Nov,175.2
Malta,2018,Dec,121.3
Malta,2019,Jan,127.7
Malta,2019,Feb,125.2
Malta,2019,Mar,173.0
Malta,2019,Apr,242.0
Malta,2019,May,262.1
Malta,2019,Jun,278.1
Malta,2019,Jul,304.3
Malta,2019,Aug,336.5
Malta,2019,Sep,286.5
Malta,2019,Oct,282.0
Malta,2019,Nov,191.1
Malta,2019,Dec,144.7
Malta,2020,Jan,149.2
Malta,2020,Feb,145.8
Malta,2020,Mar,75.2
Malta,2020,Apr,0.0
Malta,2020,May,0.0
Malta,2020,Jun,0.0
Malta,2020,Jul,48.7
Malta,2020,Aug,114.5
Malta,2020,Sep,50.4
Malta,2020,Oct,46.9
Malta,2020,Nov,14.9
Malta,2020,Dec,12.9
Malta,2021,Jan,13.8
Malta,2021,Feb,9.2
Malta,2021,Mar,10.3
Malta,2021,Apr,10.2
Malta,2021,May,26.0
Malta,2021,Jun,70.3
Malta,2021,Jul,121.3
Malta,2021,Aug,165.9
Malta,2021,Sep,159.3
Malta,2021,Oct,179.0
Malta,2021,Nov,127.2
Malta,2021,Dec,75.7
Malta,2022,Jan,59.7
Malta,2022,Feb,64.6
Malta,2022,Mar,110.9
Malta,2022,Apr,194.5
Malta,2022,May,221.2
Malta,2022,Jun,245.4
Malta,2022,Jul,277.0
Malta,2022,Aug,314.0
Malta,2022,Sep,249.0
Malta,2022,Oct,239.3
Malta,2022,Nov,174.5
Malta,2022,Dec,136.4
Malta,2023,Jan,136.8
Malta,2023,Feb,132.8
Malta,2023,Mar,174.9
Malta,2023,Apr,267.2
Malta,2023,May,285.6
Malta,2023,Jun,294.9
Malta,2023,Jul,325.9
Malta,2023,Aug,372.4
Malta,2023,Sep,299.3
Malta,2023,Oct,314.2
Malta,2023,Nov,217.9
Malta,2023,Dec,159.6
Malta,2024,Jan,172.5
Malta,2024,Feb,169.4
Malta,2024,Mar,241.4
Malta,2024,Apr,306.4
Malta,2024,May,352.2
Malta,2024,Jun,349.0
Malta,2024,Jul,381.7
Malta,2024,Aug,422.1
Malta,2024,Sep,358.2
Malta,2024,Oct,355.6
Malta,2024,Nov,262.9
Malta,2024,Dec,192.4
Malta,2025,Jan,194.2
Malta,2025,Feb,210.3
Malta,2025,Mar,289.0
Malta,2025,Apr,351.2
Malta,2025,May,374.3
Malta,2025,Jun,386.8
Malta,2025,Jul,405.3
Malta,2025,Aug,470.6
Malta,2025,Sep,393.8
Martinique,2015,Feb,50.5
Martinique,2015,Mar,53.5
Martinique,2015,Apr,49.0
Martinique,2015,May,35.5
Martinique,2015,Jun,29.1
Martinique,2015,Jul,40.8
Martinique,2015,Aug,52.5
Martinique,2015,Sep,25.7
Martinique,2015,Oct,26.7
Martinique,2015,Nov,28.3
Martinique,2015,Dec,49.8
Martinique,2016,Jan,50.3
Martinique,2016,Feb,56.4
Martinique,2016,Mar,60.8
Martinique,2016,Apr,51.0
Martinique,2016,May,34.1
Martinique,2016,Jun,29.7
Martinique,2016,Jul,44.7
Martinique,2016,Aug,55.0
Martinique,2016,Sep,27.4
Martinique,2016,Oct,27.3
Martinique,2016,Nov,30.3
Martinique,2016,Dec,52.4
Martinique,2017,Jan,51.7
Martinique,2017,Feb,54.9
Martinique,2017,Mar,63.9
Martinique,2017,Apr,55.6
Martinique,2017,May,38.8
Martinique,2017,Jun,32.2
Martinique,2017,Jul,48.5
Martinique,2017,Aug,53.6
Martinique,2017,Sep,26.7
Martinique,2017,Oct,27.4
Martinique,2017,Nov,33.0
Martinique,2017,Dec,49.2
Martinique,2018,Jan,55.9
Martinique,2018,Feb,59.2
Martinique,2018,Mar,63.2
Martinique,2018,Apr,51.4
Martinique,2018,May,35.2
Martinique,2018,Jun,29.2
Martinique,2018,Jul,44.3
Martinique,2018,Aug,53.8
Martinique,2018,Sep,28.1
Martinique,2018,Oct,28.2
Martinique,2018,Nov,34.5
Martinique,2018,Dec,54.4
Martinique,2019,Jan,59.6
Martinique,2019,Feb,63.1
Martinique,2019,Mar,70.7
Martinique,2019,Apr,58.2
Martinique,2019,May,35.2
Martinique,2019,Jun,32.0
Martinique,2019,Jul,44.0
Martinique,2019,Aug,54.9
Martinique,2019,Sep,27.0
Martinique,2019,Oct,27.6
Martinique,2019,Nov,31.9
Martinique,2019,Dec,52.1
Martinique,2020,Jan,61.7
Martinique,2020,Feb,66.4
Martinique,2020,Mar,44.7
Martinique,2020,Apr,1.8
Martinique,2020,May,2.1
Martinique,2020,Jun,8.0
Martinique,2020,Jul,20.8
Martinique,2020,Aug,36.2
Martinique,2020,Sep,16.5
Martinique,2020,Oct,17.6
Martinique,2020,Nov,9.6
Martinique,2020,Dec,26.7
Martinique,2021,Jan,39.9
Martinique,2021,Feb,19.9
Martinique,2021,Mar,10.4
Martinique,2021,Apr,9.6
Martinique,2021,May,10.4
Martinique,2021,Jun,17.6
Martinique,2021,Jul,37.3
Martinique,2021,Aug,43.1
Martinique,2021,Sep,16.1
Martinique,2021,Oct,19.6
Martinique,2021,Nov,27.1
Martinique,2021,Dec,40.0
Martinique,2022,Jan,48.4
Martinique,2022,Feb,48.5
Martinique,2022,Mar,57.2
Martinique,2022,Apr,54.4
Martinique,2022,May,40.1
Martinique,2022,Jun,32.2
Martinique,2022,Jul,49.7
Martinique,2022,Aug,68.0
Martinique,2022,Sep,29.7
Martinique,2023,Jan,63.4
Martinique,2023,Feb,64.5
Martinique,2023,Mar,65.0
Martinique,2023,Apr,66.8
Martinique,2023,May,37.6
Martinique,2023,Jun,27.7
Martinique,2023,Jul,40.2
Martinique,2023,Aug,51.9
Martinique,2023,Sep,27.1
Martinique,2023,Oct,24.3
Martinique,2023,Nov,31.3
Martinique,2024,Jan,61.1
Martinique,2024,Feb,62.7
Martinique,2024,Mar,64.2
Martinique,2024,Apr,56.5
Martinique,2024,May,41.4
Martinique,2024,Jun,31.0
Martinique,2024,Jul,45.1
Martinique,2024,Aug,58.6
Martinique,2024,Sep,28.3
Martinique,2024,Oct,28.2
Martinique,2024,Nov,35.0
Martinique,2025,Jan,59.8
Martinique,2025,Feb,61.7
Martinique,2025,Mar,66.9
Martinique,2025,Apr,59.1
Martinique,2025,May,37.5
Martinique,2025,Jun,29.7
Mauritius,2015,Feb,91.1
Mauritius,2015,Mar,96.4
Mauritius,2015,Apr,90.2
Mauritius,2015,May,87.1
Mauritius,2015,Jun,65.5
Mauritius,2015,Jul,95.7
Mauritius,2015,Aug,89.4
Mauritius,2015,Sep,84.5
Mauritius,2015,Oct,109.0
Mauritius,2015,Nov,106.2
Mauritius,2015,Dec,132.7
Mauritius,2016,Jan,118.4
Mauritius,2016,Feb,100.7
Mauritius,2016,Mar,108.7
Mauritius,2016,Apr,92.0
Mauritius,2016,May,94.8
Mauritius,2016,Jun,71.8
Mauritius,2016,Jul,108.1
Mauritius,2016,Aug,94.9
Mauritius,2016,Sep,91.4
Mauritius,2016,Oct,130.4
Mauritius,2016,Nov,115.8
Mauritius,2016,Dec,148.1
Mauritius,2017,Jan,124.4
Mauritius,2017,Feb,105.0
Mauritius,2017,Mar,110.3
Mauritius,2017,Apr,111.4
Mauritius,2017,May,96.6
Mauritius,2017,Jun,78.2
Mauritius,2017,Jul,112.3
Mauritius,2017,Aug,100.2
Mauritius,2017,Sep,96.3
Mauritius,2017,Oct,130.1
Mauritius,2017,Nov,121.5
Mauritius,2017,Dec,155.6
Mauritius,2018,Jan,121.0
Mauritius,2018,Feb,115.6
Mauritius,2018,Mar,119.8
Mauritius,2018,Apr,105.0
Mauritius,2018,May,101.1
Mauritius,2018,Jun,84.3
Mauritius,2018,Jul,115.9
Mauritius,2018,Aug,109.5
Mauritius,2018,Sep,102.8
Mauritius,2018,Oct,134.1
Mauritius,2018,Nov,132.2
Mauritius,2018,Dec,158.0
Mauritius,2019,Jan,122.3
Mauritius,2019,Feb,115.6
Mauritius,2019,Mar,114.4
Mauritius,2019,Apr,108.6
Mauritius,2019,May,96.8
Mauritius,2019,Jun,92.4
Mauritius,2019,Jul,115.4
Mauritius,2019,Aug,107.3
Mauritius,2019,Sep,100.8
Mauritius,2019,Oct,129.0
Mauritius,2019,Nov,128.7
Mauritius,2019,Dec,152.1
Mauritius,2020,Jan,137.4
Mauritius,2020,Feb,111.6
Mauritius,2020,Mar,55.9
Mauritius,2020,Apr,0.0
Mauritius,2020,May,0.0
Mauritius,2020,Jun,0.0
Mauritius,2020,Jul,0.0
Mauritius,2020,Aug,0.3
Mauritius,2020,Sep,0.4
Mauritius,2020,Oct,1.1
Mauritius,2020,Nov,1.2
Mauritius,2020,Dec,1.0
Mauritius,2021,Jan,1.2
Mauritius,2021,Feb,1.2
Mauritius,2021,Mar,0.3
Mauritius,2021,Apr,0.1
Mauritius,2021,May,0.1
Mauritius,2021,Jun,0.3
Mauritius,2021,Jul,1.2
Mauritius,2021,Aug,2.5
Mauritius,2021,Sep,2.5
Mauritius,2021,Oct,54.4
Mauritius,2021,Nov,65.9
Mauritius,2021,Dec,50.0
Mauritius,2022,Jan,40.0
Mauritius,2022,Feb,52.7
Mauritius,2022,Mar,66.1
Mauritius,2022,Apr,84.3
Mauritius,2022,May,70.5
Mauritius,2022,Jun,63.0
Mauritius,2022,Jul,94.1
Mauritius,2022,Aug,86.6
Mauritius,2022,Sep,81.1
Mauritius,2022,Oct,117.3
Mauritius,2022,Nov,106.9
Mauritius,2022,Dec,134.7
Mauritius,2023,Jan,107.7
Mauritius,2023,Feb,91.9
Mauritius,2023,Mar,105.7
Mauritius,2023,Apr,109.0
Mauritius,2023,May,100.0
Mauritius,2023,Jun,82.2
Mauritius,2023,Jul,107.8
Mauritius,2023,Aug,99.0
Mauritius,2023,Sep,97.8
Mauritius,2023,Oct,125.6
Mauritius,2023,Nov,119.5
Mauritius,2023,Dec,149.1
Mauritius,2024,Jan,119.3
Mauritius,2024,Feb,109.3
Mauritius,2024,Mar,118.0
Mauritius,2024,Apr,105.6
Mauritius,2024,May,105.0
Mauritius,2024,Jun,88.4
Mauritius,2024,Jul,117.2
Mauritius,2024,Aug,106.6
Mauritius,2024,Sep,102.5
Mauritius,2024,Oct,133.1
Mauritius,2024,Nov,123.1
Mauritius,2024,Dec,154.2
Mauritius,2025,Jan,116.9
Mauritius,2025,Feb,96.0
Mauritius,2025,Mar,113.5
Mauritius,2025,Apr,120.2
Mauritius,2025,May,115.1
Mauritius,2025,Jun,97.3
Mauritius,2025,Jul,129.2
Mauritius,2025,Aug,115.5
Mauritius,2025,Sep,104.5
Mexico,2015,Feb,2472.0
Mexico,2015,Mar,2844.0
Mexico,2015,Apr,2531.0
Mexico,2015,May,2543.0
Mexico,2015,Jun,2737.0
Mexico,2015,Jul,2990.0
Mexico,2015,Aug,2548.0
Mexico,2015,Sep,2130.0
Mexico,2015,Oct,2403.0
Mexico,2015,Nov,2795.0
Mexico,2015,Dec,3534.0
Mexico,2016,Jan,2841.0
Mexico,2016,Feb,2731.0
Mexico,2016,Mar,3207.0
Mexico,2016,Apr,2684.0
Mexico,2016,May,2703.0
Mexico,2016,Jun,2972.0
Mexico,2016,Jul,3331.0
Mexico,2016,Aug,2706.0
Mexico,2016,Sep,2324.0
Mexico,2016,Oct,2789.0
Mexico,2016,Nov,2921.0
Mexico,2016,Dec,3870.0
Mexico,2017,Jan,2992.0
Mexico,2017,Feb,2936.0
Mexico,2017,Mar,3498.0
Mexico,2017,Apr,3236.0
Mexico,2017,May,3085.0
Mexico,2017,Jun,3475.0
Mexico,2017,Jul,3711.0
Mexico,2017,Aug,3022.0
Mexico,2017,Sep,2675.0
Mexico,2017,Oct,3010.0
Mexico,2017,Nov,3428.0
Mexico,2017,Dec,4224.0
Mexico,2018,Jan,3339.0
Mexico,2018,Feb,3228.0
Mexico,2018,Mar,3996.0
Mexico,2018,Apr,3295.0
Mexico,2018,May,3286.0
Mexico,2018,Jun,3482.0
Mexico,2018,Jul,3648.0
Mexico,2018,Aug,3420.0
Mexico,2018,Sep,2824.0
Mexico,2018,Oct,3090.0
Mexico,2018,Nov,3464.0
Mexico,2018,Dec,4241.0
Mexico,2019,Jan,3483.0
Mexico,2019,Feb,3377.0
Mexico,2019,Mar,4215.0
Mexico,2019,Apr,3622.0
Mexico,2019,May,3464.0
Mexico,2019,Jun,3902.0
Mexico,2019,Jul,4162.0
Mexico,2019,Aug,3572.0
Mexico,2019,Sep,3041.0
Mexico,2019,Oct,3628.0
Mexico,2019,Nov,3845.0
Mexico,2019,Dec,4714.0
Mexico,2020,Jan,3784.0
Mexico,2020,Feb,3759.0
Mexico,2020,Mar,2757.0
Mexico,2020,Apr,775.4
Mexico,2020,May,890.2
Mexico,2020,Jun,1004.0
Mexico,2020,Jul,1389.0
Mexico,2020,Aug,1348.0
Mexico,2020,Sep,1821.0
Mexico,2020,Oct,2037.0
Mexico,2020,Nov,2091.0
Mexico,2020,Dec,2628.0
Mexico,2021,Jan,1919.0
Mexico,2021,Feb,1586.0
Mexico,2021,Mar,2284.0
Mexico,2021,Apr,2326.0
Mexico,2021,May,2659.0
Mexico,2021,Jun,3120.0
Mexico,2021,Jul,3376.0
Mexico,2021,Aug,2773.0
Mexico,2021,Sep,2457.0
Mexico,2021,Oct,2787.0
Mexico,2021,Nov,2894.0
Mexico,2021,Dec,3679.0
Mexico,2022,Jan,2641.0
Mexico,2022,Feb,2620.0
Mexico,2022,Mar,3310.0
Mexico,2022,Apr,3068.0
Mexico,2022,May,2986.0
Mexico,2022,Jun,3363.0
Mexico,2022,Jul,3684.0
Mexico,2022,Aug,3093.0
Mexico,2022,Sep,2773.0
Mexico,2022,Oct,3174.0
Mexico,2022,Nov,3354.0
Mexico,2022,Dec,4258.0
Mexico,2023,Jan,3485.0
Mexico,2023,Feb,3226.0
Mexico,2023,Mar,3704.0
Mexico,2023,Apr,3312.0
Mexico,2023,May,3225.0
Mexico,2023,Jun,3592.0
Mexico,2023,Jul,3972.0
Mexico,2023,Aug,3231.0
Mexico,2023,Sep,2916.0
Mexico,2023,Oct,3213.0
Mexico,2023,Nov,3483.0
Mexico,2023,Dec,4590.0
Mexico,2024,Jan,3638.0
Mexico,2024,Feb,3455.0
Mexico,2024,Mar,4129.0
Mexico,2024,Apr,3497.0
Mexico,2024,May,3409.0
Mexico,2024,Jun,3698.0
Mexico,2024,Jul,4000.0
Mexico,2024,Aug,3446.0
Mexico,2024,Sep,3311.0
Mexico,2024,Oct,3724.0
Mexico,2024,Nov,3943.0
Mexico,2024,Dec,4789.0
Mexico,2025,Jan,3948.0
Mexico,2025,Feb,3724.0
Mexico,2025,Mar,4188.0
Mexico,2025,Apr,3747.0
Mexico,2025,May,3751.0
Mexico,2025,Jun,4069.0
Mexico,2025,Jul,4245.0
Mexico,2025,Aug,3786.0
Mexico,2025,Sep,3204.0
Micronesia FSM,2015,Feb,2.6
Micronesia FSM,2015,Mar,2.4
Micronesia FSM,2015,Apr,2.9
Micronesia FSM,2015,May,2.3
Micronesia FSM,2015,Jun,2.4
Micronesia FSM,2015,Jul,3.6
Micronesia FSM,2015,Aug,2.4
Micronesia FSM,2015,Sep,2.4
Micronesia FSM,2015,Oct,2.0
Micronesia FSM,2015,Nov,2.5
Micronesia FSM,2015,Dec,2.5
Micronesia FSM,2016,Jan,2.1
Micronesia FSM,2016,Feb,1.5
Micronesia FSM,2016,Mar,2.3
Micronesia FSM,2016,Apr,2.3
Micronesia FSM,2016,May,3.4
Micronesia FSM,2016,Jun,3.6
Micronesia FSM,2016,Jul,2.4
Micronesia FSM,2016,Aug,2.3
Micronesia FSM,2016,Sep,2.5
Micronesia FSM,2016,Oct,2.4
Micronesia FSM,2016,Nov,2.3
Micronesia FSM,2016,Dec,2.5
Monaco,2023,Jan,22.4
Monaco,2023,Feb,17.2
Monaco,2023,Mar,23.3
Monaco,2023,Apr,32.1
Monaco,2023,May,26.7
Monaco,2023,Jun,35.9
Monaco,2023,Jul,38.7
Monaco,2023,Aug,36.2
Monaco,2023,Sep,33.5
Monaco,2023,Oct,29.6
Monaco,2023,Nov,21.5
Monaco,2023,Dec,24.2
Monaco,2024,Jan,18.5
Monaco,2024,Feb,19.6
Monaco,2024,Mar,27.2
Monaco,2024,Apr,28.5
Monaco,2024,May,31.5
Monaco,2024,Jun,35.8
Monaco,2024,Jul,38.5
Monaco,2024,Aug,39.6
Monaco,2024,Sep,33.1
Monaco,2024,Oct,28.8
Monaco,2024,Nov,21.4
Monaco,2024,Dec,25.8
Mongolia,2023,Jan,19.5
Mongolia,2023,Feb,23.5
Mongolia,2023,Mar,35.1
Mongolia,2023,Apr,33.9
Mongolia,2023,May,43.4
Mongolia,2023,Jun,71.5
Mongolia,2023,Jul,97.1
Mongolia,2023,Aug,97.9
Mongolia,2023,Sep,64.4
Mongolia,2023,Oct,45.3
Mongolia,2023,Nov,33.6
Mongolia,2023,Dec,28.9
Mongolia,2024,Jan,30.4
Mongolia,2024,Feb,23.3
Mongolia,2024,Mar,32.5
Mongolia,2024,Apr,34.3
Mongolia,2024,May,57.8
Mongolia,2024,Jun,67.5
Mongolia,2024,Jul,130.5
Mongolia,2024,Aug,131.8
Mongolia,2024,Sep,85.4
Mongolia,2024,Oct,57.2
Mongolia,2024,Nov,40.6
Mongolia,2024,Dec,36.1
Mongolia,2025,Jan,30.1
Mongolia,2025,Feb,33.3
Mongolia,2025,Mar,39.5
Mongolia,2025,Apr,50.9
Mongolia,2025,May,66.4
Mongolia,2025,Jun,108.3
Montenegro,2015,Feb,30.1
Montenegro,2015,Mar,35.3
Montenegro,2015,Apr,71.4
Montenegro,2015,May,150.6
Montenegro,2015,Jun,252.0
Montenegro,2015,Jul,535.8
Montenegro,2015,Aug,645.8
Montenegro,2015,Sep,302.1
Montenegro,2015,Oct,79.1
Montenegro,2015,Nov,34.1
Montenegro,2015,Dec,34.3
Montenegro,2016,Jan,25.9
Montenegro,2016,Feb,32.1
Montenegro,2016,Mar,40.3
Montenegro,2016,Apr,80.9
Montenegro,2016,May,164.6
Montenegro,2016,Jun,268.1
Montenegro,2016,Jul,559.4
Montenegro,2016,Aug,689.6
Montenegro,2016,Sep,331.9
Montenegro,2016,Oct,102.7
Montenegro,2016,Nov,38.8
Montenegro,2016,Dec,35.6
Montenegro,2017,Jan,12.6
Montenegro,2017,Feb,15.4
Montenegro,2017,Mar,21.4
Montenegro,2017,Apr,54.2
Montenegro,2017,May,80.1
Montenegro,2017,Jun,117.4
Montenegro,2017,Jul,153.9
Montenegro,2017,Aug,166.4
Montenegro,2017,Sep,116.4
Montenegro,2017,Oct,57.4
Montenegro,2017,Nov,25.0
Montenegro,2017,Dec,23.4
Montenegro,2018,Jan,18.2
Montenegro,2018,Feb,19.9
Montenegro,2018,Mar,27.9
Montenegro,2018,Apr,60.5
Montenegro,2018,May,97.2
Montenegro,2018,Jun,130.7
Montenegro,2018,Jul,164.7
Montenegro,2018,Aug,181.6
Montenegro,2018,Sep,134.2
Montenegro,2018,Oct,67.9
Montenegro,2018,Nov,32.2
Montenegro,2018,Dec,24.3
Montenegro,2019,Jan,20.5
Montenegro,2019,Feb,33.1
Montenegro,2019,Mar,49.1
Montenegro,2019,Apr,86.3
Montenegro,2019,May,111.6
Montenegro,2019,Jun,145.9
Montenegro,2019,Jul,176.3
Montenegro,2019,Aug,204.5
Montenegro,2019,Sep,153.1
Montenegro,2019,Oct,106.4
Montenegro,2019,Nov,48.2
Montenegro,2019,Dec,32.9
Montenegro,2020,Jan,21.4
Montenegro,2020,Feb,37.2
Montenegro,2020,Mar,16.1
Montenegro,2020,Apr,0.1
Montenegro,2020,May,0.2
Montenegro,2020,Jun,7.0
Montenegro,2020,Jul,11.8
Montenegro,2020,Aug,39.5
Montenegro,2020,Sep,28.8
Montenegro,2020,Oct,8.2
Montenegro,2020,Nov,5.0
Montenegro,2020,Dec,4.9
Montenegro,2021,Jan,10.4
Montenegro,2021,Feb,10.1
Montenegro,2021,Mar,7.3
Montenegro,2021,Apr,14.2
Montenegro,2021,May,39.0
Montenegro,2021,Jun,60.2
Montenegro,2021,Jul,154.3
Montenegro,2021,Aug,172.4
Montenegro,2021,Sep,86.0
Montenegro,2021,Oct,37.0
Montenegro,2021,Nov,22.1
Montenegro,2021,Dec,17.0
Montenegro,2022,Jan,12.2
Montenegro,2022,Feb,18.1
Montenegro,2022,Mar,31.8
Montenegro,2022,Apr,63.3
Montenegro,2022,May,97.1
Montenegro,2022,Jun,128.4
Montenegro,2022,Jul,187.1
Montenegro,2022,Aug,207.7
Montenegro,2022,Sep,126.6
Montenegro,2022,Oct,81.9
Montenegro,2022,Nov,40.2
Montenegro,2022,Dec,31.2
Montenegro,2023,Jan,23.9
Montenegro,2023,Feb,30.2
Montenegro,2023,Mar,57.3
Montenegro,2023,Apr,100.0
Montenegro,2023,May,133.1
Montenegro,2023,Jun,158.5
Montenegro,2023,Jul,207.1
Montenegro,2023,Aug,221.4
Montenegro,2023,Sep,161.4
Montenegro,2023,Oct,109.2
Montenegro,2023,Nov,46.1
Montenegro,2023,Dec,29.9
Montenegro,2024,Jan,22.2
Montenegro,2024,Feb,30.8
Montenegro,2024,Mar,46.3
Montenegro,2024,Apr,101.7
Montenegro,2024,May,140.5
Montenegro,2024,Jun,171.0
Montenegro,2024,Jul,207.7
Montenegro,2024,Aug,220.4
Montenegro,2024,Sep,162.5
Montenegro,2024,Oct,115.8
Montenegro,2024,Nov,48.0
Montenegro,2024,Dec,31.2
Montenegro,2025,Jan,27.3
Montenegro,2025,Feb,32.3
Montenegro,2025,Mar,45.4
Montenegro,2025,Apr,104.5
Montenegro,2025,May,147.8
Montenegro,2025,Jun,175.6
Montenegro,2025,Jul,214.0
Montenegro,2025,Aug,224.2
Montenegro,2025,Sep,174.6
Montserrat,2015,Feb,0.5
Montserrat,2015,Mar,1.1
Montserrat,2015,Apr,0.6
Montserrat,2015,May,0.6
Montserrat,2015,Jun,0.6
Montserrat,2015,Jul,0.8
Montserrat,2015,Aug,0.7
Montserrat,2015,Sep,0.4
Montserrat,2015,Oct,0.6
Montserrat,2015,Nov,0.6
Montserrat,2015,Dec,1.9
Montserrat,2016,Jan,0.5
Montserrat,2016,Feb,0.6
Montserrat,2016,Mar,1.8
Montserrat,2016,Apr,0.5
Montserrat,2016,May,0.4
Montserrat,2016,Jun,0.5
Montserrat,2016,Jul,0.9
Montserrat,2016,Aug,0.6
Montserrat,2016,Sep,0.4
Montserrat,2016,Oct,0.5
Montserrat,2016,Nov,0.6
Montserrat,2016,Dec,1.5
Montserrat,2017,Jan,0.7
Montserrat,2017,Feb,0.7
Montserrat,2017,Mar,2.4
Montserrat,2017,Apr,0.5
Montserrat,2017,May,0.5
Montserrat,2017,Jun,0.7
Montserrat,2017,Jul,0.8
Montserrat,2017,Aug,0.6
Montserrat,2017,Sep,0.2
Montserrat,2017,Oct,0.5
Montserrat,2017,Nov,0.6
Montserrat,2017,Dec,1.4
Montserrat,2018,Jan,1.1
Montserrat,2018,Feb,1.2
Montserrat,2018,Mar,4.2
Montserrat,2018,Apr,1.1
Montserrat,2018,May,1.1
Montserrat,2018,Jun,1.3
Montserrat,2018,Jul,1.7
Montserrat,2018,Aug,1.1
Montserrat,2018,Sep,1.0
Montserrat,2018,Oct,1.1
Montserrat,2018,Nov,1.2
Montserrat,2018,Dec,2.9
Montserrat,2019,Jan,0.6
Montserrat,2019,Feb,0.7
Montserrat,2019,Mar,3.0
Montserrat,2019,Apr,0.5
Montserrat,2019,May,0.5
Montserrat,2019,Jun,0.7
Montserrat,2019,Jul,0.6
Montserrat,2019,Aug,0.7
Montserrat,2019,Sep,0.5
Montserrat,2019,Oct,0.6
Montserrat,2019,Nov,0.7
Montserrat,2019,Dec,1.3
Montserrat,2020,Jan,0.8
Montserrat,2020,Feb,0.8
Montserrat,2020,Mar,2.6
Montserrat,2020,Apr,0.0
Montserrat,2020,May,0.0
Montserrat,2020,Jun,0.0
Montserrat,2020,Jul,0.0
Montserrat,2020,Aug,0.1
Montserrat,2020,Sep,0.1
Montserrat,2020,Oct,0.1
Montserrat,2020,Nov,0.1
Montserrat,2020,Dec,0.1
Montserrat,2021,Jan,0.1
Montserrat,2021,Feb,0.0
Montserrat,2021,Mar,0.1
Montserrat,2021,Apr,0.1
Montserrat,2021,May,0.1
Montserrat,2021,Jun,0.1
Montserrat,2021,Jul,0.2
Montserrat,2021,Aug,0.1
Montserrat,2021,Sep,0.1
Montserrat,2021,Oct,0.1
Montserrat,2021,Nov,0.2
Montserrat,2021,Dec,0.4
Montserrat,2022,Jan,0.1
Montserrat,2022,Feb,0.2
Montserrat,2022,Mar,0.3
Montserrat,2022,Apr,0.2
Montserrat,2022,May,0.3
Montserrat,2022,Jun,0.4
Montserrat,2022,Jul,0.4
Montserrat,2022,Aug,0.5
Montserrat,2022,Sep,0.3
Montserrat,2022,Oct,0.4
Montserrat,2022,Nov,0.4
Montserrat,2022,Dec,1.0
Montserrat,2023,Jan,0.5
Montserrat,2023,Feb,0.6
Montserrat,2023,Mar,1.5
Montserrat,2023,Apr,0.6
Montserrat,2023,May,0.4
Montserrat,2023,Jun,0.4
Montserrat,2023,Jul,0.7
Montserrat,2023,Aug,0.5
Montserrat,2023,Sep,0.4
Montserrat,2023,Oct,0.4
Montserrat,2023,Nov,0.7
Montserrat,2023,Dec,1.2
Montserrat,2024,Jan,0.6
Montserrat,2024,Feb,0.7
Montserrat,2024,Mar,2.4
Montserrat,2024,Apr,0.5
Montserrat,2024,May,0.5
Montserrat,2024,Jun,0.4
Montserrat,2024,Jul,0.6
Montserrat,2024,Aug,0.6
Montserrat,2024,Sep,0.3
Montserrat,2024,Oct,0.5
Montserrat,2024,Nov,0.6
Montserrat,2024,Dec,1.1
Montserrat,2025,Jan,0.6
Montserrat,2025,Feb,0.6
Montserrat,2025,Mar,3.7
Montserrat,2025,Apr,0.5
Montserrat,2025,May,0.5
Montserrat,2025,Jun,0.5
Morocco,2015,Feb,614.3
Morocco,2015,Mar,727.0
Morocco,2015,Apr,821.2
Morocco,2015,May,763.7
Morocco,2015,Jun,781.2
Morocco,2015,Jul,1714.0
Morocco,2015,Aug,1257.0
Morocco,2015,Sep,828.6
Morocco,2015,Oct,736.1
Morocco,2015,Nov,589.5
Morocco,2015,Dec,740.2
Morocco,2016,Jan,590.8
Morocco,2016,Feb,609.4
Morocco,2016,Mar,735.5
Morocco,2016,Apr,809.8
Morocco,2016,May,736.4
Morocco,2016,Jun,718.4
Morocco,2016,Jul,1834.0
Morocco,2016,Aug,1285.0
Morocco,2016,Sep,811.7
Morocco,2016,Oct,749.4
Morocco,2016,Nov,627.9
Morocco,2016,Dec,823.2
Morocco,2017,Jan,651.7
Morocco,2017,Feb,674.3
Morocco,2017,Mar,762.6
Morocco,2017,Apr,929.0
Morocco,2017,May,765.3
Morocco,2017,Jun,803.8
Morocco,2017,Jul,1934.0
Morocco,2017,Aug,1558.0
Morocco,2017,Sep,777.2
Morocco,2017,Oct,860.9
Morocco,2017,Nov,730.0
Morocco,2017,Dec,902.6
Morocco,2018,Jan,734.3
Morocco,2018,Feb,746.9
Morocco,2018,Mar,926.4
Morocco,2018,Apr,967.0
Morocco,2018,May,741.7
Morocco,2018,Jun,950.5
Morocco,2018,Jul,1904.0
Morocco,2018,Aug,1742.0
Morocco,2018,Sep,839.7
Morocco,2018,Oct,950.1
Morocco,2018,Nov,833.5
Morocco,2018,Dec,952.7
Morocco,2019,Jan,791.9
Morocco,2019,Feb,803.0
Morocco,2019,Mar,911.2
Morocco,2019,Apr,1078.0
Morocco,2019,May,724.1
Morocco,2019,Jun,1092.0
Morocco,2019,Jul,2145.0
Morocco,2019,Aug,1722.0
Morocco,2019,Sep,883.8
Morocco,2019,Oct,972.2
Morocco,2019,Nov,815.3
Morocco,2019,Dec,994.2
Morocco,2020,Jan,786.5
Morocco,2020,Feb,905.8
Morocco,2020,Mar,273.0
Morocco,2020,Apr,0.9
Morocco,2020,May,0.8
Morocco,2020,Jun,6.6
Morocco,2020,Jul,80.2
Morocco,2020,Aug,78.2
Morocco,2020,Sep,83.2
Morocco,2020,Oct,161.5
Morocco,2020,Nov,142.0
Morocco,2020,Dec,259.1
Morocco,2021,Jan,191.9
Morocco,2021,Feb,121.7
Morocco,2021,Mar,116.4
Morocco,2021,Apr,30.2
Morocco,2021,May,41.0
Morocco,2021,Jun,341.0
Morocco,2021,Jul,977.3
Morocco,2021,Aug,657.5
Morocco,2021,Sep,338.0
Morocco,2021,Oct,510.0
Morocco,2021,Nov,383.4
Morocco,2021,Dec,13.3
Morocco,2022,Jan,10.9
Morocco,2022,Feb,321.3
Morocco,2022,Mar,533.8
Morocco,2022,Apr,586.6
Morocco,2022,May,801.2
Morocco,2022,Jun,1144.0
Morocco,2022,Jul,2091.0
Morocco,2022,Aug,1315.0
Morocco,2022,Sep,896.8
Morocco,2022,Oct,1119.0
Morocco,2022,Nov,897.4
Morocco,2022,Dec,1153.0
Morocco,2023,Jan,899.3
Morocco,2023,Feb,973.4
Morocco,2023,Mar,1050.0
Morocco,2023,Apr,1117.0
Morocco,2023,May,1126.0
Morocco,2023,Jun,1367.0
Morocco,2023,Jul,2131.0
Morocco,2023,Aug,1494.0
Morocco,2023,Sep,963.8
Morocco,2023,Oct,1151.0
Morocco,2023,Nov,977.0
Morocco,2023,Dec,1275.0
Morocco,2024,Jan,992.5
Morocco,2024,Feb,1148.0
Morocco,2024,Mar,1158.0
Morocco,2024,Apr,1309.0
Morocco,2024,May,1331.0
Morocco,2024,Jun,1504.0
Morocco,2024,Jul,2555.0
Morocco,2024,Aug,1817.0
Morocco,2024,Sep,1281.0
Morocco,2024,Oct,1499.0
Morocco,2024,Nov,1280.0
Morocco,2024,Dec,1538.0
Morocco,2025,Jan,1265.0
Morocco,2025,Feb,1396.0
Morocco,2025,Mar,1352.0
Morocco,2025,Apr,1665.0
Morocco,2025,May,1541.0
Morocco,2025,Jun,1665.0
Morocco,2025,Jul,2697.0
Morocco,2025,Aug,1958.0
Morocco,2025,Sep,1400.0
Myanmar,2015,Jan,95.5
Myanmar,2015,Feb,87.0
Myanmar,2015,Mar,85.9
Myanmar,2015,Apr,77.1
Myanmar,2015,May,79.3
Myanmar,2015,Jun,75.3
Myanmar,2015,Jul,76.9
Myanmar,2015,Aug,76.9
Myanmar,2015,Sep,73.5
Myanmar,2016,Jan,95.5
Myanmar,2016,Feb,87.0
Myanmar,2016,Mar,85.9
Myanmar,2016,Apr,77.1
Myanmar,2016,May,79.3
Myanmar,2016,Jun,75.3
Myanmar,2016,Jul,76.9
Myanmar,2016,Aug,76.9
Myanmar,2016,Sep,73.5
Myanmar,2017,Jan,95.5
Myanmar,2017,Feb,87.0
Myanmar,2017,Mar,85.9
Myanmar,2017,Apr,77.1
Myanmar,2017,May,79.3
Myanmar,2017,Jun,75.3
Myanmar,2017,Jul,76.9
Myanmar,2017,Aug,76.9
Myanmar,2017,Sep,73.5
Myanmar,2018,Jan,95.5
Myanmar,2018,Feb,87.0
Myanmar,2018,Mar,85.9
Myanmar,2018,Apr,77.1
Myanmar,2018,May,79.3
Myanmar,2018,Jun,75.3
Myanmar,2018,Jul,76.9
Myanmar,2018,Aug,76.9
Myanmar,2018,Sep,73.5
Myanmar,2019,Jan,95.5
Myanmar,2019,Feb,87.0
Myanmar,2019,Mar,85.9
Myanmar,2019,Apr,77.1
Myanmar,2019,May,79.3
Myanmar,2019,Jun,75.3
Myanmar,2019,Jul,76.9
Myanmar,2019,Aug,76.9
Myanmar,2019,Sep,73.5
Myanmar,2020,Jan,95.5
Myanmar,2020,Feb,87.0
Myanmar,2020,Mar,85.9
Myanmar,2020,Apr,77.1
Myanmar,2020,May,79.3
Myanmar,2020,Jun,75.3
Myanmar,2020,Jul,76.9
Myanmar,2020,Aug,76.9
Myanmar,2020,Sep,73.5
Myanmar,2021,Jan,25.6
Myanmar,2021,Feb,23.7
Myanmar,2021,Mar,27.9
Myanmar,2021,Apr,21.7
Myanmar,2021,May,24.1
Myanmar,2021,Jun,23.0
Myanmar,2021,Jul,21.9
Myanmar,2021,Aug,15.6
Myanmar,2021,Sep,17.7
Myanmar,2021,Oct,20.5
Myanmar,2021,Nov,19.6
Myanmar,2021,Dec,18.0
Myanmar,2022,Jan,22.7
Myanmar,2022,Feb,25.9
Myanmar,2022,Mar,22.7
Myanmar,2022,Apr,20.6
Myanmar,2022,May,28.2
Myanmar,2022,Jun,35.8
Myanmar,2022,Jul,52.8
Myanmar,2022,Aug,49.9
Myanmar,2022,Sep,47.8
Myanmar,2022,Oct,53.2
Myanmar,2022,Nov,52.5
Myanmar,2022,Dec,39.5
Myanmar,2023,Jan,71.4
Myanmar,2023,Feb,100.4
Myanmar,2023,Mar,167.2
Myanmar,2023,Apr,160.7
Myanmar,2023,May,69.4
Myanmar,2023,Jun,136.1
Myanmar,2023,Jul,154.4
Myanmar,2023,Aug,141.5
Myanmar,2023,Sep,132.6
Myanmar,2023,Oct,141.6
Myanmar,2023,Nov,129.7
Myanmar,2023,Dec,129.6
Myanmar,2024,Jan,139.9
Myanmar,2024,Feb,120.7
Myanmar,2024,Mar,89.5
Myanmar,2024,Apr,85.4
Myanmar,2024,May,84.0
Myanmar,2024,Jun,82.2
Myanmar,2024,Jul,89.5
Myanmar,2024,Aug,73.6
Myanmar,2024,Sep,62.6
Myanmar,2024,Oct,71.7
Myanmar,2024,Nov,78.2
Myanmar,2024,Dec,85.9
Myanmar,2025,Jan,95.5
Myanmar,2025,Feb,87.0
Myanmar,2025,Mar,85.9
Myanmar,2025,Apr,77.1
Myanmar,2025,May,79.3
Myanmar,2025,Jun,75.3
Myanmar,2025,Jul,76.9
Myanmar,2025,Aug,76.9
Myanmar,2025,Sep,73.5
N.Mariana Islands,2015,Feb,42.9
N.Mariana Islands,2015,Mar,42.5
N.Mariana Islands,2015,Apr,40.5
N.Mariana Islands,2015,May,40.0
N.Mariana Islands,2015,Jun,38.3
N.Mariana Islands,2015,Jul,40.9
N.Mariana Islands,2015,Aug,30.0
N.Mariana Islands,2015,Sep,39.2
N.Mariana Islands,2015,Oct,39.5
N.Mariana Islands,2015,Nov,37.9
N.Mariana Islands,2015,Dec,41.1
N.Mariana Islands,2016,Jan,46.0
N.Mariana Islands,2016,Feb,47.3
N.Mariana Islands,2016,Mar,37.3
N.Mariana Islands,2016,Apr,35.4
N.Mariana Islands,2016,May,35.5
N.Mariana Islands,2016,Jun,41.5
N.Mariana Islands,2016,Jul,47.7
N.Mariana Islands,2016,Aug,49.0
N.Mariana Islands,2016,Sep,43.3
N.Mariana Islands,2016,Oct,41.9
N.Mariana Islands,2016,Nov,47.3
N.Mariana Islands,2016,Dec,58.6
N.Mariana Islands,2017,Jan,63.3
N.Mariana Islands,2017,Feb,57.3
N.Mariana Islands,2017,Mar,54.8
N.Mariana Islands,2017,Apr,52.4
N.Mariana Islands,2017,May,51.0
N.Mariana Islands,2017,Jun,55.1
N.Mariana Islands,2017,Jul,59.5
N.Mariana Islands,2017,Aug,61.0
N.Mariana Islands,2017,Sep,50.8
N.Mariana Islands,2017,Oct,49.0
N.Mariana Islands,2017,Nov,48.0
N.Mariana Islands,2017,Dec,57.3
N.Mariana Islands,2018,Jan,55.2
N.Mariana Islands,2018,Feb,53.0
N.Mariana Islands,2018,Mar,53.7
N.Mariana Islands,2018,Apr,49.2
N.Mariana Islands,2018,May,46.1
N.Mariana Islands,2018,Jun,47.3
N.Mariana Islands,2018,Jul,48.2
N.Mariana Islands,2018,Aug,56.6
N.Mariana Islands,2018,Sep,43.9
N.Mariana Islands,2018,Oct,32.1
N.Mariana Islands,2018,Nov,5.6
N.Mariana Islands,2018,Dec,26.8
N.Mariana Islands,2019,Jan,36.9
N.Mariana Islands,2019,Feb,38.0
N.Mariana Islands,2019,Mar,35.3
N.Mariana Islands,2019,Apr,39.7
N.Mariana Islands,2019,May,38.3
N.Mariana Islands,2019,Jun,42.1
N.Mariana Islands,2019,Jul,45.6
N.Mariana Islands,2019,Aug,47.5
N.Mariana Islands,2019,Sep,37.0
N.Mariana Islands,2019,Oct,34.7
N.Mariana Islands,2019,Nov,39.7
N.Mariana Islands,2019,Dec,52.3
N.Mariana Islands,2020,Jan,55.7
N.Mariana Islands,2020,Feb,26.7
N.Mariana Islands,2020,Mar,5.2
N.Mariana Islands,2020,Apr,0.0
N.Mariana Islands,2020,May,0.1
N.Mariana Islands,2020,Jun,0.2
N.Mariana Islands,2020,Jul,0.2
N.Mariana Islands,2020,Aug,0.1
N.Mariana Islands,2020,Sep,0.1
N.Mariana Islands,2020,Oct,0.1
N.Mariana Islands,2020,Nov,0.2
N.Mariana Islands,2020,Dec,0.2
N.Mariana Islands,2021,Jan,0.2
N.Mariana Islands,2021,Feb,0.2
N.Mariana Islands,2021,Mar,0.2
N.Mariana Islands,2021,Apr,0.3
N.Mariana Islands,2021,May,0.5
N.Mariana Islands,2021,Jun,0.6
N.Mariana Islands,2021,Jul,1.2
N.Mariana Islands,2021,Aug,0.6
N.Mariana Islands,2021,Sep,1.1
N.Mariana Islands,2021,Oct,3.0
N.Mariana Islands,2021,Nov,2.5
N.Mariana Islands,2021,Dec,2.4
N.Mariana Islands,2022,Jan,2.1
N.Mariana Islands,2022,Feb,4.2
N.Mariana Islands,2022,Mar,4.2
N.Mariana Islands,2022,Apr,5.6
N.Mariana Islands,2022,May,6.9
N.Mariana Islands,2022,Jun,10.5
N.Mariana Islands,2022,Jul,10.4
N.Mariana Islands,2022,Aug,9.7
N.Mariana Islands,2022,Sep,8.3
N.Mariana Islands,2022,Oct,10.9
N.Mariana Islands,2022,Nov,10.9
N.Mariana Islands,2022,Dec,12.9
N.Mariana Islands,2023,Jan,12.4
N.Mariana Islands,2023,Feb,14.9
N.Mariana Islands,2023,Mar,12.0
N.Mariana Islands,2023,Apr,13.4
N.Mariana Islands,2023,May,17.1
N.Mariana Islands,2023,Jun,21.3
N.Mariana Islands,2023,Jul,25.1
N.Mariana Islands,2023,Aug,24.1
N.Mariana Islands,2023,Sep,19.6
N.Mariana Islands,2023,Oct,19.7
N.Mariana Islands,2023,Nov,15.8
N.Mariana Islands,2023,Dec,20.1
N.Mariana Islands,2024,Jan,23.8
N.Mariana Islands,2024,Feb,23.2
N.Mariana Islands,2024,Mar,19.2
N.Mariana Islands,2024,Apr,19.6
N.Mariana Islands,2024,May,18.7
N.Mariana Islands,2024,Jun,19.7
N.Mariana Islands,2024,Jul,21.5
N.Mariana Islands,2024,Aug,21.6
N.Mariana Islands,2024,Sep,14.6
N.Mariana Islands,2024,Oct,15.2
N.Mariana Islands,2024,Nov,12.3
N.Mariana Islands,2024,Dec,19.6
N.Mariana Islands,2025,Jan,17.7
N.Mariana Islands,2025,Feb,15.8
N.Mariana Islands,2025,Mar,14.0
N.Mariana Islands,2025,Apr,11.9
N.Mariana Islands,2025,May,12.0
N.Mariana Islands,2025,Jun,7.9
N.Mariana Islands,2025,Jul,14.4
N.Mariana Islands,2025,Aug,12.7
N.Mariana Islands,2025,Sep,7.3
Namibia,2021,Jan,9.3
Namibia,2021,Feb,9.8
Namibia,2021,Mar,10.5
Namibia,2021,Apr,13.0
Namibia,2021,May,17.4
Namibia,2021,Jun,16.7
Namibia,2021,Jul,17.1
Namibia,2021,Aug,20.2
Namibia,2021,Sep,21.5
Namibia,2021,Oct,29.1
Namibia,2021,Nov,27.3
Namibia,2021,Dec,40.8
Namibia,2022,Jan,8.1
Namibia,2022,Feb,4.1
Namibia,2022,Mar,14.2
Namibia,2022,Apr,23.6
Namibia,2022,May,21.3
Namibia,2022,Jun,50.3
Namibia,2022,Jul,25.1
Namibia,2022,Aug,69.7
Namibia,2022,Sep,69.9
Namibia,2022,Oct,62.7
Namibia,2022,Nov,46.1
Namibia,2022,Dec,65.9
Namibia,2023,Jan,68.4
Namibia,2023,Feb,65.8
Namibia,2023,Mar,68.8
Namibia,2023,Apr,68.1
Namibia,2023,May,58.6
Namibia,2023,Jun,65.8
Namibia,2023,Jul,67.9
Namibia,2023,Aug,83.1
Namibia,2023,Sep,78.1
Namibia,2023,Oct,65.9
Namibia,2023,Nov,78.2
Namibia,2023,Dec,95.3
Nepal,2015,Feb,58.5
Nepal,2015,Mar,79.2
Nepal,2015,Apr,65.7
Nepal,2015,May,17.6
Nepal,2015,Jun,18.4
Nepal,2015,Jul,23.0
Nepal,2015,Aug,38.6
Nepal,2015,Sep,39.1
Nepal,2015,Oct,56.6
Nepal,2015,Nov,58.3
Nepal,2015,Dec,45.5
Nepal,2016,Jan,42.2
Nepal,2016,Feb,60.8
Nepal,2016,Mar,76.4
Nepal,2016,Apr,60.2
Nepal,2016,May,46.7
Nepal,2016,Jun,38.9
Nepal,2016,Jul,48.1
Nepal,2016,Aug,66.3
Nepal,2016,Sep,74.7
Nepal,2016,Oct,89.3
Nepal,2016,Nov,73.0
Nepal,2016,Dec,76.4
Nepal,2017,Jan,62.6
Nepal,2017,Feb,84.1
Nepal,2017,Mar,106.3
Nepal,2017,Apr,88.6
Nepal,2017,May,62.8
Nepal,2017,Jun,56.0
Nepal,2017,Jul,42.2
Nepal,2017,Aug,73.8
Nepal,2017,Sep,68.6
Nepal,2017,Oct,112.5
Nepal,2017,Nov,99.8
Nepal,2017,Dec,83.0
Nepal,2018,Jan,73.2
Nepal,2018,Feb,89.5
Nepal,2018,Mar,124.7
Nepal,2018,Apr,98.7
Nepal,2018,May,68.8
Nepal,2018,Jun,65.2
Nepal,2018,Jul,73.3
Nepal,2018,Aug,87.7
Nepal,2018,Sep,91.9
Nepal,2018,Oct,130.7
Nepal,2018,Nov,147.9
Nepal,2018,Dec,121.6
Nepal,2019,Jan,81.3
Nepal,2019,Feb,102.4
Nepal,2019,Mar,127.4
Nepal,2019,Apr,109.4
Nepal,2019,May,78.3
Nepal,2019,Jun,74.9
Nepal,2019,Jul,70.9
Nepal,2019,Aug,94.7
Nepal,2019,Sep,92.6
Nepal,2019,Oct,134.1
Nepal,2019,Nov,130.3
Nepal,2019,Dec,100.9
Nepal,2020,Jan,79.7
Nepal,2020,Feb,98.2
Nepal,2020,Mar,42.8
Nepal,2020,Apr,0.0
Nepal,2020,May,0.0
Nepal,2020,Jun,0.1
Nepal,2020,Jul,0.2
Nepal,2020,Aug,0.3
Nepal,2020,Sep,0.6
Nepal,2020,Oct,2.0
Nepal,2020,Nov,2.0
Nepal,2020,Dec,4.2
Nepal,2021,Jan,8.9
Nepal,2021,Feb,9.1
Nepal,2021,Mar,15.0
Nepal,2021,Apr,22.5
Nepal,2021,May,1.5
Nepal,2021,Jun,1.1
Nepal,2021,Jul,3.0
Nepal,2021,Aug,5.9
Nepal,2021,Sep,9.9
Nepal,2021,Oct,23.3
Nepal,2021,Nov,26.1
Nepal,2021,Dec,23.6
Nepal,2022,Jan,17.0
Nepal,2022,Feb,19.8
Nepal,2022,Mar,42.0
Nepal,2022,Apr,61.6
Nepal,2022,May,53.6
Nepal,2022,Jun,47.0
Nepal,2022,Jul,44.5
Nepal,2022,Aug,41.3
Nepal,2022,Sep,58.3
Nepal,2022,Oct,88.6
Nepal,2022,Nov,72.7
Nepal,2022,Dec,67.9
Nepal,2023,Jan,55.1
Nepal,2023,Feb,73.3
Nepal,2023,Mar,99.4
Nepal,2023,Apr,98.8
Nepal,2023,May,77.7
Nepal,2023,Jun,72.3
Nepal,2023,Jul,57.7
Nepal,2023,Aug,67.2
Nepal,2023,Sep,91.0
Nepal,2023,Oct,117.3
Nepal,2023,Nov,108.6
Nepal,2023,Dec,96.6
Nepal,2024,Jan,79.1
Nepal,2024,Feb,97.4
Nepal,2024,Mar,128.2
Nepal,2024,Apr,111.4
Nepal,2024,May,90.2
Nepal,2024,Jun,76.7
Nepal,2024,Jul,64.6
Nepal,2024,Aug,72.7
Nepal,2024,Sep,96.3
Nepal,2024,Oct,124.4
Nepal,2024,Nov,114.5
Nepal,2024,Dec,92.0
Nepal,2025,Jan,80.0
Nepal,2025,Feb,96.9
Nepal,2025,Mar,121.7
Nepal,2025,Apr,116.5
Nepal,2025,May,86.2
Nepal,2025,Jun,76.4
Nepal,2025,Jul,70.2
Nepal,2025,Aug,88.7
Nepal,2025,Sep,78.7
Netherlands,2015,Feb,830.0
Netherlands,2015,Mar,996.0
Netherlands,2015,Apr,1549.0
Netherlands,2015,May,1494.0
Netherlands,2015,Jun,1387.0
Netherlands,2015,Jul,1684.0
Netherlands,2015,Aug,1750.0
Netherlands,2015,Sep,1310.0
Netherlands,2015,Oct,1354.0
Netherlands,2015,Nov,1041.0
Netherlands,2015,Dec,849.0
Netherlands,2016,Jan,865.0
Netherlands,2016,Feb,948.0
Netherlands,2016,Mar,1220.0
Netherlands,2016,Apr,1439.0
Netherlands,2016,May,1637.0
Netherlands,2016,Jun,1348.0
Netherlands,2016,Jul,1730.0
Netherlands,2016,Aug,1747.0
Netherlands,2016,Sep,1406.0
Netherlands,2016,Oct,1483.0
Netherlands,2016,Nov,1073.0
Netherlands,2016,Dec,932.0
Netherlands,2017,Jan,953.0
Netherlands,2017,Feb,988.0
Netherlands,2017,Mar,1226.0
Netherlands,2017,Apr,1910.0
Netherlands,2017,May,1678.0
Netherlands,2017,Jun,1787.0
Netherlands,2017,Jul,1966.0
Netherlands,2017,Aug,1910.0
Netherlands,2017,Sep,1543.0
Netherlands,2017,Oct,1646.0
Netherlands,2017,Nov,1236.0
Netherlands,2017,Dec,1081.0
Netherlands,2018,Jan,1052.0
Netherlands,2018,Feb,1073.0
Netherlands,2018,Mar,1401.0
Netherlands,2018,Apr,1834.0
Netherlands,2018,May,1882.0
Netherlands,2018,Jun,1717.0
Netherlands,2018,Jul,2089.0
Netherlands,2018,Aug,2052.0
Netherlands,2018,Sep,1626.0
Netherlands,2018,Oct,1689.0
Netherlands,2018,Nov,1286.0
Netherlands,2018,Dec,1080.0
Netherlands,2019,Jan,1082.0
Netherlands,2019,Feb,1133.0
Netherlands,2019,Mar,1465.0
Netherlands,2019,Apr,2175.0
Netherlands,2019,May,1721.0
Netherlands,2019,Jun,2042.0
Netherlands,2019,Jul,2190.0
Netherlands,2019,Aug,2170.0
Netherlands,2019,Sep,1700.0
Netherlands,2019,Oct,1843.0
Netherlands,2019,Nov,1422.0
Netherlands,2019,Dec,1185.0
Netherlands,2020,Jan,1134.0
Netherlands,2020,Feb,1165.0
Netherlands,2020,Mar,519.0
Netherlands,2020,Apr,63.0
Netherlands,2020,May,130.0
Netherlands,2020,Jun,575.0
Netherlands,2020,Jul,1248.0
Netherlands,2020,Aug,1152.0
Netherlands,2020,Sep,725.0
Netherlands,2020,Oct,287.0
Netherlands,2020,Nov,144.0
Netherlands,2020,Dec,123.0
Netherlands,2021,Jan,112.0
Netherlands,2021,Feb,135.0
Netherlands,2021,Mar,125.0
Netherlands,2021,Apr,141.0
Netherlands,2021,May,264.0
Netherlands,2021,Jun,432.0
Netherlands,2021,Jul,915.0
Netherlands,2021,Aug,896.0
Netherlands,2021,Sep,902.0
Netherlands,2021,Oct,1155.0
Netherlands,2021,Nov,877.0
Netherlands,2021,Dec,294.0
Netherlands,2022,Jan,241.0
Netherlands,2022,Feb,531.0
Netherlands,2022,Mar,922.0
Netherlands,2022,Apr,1777.0
Netherlands,2022,May,1557.0
Netherlands,2022,Jun,1715.0
Netherlands,2022,Jul,2093.0
Netherlands,2022,Aug,2041.0
Netherlands,2022,Sep,1558.0
Netherlands,2022,Oct,1801.0
Netherlands,2022,Nov,1298.0
Netherlands,2022,Dec,1049.0
Netherlands,2023,Jan,978.0
Netherlands,2023,Feb,1074.0
Netherlands,2023,Mar,1280.0
Netherlands,2023,Apr,2139.0
Netherlands,2023,May,2091.0
Netherlands,2023,Jun,1979.0
Netherlands,2023,Jul,2486.0
Netherlands,2023,Aug,2132.0
Netherlands,2023,Sep,1758.0
Netherlands,2023,Oct,1936.0
Netherlands,2023,Nov,1325.0
Netherlands,2023,Dec,1125.0
Netherlands,2024,Jan,1100.0
Netherlands,2024,Feb,1133.0
Netherlands,2024,Mar,1627.0
Netherlands,2024,Apr,1998.0
Netherlands,2024,May,2137.0
Netherlands,2024,Jun,1908.0
Netherlands,2024,Jul,2443.0
Netherlands,2024,Aug,2454.0
Netherlands,2024,Sep,1864.0
Netherlands,2024,Oct,1995.0
Netherlands,2024,Nov,1351.0
Netherlands,2024,Dec,1243.0
Netherlands,2025,Jan,1164.0
Netherlands,2025,Feb,1114.0
Netherlands,2025,Mar,1553.0
Netherlands,2025,Apr,2422.0
Netherlands,2025,May,1964.0
Netherlands,2025,Jun,2369.0
Netherlands,2025,Jul,2462.0
Netherlands,2025,Aug,2682.0
Netherlands,2025,Sep,1868.0
New Caledonia,2015,Feb,7.7
New Caledonia,2015,Mar,9.0
New Caledonia,2015,Apr,8.9
New Caledonia,2015,May,6.8
New Caledonia,2015,Jun,8.2
New Caledonia,2015,Jul,11.5
New Caledonia,2015,Aug,9.1
New Caledonia,2015,Sep,10.0
New Caledonia,2015,Oct,10.8
New Caledonia,2015,Nov,10.5
New Caledonia,2015,Dec,12.8
New Caledonia,2016,Jan,9.1
New Caledonia,2016,Feb,8.2
New Caledonia,2016,Mar,9.6
New Caledonia,2016,Apr,8.6
New Caledonia,2016,May,6.4
New Caledonia,2016,Jun,7.6
New Caledonia,2016,Jul,11.0
New Caledonia,2016,Aug,9.2
New Caledonia,2016,Sep,11.2
New Caledonia,2016,Oct,10.9
New Caledonia,2016,Nov,10.7
New Caledonia,2016,Dec,13.3
New Caledonia,2017,Jan,8.9
New Caledonia,2017,Feb,7.9
New Caledonia,2017,Mar,9.2
New Caledonia,2017,Apr,9.1
New Caledonia,2017,May,7.1
New Caledonia,2017,Jun,8.2
New Caledonia,2017,Jul,12.1
New Caledonia,2017,Aug,9.6
New Caledonia,2017,Sep,11.7
New Caledonia,2017,Oct,11.8
New Caledonia,2017,Nov,11.3
New Caledonia,2017,Dec,13.9
New Caledonia,2018,Jan,9.2
New Caledonia,2018,Feb,7.7
New Caledonia,2018,Mar,10.4
New Caledonia,2018,Apr,8.9
New Caledonia,2018,May,7.1
New Caledonia,2018,Jun,8.2
New Caledonia,2018,Jul,12.2
New Caledonia,2018,Aug,9.8
New Caledonia,2018,Sep,11.5
New Caledonia,2018,Oct,11.3
New Caledonia,2018,Nov,10.3
New Caledonia,2018,Dec,13.8
New Caledonia,2019,Jan,9.0
New Caledonia,2019,Feb,7.8
New Caledonia,2019,Mar,9.5
New Caledonia,2019,Apr,11.0
New Caledonia,2019,May,7.3
New Caledonia,2019,Jun,8.3
New Caledonia,2019,Jul,12.4
New Caledonia,2019,Aug,12.1
New Caledonia,2019,Sep,12.0
New Caledonia,2019,Oct,13.8
New Caledonia,2019,Nov,12.5
New Caledonia,2019,Dec,15.3
New Caledonia,2020,Jan,10.6
New Caledonia,2020,Feb,9.0
New Caledonia,2020,Mar,5.0
New Caledonia,2020,Apr,0.1
New Caledonia,2020,May,0.4
New Caledonia,2020,Jun,0.4
New Caledonia,2020,Jul,1.0
New Caledonia,2020,Aug,1.5
New Caledonia,2020,Sep,0.9
New Caledonia,2020,Oct,1.1
New Caledonia,2020,Nov,1.1
New Caledonia,2020,Dec,1.1
New Caledonia,2021,Jan,1.5
New Caledonia,2021,Feb,1.4
New Caledonia,2021,Mar,0.5
New Caledonia,2021,Apr,0.8
New Caledonia,2021,May,0.6
New Caledonia,2021,Jun,0.9
New Caledonia,2021,Jul,1.2
New Caledonia,2021,Aug,0.9
New Caledonia,2021,Sep,0.8
New Caledonia,2021,Oct,1.6
New Caledonia,2021,Nov,2.0
New Caledonia,2021,Dec,1.9
New Caledonia,2022,Jan,2.9
New Caledonia,2022,Feb,2.1
New Caledonia,2022,Mar,2.1
New Caledonia,2022,Apr,3.5
New Caledonia,2022,May,3.4
New Caledonia,2022,Jun,5.4
New Caledonia,2022,Jul,8.5
New Caledonia,2022,Aug,7.7
New Caledonia,2022,Sep,8.3
New Caledonia,2022,Oct,10.9
New Caledonia,2022,Nov,10.3
New Caledonia,2022,Dec,13.6
New Caledonia,2023,Jan,10.3
New Caledonia,2023,Feb,7.7
New Caledonia,2023,Mar,7.8
New Caledonia,2023,Apr,10.8
New Caledonia,2023,May,7.9
New Caledonia,2023,Jun,9.3
New Caledonia,2023,Jul,12.4
New Caledonia,2023,Aug,9.4
New Caledonia,2023,Sep,11.6
New Caledonia,2023,Oct,12.2
New Caledonia,2023,Nov,11.5
New Caledonia,2023,Dec,14.3
New Caledonia,2024,Jan,8.9
New Caledonia,2024,Feb,7.5
New Caledonia,2024,Mar,9.4
New Caledonia,2024,Apr,9.3
New Caledonia,2024,May,3.2
New Caledonia,2024,Jun,1.5
New Caledonia,2024,Jul,2.5
New Caledonia,2024,Aug,2.9
New Caledonia,2024,Sep,2.4
New Caledonia,2024,Oct,3.3
New Caledonia,2024,Nov,3.2
New Caledonia,2024,Dec,5.2
New Caledonia,2025,Jan,3.4
New Caledonia,2025,Feb,3.0
New Caledonia,2025,Mar,3.3
New Caledonia,2025,Apr,4.4
New Caledonia,2025,May,3.3
New Caledonia,2025,Jun,4.7
New Caledonia,2025,Jul,6.0
New Caledonia,2025,Aug,5.3
New Caledonia,2025,Sep,5.0
New Zealand,2015,Feb,343.5
New Zealand,2015,Mar,291.8
New Zealand,2015,Apr,238.0
New Zealand,2015,May,176.7
New Zealand,2015,Jun,177.0
New Zealand,2015,Jul,208.0
New Zealand,2015,Aug,202.9
New Zealand,2015,Sep,217.0
New Zealand,2015,Oct,229.4
New Zealand,2015,Nov,300.5
New Zealand,2015,Dec,444.9
New Zealand,2016,Jan,343.4
New Zealand,2016,Feb,373.4
New Zealand,2016,Mar,344.4
New Zealand,2016,Apr,256.7
New Zealand,2016,May,193.6
New Zealand,2016,Jun,196.2
New Zealand,2016,Jul,237.9
New Zealand,2016,Aug,221.2
New Zealand,2016,Sep,245.1
New Zealand,2016,Oct,260.2
New Zealand,2016,Nov,333.6
New Zealand,2016,Dec,494.2
New Zealand,2017,Jan,381.1
New Zealand,2017,Feb,380.0
New Zealand,2017,Mar,343.8
New Zealand,2017,Apr,311.9
New Zealand,2017,May,209.2
New Zealand,2017,Jun,230.1
New Zealand,2017,Jul,246.9
New Zealand,2017,Aug,234.0
New Zealand,2017,Sep,252.7
New Zealand,2017,Oct,270.5
New Zealand,2017,Nov,360.1
New Zealand,2017,Dec,513.3
New Zealand,2018,Jan,379.2
New Zealand,2018,Feb,423.5
New Zealand,2018,Mar,388.3
New Zealand,2018,Apr,283.9
New Zealand,2018,May,222.1
New Zealand,2018,Jun,212.2
New Zealand,2018,Jul,250.5
New Zealand,2018,Aug,246.7
New Zealand,2018,Sep,258.2
New Zealand,2018,Oct,283.6
New Zealand,2018,Nov,385.8
New Zealand,2018,Dec,529.3
New Zealand,2019,Jan,399.3
New Zealand,2019,Feb,417.9
New Zealand,2019,Mar,378.3
New Zealand,2019,Apr,307.4
New Zealand,2019,May,219.3
New Zealand,2019,Jun,213.5
New Zealand,2019,Jul,255.6
New Zealand,2019,Aug,251.1
New Zealand,2019,Sep,261.8
New Zealand,2019,Oct,283.8
New Zealand,2019,Nov,372.1
New Zealand,2019,Dec,528.2
New Zealand,2020,Jan,410.8
New Zealand,2020,Feb,372.7
New Zealand,2020,Mar,175.5
New Zealand,2020,Apr,1.7
New Zealand,2020,May,2.2
New Zealand,2020,Jun,3.5
New Zealand,2020,Jul,3.5
New Zealand,2020,Aug,4.8
New Zealand,2020,Sep,5.5
New Zealand,2020,Oct,5.1
New Zealand,2020,Nov,5.1
New Zealand,2020,Dec,5.9
New Zealand,2021,Jan,5.4
New Zealand,2021,Feb,5.3
New Zealand,2021,Mar,4.6
New Zealand,2021,Apr,31.9
New Zealand,2021,May,57.6
New Zealand,2021,Jun,51.6
New Zealand,2021,Jul,30.2
New Zealand,2021,Aug,2.7
New Zealand,2021,Sep,2.3
New Zealand,2021,Oct,3.7
New Zealand,2021,Nov,5.3
New Zealand,2021,Dec,6.2
New Zealand,2022,Jan,4.0
New Zealand,2022,Feb,5.2
New Zealand,2022,Mar,28.6
New Zealand,2022,Apr,54.3
New Zealand,2022,May,72.8
New Zealand,2022,Jun,94.6
New Zealand,2022,Jul,134.2
New Zealand,2022,Aug,129.8
New Zealand,2022,Sep,151.3
New Zealand,2022,Oct,161.6
New Zealand,2022,Nov,232.7
New Zealand,2022,Dec,364.7
New Zealand,2023,Jan,268.3
New Zealand,2023,Feb,268.7
New Zealand,2023,Mar,266.1
New Zealand,2023,Apr,221.3
New Zealand,2023,May,160.3
New Zealand,2023,Jun,178.4
New Zealand,2023,Jul,213.8
New Zealand,2023,Aug,206.8
New Zealand,2023,Sep,224.9
New Zealand,2023,Oct,226.0
New Zealand,2023,Nov,303.4
New Zealand,2023,Dec,418.9
New Zealand,2024,Jan,326.4
New Zealand,2024,Feb,362.8
New Zealand,2024,Mar,340.3
New Zealand,2024,Apr,225.0
New Zealand,2024,May,179.7
New Zealand,2024,Jun,185.3
New Zealand,2024,Jul,221.8
New Zealand,2024,Aug,214.3
New Zealand,2024,Sep,226.9
New Zealand,2024,Oct,240.2
New Zealand,2024,Nov,321.2
New Zealand,2024,Dec,469.8
New Zealand,2025,Jan,370.2
New Zealand,2025,Feb,354.4
New Zealand,2025,Mar,311.8
New Zealand,2025,Apr,267.3
New Zealand,2025,May,190.6
New Zealand,2025,Jun,186.8
New Zealand,2025,Jul,236.6
New Zealand,2025,Aug,230.3
New Zealand,2025,Sep,248.6
Nicaragua,2015,Feb,101.8
Nicaragua,2015,Mar,126.9
Nicaragua,2015,Apr,107.2
Nicaragua,2015,May,108.6
Nicaragua,2015,Jun,109.5
Nicaragua,2015,Jul,129.9
Nicaragua,2015,Aug,109.0
Nicaragua,2015,Sep,88.8
Nicaragua,2015,Oct,95.3
Nicaragua,2015,Nov,111.9
Nicaragua,2015,Dec,173.1
Nicaragua,2016,Jan,135.2
Nicaragua,2016,Feb,108.3
Nicaragua,2016,Mar,137.5
Nicaragua,2016,Apr,94.2
Nicaragua,2016,May,113.5
Nicaragua,2016,Jun,120.3
Nicaragua,2016,Jul,144.9
Nicaragua,2016,Aug,112.0
Nicaragua,2016,Sep,90.6
Nicaragua,2016,Oct,98.6
Nicaragua,2016,Nov,106.3
Nicaragua,2016,Dec,243.0
Nicaragua,2017,Jan,154.2
Nicaragua,2017,Feb,124.0
Nicaragua,2017,Mar,151.2
Nicaragua,2017,Apr,180.7
Nicaragua,2017,May,132.6
Nicaragua,2017,Jun,132.4
Nicaragua,2017,Jul,162.9
Nicaragua,2017,Aug,136.1
Nicaragua,2017,Sep,117.7
Nicaragua,2017,Oct,114.0
Nicaragua,2017,Nov,132.5
Nicaragua,2017,Dec,248.9
Nicaragua,2018,Jan,158.7
Nicaragua,2018,Feb,126.9
Nicaragua,2018,Mar,195.8
Nicaragua,2018,Apr,115.5
Nicaragua,2018,May,84.9
Nicaragua,2018,Jun,49.7
Nicaragua,2018,Jul,65.9
Nicaragua,2018,Aug,74.7
Nicaragua,2018,Sep,75.4
Nicaragua,2018,Oct,80.6
Nicaragua,2018,Nov,85.6
Nicaragua,2018,Dec,141.8
Nicaragua,2019,Jan,104.5
Nicaragua,2019,Feb,88.3
Nicaragua,2019,Mar,100.1
Nicaragua,2019,Apr,114.9
Nicaragua,2019,May,99.9
Nicaragua,2019,Jun,97.5
Nicaragua,2019,Jul,108.8
Nicaragua,2019,Aug,103.2
Nicaragua,2019,Sep,92.1
Nicaragua,2019,Oct,97.4
Nicaragua,2019,Nov,110.4
Nicaragua,2019,Dec,178.0
Nicaragua,2020,Jan,128.2
Nicaragua,2020,Feb,114.2
Nicaragua,2020,Mar,77.1
Nicaragua,2020,Apr,18.1
Nicaragua,2020,May,3.2
Nicaragua,2020,Jun,3.4
Nicaragua,2020,Jul,3.6
Nicaragua,2020,Aug,4.5
Nicaragua,2020,Sep,4.6
Nicaragua,2020,Oct,5.9
Nicaragua,2020,Nov,8.3
Nicaragua,2020,Dec,12.8
Nicaragua,2021,Jan,10.6
Nicaragua,2021,Feb,10.6
Nicaragua,2021,Mar,13.4
Nicaragua,2021,Apr,13.4
Nicaragua,2021,May,17.1
Nicaragua,2021,Jun,18.9
Nicaragua,2021,Jul,21.2
Nicaragua,2021,Aug,20.2
Nicaragua,2021,Sep,17.6
Nicaragua,2021,Oct,18.6
Nicaragua,2021,Nov,20.8
Nicaragua,2021,Dec,40.1
Nicaragua,2022,Jan,44.5
Nicaragua,2022,Feb,54.4
Nicaragua,2022,Mar,65.6
Nicaragua,2022,Apr,54.2
Nicaragua,2022,May,49.2
Nicaragua,2022,Jun,59.3
Nicaragua,2022,Jul,70.1
Nicaragua,2022,Aug,68.1
Nicaragua,2022,Sep,69.4
Nicaragua,2022,Oct,77.4
Nicaragua,2022,Nov,87.7
Nicaragua,2022,Dec,117.9
Nicaragua,2023,Jan,76.4
Nicaragua,2023,Feb,62.4
Nicaragua,2023,Mar,68.5
Nicaragua,2023,Apr,80.3
Nicaragua,2023,May,70.0
Nicaragua,2023,Jun,69.3
Nicaragua,2023,Jul,93.5
Nicaragua,2023,Aug,95.5
Nicaragua,2023,Sep,122.1
Nicaragua,2023,Oct,135.1
Nicaragua,2023,Nov,91.3
Nicaragua,2023,Dec,122.1
Nicaragua,2024,Jan,88.6
Nicaragua,2024,Feb,76.1
Nicaragua,2024,Mar,94.1
Nicaragua,2024,Apr,64.4
Nicaragua,2024,May,79.7
Nicaragua,2024,Jun,78.2
Nicaragua,2024,Jul,84.9
Nicaragua,2024,Aug,72.8
Nicaragua,2024,Sep,60.1
Nicaragua,2024,Oct,63.6
Nicaragua,2024,Nov,72.5
Nicaragua,2024,Dec,119.2
Nicaragua,2025,Jan,88.7
Nicaragua,2025,Feb,63.0
Nicaragua,2025,Mar,71.5
Nicaragua,2025,Apr,84.2
Nicaragua,2025,May,70.4
Nicaragua,2025,Jun,68.6
North Macedonia,2015,Feb,19.8
North Macedonia,2015,Mar,23.9
North Macedonia,2015,Apr,36.8
North Macedonia,2015,May,57.1
North Macedonia,2015,Jun,50.2
North Macedonia,2015,Jul,60.4
North Macedonia,2015,Aug,69.3
North Macedonia,2015,Sep,60.5
North Macedonia,2015,Oct,40.5
North Macedonia,2015,Nov,25.0
North Macedonia,2015,Dec,23.7
North Macedonia,2016,Jan,21.7
North Macedonia,2016,Feb,20.8
North Macedonia,2016,Mar,29.5
North Macedonia,2016,Apr,39.3
North Macedonia,2016,May,60.9
North Macedonia,2016,Jun,50.3
North Macedonia,2016,Jul,66.8
North Macedonia,2016,Aug,61.7
North Macedonia,2016,Sep,61.0
North Macedonia,2016,Oct,45.6
North Macedonia,2016,Nov,26.4
North Macedonia,2016,Dec,26.4
North Macedonia,2017,Jan,25.0
North Macedonia,2017,Feb,23.3
North Macedonia,2017,Mar,28.6
North Macedonia,2017,Apr,47.1
North Macedonia,2017,May,65.3
North Macedonia,2017,Jun,62.4
North Macedonia,2017,Jul,88.7
North Macedonia,2017,Aug,90.5
North Macedonia,2017,Sep,78.7
North Macedonia,2017,Oct,55.2
North Macedonia,2017,Nov,32.9
North Macedonia,2017,Dec,32.9
North Macedonia,2018,Jan,30.3
North Macedonia,2018,Feb,26.5
North Macedonia,2018,Mar,36.7
North Macedonia,2018,Apr,59.1
North Macedonia,2018,May,72.6
North Macedonia,2018,Jun,76.4
North Macedonia,2018,Jul,99.3
North Macedonia,2018,Aug,95.7
North Macedonia,2018,Sep,80.9
North Macedonia,2018,Oct,57.7
North Macedonia,2018,Nov,36.1
North Macedonia,2018,Dec,36.1
North Macedonia,2019,Jan,29.4
North Macedonia,2019,Feb,27.1
North Macedonia,2019,Mar,37.6
North Macedonia,2019,Apr,59.9
North Macedonia,2019,May,68.9
North Macedonia,2019,Jun,89.3
North Macedonia,2019,Jul,97.7
North Macedonia,2019,Aug,100.1
North Macedonia,2019,Sep,95.0
North Macedonia,2019,Oct,68.8
North Macedonia,2019,Nov,43.1
North Macedonia,2019,Dec,40.6
North Macedonia,2020,Jan,35.5
North Macedonia,2020,Feb,29.7
North Macedonia,2020,Mar,11.1
North Macedonia,2020,Apr,0.2
North Macedonia,2020,May,0.2
North Macedonia,2020,Jun,1.9
North Macedonia,2020,Jul,5.0
North Macedonia,2020,Aug,7.2
North Macedonia,2020,Sep,7.3
North Macedonia,2020,Oct,8.7
North Macedonia,2020,Nov,5.5
North Macedonia,2020,Dec,6.0
North Macedonia,2021,Jan,10.7
North Macedonia,2021,Feb,11.8
North Macedonia,2021,Mar,10.9
North Macedonia,2021,Apr,9.1
North Macedonia,2021,May,17.5
North Macedonia,2021,Jun,24.9
North Macedonia,2021,Jul,45.8
North Macedonia,2021,Aug,55.1
North Macedonia,2021,Sep,36.7
North Macedonia,2021,Oct,31.7
North Macedonia,2021,Nov,21.2
North Macedonia,2021,Dec,18.4
North Macedonia,2022,Jan,18.5
North Macedonia,2022,Feb,18.9
North Macedonia,2022,Mar,22.6
North Macedonia,2022,Apr,31.0
North Macedonia,2022,May,49.0
North Macedonia,2022,Jun,56.5
North Macedonia,2022,Jul,77.9
North Macedonia,2022,Aug,74.7
North Macedonia,2022,Sep,69.6
North Macedonia,2022,Oct,53.4
North Macedonia,2022,Nov,36.3
North Macedonia,2022,Dec,29.0
North Macedonia,2023,Jan,24.6
North Macedonia,2023,Feb,24.5
North Macedonia,2023,Mar,32.0
North Macedonia,2023,Apr,51.9
North Macedonia,2023,May,71.3
North Macedonia,2023,Jun,84.4
North Macedonia,2023,Jul,106.6
North Macedonia,2023,Aug,102.1
North Macedonia,2023,Sep,90.0
North Macedonia,2023,Oct,66.9
North Macedonia,2023,Nov,45.5
North Macedonia,2023,Dec,34.3
North Macedonia,2024,Jan,28.4
North Macedonia,2024,Feb,27.0
North Macedonia,2024,Mar,40.4
North Macedonia,2024,Apr,63.0
North Macedonia,2024,May,79.4
North Macedonia,2024,Jun,92.2
North Macedonia,2024,Jul,118.8
North Macedonia,2024,Aug,119.6
North Macedonia,2024,Sep,101.7
North Macedonia,2024,Oct,79.9
North Macedonia,2024,Nov,45.7
North Macedonia,2024,Dec,34.1
North Macedonia,2025,Jan,31.5
North Macedonia,2025,Feb,30.0
North Macedonia,2025,Mar,55.3
North Macedonia,2025,Apr,76.2
North Macedonia,2025,May,101.5
North Macedonia,2025,Jun,101.0
North Macedonia,2025,Jul,121.5
North Macedonia,2025,Aug,117.7
North Macedonia,2025,Sep,100.2
Norway,2015,Feb,213.3
Norway,2015,Mar,220.1
Norway,2015,Apr,209.3
Norway,2015,May,378.0
Norway,2015,Jun,818.4
Norway,2015,Jul,1189.0
Norway,2015,Aug,1015.0
Norway,2015,Sep,392.2
Norway,2015,Oct,233.2
Norway,2015,Nov,160.4
Norway,2015,Dec,179.5
Norway,2016,Jan,189.6
Norway,2016,Feb,250.5
Norway,2016,Mar,252.0
Norway,2016,Apr,222.0
Norway,2016,May,385.8
Norway,2016,Jun,946.5
Norway,2016,Jul,1369.0
Norway,2016,Aug,1185.0
Norway,2016,Sep,450.4
Norway,2016,Oct,234.6
Norway,2016,Nov,159.7
Norway,2016,Dec,190.5
Norway,2017,Jan,182.2
Norway,2017,Feb,237.5
Norway,2017,Mar,231.2
Norway,2017,Apr,217.1
Norway,2017,May,433.3
Norway,2017,Jun,942.4
Norway,2017,Jul,1389.0
Norway,2017,Aug,1187.0
Norway,2017,Sep,457.3
Norway,2017,Oct,227.7
Norway,2017,Nov,162.5
Norway,2017,Dec,178.5
Norway,2018,Jan,185.9
Norway,2018,Feb,220.3
Norway,2018,Mar,231.5
Norway,2018,Apr,206.1
Norway,2018,May,433.0
Norway,2018,Jun,931.5
Norway,2018,Jul,1366.0
Norway,2018,Aug,1159.0
Norway,2018,Sep,420.8
Norway,2018,Oct,222.3
Norway,2018,Nov,146.2
Norway,2018,Dec,165.2
Norway,2019,Jan,178.5
Norway,2019,Feb,215.9
Norway,2019,Mar,240.0
Norway,2019,Apr,240.0
Norway,2019,May,419.7
Norway,2019,Jun,947.6
Norway,2019,Jul,1409.0
Norway,2019,Aug,1224.0
Norway,2019,Sep,433.9
Norway,2019,Oct,236.7
Norway,2019,Nov,159.0
Norway,2019,Dec,200.6
Norway,2020,Jan,200.7
Norway,2020,Feb,252.3
Norway,2020,Mar,102.9
Norway,2020,Apr,11.7
Norway,2020,May,20.3
Norway,2020,Jun,52.3
Norway,2020,Jul,264.2
Norway,2020,Aug,311.0
Norway,2020,Sep,73.3
Norway,2020,Oct,44.9
Norway,2020,Nov,26.9
Norway,2020,Dec,26.7
Norway,2021,Jan,29.5
Norway,2021,Feb,23.5
Norway,2021,Mar,24.8
Norway,2021,Apr,23.9
Norway,2021,May,23.9
Norway,2021,Jun,48.1
Norway,2021,Jul,271.4
Norway,2021,Aug,433.7
Norway,2021,Sep,203.4
Norway,2021,Oct,134.8
Norway,2021,Nov,111.6
Norway,2021,Dec,100.5
Norway,2022,Jan,98.3
Norway,2022,Feb,162.4
Norway,2022,Mar,191.6
Norway,2022,Apr,182.3
Norway,2022,May,330.9
Norway,2022,Jun,804.4
Norway,2022,Jul,1204.0
Norway,2022,Aug,1053.0
Norway,2022,Sep,398.5
Norway,2022,Oct,206.9
Norway,2022,Nov,162.1
Norway,2022,Dec,185.0
Norway,2023,Jan,176.6
Norway,2023,Feb,235.8
Norway,2023,Mar,237.2
Norway,2023,Apr,225.7
Norway,2023,May,411.3
Norway,2023,Jun,923.8
Norway,2023,Jul,1383.0
Norway,2023,Aug,1206.0
Norway,2023,Sep,472.2
Norway,2023,Oct,253.0
Norway,2023,Nov,195.3
Norway,2023,Dec,231.5
Norway,2024,Jan,223.7
Norway,2024,Feb,303.1
Norway,2024,Mar,322.8
Norway,2024,Apr,269.8
Norway,2024,May,461.3
Norway,2024,Jun,963.2
Norway,2024,Jul,1416.0
Norway,2024,Aug,1259.0
Norway,2024,Sep,557.0
Norway,2024,Oct,339.4
Norway,2024,Nov,257.1
Norway,2024,Dec,298.4
Norway,2025,Jan,276.2
Norway,2025,Feb,319.8
Norway,2025,Mar,356.1
Norway,2025,Apr,300.8
Norway,2025,May,540.6
Norway,2025,Jun,1087.0
Norway,2025,Jul,1628.0
Norway,2025,Aug,1443.0
Oman,2015,Feb,164.7
Oman,2015,Mar,211.3
Oman,2015,Apr,191.4
Oman,2015,May,167.4
Oman,2015,Jun,151.9
Oman,2015,Jul,213.8
Oman,2015,Aug,324.0
Oman,2015,Sep,276.6
Oman,2015,Oct,209.7
Oman,2015,Nov,176.1
Oman,2015,Dec,216.2
Oman,2016,Jan,209.1
Oman,2016,Feb,213.3
Oman,2016,Mar,257.7
Oman,2016,Apr,242.9
Oman,2016,May,162.0
Oman,2016,Jun,133.6
Oman,2016,Jul,238.8
Oman,2016,Aug,373.0
Oman,2016,Sep,352.5
Oman,2016,Oct,205.6
Oman,2016,Nov,239.4
Oman,2016,Dec,236.8
Oman,2017,Jan,245.5
Oman,2017,Feb,262.6
Oman,2017,Mar,298.2
Oman,2017,Apr,268.8
Oman,2017,May,188.6
Oman,2017,Jun,220.1
Oman,2017,Jul,255.5
Oman,2017,Aug,427.0
Oman,2017,Sep,273.5
Oman,2017,Oct,219.1
Oman,2017,Nov,268.2
Oman,2017,Dec,272.2
Oman,2018,Jan,282.7
Oman,2018,Feb,267.7
Oman,2018,Mar,318.1
Oman,2018,Apr,257.2
Oman,2018,May,174.1
Oman,2018,Jun,205.0
Oman,2018,Jul,282.2
Oman,2018,Aug,311.6
Oman,2018,Sep,221.2
Oman,2018,Oct,254.3
Oman,2018,Nov,295.0
Oman,2018,Dec,372.7
Oman,2019,Jan,304.5
Oman,2019,Feb,291.5
Oman,2019,Mar,311.0
Oman,2019,Apr,289.1
Oman,2019,May,198.9
Oman,2019,Jun,257.8
Oman,2019,Jul,295.7
Oman,2019,Aug,347.9
Oman,2019,Sep,228.7
Oman,2019,Oct,272.1
Oman,2019,Nov,317.4
Oman,2019,Dec,391.7
Oman,2020,Jan,351.6
Oman,2020,Feb,340.0
Oman,2020,Mar,101.6
Oman,2020,Apr,1.0
Oman,2020,May,1.1
Oman,2020,Jun,1.6
Oman,2020,Jul,2.8
Oman,2020,Aug,4.1
Oman,2020,Sep,6.6
Oman,2020,Oct,7.0
Oman,2020,Nov,13.8
Oman,2020,Dec,36.9
Oman,2021,Jan,39.4
Oman,2021,Feb,23.0
Oman,2021,Mar,31.1
Oman,2021,Apr,13.4
Oman,2021,May,6.0
Oman,2021,Jun,9.9
Oman,2021,Jul,20.5
Oman,2021,Aug,25.3
Oman,2021,Sep,83.4
Oman,2021,Oct,107.9
Oman,2021,Nov,111.4
Oman,2021,Dec,180.2
Oman,2022,Jan,106.6
Oman,2022,Feb,125.1
Oman,2022,Mar,183.0
Oman,2022,Apr,162.7
Oman,2022,May,216.3
Oman,2022,Jun,233.1
Oman,2022,Jul,410.5
Oman,2022,Aug,351.6
Oman,2022,Sep,244.7
Oman,2022,Oct,231.3
Oman,2022,Nov,273.0
Oman,2022,Dec,382.5
Oman,2023,Jan,295.2
Oman,2023,Feb,320.5
Oman,2023,Mar,340.6
Oman,2023,Apr,329.5
Oman,2023,May,262.5
Oman,2023,Jun,339.1
Oman,2023,Jul,376.4
Oman,2023,Aug,384.9
Oman,2023,Sep,263.3
Oman,2023,Oct,286.3
Oman,2023,Nov,338.2
Oman,2023,Dec,454.9
Oman,2024,Jan,339.4
Oman,2024,Feb,366.2
Oman,2024,Mar,307.9
Oman,2024,Apr,367.8
Oman,2024,May,265.2
Oman,2024,Jun,301.1
Oman,2024,Jul,371.4
Oman,2024,Aug,373.9
Oman,2024,Sep,234.9
Oman,2024,Oct,262.6
Oman,2024,Nov,310.5
Oman,2024,Dec,396.4
Oman,2025,Jan,338.7
Oman,2025,Feb,329.5
Oman,2025,Mar,307.3
Oman,2025,Apr,306.9
Oman,2025,May,252.2
Oman,2025,Jun,267.0
Oman,2025,Jul,362.3
Oman,2025,Aug,393.6
Oman,2025,Sep,273.3
Palau,2015,Feb,17.7
Palau,2015,Mar,15.0
Palau,2015,Apr,12.8
Palau,2015,May,12.7
Palau,2015,Jun,12.8
Palau,2015,Jul,12.8
Palau,2015,Aug,15.6
Palau,2015,Sep,13.1
Palau,2015,Oct,12.4
Palau,2015,Nov,11.4
Palau,2015,Dec,12.6
Palau,2016,Jan,14.2
Palau,2016,Feb,14.1
Palau,2016,Mar,12.3
Palau,2016,Apr,10.7
Palau,2016,May,9.6
Palau,2016,Jun,11.4
Palau,2016,Jul,12.5
Palau,2016,Aug,13.3
Palau,2016,Sep,12.2
Palau,2016,Oct,9.0
Palau,2016,Nov,9.4
Palau,2016,Dec,9.9
Palau,2017,Jan,11.7
Palau,2017,Feb,10.0
Palau,2017,Mar,8.9
Palau,2017,Apr,9.9
Palau,2017,May,9.0
Palau,2017,Jun,10.1
Palau,2017,Jul,12.3
Palau,2017,Aug,13.2
Palau,2017,Sep,8.8
Palau,2017,Oct,9.6
Palau,2017,Nov,9.4
Palau,2017,Dec,9.8
Palau,2018,Jan,10.5
Palau,2018,Feb,12.4
Palau,2018,Mar,11.0
Palau,2018,Apr,10.3
Palau,2018,May,7.7
Palau,2018,Jun,8.2
Palau,2018,Jul,9.0
Palau,2018,Aug,11.1
Palau,2018,Sep,7.1
Palau,2018,Oct,6.2
Palau,2018,Nov,5.9
Palau,2018,Dec,7.0
Palau,2019,Jan,7.3
Palau,2019,Feb,9.8
Palau,2019,Mar,9.0
Palau,2019,Apr,8.4
Palau,2019,May,7.5
Palau,2019,Jun,6.1
Palau,2019,Jul,7.1
Palau,2019,Aug,8.5
Palau,2019,Sep,6.7
Palau,2019,Oct,6.2
Palau,2019,Nov,8.0
Palau,2019,Dec,9.2
Palau,2020,Jan,9.8
Palau,2020,Feb,5.6
Palau,2020,Mar,2.7
Palau,2020,Apr,0.0
Palau,2020,May,0.0
Palau,2020,Jun,0.0
Palau,2020,Jul,0.0
Palau,2020,Aug,0.0
Palau,2020,Sep,0.1
Palau,2020,Oct,0.0
Palau,2020,Nov,0.0
Palau,2020,Dec,0.0
Palau,2021,Jan,0.0
Palau,2021,Feb,0.0
Palau,2021,Mar,0.1
Palau,2021,Apr,0.3
Palau,2021,May,0.1
Palau,2021,Jun,0.1
Palau,2021,Jul,0.3
Palau,2021,Aug,1.2
Palau,2021,Sep,1.3
Palau,2021,Oct,0.7
Palau,2021,Nov,0.4
Palau,2021,Dec,0.8
Palau,2022,Jan,0.4
Palau,2022,Feb,0.5
Palau,2022,Mar,0.6
Palau,2022,Apr,1.2
Palau,2022,May,0.8
Palau,2022,Jun,1.0
Palau,2022,Jul,1.1
Palau,2022,Aug,0.8
Palau,2022,Sep,0.9
Palau,2022,Oct,1.2
Palau,2022,Nov,2.0
Palau,2022,Dec,1.8
Palau,2023,Jan,2.0
Palau,2023,Feb,2.4
Palau,2023,Mar,2.9
Palau,2023,Apr,2.9
Palau,2023,May,2.5
Palau,2023,Jun,4.0
Palau,2023,Jul,4.9
Palau,2023,Aug,4.8
Palau,2023,Sep,3.7
Palau,2023,Oct,3.3
Palau,2023,Nov,3.9
Palau,2023,Dec,4.0
Palau,2024,Jan,4.4
Palau,2024,Feb,5.8
Palau,2024,Mar,4.6
Palau,2024,Apr,4.4
Palau,2024,May,4.5
Palau,2024,Jun,4.3
Palau,2024,Jul,4.6
Palau,2024,Aug,4.8
Palau,2024,Sep,4.1
Palau,2024,Oct,4.4
Palau,2024,Nov,4.7
Palau,2024,Dec,5.6
Palau,2025,Jan,6.9
Palau,2025,Feb,5.1
Palau,2025,Mar,5.7
Palau,2025,Apr,5.4
Palau,2025,May,4.8
Palau,2025,Jun,6.4
Palau,2025,Jul,6.1
Palau,2025,Aug,6.1
Palau,2025,Sep,4.5
Palestine,2015,Feb,67.1
Palestine,2015,Mar,77.6
Palestine,2015,Apr,127.7
Palestine,2015,May,98.3
Palestine,2015,Jun,59.6
Palestine,2015,Jul,75.2
Palestine,2015,Aug,81.7
Palestine,2015,Sep,90.2
Palestine,2015,Oct,102.0
Palestine,2015,Nov,76.0
Palestine,2015,Dec,58.7
Palestine,2016,Jan,37.4
Palestine,2016,Feb,58.3
Palestine,2016,Mar,64.8
Palestine,2016,Apr,87.2
Palestine,2016,May,92.4
Palestine,2016,Jun,47.4
Palestine,2016,Jul,60.7
Palestine,2016,Aug,82.4
Palestine,2016,Sep,85.9
Palestine,2016,Oct,106.6
Palestine,2016,Nov,99.4
Palestine,2016,Dec,73.9
Palestine,2017,Jan,59.5
Palestine,2017,Feb,80.9
Palestine,2017,Mar,101.9
Palestine,2017,Apr,113.5
Palestine,2017,May,93.7
Palestine,2017,Jun,70.3
Palestine,2017,Jul,66.6
Palestine,2017,Aug,80.6
Palestine,2017,Sep,104.6
Palestine,2017,Oct,124.2
Palestine,2017,Nov,117.8
Palestine,2017,Dec,78.2
Palestine,2018,Jan,72.4
Palestine,2018,Feb,93.2
Palestine,2018,Mar,102.4
Palestine,2018,Apr,131.9
Palestine,2018,May,119.4
Palestine,2018,Jun,83.6
Palestine,2018,Jul,74.4
Palestine,2018,Aug,106.7
Palestine,2018,Sep,111.2
Palestine,2018,Oct,170.2
Palestine,2018,Nov,143.9
Palestine,2018,Dec,98.3
Palestine,2019,Jan,102.3
Palestine,2019,Feb,133.6
Palestine,2019,Mar,149.3
Palestine,2019,Apr,120.3
Palestine,2019,May,124.6
Palestine,2019,Jun,96.7
Palestine,2019,Jul,84.8
Palestine,2019,Aug,102.8
Palestine,2019,Sep,141.9
Palestine,2019,Oct,168.8
Palestine,2019,Nov,164.3
Palestine,2019,Dec,104.4
Palestine,2020,Jan,100.8
Palestine,2020,Feb,76.9
Palestine,2020,Mar,2.5
Palestine,2020,Apr,0.0
Palestine,2020,May,0.0
Palestine,2020,Jun,0.9
Palestine,2020,Jul,0.2
Palestine,2020,Aug,6.3
Palestine,2020,Sep,7.1
Palestine,2020,Oct,12.7
Palestine,2020,Nov,9.1
Palestine,2020,Dec,3.3
Palestine,2021,Jan,9.4
Palestine,2021,Feb,7.4
Palestine,2021,Mar,4.9
Palestine,2021,Apr,42.3
Palestine,2021,May,16.5
Palestine,2021,Jun,26.8
Palestine,2021,Jul,29.0
Palestine,2021,Aug,33.1
Palestine,2021,Sep,53.3
Palestine,2021,Oct,51.0
Palestine,2021,Nov,39.3
Palestine,2021,Dec,48.4
Palestine,2022,Jan,41.5
Palestine,2022,Feb,35.6
Palestine,2022,Mar,55.5
Palestine,2022,Apr,55.6
Palestine,2022,May,71.6
Palestine,2022,Jun,68.7
Palestine,2022,Jul,83.8
Palestine,2022,Aug,82.3
Palestine,2022,Sep,108.8
Palestine,2022,Oct,113.2
Palestine,2022,Nov,118.5
Palestine,2022,Dec,83.1
Palestine,2023,Jan,81.7
Palestine,2023,Feb,114.7
Palestine,2023,Mar,130.1
Palestine,2023,Apr,126.4
Palestine,2023,May,146.8
Palestine,2023,Jun,110.7
Palestine,2023,Jul,81.4
Palestine,2023,Aug,120.8
Palestine,2023,Sep,143.7
Palestine,2023,Oct,38.6
Palestine,2023,Nov,3.8
Palestine,2023,Dec,4.0
Palestine,2024,Jan,11.1
Palestine,2024,Feb,10.1
Palestine,2024,Mar,20.5
Palestine,2024,Apr,25.7
Palestine,2024,May,28.9
Palestine,2024,Jun,33.5
Palestine,2024,Jul,33.6
Palestine,2024,Aug,38.4
Palestine,2024,Sep,33.4
Palestine,2024,Oct,22.5
Palestine,2024,Nov,26.4
Palestine,2024,Dec,44.6
Panama,2015,Feb,174.3
Panama,2015,Mar,188.6
Panama,2015,Apr,167.2
Panama,2015,May,156.8
Panama,2015,Jun,160.3
Panama,2015,Jul,185.8
Panama,2015,Aug,173.8
Panama,2015,Sep,151.0
Panama,2015,Oct,159.0
Panama,2015,Nov,180.9
Panama,2015,Dec,209.7
Panama,2016,Jan,178.5
Panama,2016,Feb,163.6
Panama,2016,Mar,174.6
Panama,2016,Apr,146.6
Panama,2016,May,137.5
Panama,2016,Jun,145.7
Panama,2016,Jul,172.0
Panama,2016,Aug,159.5
Panama,2016,Sep,145.9
Panama,2016,Oct,148.9
Panama,2016,Nov,160.3
Panama,2016,Dec,187.9
Panama,2017,Jan,190.5
Panama,2017,Feb,159.2
Panama,2017,Mar,168.0
Panama,2017,Apr,162.6
Panama,2017,May,143.0
Panama,2017,Jun,138.7
Panama,2017,Jul,159.2
Panama,2017,Aug,150.6
Panama,2017,Sep,135.1
Panama,2017,Oct,136.3
Panama,2017,Nov,133.4
Panama,2017,Dec,166.8
Panama,2018,Jan,171.5
Panama,2018,Feb,155.4
Panama,2018,Mar,150.8
Panama,2018,Apr,144.2
Panama,2018,May,137.7
Panama,2018,Jun,138.7
Panama,2018,Jul,155.6
Panama,2018,Aug,145.8
Panama,2018,Sep,114.0
Panama,2018,Oct,137.5
Panama,2018,Nov,148.1
Panama,2018,Dec,179.2
Panama,2019,Jan,226.2
Panama,2019,Feb,163.2
Panama,2019,Mar,155.1
Panama,2019,Apr,141.0
Panama,2019,May,120.9
Panama,2019,Jun,130.5
Panama,2019,Jul,151.7
Panama,2019,Aug,142.8
Panama,2019,Sep,115.6
Panama,2019,Oct,119.6
Panama,2019,Nov,121.6
Panama,2019,Dec,164.5
Panama,2020,Jan,155.5
Panama,2020,Feb,135.1
Panama,2020,Mar,59.2
Panama,2020,Apr,0.0
Panama,2020,May,0.0
Panama,2020,Jun,0.0
Panama,2020,Jul,0.0
Panama,2020,Aug,0.0
Panama,2020,Sep,0.0
Panama,2020,Oct,12.9
Panama,2020,Nov,23.5
Panama,2020,Dec,27.4
Panama,2021,Jan,18.9
Panama,2021,Feb,19.6
Panama,2021,Mar,30.0
Panama,2021,Apr,23.3
Panama,2021,May,29.1
Panama,2021,Jun,50.5
Panama,2021,Jul,56.6
Panama,2021,Aug,58.1
Panama,2021,Sep,60.8
Panama,2021,Oct,73.2
Panama,2021,Nov,83.8
Panama,2021,Dec,114.4
Panama,2022,Jan,113.2
Panama,2022,Feb,101.5
Panama,2022,Mar,115.6
Panama,2022,Apr,120.8
Panama,2022,May,115.6
Panama,2022,Jun,123.5
Panama,2022,Jul,129.1
Panama,2022,Aug,125.1
Panama,2022,Sep,118.4
Panama,2022,Oct,133.0
Panama,2022,Nov,137.6
Panama,2022,Dec,158.4
Panama,2023,Jan,183.3
Panama,2023,Feb,160.3
Panama,2023,Mar,177.5
Panama,2023,Apr,151.4
Panama,2023,May,128.7
Panama,2023,Jun,145.0
Panama,2023,Jul,164.3
Panama,2023,Aug,153.4
Panama,2023,Sep,145.1
Panama,2023,Oct,141.9
Panama,2023,Nov,137.5
Panama,2023,Dec,185.3
Panama,2024,Jan,203.5
Panama,2024,Feb,176.6
Panama,2024,Mar,206.0
Panama,2024,Apr,157.5
Panama,2024,May,148.9
Panama,2024,Jun,168.3
Panama,2024,Jul,175.1
Panama,2024,Aug,166.6
Panama,2024,Sep,151.1
Panama,2024,Oct,155.9
Panama,2024,Nov,173.9
Panama,2024,Dec,217.1
Panama,2025,Jan,228.2
Panama,2025,Feb,183.1
Panama,2025,Mar,202.1
Panama,2025,Apr,196.3
Panama,2025,May,168.4
Panama,2025,Jun,171.6
Panama,2025,Jul,201.1
Panama,2025,Aug,194.5
Papua New Guinea,2015,Feb,26.3
Papua New Guinea,2015,Mar,30.6
Papua New Guinea,2015,Apr,32.7
Papua New Guinea,2015,May,29.1
Papua New Guinea,2015,Jun,31.5
Papua New Guinea,2015,Jul,16.7
Papua New Guinea,2015,Aug,13.7
Papua New Guinea,2015,Sep,14.0
Papua New Guinea,2015,Oct,20.7
Papua New Guinea,2015,Nov,26.4
Papua New Guinea,2015,Dec,20.5
Papua New Guinea,2016,Jan,13.9
Papua New Guinea,2016,Feb,12.9
Papua New Guinea,2016,Mar,15.0
Papua New Guinea,2016,Apr,15.5
Papua New Guinea,2016,May,13.8
Papua New Guinea,2016,Jun,14.9
Papua New Guinea,2016,Jul,14.1
Papua New Guinea,2016,Aug,11.6
Papua New Guinea,2016,Sep,11.8
Papua New Guinea,2016,Oct,9.9
Papua New Guinea,2016,Nov,12.6
Papua New Guinea,2016,Dec,9.8
Papua New Guinea,2017,Jan,12.1
Papua New Guinea,2017,Feb,11.2
Papua New Guinea,2017,Mar,13.1
Papua New Guinea,2017,Apr,14.0
Papua New Guinea,2017,May,12.5
Papua New Guinea,2017,Jun,13.5
Papua New Guinea,2017,Jul,13.4
Papua New Guinea,2017,Aug,10.9
Papua New Guinea,2017,Sep,11.2
Papua New Guinea,2017,Oct,9.5
Papua New Guinea,2017,Nov,12.1
Papua New Guinea,2017,Dec,9.4
Papua New Guinea,2018,Jan,11.2
Papua New Guinea,2018,Feb,10.3
Papua New Guinea,2018,Mar,12.0
Papua New Guinea,2018,Apr,7.9
Papua New Guinea,2018,May,7.0
Papua New Guinea,2018,Jun,7.6
Papua New Guinea,2021,Jan,2.0
Papua New Guinea,2021,Feb,1.7
Papua New Guinea,2021,Mar,1.2
Papua New Guinea,2021,Apr,0.8
Papua New Guinea,2021,May,1.2
Papua New Guinea,2021,Jun,1.1
Papua New Guinea,2021,Jul,1.0
Papua New Guinea,2021,Aug,1.4
Papua New Guinea,2021,Sep,1.4
Papua New Guinea,2021,Oct,1.7
Papua New Guinea,2021,Nov,1.9
Papua New Guinea,2021,Dec,1.3
Papua New Guinea,2022,Jan,2.7
Papua New Guinea,2022,Feb,3.3
Papua New Guinea,2022,Mar,3.8
Papua New Guinea,2022,Apr,4.9
Papua New Guinea,2022,May,4.6
Papua New Guinea,2022,Jun,5.4
Papua New Guinea,2022,Jul,5.9
Papua New Guinea,2022,Aug,6.8
Papua New Guinea,2022,Sep,7.3
Papua New Guinea,2022,Oct,7.6
Papua New Guinea,2022,Nov,7.5
Papua New Guinea,2022,Dec,6.8
Papua New Guinea,2023,Jan,8.4
Papua New Guinea,2023,Feb,7.9
Papua New Guinea,2023,Mar,8.7
Papua New Guinea,2023,Apr,9.7
Papua New Guinea,2023,May,9.7
Papua New Guinea,2023,Jun,9.4
Papua New Guinea,2023,Jul,10.5
Papua New Guinea,2023,Aug,9.6
Papua New Guinea,2023,Sep,10.9
Papua New Guinea,2023,Oct,10.2
Papua New Guinea,2023,Nov,9.5
Papua New Guinea,2023,Dec,6.9
Papua New Guinea,2024,Jan,7.1
Papua New Guinea,2024,Feb,6.9
Papua New Guinea,2024,Mar,8.1
Papua New Guinea,2024,Apr,9.5
Papua New Guinea,2024,May,7.8
Papua New Guinea,2024,Jun,8.6
Papua New Guinea,2024,Jul,9.5
Papua New Guinea,2024,Aug,9.2
Papua New Guinea,2024,Sep,9.2
Papua New Guinea,2024,Oct,8.6
Papua New Guinea,2024,Nov,8.3
Papua New Guinea,2024,Dec,6.6
Paraguay,2015,Feb,58.5
Paraguay,2015,Mar,59.9
Paraguay,2015,Apr,56.5
Paraguay,2015,May,56.8
Paraguay,2015,Jun,54.6
Paraguay,2015,Jul,186.1
Paraguay,2015,Aug,137.4
Paraguay,2015,Sep,161.8
Paraguay,2015,Oct,150.5
Paraguay,2015,Nov,82.8
Paraguay,2015,Dec,135.3
Paraguay,2016,Jan,120.6
Paraguay,2016,Feb,110.4
Paraguay,2016,Mar,104.1
Paraguay,2016,Apr,88.4
Paraguay,2016,May,69.5
Paraguay,2016,Jun,98.1
Paraguay,2016,Jul,148.5
Paraguay,2016,Aug,109.2
Paraguay,2016,Sep,99.1
Paraguay,2016,Oct,101.8
Paraguay,2016,Nov,89.5
Paraguay,2016,Dec,169.0
Paraguay,2017,Jan,244.8
Paraguay,2017,Feb,135.1
Paraguay,2017,Mar,99.7
Paraguay,2017,Apr,119.3
Paraguay,2017,May,91.5
Paraguay,2017,Jun,100.9
Paraguay,2017,Jul,182.2
Paraguay,2017,Aug,109.6
Paraguay,2017,Sep,113.0
Paraguay,2017,Oct,111.4
Paraguay,2017,Nov,97.7
Paraguay,2017,Dec,154.5
Paraguay,2018,Jan,156.5
Paraguay,2018,Feb,123.5
Paraguay,2018,Mar,99.4
Paraguay,2018,Apr,89.8
Paraguay,2018,May,76.8
Paraguay,2018,Jun,77.8
Paraguay,2018,Jul,118.8
Paraguay,2018,Aug,87.1
Paraguay,2018,Sep,69.9
Paraguay,2018,Oct,69.1
Paraguay,2018,Nov,74.1
Paraguay,2018,Dec,138.0
Paraguay,2019,Jan,134.5
Paraguay,2019,Feb,108.3
Paraguay,2019,Mar,93.4
Paraguay,2019,Apr,95.3
Paraguay,2019,May,75.4
Paraguay,2019,Jun,82.5
Paraguay,2019,Jul,140.4
Paraguay,2019,Aug,90.5
Paraguay,2019,Sep,80.9
Paraguay,2019,Oct,84.2
Paraguay,2019,Nov,112.1
Paraguay,2019,Dec,117.9
Paraguay,2020,Jan,120.2
Paraguay,2020,Feb,92.9
Paraguay,2020,Mar,29.0
Paraguay,2020,Apr,0.0
Paraguay,2020,May,0.0
Paraguay,2020,Jun,0.0
Paraguay,2020,Jul,0.0
Paraguay,2020,Aug,0.0
Paraguay,2020,Sep,0.0
Paraguay,2020,Oct,0.6
Paraguay,2020,Nov,3.4
Paraguay,2020,Dec,6.5
Paraguay,2021,Jan,6.4
Paraguay,2021,Feb,5.8
Paraguay,2021,Mar,4.8
Paraguay,2021,Apr,2.8
Paraguay,2021,May,3.2
Paraguay,2021,Jun,4.3
Paraguay,2021,Jul,4.6
Paraguay,2021,Aug,4.0
Paraguay,2021,Sep,5.1
Paraguay,2021,Oct,8.4
Paraguay,2021,Nov,12.3
Paraguay,2021,Dec,33.2
Paraguay,2022,Jan,24.8
Paraguay,2022,Feb,34.7
Paraguay,2022,Mar,28.5
Paraguay,2022,Apr,41.0
Paraguay,2022,May,35.8
Paraguay,2022,Jun,41.1
Paraguay,2022,Jul,66.9
Paraguay,2022,Aug,45.6
Paraguay,2022,Sep,47.7
Paraguay,2022,Oct,63.8
Paraguay,2022,Nov,54.1
Paraguay,2022,Dec,95.5
Paraguay,2023,Jan,108.0
Paraguay,2023,Feb,78.4
Paraguay,2023,Mar,59.7
Paraguay,2023,Apr,67.0
Paraguay,2023,May,58.7
Paraguay,2023,Jun,56.1
Paraguay,2023,Jul,95.8
Paraguay,2023,Aug,59.9
Paraguay,2023,Sep,59.5
Paraguay,2023,Oct,57.3
Paraguay,2023,Nov,53.9
Paraguay,2023,Dec,109.8
Paraguay,2024,Jan,93.0
Paraguay,2024,Feb,79.2
Paraguay,2024,Mar,88.1
Paraguay,2024,Apr,65.8
Paraguay,2024,May,72.7
Paraguay,2024,Jun,74.4
Paraguay,2024,Jul,106.3
Paraguay,2024,Aug,76.5
Paraguay,2024,Sep,76.6
Paraguay,2024,Oct,81.3
Paraguay,2024,Nov,87.3
Paraguay,2024,Dec,160.0
Paraguay,2025,Jan,159.2
Paraguay,2025,Feb,129.4
Paraguay,2025,Mar,109.5
Peru,2015,Feb,295.1
Peru,2015,Mar,274.2
Peru,2015,Apr,262.7
Peru,2015,May,268.4
Peru,2015,Jun,275.9
Peru,2015,Jul,332.6
Peru,2015,Aug,305.7
Peru,2015,Sep,270.5
Peru,2015,Oct,301.7
Peru,2015,Nov,272.9
Peru,2015,Dec,297.7
Peru,2016,Jan,304.7
Peru,2016,Feb,324.4
Peru,2016,Mar,300.3
Peru,2016,Apr,276.1
Peru,2016,May,296.1
Peru,2016,Jun,276.8
Peru,2016,Jul,365.3
Peru,2016,Aug,339.1
Peru,2016,Sep,303.2
Peru,2016,Oct,324.6
Peru,2016,Nov,299.8
Peru,2016,Dec,334.1
Peru,2017,Jan,327.6
Peru,2017,Feb,325.0
Peru,2017,Mar,295.7
Peru,2017,Apr,312.6
Peru,2017,May,301.2
Peru,2017,Jun,318.6
Peru,2017,Jul,388.9
Peru,2017,Aug,361.3
Peru,2017,Sep,340.5
Peru,2017,Oct,352.7
Peru,2017,Nov,331.8
Peru,2017,Dec,376.4
Peru,2018,Jan,366.5
Peru,2018,Feb,347.4
Peru,2018,Mar,366.5
Peru,2018,Apr,344.0
Peru,2018,May,356.7
Peru,2018,Jun,355.6
Peru,2018,Jul,408.8
Peru,2018,Aug,393.1
Peru,2018,Sep,359.7
Peru,2018,Oct,377.4
Peru,2018,Nov,355.4
Peru,2018,Dec,388.4
Peru,2019,Jan,376.3
Peru,2019,Feb,351.5
Peru,2019,Mar,374.8
Peru,2019,Apr,360.9
Peru,2019,May,360.0
Peru,2019,Jun,353.6
Peru,2019,Jul,412.4
Peru,2019,Aug,381.6
Peru,2019,Sep,349.1
Peru,2019,Oct,345.4
Peru,2019,Nov,345.6
Peru,2019,Dec,360.6
Peru,2020,Jan,370.6
Peru,2020,Feb,360.5
Peru,2020,Mar,114.4
Peru,2020,Apr,0.0
Peru,2020,May,0.0
Peru,2020,Jun,0.0
Peru,2020,Jul,0.0
Peru,2020,Aug,0.0
Peru,2020,Sep,0.0
Peru,2020,Oct,4.7
Peru,2020,Nov,11.6
Peru,2020,Dec,34.6
Peru,2021,Jan,11.7
Peru,2021,Feb,6.2
Peru,2021,Mar,12.8
Peru,2021,Apr,15.8
Peru,2021,May,19.9
Peru,2021,Jun,26.3
Peru,2021,Jul,38.3
Peru,2021,Aug,40.2
Peru,2021,Sep,50.6
Peru,2021,Oct,61.3
Peru,2021,Nov,72.6
Peru,2021,Dec,88.7
Peru,2022,Jan,61.9
Peru,2022,Feb,72.0
Peru,2022,Mar,107.9
Peru,2022,Apr,134.9
Peru,2022,May,150.5
Peru,2022,Jun,196.0
Peru,2022,Jul,235.8
Peru,2022,Aug,218.9
Peru,2022,Sep,204.1
Peru,2022,Oct,220.8
Peru,2022,Nov,209.3
Peru,2022,Dec,197.3
Peru,2023,Jan,143.1
Peru,2023,Feb,156.9
Peru,2023,Mar,173.2
Peru,2023,Apr,189.7
Peru,2023,May,181.4
Peru,2023,Jun,220.2
Peru,2023,Jul,263.1
Peru,2023,Aug,237.3
Peru,2023,Sep,229.0
Peru,2023,Oct,234.2
Peru,2023,Nov,233.8
Peru,2023,Dec,262.7
Peru,2024,Jan,251.3
Peru,2024,Feb,257.8
Peru,2024,Mar,259.3
Peru,2024,Apr,248.2
Peru,2024,May,273.5
Peru,2024,Jun,276.3
Peru,2024,Jul,308.4
Peru,2024,Aug,303.5
Peru,2024,Sep,271.3
Peru,2024,Oct,271.1
Peru,2024,Nov,255.4
Peru,2024,Dec,280.5
Peru,2025,Jan,264.1
Peru,2025,Feb,258.1
Peru,2025,Mar,273.8
Peru,2025,Apr,289.3
Peru,2025,May,276.9
Peru,2025,Jun,278.2
Peru,2025,Jul,317.1
Peru,2025,Aug,311.2
Peru,2025,Sep,292.9
Philippines,2015,Feb,456.5
Philippines,2015,Mar,456.2
Philippines,2015,Apr,423.4
Philippines,2015,May,413.9
Philippines,2015,Jun,390.5
Philippines,2015,Jul,489.7
Philippines,2015,Aug,480.7
Philippines,2015,Sep,393.6
Philippines,2015,Oct,412.2
Philippines,2015,Nov,411.9
Philippines,2015,Dec,553.0
Philippines,2016,Jan,542.3
Philippines,2016,Feb,549.7
Philippines,2016,Mar,510.3
Philippines,2016,Apr,471.6
Philippines,2016,May,445.4
Philippines,2016,Jun,459.1
Philippines,2016,Jul,560.9
Philippines,2016,Aug,502.7
Philippines,2016,Sep,422.9
Philippines,2016,Oct,443.0
Philippines,2016,Nov,482.4
Philippines,2016,Dec,576.6
Philippines,2017,Jan,631.6
Philippines,2017,Feb,579.2
Philippines,2017,Mar,574.1
Philippines,2017,Apr,565.1
Philippines,2017,May,532.8
Philippines,2017,Jun,474.9
Philippines,2017,Jul,568.0
Philippines,2017,Aug,545.3
Philippines,2017,Sep,479.8
Philippines,2017,Oct,523.6
Philippines,2017,Nov,533.2
Philippines,2017,Dec,613.4
Philippines,2018,Jan,732.5
Philippines,2018,Feb,674.8
Philippines,2018,Mar,642.8
Philippines,2018,Apr,591.1
Philippines,2018,May,537.7
Philippines,2018,Jun,530.3
Philippines,2018,Jul,609.1
Philippines,2018,Aug,551.1
Philippines,2018,Sep,518.0
Philippines,2018,Oct,523.7
Philippines,2018,Nov,564.2
Philippines,2018,Dec,693.1
Philippines,2019,Jan,723.4
Philippines,2019,Feb,766.9
Philippines,2019,Mar,714.3
Philippines,2019,Apr,663.0
Philippines,2019,May,621.7
Philippines,2019,Jun,643.8
Philippines,2019,Jul,719.1
Philippines,2019,Aug,702.8
Philippines,2019,Sep,606.6
Philippines,2019,Oct,638.5
Philippines,2019,Nov,684.1
Philippines,2019,Dec,776.8
Philippines,2020,Jan,796.2
Philippines,2020,Feb,462.7
Philippines,2020,Mar,139.3
Philippines,2020,Apr,0.9
Philippines,2020,May,4.5
Philippines,2020,Jun,1.5
Philippines,2020,Jul,5.5
Philippines,2020,Aug,18.3
Philippines,2020,Sep,10.0
Philippines,2020,Oct,10.1
Philippines,2020,Nov,13.6
Philippines,2020,Dec,19.8
Philippines,2021,Jan,6.5
Philippines,2021,Feb,10.9
Philippines,2021,Mar,12.0
Philippines,2021,Apr,6.0
Philippines,2021,May,10.9
Philippines,2021,Jun,11.9
Philippines,2021,Jul,12.8
Philippines,2021,Aug,14.8
Philippines,2021,Sep,15.5
Philippines,2021,Oct,17.6
Philippines,2021,Nov,20.5
Philippines,2021,Dec,24.4
Philippines,2022,Feb,47.7
Philippines,2022,Mar,117.2
Philippines,2022,Apr,188.6
Philippines,2022,May,206.4
Philippines,2022,Jun,254.3
Philippines,2022,Jul,295.7
Philippines,2022,Aug,263.5
Philippines,2022,Sep,246.9
Philippines,2022,Oct,274.8
Philippines,2022,Nov,324.6
Philippines,2022,Dec,434.2
Philippines,2023,Jan,464.2
Philippines,2023,Feb,466.0
Philippines,2023,Mar,475.6
Philippines,2023,Apr,458.1
Philippines,2023,May,389.3
Philippines,2023,Jun,448.9
Philippines,2023,Jul,516.3
Philippines,2023,Aug,437.6
Philippines,2023,Sep,382.3
Philippines,2023,Oct,406.9
Philippines,2023,Nov,439.9
Philippines,2023,Dec,565.4
Philippines,2024,Jan,574.4
Philippines,2024,Feb,582.3
Philippines,2024,Mar,505.7
Philippines,2024,Apr,459.5
Philippines,2024,May,447.4
Philippines,2024,Jun,459.4
Philippines,2024,Jul,525.5
Philippines,2024,Aug,472.5
Philippines,2024,Sep,414.3
Philippines,2024,Oct,442.9
Philippines,2024,Nov,476.0
Philippines,2024,Dec,572.0
Philippines,2025,Jan,627.5
Philippines,2025,Feb,541.0
Philippines,2025,Mar,487.5
Philippines,2025,Apr,450.5
Philippines,2025,May,443.2
Philippines,2025,Jun,449.8
Philippines,2025,Jul,508.7
Philippines,2025,Aug,457.4
Philippines,2025,Sep,368.9
Poland,2016,Jan,1200.0
Poland,2016,Feb,1000.0
Poland,2016,Mar,1400.0
Poland,2016,Apr,1500.0
Poland,2016,May,1500.0
Poland,2016,Jun,1400.0
Poland,2016,Jul,2000.0
Poland,2016,Aug,1900.0
Poland,2016,Sep,1500.0
Poland,2016,Oct,1400.0
Poland,2016,Nov,1300.0
Poland,2016,Dec,1400.0
Poland,2017,Jan,1200.0
Poland,2017,Feb,1100.0
Poland,2017,Mar,1400.0
Poland,2017,Apr,1500.0
Poland,2017,May,1600.0
Poland,2017,Jun,1600.0
Poland,2017,Jul,1900.0
Poland,2017,Aug,2000.0
Poland,2017,Sep,1800.0
Poland,2017,Oct,1500.0
Poland,2017,Nov,1400.0
Poland,2017,Dec,1400.0
Poland,2018,Jan,1263.0
Poland,2018,Feb,1186.0
Poland,2018,Mar,1419.0
Poland,2018,Apr,1505.0
Poland,2018,May,1708.0
Poland,2018,Jun,1795.0
Poland,2018,Jul,2125.0
Poland,2018,Aug,2171.0
Poland,2018,Sep,1868.0
Poland,2018,Oct,1701.0
Poland,2018,Nov,1429.0
Poland,2018,Dec,1453.0
Poland,2019,Jan,1344.0
Poland,2019,Feb,1283.0
Poland,2019,Mar,1562.0
Poland,2019,Apr,1671.0
Poland,2019,May,1850.0
Poland,2019,Jun,1962.0
Poland,2019,Jul,2300.0
Poland,2019,Aug,2283.0
Poland,2019,Sep,2014.0
Poland,2019,Oct,1774.0
Poland,2019,Nov,1523.0
Poland,2019,Dec,1590.0
Poland,2020,Jan,1404.0
Poland,2020,Feb,1391.0
Poland,2020,Mar,721.1
Poland,2020,Apr,95.0
Poland,2020,May,135.5
Poland,2020,Jun,264.8
Poland,2020,Jul,1059.0
Poland,2020,Aug,1155.0
Poland,2020,Sep,994.0
Poland,2020,Oct,547.0
Poland,2020,Nov,331.2
Poland,2020,Dec,320.5
Poland,2021,Jan,412.1
Poland,2021,Feb,431.1
Poland,2021,Mar,513.9
Poland,2021,Apr,457.5
Poland,2021,May,578.7
Poland,2021,Jun,840.9
Poland,2021,Jul,1288.0
Poland,2021,Aug,1401.0
Poland,2021,Sep,1187.0
Poland,2021,Oct,986.0
Poland,2021,Nov,837.2
Poland,2021,Dec,788.5
Poland,2022,Jan,654.8
Poland,2022,Feb,765.8
Poland,2022,Mar,1062.0
Poland,2022,Apr,1254.0
Poland,2022,May,1444.0
Poland,2022,Jun,1512.0
Poland,2022,Jul,1822.0
Poland,2022,Aug,1843.0
Poland,2022,Sep,1622.0
Poland,2022,Oct,1493.0
Poland,2022,Nov,1246.0
Poland,2022,Dec,1237.0
Portugal,2015,Feb,894.1
Portugal,2015,Mar,1286.0
Portugal,2015,Apr,1859.0
Portugal,2015,May,2289.0
Portugal,2015,Jun,2210.0
Portugal,2015,Jul,2386.0
Portugal,2015,Aug,2698.0
Portugal,2015,Sep,2538.0
Portugal,2015,Oct,2197.0
Portugal,2015,Nov,1115.0
Portugal,2015,Dec,921.3
Portugal,2016,Jan,878.1
Portugal,2016,Feb,1072.0
Portugal,2016,Mar,1603.0
Portugal,2016,Apr,1980.0
Portugal,2016,May,2535.0
Portugal,2016,Jun,2468.0
Portugal,2016,Jul,2723.0
Portugal,2016,Aug,2975.0
Portugal,2016,Sep,2781.0
Portugal,2016,Oct,2519.0
Portugal,2016,Nov,1352.0
Portugal,2016,Dec,1071.0
Portugal,2017,Jan,580.8
Portugal,2017,Feb,642.9
Portugal,2017,Mar,898.7
Portugal,2017,Apr,1332.0
Portugal,2017,May,1495.0
Portugal,2017,Jun,1518.0
Portugal,2017,Jul,1614.0
Portugal,2017,Aug,1768.0
Portugal,2017,Sep,1690.0
Portugal,2017,Oct,1508.0
Portugal,2017,Nov,833.2
Portugal,2017,Dec,652.1
Portugal,2018,Jan,624.3
Portugal,2018,Feb,704.2
Portugal,2018,Mar,1049.0
Portugal,2018,Apr,1313.0
Portugal,2018,May,1598.0
Portugal,2018,Jun,1558.0
Portugal,2018,Jul,1669.0
Portugal,2018,Aug,1848.0
Portugal,2018,Sep,1734.0
Portugal,2018,Oct,1534.0
Portugal,2018,Nov,893.7
Portugal,2018,Dec,701.6
Portugal,2019,Jan,686.6
Portugal,2019,Feb,763.5
Portugal,2019,Mar,1071.0
Portugal,2019,Apr,1453.0
Portugal,2019,May,1726.0
Portugal,2019,Jun,1686.0
Portugal,2019,Jul,1780.0
Portugal,2019,Aug,1967.0
Portugal,2019,Sep,1848.0
Portugal,2019,Oct,1650.0
Portugal,2019,Nov,977.8
Portugal,2019,Dec,802.1
Portugal,2020,Jan,757.9
Portugal,2020,Feb,806.4
Portugal,2020,Mar,387.9
Portugal,2020,Apr,5.4
Portugal,2020,May,12.6
Portugal,2020,Jun,49.9
Portugal,2020,Jul,278.2
Portugal,2020,Aug,565.7
Portugal,2020,Sep,470.7
Portugal,2020,Oct,351.0
Portugal,2020,Nov,109.9
Portugal,2020,Dec,109.4
Portugal,2021,Jan,72.4
Portugal,2021,Feb,29.3
Portugal,2021,Mar,44.4
Portugal,2021,Apr,82.0
Portugal,2021,May,274.3
Portugal,2021,Jun,445.6
Portugal,2021,Jul,596.7
Portugal,2021,Aug,1041.0
Portugal,2021,Sep,974.5
Portugal,2021,Oct,1137.0
Portugal,2021,Nov,749.5
Portugal,2021,Dec,471.5
Portugal,2022,Jan,347.3
Portugal,2022,Feb,571.4
Portugal,2022,Mar,863.0
Portugal,2022,Apr,1359.0
Portugal,2022,May,1584.0
Portugal,2022,Jun,1584.0
Portugal,2022,Jul,1827.0
Portugal,2022,Aug,1963.0
Portugal,2022,Sep,1784.0
Portugal,2022,Oct,1656.0
Portugal,2022,Nov,990.6
Portugal,2022,Dec,793.1
Portugal,2023,Jan,767.2
Portugal,2023,Feb,873.2
Portugal,2023,Mar,1222.0
Portugal,2023,Apr,1670.0
Portugal,2023,May,1877.0
Portugal,2023,Jun,1791.0
Portugal,2023,Jul,1935.0
Portugal,2023,Aug,2156.0
Portugal,2023,Sep,2045.0
Portugal,2023,Oct,1897.0
Portugal,2023,Nov,1125.0
Portugal,2023,Dec,879.0
Portugal,2024,Jan,801.1
Portugal,2024,Feb,965.0
Portugal,2024,Mar,1403.0
Portugal,2024,Apr,1670.0
Portugal,2024,May,2060.0
Portugal,2024,Jun,1909.0
Portugal,2024,Jul,2034.0
Portugal,2024,Aug,2271.0
Portugal,2024,Sep,2144.0
Portugal,2024,Oct,1973.0
Portugal,2024,Nov,1219.0
Portugal,2024,Dec,933.9
Portugal,2025,Jan,856.7
Portugal,2025,Feb,956.3
Portugal,2025,Mar,1364.0
Portugal,2025,Apr,1798.0
Portugal,2025,May,2097.0
Portugal,2025,Jun,1965.0
Portugal,2025,Jul,2109.0
Portugal,2025,Aug,2263.0
Portugal,2025,Sep,2130.0
Puerto Rico,2015,Feb,163.8
Puerto Rico,2015,Mar,180.4
Puerto Rico,2015,Apr,160.8
Puerto Rico,2015,May,149.8
Puerto Rico,2015,Jun,157.3
Puerto Rico,2015,Jul,162.8
Puerto Rico,2015,Aug,144.9
Puerto Rico,2015,Sep,98.8
Puerto Rico,2015,Oct,122.7
Puerto Rico,2015,Nov,139.4
Puerto Rico,2015,Dec,167.9
Puerto Rico,2016,Jan,175.5
Puerto Rico,2016,Feb,165.9
Puerto Rico,2016,Mar,177.4
Puerto Rico,2016,Apr,161.1
Puerto Rico,2016,May,138.9
Puerto Rico,2016,Jun,150.1
Puerto Rico,2016,Jul,169.1
Puerto Rico,2016,Aug,143.2
Puerto Rico,2016,Sep,110.6
Puerto Rico,2016,Oct,104.8
Puerto Rico,2016,Nov,127.6
Puerto Rico,2016,Dec,175.3
Puerto Rico,2017,Jan,156.0
Puerto Rico,2017,Feb,151.6
Puerto Rico,2017,Mar,184.4
Puerto Rico,2017,Apr,190.0
Puerto Rico,2017,May,151.4
Puerto Rico,2017,Jun,181.3
Puerto Rico,2017,Jul,207.7
Puerto Rico,2017,Aug,170.1
Puerto Rico,2017,Sep,90.1
Puerto Rico,2017,Oct,27.4
Puerto Rico,2017,Nov,43.1
Puerto Rico,2017,Dec,67.1
Puerto Rico,2018,Jan,77.4
Puerto Rico,2018,Feb,82.2
Puerto Rico,2018,Mar,108.8
Puerto Rico,2018,Apr,104.8
Puerto Rico,2018,May,107.3
Puerto Rico,2018,Jun,124.7
Puerto Rico,2018,Jul,126.5
Puerto Rico,2018,Aug,114.1
Puerto Rico,2018,Sep,80.6
Puerto Rico,2018,Oct,89.0
Puerto Rico,2018,Nov,117.0
Puerto Rico,2018,Dec,128.6
Puerto Rico,2019,Jan,138.9
Puerto Rico,2019,Feb,136.8
Puerto Rico,2019,Mar,160.8
Puerto Rico,2019,Apr,137.7
Puerto Rico,2019,May,138.1
Puerto Rico,2019,Jun,129.2
Puerto Rico,2019,Jul,126.7
Puerto Rico,2019,Aug,143.7
Puerto Rico,2019,Sep,104.3
Puerto Rico,2019,Oct,109.0
Puerto Rico,2019,Nov,133.0
Puerto Rico,2019,Dec,154.8
Puerto Rico,2020,Jan,141.3
Puerto Rico,2020,Feb,148.4
Puerto Rico,2020,Mar,82.2
Puerto Rico,2020,Apr,8.8
Puerto Rico,2020,May,12.7
Puerto Rico,2020,Jun,44.1
Puerto Rico,2020,Jul,69.4
Puerto Rico,2020,Aug,44.1
Puerto Rico,2020,Sep,48.9
Puerto Rico,2020,Oct,70.2
Puerto Rico,2020,Nov,70.8
Puerto Rico,2020,Dec,58.0
Puerto Rico,2021,Jan,74.0
Puerto Rico,2021,Feb,98.5
Puerto Rico,2021,Mar,148.0
Puerto Rico,2021,Apr,150.3
Puerto Rico,2021,May,163.8
Puerto Rico,2021,Jun,171.0
Puerto Rico,2021,Jul,183.9
Puerto Rico,2021,Aug,156.4
Puerto Rico,2021,Sep,110.7
Puerto Rico,2021,Oct,121.2
Puerto Rico,2021,Nov,137.2
Puerto Rico,2021,Dec,152.4
Puerto Rico,2022,Jan,110.5
Puerto Rico,2022,Feb,140.2
Puerto Rico,2022,Mar,180.7
Puerto Rico,2022,Apr,176.7
Puerto Rico,2022,May,161.0
Puerto Rico,2022,Jun,160.6
Puerto Rico,2022,Jul,178.5
Puerto Rico,2022,Aug,154.5
Puerto Rico,2022,Sep,108.5
Puerto Rico,2022,Oct,114.5
Puerto Rico,2022,Nov,127.3
Puerto Rico,2022,Dec,156.3
Puerto Rico,2023,Jan,159.8
Puerto Rico,2023,Feb,160.5
Puerto Rico,2023,Mar,177.9
Puerto Rico,2023,Apr,169.2
Puerto Rico,2023,May,168.3
Puerto Rico,2023,Jun,175.5
Puerto Rico,2023,Jul,181.4
Puerto Rico,2023,Aug,164.9
Puerto Rico,2023,Sep,114.9
Puerto Rico,2023,Oct,125.0
Puerto Rico,2023,Nov,143.0
Puerto Rico,2023,Dec,168.3
Puerto Rico,2024,Jan,162.6
Puerto Rico,2024,Feb,168.6
Puerto Rico,2024,Mar,189.5
Puerto Rico,2024,Apr,162.0
Puerto Rico,2024,May,161.7
Puerto Rico,2024,Jun,174.0
Puerto Rico,2024,Jul,178.6
Puerto Rico,2024,Aug,160.8
Puerto Rico,2024,Sep,101.9
Puerto Rico,2024,Oct,129.2
Puerto Rico,2024,Nov,151.0
Puerto Rico,2024,Dec,195.7
Puerto Rico,2025,Jan,175.9
Puerto Rico,2025,Feb,177.6
Puerto Rico,2025,Mar,209.9
Puerto Rico,2025,Apr,184.4
Puerto Rico,2025,May,160.8
Puerto Rico,2025,Jun,176.2
Qatar,2017,Jan,327.1
Qatar,2017,Feb,251.8
Qatar,2017,Mar,285.5
Qatar,2017,Apr,295.1
Qatar,2017,May,210.5
Qatar,2017,Jun,93.9
Qatar,2017,Jul,106.8
Qatar,2017,Aug,119.5
Qatar,2017,Sep,114.8
Qatar,2017,Oct,136.6
Qatar,2017,Nov,143.9
Qatar,2017,Dec,170.9
Qatar,2018,Jan,189.4
Qatar,2018,Feb,158.2
Qatar,2018,Mar,187.7
Qatar,2018,Apr,161.9
Qatar,2018,May,131.4
Qatar,2018,Jun,116.1
Qatar,2018,Jul,137.7
Qatar,2018,Aug,126.6
Qatar,2018,Sep,119.2
Qatar,2018,Oct,148.5
Qatar,2018,Nov,149.0
Qatar,2018,Dec,193.6
Qatar,2019,Jan,196.6
Qatar,2019,Feb,179.5
Qatar,2019,Mar,212.0
Qatar,2019,Apr,201.0
Qatar,2019,May,133.1
Qatar,2019,Jun,130.9
Qatar,2019,Jul,145.2
Qatar,2019,Aug,148.0
Qatar,2019,Sep,146.3
Qatar,2019,Oct,172.7
Qatar,2019,Nov,196.1
Qatar,2019,Dec,275.2
Qatar,2020,Jan,277.5
Qatar,2020,Feb,221.2
Qatar,2020,Mar,48.1
Qatar,2020,Apr,0.6
Qatar,2020,May,0.3
Qatar,2020,Jun,1.4
Qatar,2020,Jul,1.8
Qatar,2020,Aug,3.0
Qatar,2020,Sep,4.5
Qatar,2020,Oct,7.2
Qatar,2020,Nov,7.6
Qatar,2020,Dec,8.5
Qatar,2021,Jan,13.7
Qatar,2021,Feb,12.9
Qatar,2021,Mar,16.0
Qatar,2021,Apr,11.7
Qatar,2021,May,16.7
Qatar,2021,Jun,21.8
Qatar,2021,Jul,34.7
Qatar,2021,Aug,59.3
Qatar,2021,Sep,64.6
Qatar,2021,Oct,83.0
Qatar,2021,Nov,111.0
Qatar,2021,Dec,146.3
Qatar,2022,Jan,85.4
Qatar,2022,Feb,76.5
Qatar,2022,Mar,152.5
Qatar,2022,Apr,97.5
Qatar,2022,May,165.7
Qatar,2022,Jun,145.3
Qatar,2022,Jul,149.9
Qatar,2022,Aug,147.5
Qatar,2022,Sep,150.1
Qatar,2022,Oct,178.2
Qatar,2022,Nov,591.0
Qatar,2022,Dec,613.1
Qatar,2023,Jan,339.8
Qatar,2023,Feb,388.7
Qatar,2023,Mar,432.3
Qatar,2023,Apr,323.7
Qatar,2023,May,284.4
Qatar,2023,Jun,281.4
Qatar,2023,Jul,287.3
Qatar,2023,Aug,263.0
Qatar,2023,Sep,246.2
Qatar,2023,Oct,288.1
Qatar,2023,Nov,392.9
Qatar,2023,Dec,518.4
Qatar,2024,Jan,682.8
Qatar,2024,Feb,580.8
Qatar,2024,Mar,314.9
Qatar,2024,Apr,367.3
Qatar,2024,May,302.1
Qatar,2024,Jun,303.9
Qatar,2024,Jul,305.2
Qatar,2024,Aug,311.3
Qatar,2024,Sep,303.3
Qatar,2024,Oct,347.6
Qatar,2024,Nov,505.8
Qatar,2024,Dec,582.0
Qatar,2025,Jan,636.9
Qatar,2025,Feb,529.4
Qatar,2025,Mar,351.4
Qatar,2025,Apr,423.5
Qatar,2025,May,356.5
Qatar,2025,Jun,337.4
Qatar,2025,Jul,318.1
Qatar,2025,Aug,323.0
Qatar,2025,Sep,272.9
Reunion,2015,Feb,32.3
Reunion,2015,Mar,35.0
Reunion,2015,Apr,29.7
Reunion,2015,May,32.1
Reunion,2015,Jun,23.8
Reunion,2015,Jul,30.4
Reunion,2015,Aug,29.8
Reunion,2015,Sep,27.0
Reunion,2015,Oct,40.0
Reunion,2015,Nov,41.2
Reunion,2015,Dec,51.9
Reunion,2016,Jan,41.8
Reunion,2016,Feb,25.4
Reunion,2016,Mar,27.5
Reunion,2016,Apr,33.1
Reunion,2016,May,35.7
Reunion,2016,Jun,26.5
Reunion,2016,Jul,44.6
Reunion,2016,Aug,43.8
Reunion,2016,Sep,39.6
Reunion,2016,Oct,42.1
Reunion,2016,Nov,43.4
Reunion,2016,Dec,54.7
Reunion,2017,Jan,53.4
Reunion,2017,Feb,29.1
Reunion,2017,Mar,27.4
Reunion,2017,Apr,37.3
Reunion,2017,May,33.4
Reunion,2017,Jun,37.8
Reunion,2017,Jul,49.8
Reunion,2017,Aug,48.9
Reunion,2017,Sep,35.2
Reunion,2017,Oct,43.0
Reunion,2017,Nov,49.4
Reunion,2017,Dec,62.9
Reunion,2018,Jan,58.8
Reunion,2018,Feb,31.0
Reunion,2018,Mar,38.6
Reunion,2018,Apr,37.2
Reunion,2018,May,40.6
Reunion,2018,Jun,35.4
Reunion,2018,Jul,51.6
Reunion,2018,Aug,53.2
Reunion,2018,Sep,36.7
Reunion,2018,Oct,49.2
Reunion,2018,Nov,46.3
Reunion,2018,Dec,56.1
Reunion,2019,Jan,56.2
Reunion,2019,Feb,31.9
Reunion,2019,Mar,37.9
Reunion,2019,Apr,35.9
Reunion,2019,May,36.8
Reunion,2019,Jun,35.7
Reunion,2019,Jul,51.3
Reunion,2019,Aug,53.6
Reunion,2019,Sep,31.6
Reunion,2019,Oct,49.3
Reunion,2019,Nov,48.3
Reunion,2019,Dec,65.3
Reunion,2020,Jan,58.9
Reunion,2020,Feb,33.9
Reunion,2020,Mar,24.9
Reunion,2020,Apr,0.0
Reunion,2020,May,0.0
Reunion,2020,Jun,3.4
Reunion,2020,Jul,6.0
Reunion,2020,Aug,23.1
Reunion,2020,Sep,12.7
Reunion,2020,Oct,23.3
Reunion,2020,Nov,13.1
Reunion,2020,Dec,17.6
Reunion,2021,Jan,38.3
Reunion,2021,Feb,13.5
Reunion,2021,Mar,6.9
Reunion,2021,Apr,4.3
Reunion,2021,May,6.2
Reunion,2021,Jun,10.5
Reunion,2021,Jul,12.7
Reunion,2021,Aug,33.4
Reunion,2021,Sep,16.5
Reunion,2021,Oct,31.2
Reunion,2021,Nov,40.8
Reunion,2021,Dec,36.3
Reunion,2022,Jan,46.3
Reunion,2022,Feb,30.3
Reunion,2022,Mar,29.1
Reunion,2022,Apr,35.6
Reunion,2022,May,36.4
Reunion,2022,Jun,24.8
Reunion,2022,Jul,52.0
Reunion,2022,Aug,50.1
Reunion,2022,Sep,32.9
Reunion,2022,Oct,46.6
Reunion,2022,Nov,51.8
Reunion,2022,Dec,59.6
Reunion,2023,Jan,68.2
Reunion,2023,Feb,42.9
Reunion,2023,Mar,38.1
Reunion,2023,Apr,43.3
Reunion,2023,May,41.6
Reunion,2023,Jun,29.4
Reunion,2023,Jul,44.6
Reunion,2023,Aug,51.5
Reunion,2023,Sep,40.2
Reunion,2023,Oct,47.7
Reunion,2023,Nov,52.7
Reunion,2023,Dec,55.8
Reunion,2024,Jan,68.1
Reunion,2024,Feb,43.0
Reunion,2024,Mar,38.3
Reunion,2025,Jan,69.3
Reunion,2025,Feb,42.8
Reunion,2025,Mar,39.3
Romania,2015,Feb,108.3
Romania,2015,Mar,143.8
Romania,2015,Apr,160.6
Romania,2015,May,219.0
Romania,2015,Jun,242.0
Romania,2015,Jul,258.2
Romania,2015,Aug,274.4
Romania,2015,Sep,245.9
Romania,2015,Oct,195.7
Romania,2015,Nov,154.7
Romania,2015,Dec,128.0
Romania,2016,Jan,124.1
Romania,2016,Feb,129.6
Romania,2016,Mar,160.5
Romania,2016,Apr,183.2
Romania,2016,May,249.2
Romania,2016,Jun,246.9
Romania,2016,Jul,272.1
Romania,2016,Aug,293.4
Romania,2016,Sep,271.2
Romania,2016,Oct,231.5
Romania,2016,Nov,167.2
Romania,2016,Dec,142.4
Romania,2017,Jan,135.5
Romania,2017,Feb,135.6
Romania,2017,Mar,174.9
Romania,2017,Apr,204.1
Romania,2017,May,264.3
Romania,2017,Jun,290.4
Romania,2017,Jul,321.3
Romania,2017,Aug,337.8
Romania,2017,Sep,301.3
Romania,2017,Oct,245.7
Romania,2017,Nov,181.7
Romania,2017,Dec,156.6
Romania,2018,Jan,149.0
Romania,2018,Feb,144.7
Romania,2018,Mar,187.2
Romania,2018,Apr,212.5
Romania,2018,May,287.2
Romania,2018,Jun,293.8
Romania,2018,Jul,317.4
Romania,2018,Aug,328.5
Romania,2018,Sep,292.4
Romania,2018,Oct,242.4
Romania,2018,Nov,179.3
Romania,2018,Dec,150.9
Romania,2019,Jan,139.8
Romania,2019,Feb,135.0
Romania,2019,Mar,169.1
Romania,2019,Apr,204.0
Romania,2019,May,272.6
Romania,2019,Jun,286.1
Romania,2019,Jul,301.1
Romania,2019,Aug,312.3
Romania,2019,Sep,287.8
Romania,2019,Oct,238.8
Romania,2019,Nov,176.5
Romania,2019,Dec,148.7
Romania,2020,Jan,127.6
Romania,2020,Feb,120.8
Romania,2020,Mar,34.2
Romania,2020,Apr,1.4
Romania,2020,May,1.3
Romania,2020,Jun,13.0
Romania,2020,Jul,30.1
Romania,2020,Aug,32.3
Romania,2020,Sep,32.8
Romania,2020,Oct,24.7
Romania,2020,Nov,18.7
Romania,2020,Dec,16.4
Romania,2021,Jan,19.7
Romania,2021,Feb,20.9
Romania,2021,Mar,25.5
Romania,2021,Apr,25.1
Romania,2021,May,37.8
Romania,2021,Jun,72.9
Romania,2021,Jul,133.3
Romania,2021,Aug,158.9
Romania,2021,Sep,146.6
Romania,2021,Oct,103.2
Romania,2021,Nov,70.4
Romania,2021,Dec,58.5
Romania,2022,Jan,54.5
Romania,2022,Feb,72.3
Romania,2022,Mar,114.8
Romania,2022,Apr,108.4
Romania,2022,May,147.7
Romania,2022,Jun,160.2
Romania,2022,Jul,187.4
Romania,2022,Aug,199.3
Romania,2022,Sep,180.3
Romania,2022,Oct,164.7
Romania,2022,Nov,135.8
Romania,2022,Dec,134.9
Romania,2023,Jan,121.7
Romania,2023,Feb,116.7
Romania,2023,Mar,142.7
Romania,2023,Apr,153.5
Romania,2023,May,195.7
Romania,2023,Jun,200.2
Romania,2023,Jul,234.9
Romania,2023,Aug,245.4
Romania,2023,Sep,219.0
Romania,2023,Oct,188.6
Romania,2023,Nov,143.1
Romania,2023,Dec,139.7
Romania,2024,Jan,120.2
Romania,2024,Feb,132.1
Romania,2024,Mar,162.4
Romania,2024,Apr,182.5
Romania,2024,May,223.7
Romania,2024,Jun,231.8
Romania,2024,Jul,260.5
Romania,2024,Aug,278.4
Romania,2024,Sep,246.4
Romania,2024,Oct,215.8
Romania,2024,Nov,174.1
Romania,2024,Dec,157.1
Romania,2025,Jan,134.3
Romania,2025,Feb,134.4
Romania,2025,Mar,167.4
Romania,2025,Apr,186.7
Romania,2025,May,239.5
Romania,2025,Jun,248.6
Romania,2025,Jul,261.9
Romania,2025,Aug,298.1
Rwanda,2020,Jan,137.4
Rwanda,2020,Feb,136.9
Rwanda,2020,Mar,83.7
Rwanda,2020,Apr,9.7
Rwanda,2020,May,5.8
Rwanda,2020,Jun,11.8
Rwanda,2020,Jul,10.7
Rwanda,2020,Aug,16.0
Rwanda,2020,Sep,14.4
Rwanda,2020,Oct,17.3
Rwanda,2020,Nov,16.7
Rwanda,2020,Dec,37.0
Rwanda,2021,Jan,30.0
Rwanda,2021,Feb,25.4
Rwanda,2021,Mar,37.8
Rwanda,2021,Apr,43.2
Rwanda,2021,May,37.9
Rwanda,2021,Jun,39.3
Rwanda,2021,Jul,33.6
Rwanda,2021,Aug,44.6
Rwanda,2021,Sep,51.4
Rwanda,2021,Oct,53.0
Rwanda,2021,Nov,56.1
Rwanda,2021,Dec,58.5
Rwanda,2022,Jan,59.8
Rwanda,2022,Feb,59.3
Rwanda,2022,Mar,69.6
Rwanda,2022,Apr,69.9
Rwanda,2022,May,89.2
Rwanda,2022,Jun,91.0
Rwanda,2022,Jul,95.8
Rwanda,2022,Aug,114.6
Rwanda,2022,Sep,102.7
Rwanda,2022,Oct,120.4
Rwanda,2022,Nov,100.1
Rwanda,2022,Dec,132.9
Rwanda,2023,Jan,125.6
Rwanda,2023,Feb,145.9
Rwanda,2023,Mar,139.6
Rwanda,2023,Apr,161.1
Rwanda,2023,May,121.8
Rwanda,2023,Jun,148.2
Rwanda,2023,Jul,177.1
Saint Lucia,2015,Feb,32.1
Saint Lucia,2015,Mar,34.6
Saint Lucia,2015,Apr,31.2
Saint Lucia,2015,May,29.7
Saint Lucia,2015,Jun,26.3
Saint Lucia,2015,Jul,32.5
Saint Lucia,2015,Aug,27.8
Saint Lucia,2015,Sep,17.5
Saint Lucia,2015,Oct,23.7
Saint Lucia,2015,Nov,25.8
Saint Lucia,2015,Dec,32.1
Saint Lucia,2016,Jan,30.7
Saint Lucia,2016,Feb,31.6
Saint Lucia,2016,Mar,35.1
Saint Lucia,2016,Apr,30.1
Saint Lucia,2016,May,29.8
Saint Lucia,2016,Jun,25.9
Saint Lucia,2016,Jul,33.4
Saint Lucia,2016,Aug,30.0
Saint Lucia,2016,Sep,18.2
Saint Lucia,2016,Oct,24.3
Saint Lucia,2016,Nov,25.3
Saint Lucia,2016,Dec,33.7
Saint Lucia,2017,Jan,31.6
Saint Lucia,2017,Feb,33.4
Saint Lucia,2017,Mar,35.4
Saint Lucia,2017,Apr,34.3
Saint Lucia,2017,May,31.4
Saint Lucia,2017,Jun,31.3
Saint Lucia,2017,Jul,38.3
Saint Lucia,2017,Aug,33.4
Saint Lucia,2017,Sep,20.0
Saint Lucia,2017,Oct,28.0
Saint Lucia,2017,Nov,30.0
Saint Lucia,2017,Dec,38.9
Saint Lucia,2018,Jan,32.8
Saint Lucia,2018,Feb,35.5
Saint Lucia,2018,Mar,41.7
Saint Lucia,2018,Apr,32.6
Saint Lucia,2018,May,32.3
Saint Lucia,2018,Jun,31.3
Saint Lucia,2018,Jul,37.8
Saint Lucia,2018,Aug,34.2
Saint Lucia,2018,Sep,18.7
Saint Lucia,2018,Oct,26.0
Saint Lucia,2018,Nov,31.4
Saint Lucia,2018,Dec,41.4
Saint Lucia,2019,Jan,34.5
Saint Lucia,2019,Feb,38.2
Saint Lucia,2019,Mar,41.7
Saint Lucia,2019,Apr,36.8
Saint Lucia,2019,May,34.4
Saint Lucia,2019,Jun,34.0
Saint Lucia,2019,Jul,42.8
Saint Lucia,2019,Aug,36.3
Saint Lucia,2019,Sep,21.6
Saint Lucia,2019,Oct,26.9
Saint Lucia,2019,Nov,32.9
Saint Lucia,2019,Dec,43.6
Saint Lucia,2020,Jan,33.7
Saint Lucia,2020,Feb,39.6
Saint Lucia,2020,Mar,18.1
Saint Lucia,2020,Apr,0.0
Saint Lucia,2020,May,0.0
Saint Lucia,2020,Jun,0.0
Saint Lucia,2020,Jul,2.0
Saint Lucia,2020,Aug,3.3
Saint Lucia,2020,Sep,4.1
Saint Lucia,2020,Oct,7.8
Saint Lucia,2020,Nov,7.8
Saint Lucia,2020,Dec,14.4
Saint Lucia,2021,Jan,6.4
Saint Lucia,2021,Feb,4.9
Saint Lucia,2021,Mar,8.0
Saint Lucia,2021,Apr,9.6
Saint Lucia,2021,May,14.3
Saint Lucia,2021,Jun,21.4
Saint Lucia,2021,Jul,25.4
Saint Lucia,2021,Aug,20.6
Saint Lucia,2021,Sep,14.9
Saint Lucia,2021,Oct,20.5
Saint Lucia,2021,Nov,23.7
Saint Lucia,2021,Dec,29.7
Saint Lucia,2022,Jan,21.9
Saint Lucia,2022,Feb,26.8
Saint Lucia,2022,Mar,32.1
Saint Lucia,2022,Apr,30.7
Saint Lucia,2022,May,28.6
Saint Lucia,2022,Jun,30.7
Saint Lucia,2022,Jul,39.1
Saint Lucia,2022,Aug,32.6
Saint Lucia,2022,Sep,19.5
Saint Lucia,2022,Oct,25.4
Saint Lucia,2022,Nov,30.0
Saint Lucia,2022,Dec,38.8
Saint Lucia,2023,Jan,34.1
Saint Lucia,2023,Feb,34.6
Saint Lucia,2023,Mar,39.3
Saint Lucia,2023,Apr,34.5
Saint Lucia,2023,May,33.3
Saint Lucia,2023,Jun,27.0
Saint Lucia,2023,Jul,31.5
Saint Lucia,2023,Aug,27.4
Saint Lucia,2023,Sep,21.1
Saint Lucia,2023,Oct,26.5
Saint Lucia,2023,Nov,32.9
Saint Lucia,2023,Dec,38.5
Saint Lucia,2024,Jan,36.9
Saint Lucia,2024,Feb,38.8
Saint Lucia,2024,Mar,44.6
Saint Lucia,2024,Apr,37.6
Saint Lucia,2024,May,36.4
Saint Lucia,2024,Jun,38.4
Saint Lucia,2024,Jul,41.5
Saint Lucia,2024,Aug,34.9
Saint Lucia,2024,Sep,20.3
Saint Lucia,2024,Oct,30.4
Saint Lucia,2024,Nov,33.9
Saint Lucia,2024,Dec,42.1
Saint Lucia,2025,Jan,36.2
Saint Lucia,2025,Feb,38.1
Saint Lucia,2025,Mar,41.6
Saint Lucia,2025,Apr,37.5
Saint Lucia,2025,May,35.4
Saint Lucia,2025,Jun,33.6
Saint Lucia,2025,Jul,40.9
Saint Lucia,2025,Aug,35.6
Saint Lucia,2025,Sep,19.7
Samoa,2015,Feb,7.4
Samoa,2015,Mar,35.4
Samoa,2015,Apr,9.2
Samoa,2015,May,10.9
Samoa,2015,Jun,43.6
Samoa,2015,Jul,30.3
Samoa,2015,Aug,25.6
Samoa,2015,Sep,25.3
Samoa,2015,Oct,23.1
Samoa,2015,Nov,19.2
Samoa,2015,Dec,35.5
Samoa,2016,Jan,12.1
Samoa,2016,Feb,8.2
Samoa,2016,Mar,10.0
Samoa,2016,Apr,11.3
Samoa,2016,May,11.2
Samoa,2016,Jun,12.9
Samoa,2016,Jul,16.5
Samoa,2016,Aug,12.3
Samoa,2016,Sep,12.1
Samoa,2016,Oct,11.4
Samoa,2016,Nov,9.2
Samoa,2016,Dec,18.7
Samoa,2017,Jan,12.0
Samoa,2017,Feb,7.9
Samoa,2017,Mar,9.5
Samoa,2017,Apr,11.6
Samoa,2017,May,11.0
Samoa,2017,Jun,14.3
Samoa,2017,Jul,18.4
Samoa,2017,Aug,14.7
Samoa,2017,Sep,13.1
Samoa,2017,Oct,12.2
Samoa,2017,Nov,12.1
Samoa,2017,Dec,20.8
Samoa,2018,Jan,12.7
Samoa,2018,Feb,7.4
Samoa,2018,Mar,11.7
Samoa,2018,Apr,10.8
Samoa,2018,May,13.2
Samoa,2018,Jun,16.3
Samoa,2018,Jul,19.2
Samoa,2018,Aug,16.3
Samoa,2018,Sep,14.8
Samoa,2018,Oct,14.5
Samoa,2018,Nov,11.5
Samoa,2018,Dec,24.0
Samoa,2019,Jan,14.4
Samoa,2019,Feb,9.7
Samoa,2019,Mar,11.8
Samoa,2019,Apr,15.0
Samoa,2019,May,14.3
Samoa,2019,Jun,17.0
Samoa,2019,Jul,25.3
Samoa,2019,Aug,18.5
Samoa,2019,Sep,17.1
Samoa,2019,Oct,15.1
Samoa,2019,Nov,12.6
Samoa,2019,Dec,18.5
Samoa,2020,Jan,11.0
Samoa,2020,Feb,7.2
Samoa,2020,Mar,4.2
Samoa,2020,Apr,0.2
Samoa,2020,May,0.2
Samoa,2020,Jun,0.2
Samoa,2020,Jul,0.3
Samoa,2020,Aug,0.3
Samoa,2020,Sep,0.3
Samoa,2020,Oct,0.3
Samoa,2020,Nov,0.2
Samoa,2020,Dec,0.2
Samoa,2021,Jan,0.2
Samoa,2021,Feb,0.1
Samoa,2021,Mar,0.3
Samoa,2021,Apr,0.4
Samoa,2021,May,0.2
Samoa,2021,Jun,0.2
Samoa,2021,Jul,0.1
Samoa,2021,Aug,0.2
Samoa,2021,Sep,0.3
Samoa,2021,Oct,0.2
Samoa,2021,Nov,0.3
Samoa,2021,Dec,0.3
Samoa,2022,Jan,0.2
Samoa,2022,Feb,0.2
Samoa,2022,Mar,0.3
Samoa,2022,Apr,0.2
Samoa,2022,May,0.7
Samoa,2022,Jun,0.9
Samoa,2022,Jul,1.1
Samoa,2022,Aug,6.4
Samoa,2022,Sep,8.4
Samoa,2022,Oct,7.2
Samoa,2022,Nov,8.5
Samoa,2022,Dec,17.1
Samoa,2023,Jan,12.3
Samoa,2023,Feb,7.7
Samoa,2023,Mar,10.1
Samoa,2023,Apr,13.7
Samoa,2023,May,15.7
Samoa,2023,Jun,18.0
Samoa,2023,Jul,17.3
Samoa,2023,Aug,16.5
Samoa,2023,Sep,14.9
Samoa,2023,Oct,13.4
Samoa,2023,Nov,12.9
Samoa,2023,Dec,22.5
Samoa,2024,Jan,14.5
Samoa,2024,Feb,9.6
Samoa,2024,Mar,11.2
Samoa,2024,Apr,12.6
Samoa,2024,May,14.1
Samoa,2024,Jun,16.1
Samoa,2024,Jul,19.0
Samoa,2024,Aug,17.2
Samoa,2024,Sep,14.5
Samoa,2024,Oct,14.7
Samoa,2024,Nov,13.0
Samoa,2024,Dec,22.8
Samoa,2025,Jan,14.7
Samoa,2025,Feb,8.1
Samoa,2025,Mar,11.6
Samoa,2025,Apr,13.2
Samoa,2025,May,14.0
Samoa,2025,Jun,17.7
Samoa,2025,Jul,18.8
Samoa,2025,Aug,17.5
Samoa,2025,Sep,15.8
San Marino,2015,Feb,2.1
San Marino,2015,Mar,2.9
San Marino,2015,Apr,4.3
San Marino,2015,May,5.0
San Marino,2015,Jun,5.0
San Marino,2015,Jul,6.4
San Marino,2015,Aug,8.4
San Marino,2015,Sep,5.3
San Marino,2015,Oct,4.7
San Marino,2015,Nov,3.0
San Marino,2015,Dec,4.5
San Marino,2016,Jan,2.6
San Marino,2016,Feb,2.5
San Marino,2016,Mar,4.1
San Marino,2016,Apr,4.4
San Marino,2016,May,5.3
San Marino,2016,Jun,5.1
San Marino,2016,Jul,7.0
San Marino,2016,Aug,10.0
San Marino,2016,Sep,5.9
San Marino,2016,Oct,4.7
San Marino,2016,Nov,3.5
San Marino,2016,Dec,4.8
San Marino,2017,Jan,3.4
San Marino,2017,Feb,3.1
San Marino,2017,Mar,3.9
San Marino,2017,Apr,7.3
San Marino,2017,May,6.1
San Marino,2017,Jun,7.2
San Marino,2017,Jul,8.8
San Marino,2017,Aug,13.2
San Marino,2017,Sep,8.3
San Marino,2017,Oct,6.8
San Marino,2017,Nov,4.7
San Marino,2017,Dec,5.7
San Marino,2018,Jan,4.5
San Marino,2018,Feb,3.2
San Marino,2018,Mar,5.7
San Marino,2018,Apr,6.9
San Marino,2018,May,7.3
San Marino,2018,Jun,7.2
San Marino,2018,Jul,10.7
San Marino,2018,Aug,12.1
San Marino,2018,Sep,8.8
San Marino,2018,Oct,7.1
San Marino,2018,Nov,4.8
San Marino,2018,Dec,6.0
San Marino,2019,Jan,4.6
San Marino,2019,Feb,3.8
San Marino,2019,Mar,6.2
San Marino,2019,Apr,9.1
San Marino,2019,May,9.2
San Marino,2019,Jun,11.0
San Marino,2019,Jul,13.1
San Marino,2019,Aug,17.6
San Marino,2019,Sep,11.5
San Marino,2019,Oct,9.9
San Marino,2019,Nov,7.6
San Marino,2019,Dec,7.8
San Marino,2020,Jan,7.1
San Marino,2020,Feb,5.4
San Marino,2020,Mar,0.5
San Marino,2020,Apr,0.0
San Marino,2020,May,0.1
San Marino,2020,Jun,2.2
San Marino,2020,Jul,6.6
San Marino,2020,Aug,16.0
San Marino,2020,Sep,8.8
San Marino,2020,Oct,6.5
San Marino,2020,Nov,3.0
San Marino,2020,Dec,2.2
San Marino,2021,Jan,1.2
San Marino,2021,Feb,2.1
San Marino,2021,Mar,1.6
San Marino,2021,Apr,2.0
San Marino,2021,May,6.9
San Marino,2021,Jun,9.5
San Marino,2021,Jul,13.8
San Marino,2021,Aug,20.3
San Marino,2021,Sep,12.6
San Marino,2021,Oct,11.1
San Marino,2021,Nov,6.5
San Marino,2021,Dec,6.5
San Marino,2022,Jan,3.9
San Marino,2022,Feb,4.9
San Marino,2022,Mar,5.8
San Marino,2022,Apr,9.5
San Marino,2022,May,9.0
San Marino,2022,Jun,11.2
San Marino,2022,Jul,13.9
San Marino,2022,Aug,17.0
San Marino,2022,Sep,11.0
San Marino,2022,Oct,10.1
San Marino,2022,Nov,6.2
San Marino,2022,Dec,7.4
San Marino,2023,Jan,5.9
San Marino,2023,Feb,4.2
San Marino,2023,Mar,6.3
San Marino,2023,Apr,9.4
San Marino,2023,May,7.5
San Marino,2023,Jun,10.2
San Marino,2023,Jul,13.3
San Marino,2023,Aug,16.3
San Marino,2023,Sep,12.1
San Marino,2023,Oct,9.4
San Marino,2023,Nov,6.7
San Marino,2023,Dec,7.6
San Marino,2024,Jan,6.1
San Marino,2024,Feb,5.3
San Marino,2024,Mar,8.0
San Marino,2024,Apr,9.8
San Marino,2024,May,11.8
San Marino,2024,Jun,11.9
San Marino,2024,Jul,14.2
San Marino,2024,Aug,18.0
San Marino,2024,Sep,12.1
San Marino,2024,Oct,9.6
San Marino,2024,Nov,7.7
San Marino,2024,Dec,7.6
San Marino,2025,Jan,5.9
San Marino,2025,Feb,5.3
San Marino,2025,Mar,7.4
San Marino,2025,Apr,10.2
San Marino,2025,May,11.8
San Marino,2025,Jun,11.1
San Marino,2025,Jul,13.7
San Marino,2025,Aug,17.9
San Marino,2025,Sep,12.8
Saudi Arabia,2015,Feb,3421.0
Saudi Arabia,2015,Mar,3167.0
Saudi Arabia,2015,Apr,1574.0
Saudi Arabia,2015,May,1396.0
Saudi Arabia,2015,Jun,1535.0
Saudi Arabia,2015,Jul,1348.0
Saudi Arabia,2015,Aug,1056.0
Saudi Arabia,2015,Sep,2073.0
Saudi Arabia,2015,Oct,769.4
Saudi Arabia,2015,Nov,911.2
Saudi Arabia,2015,Dec,1847.0
Saudi Arabia,2016,Jan,1896.0
Saudi Arabia,2016,Feb,2343.0
Saudi Arabia,2016,Mar,1709.0
Saudi Arabia,2016,Apr,1580.0
Saudi Arabia,2016,May,1507.0
Saudi Arabia,2016,Jun,1710.0
Saudi Arabia,2016,Jul,812.8
Saudi Arabia,2016,Aug,986.1
Saudi Arabia,2016,Sep,1970.0
Saudi Arabia,2016,Oct,462.2
Saudi Arabia,2016,Nov,846.6
Saudi Arabia,2016,Dec,2221.0
Saudi Arabia,2017,Jan,1505.0
Saudi Arabia,2017,Feb,1301.0
Saudi Arabia,2017,Mar,1485.0
Saudi Arabia,2017,Apr,1791.0
Saudi Arabia,2017,May,1589.0
Saudi Arabia,2017,Jun,1351.0
Saudi Arabia,2017,Jul,451.9
Saudi Arabia,2017,Aug,551.3
Saudi Arabia,2017,Sep,2190.0
Saudi Arabia,2017,Oct,680.1
Saudi Arabia,2017,Nov,1833.0
Saudi Arabia,2017,Dec,1381.0
Saudi Arabia,2018,Jan,1391.0
Saudi Arabia,2018,Feb,1182.0
Saudi Arabia,2018,Mar,1496.0
Saudi Arabia,2018,Apr,1511.0
Saudi Arabia,2018,May,1619.0
Saudi Arabia,2018,Jun,1070.0
Saudi Arabia,2018,Jul,640.9
Saudi Arabia,2018,Aug,2444.0
Saudi Arabia,2018,Sep,509.4
Saudi Arabia,2018,Oct,902.9
Saudi Arabia,2018,Nov,1141.0
Saudi Arabia,2018,Dec,1427.0
Saudi Arabia,2019,Jan,1653.0
Saudi Arabia,2019,Feb,1492.0
Saudi Arabia,2019,Mar,1599.0
Saudi Arabia,2019,Apr,1650.0
Saudi Arabia,2019,May,2079.0
Saudi Arabia,2019,Jun,903.3
Saudi Arabia,2019,Jul,749.9
Saudi Arabia,2019,Aug,2675.0
Saudi Arabia,2019,Sep,635.2
Saudi Arabia,2019,Oct,1119.0
Saudi Arabia,2019,Nov,1234.0
Saudi Arabia,2019,Dec,1735.0
Saudi Arabia,2020,Jan,1737.0
Saudi Arabia,2020,Feb,1483.0
Saudi Arabia,2020,Mar,191.7
Saudi Arabia,2020,Apr,27.4
Saudi Arabia,2020,May,18.7
Saudi Arabia,2020,Jun,35.3
Saudi Arabia,2020,Jul,36.7
Saudi Arabia,2020,Aug,52.2
Saudi Arabia,2020,Sep,103.7
Saudi Arabia,2020,Oct,145.5
Saudi Arabia,2020,Nov,159.6
Saudi Arabia,2020,Dec,147.6
Saudi Arabia,2021,Jan,232.8
Saudi Arabia,2021,Feb,125.0
Saudi Arabia,2021,Mar,148.3
Saudi Arabia,2021,Apr,176.0
Saudi Arabia,2021,May,184.8
Saudi Arabia,2021,Jun,175.4
Saudi Arabia,2021,Jul,231.3
Saudi Arabia,2021,Aug,257.4
Saudi Arabia,2021,Sep,308.2
Saudi Arabia,2021,Oct,453.0
Saudi Arabia,2021,Nov,493.6
Saudi Arabia,2021,Dec,691.4
Saudi Arabia,2022,Jan,548.9
Saudi Arabia,2022,Feb,689.0
Saudi Arabia,2022,Mar,1217.0
Saudi Arabia,2022,Apr,1612.0
Saudi Arabia,2022,May,1104.0
Saudi Arabia,2022,Jun,867.2
Saudi Arabia,2022,Jul,1766.0
Saudi Arabia,2022,Aug,1311.0
Saudi Arabia,2022,Sep,1539.0
Saudi Arabia,2022,Oct,1753.0
Saudi Arabia,2022,Nov,1840.0
Saudi Arabia,2022,Dec,2391.0
Saudi Arabia,2023,Jan,2482.0
Saudi Arabia,2023,Feb,2456.0
Saudi Arabia,2023,Mar,2870.0
Saudi Arabia,2023,Apr,2424.0
Saudi Arabia,2023,May,1514.0
Saudi Arabia,2023,Jun,2847.0
Saudi Arabia,2023,Jul,1350.0
Saudi Arabia,2023,Aug,2109.0
Saudi Arabia,2023,Sep,2040.0
Saudi Arabia,2023,Oct,2191.0
Saudi Arabia,2023,Nov,2238.0
Saudi Arabia,2023,Dec,2903.0
Saudi Arabia,2024,Jan,3135.0
Saudi Arabia,2024,Feb,3111.0
Saudi Arabia,2024,Mar,3161.0
Saudi Arabia,2024,Apr,2056.0
Saudi Arabia,2024,May,1504.0
Saudi Arabia,2024,Jun,2790.0
Saudi Arabia,2024,Jul,1756.0
Saudi Arabia,2024,Aug,2138.0
Saudi Arabia,2024,Sep,1972.0
Saudi Arabia,2024,Oct,2417.0
Saudi Arabia,2024,Nov,2542.0
Saudi Arabia,2024,Dec,3147.0
Saudi Arabia,2025,Jan,3553.0
Saudi Arabia,2025,Feb,3146.0
Saudi Arabia,2025,Mar,2887.0
Saudi Arabia,2025,Apr,1618.0
Saudi Arabia,2025,May,739.4
Saudi Arabia,2025,Jun,2364.0
Saudi Arabia,2025,Jul,2178.0
Saudi Arabia,2025,Aug,2277.0
Saudi Arabia,2025,Sep,2160.0
Serbia,2015,Feb,52.8
Serbia,2015,Mar,71.9
Serbia,2015,Apr,86.9
Serbia,2015,May,114.4
Serbia,2015,Jun,109.8
Serbia,2015,Jul,127.0
Serbia,2015,Aug,147.4
Serbia,2015,Sep,115.1
Serbia,2015,Oct,99.1
Serbia,2015,Nov,66.9
Serbia,2015,Dec,86.4
Serbia,2016,Jan,66.7
Serbia,2016,Feb,66.2
Serbia,2016,Mar,79.5
Serbia,2016,Apr,93.9
Serbia,2016,May,120.3
Serbia,2016,Jun,113.1
Serbia,2016,Jul,144.5
Serbia,2016,Aug,160.0
Serbia,2016,Sep,133.4
Serbia,2016,Oct,114.2
Serbia,2016,Nov,86.9
Serbia,2016,Dec,102.5
Serbia,2017,Jan,70.3
Serbia,2017,Feb,65.7
Serbia,2017,Mar,98.4
Serbia,2017,Apr,118.3
Serbia,2017,May,136.6
Serbia,2017,Jun,145.1
Serbia,2017,Jul,178.2
Serbia,2017,Aug,190.8
Serbia,2017,Sep,152.5
Serbia,2017,Oct,136.7
Serbia,2017,Nov,93.6
Serbia,2017,Dec,111.1
Serbia,2018,Jan,81.4
Serbia,2018,Feb,77.6
Serbia,2018,Mar,104.5
Serbia,2018,Apr,128.4
Serbia,2018,May,163.5
Serbia,2018,Jun,164.5
Serbia,2018,Jul,205.1
Serbia,2018,Aug,227.1
Serbia,2018,Sep,174.2
Serbia,2018,Oct,153.2
Serbia,2018,Nov,110.1
Serbia,2018,Dec,120.9
Serbia,2019,Jan,82.9
Serbia,2019,Feb,80.5
Serbia,2019,Mar,112.0
Serbia,2019,Apr,131.2
Serbia,2019,May,164.0
Serbia,2019,Jun,184.1
Serbia,2019,Jul,215.9
Serbia,2019,Aug,237.8
Serbia,2019,Sep,195.2
Serbia,2019,Oct,174.5
Serbia,2019,Nov,129.5
Serbia,2019,Dec,138.9
Serbia,2020,Jan,106.8
Serbia,2020,Feb,91.4
Serbia,2020,Mar,38.3
Serbia,2020,Apr,1.1
Serbia,2020,May,3.6
Serbia,2020,Jun,24.4
Serbia,2020,Jul,24.3
Serbia,2020,Aug,30.6
Serbia,2020,Sep,33.4
Serbia,2020,Oct,43.6
Serbia,2020,Nov,26.9
Serbia,2020,Dec,21.2
Serbia,2021,Jan,26.7
Serbia,2021,Feb,31.8
Serbia,2021,Mar,33.2
Serbia,2021,Apr,37.1
Serbia,2021,May,53.5
Serbia,2021,Jun,81.5
Serbia,2021,Jul,130.0
Serbia,2021,Aug,136.3
Serbia,2021,Sep,100.1
Serbia,2021,Oct,89.3
Serbia,2021,Nov,70.0
Serbia,2021,Dec,81.7
Serbia,2022,Jan,72.3
Serbia,2022,Feb,72.4
Serbia,2022,Mar,101.2
Serbia,2022,Apr,119.9
Serbia,2022,May,157.8
Serbia,2022,Jun,163.4
Serbia,2022,Jul,211.5
Serbia,2022,Aug,213.9
Serbia,2022,Sep,180.5
Serbia,2022,Oct,186.7
Serbia,2022,Nov,133.7
Serbia,2022,Dec,159.5
Serbia,2023,Jan,111.3
Serbia,2023,Feb,104.9
Serbia,2023,Mar,133.4
Serbia,2023,Apr,165.1
Serbia,2023,May,181.9
Serbia,2023,Jun,196.8
Serbia,2023,Jul,242.1
Serbia,2023,Aug,252.7
Serbia,2023,Sep,215.3
Serbia,2023,Oct,203.5
Serbia,2023,Nov,151.8
Serbia,2023,Dec,175.5
Serbia,2024,Jan,122.9
Serbia,2024,Feb,117.3
Serbia,2024,Mar,153.2
Serbia,2024,Apr,176.5
Serbia,2024,May,236.8
Serbia,2024,Jun,219.3
Serbia,2024,Jul,270.4
Serbia,2024,Aug,282.1
Serbia,2024,Sep,226.5
Serbia,2024,Oct,225.5
Serbia,2024,Nov,170.3
Serbia,2024,Dec,184.1
Serbia,2025,Jan,142.5
Serbia,2025,Feb,122.4
Serbia,2025,Mar,142.1
Serbia,2025,Apr,176.7
Serbia,2025,May,219.2
Serbia,2025,Jun,217.6
Serbia,2025,Jul,273.7
Serbia,2025,Aug,280.3
Serbia,2025,Sep,226.3
Seychelles,2015,Feb,23.4
Seychelles,2015,Mar,25.1
Seychelles,2015,Apr,25.0
Seychelles,2015,May,20.2
Seychelles,2015,Jun,16.9
Seychelles,2015,Jul,24.3
Seychelles,2015,Aug,25.4
Seychelles,2015,Sep,22.6
Seychelles,2015,Oct,27.5
Seychelles,2015,Nov,21.9
Seychelles,2015,Dec,26.6
Seychelles,2016,Jan,18.8
Seychelles,2016,Feb,26.3
Seychelles,2016,Mar,28.2
Seychelles,2016,Apr,27.1
Seychelles,2016,May,21.7
Seychelles,2016,Jun,17.2
Seychelles,2016,Jul,26.5
Seychelles,2016,Aug,26.9
Seychelles,2016,Sep,23.9
Seychelles,2016,Oct,31.7
Seychelles,2016,Nov,26.0
Seychelles,2016,Dec,28.8
Seychelles,2017,Jan,24.9
Seychelles,2017,Feb,29.6
Seychelles,2017,Mar,31.9
Seychelles,2017,Apr,36.0
Seychelles,2017,May,24.4
Seychelles,2017,Jun,23.1
Seychelles,2017,Jul,29.8
Seychelles,2017,Aug,33.1
Seychelles,2017,Sep,26.4
Seychelles,2017,Oct,34.0
Seychelles,2017,Nov,26.8
Seychelles,2017,Dec,29.7
Seychelles,2018,Jan,24.5
Seychelles,2018,Feb,31.2
Seychelles,2018,Mar,36.0
Seychelles,2018,Apr,31.1
Seychelles,2018,May,25.4
Seychelles,2018,Jun,23.9
Seychelles,2018,Jul,29.0
Seychelles,2018,Aug,32.3
Seychelles,2018,Sep,27.5
Seychelles,2018,Oct,33.7
Seychelles,2018,Nov,31.0
Seychelles,2018,Dec,36.2
Seychelles,2019,Jan,29.5
Seychelles,2019,Feb,36.8
Seychelles,2019,Mar,35.2
Seychelles,2019,Apr,37.1
Seychelles,2019,May,22.7
Seychelles,2019,Jun,25.8
Seychelles,2019,Jul,29.3
Seychelles,2019,Aug,33.5
Seychelles,2019,Sep,24.9
Seychelles,2019,Oct,36.0
Seychelles,2019,Nov,34.5
Seychelles,2019,Dec,38.9
Seychelles,2020,Jan,32.7
Seychelles,2020,Feb,38.1
Seychelles,2020,Mar,18.1
Seychelles,2020,Apr,0.0
Seychelles,2020,May,0.1
Seychelles,2020,Jun,0.1
Seychelles,2020,Jul,0.5
Seychelles,2020,Aug,2.1
Seychelles,2020,Sep,1.6
Seychelles,2020,Oct,3.3
Seychelles,2020,Nov,5.9
Seychelles,2020,Dec,12.4
Seychelles,2021,Jan,2.2
Seychelles,2021,Feb,1.4
Seychelles,2021,Mar,9.9
Seychelles,2021,Apr,28.5
Seychelles,2021,May,32.0
Seychelles,2021,Jun,26.8
Seychelles,2021,Jul,40.3
Seychelles,2021,Aug,39.2
Seychelles,2021,Sep,33.2
Seychelles,2021,Oct,54.2
Seychelles,2021,Nov,48.8
Seychelles,2021,Dec,48.9
Seychelles,2022,Jan,43.1
Seychelles,2022,Feb,54.7
Seychelles,2022,Mar,57.3
Seychelles,2022,Apr,64.7
Seychelles,2022,May,49.9
Seychelles,2022,Jun,42.2
Seychelles,2022,Jul,62.2
Seychelles,2022,Aug,58.7
Seychelles,2022,Sep,48.8
Seychelles,2022,Oct,69.9
Seychelles,2022,Nov,53.8
Seychelles,2022,Dec,57.5
Seychelles,2023,Jan,46.6
Seychelles,2023,Feb,60.4
Seychelles,2023,Mar,37.8
Seychelles,2023,Apr,70.6
Seychelles,2023,May,50.1
Seychelles,2023,Jun,47.9
Seychelles,2023,Jul,57.9
Seychelles,2023,Aug,56.3
Seychelles,2023,Sep,50.2
Seychelles,2023,Oct,66.6
Seychelles,2023,Nov,60.3
Seychelles,2023,Dec,65.6
Seychelles,2024,Jan,58.0
Seychelles,2024,Feb,67.3
Seychelles,2024,Mar,69.5
Seychelles,2024,Apr,66.7
Seychelles,2024,May,47.8
Seychelles,2024,Jun,42.7
Seychelles,2024,Jul,51.6
Seychelles,2024,Aug,56.5
Seychelles,2024,Sep,48.3
Seychelles,2024,Oct,70.3
Seychelles,2024,Nov,63.9
Seychelles,2024,Dec,62.1
Seychelles,2025,Jan,53.7
Seychelles,2025,Feb,66.3
Seychelles,2025,Mar,75.6
Seychelles,2025,Apr,78.2
Seychelles,2025,May,56.3
Seychelles,2025,Jun,54.4
Seychelles,2025,Jul,62.1
Seychelles,2025,Aug,61.3
Seychelles,2025,Sep,58.3
Sierra Leone,2015,Feb,1.2
Sierra Leone,2015,Mar,1.2
Sierra Leone,2015,Apr,0.9
Sierra Leone,2015,May,1.3
Sierra Leone,2015,Jun,1.6
Sierra Leone,2015,Jul,2.3
Sierra Leone,2015,Aug,2.3
Sierra Leone,2015,Sep,2.3
Sierra Leone,2015,Oct,3.0
Sierra Leone,2015,Nov,3.1
Sierra Leone,2015,Dec,3.3
Sierra Leone,2016,Jan,5.7
Sierra Leone,2016,Feb,4.9
Sierra Leone,2016,Mar,6.2
Sierra Leone,2016,Apr,6.9
Sierra Leone,2016,May,3.8
Sierra Leone,2016,Jun,3.3
Sierra Leone,2016,Jul,3.4
Sierra Leone,2016,Aug,3.2
Sierra Leone,2016,Sep,3.8
Sierra Leone,2016,Oct,4.0
Sierra Leone,2016,Nov,4.0
Sierra Leone,2016,Dec,4.5
Sierra Leone,2017,Jan,4.2
Sierra Leone,2017,Feb,3.6
Sierra Leone,2017,Mar,3.8
Sierra Leone,2017,Apr,4.7
Sierra Leone,2017,May,3.7
Sierra Leone,2017,Jun,3.7
Sierra Leone,2017,Jul,3.9
Sierra Leone,2017,Aug,3.5
Sierra Leone,2017,Sep,3.6
Sierra Leone,2017,Oct,5.0
Sierra Leone,2017,Nov,5.2
Sierra Leone,2017,Dec,6.3
Sierra Leone,2018,Jan,5.2
Sierra Leone,2018,Feb,4.1
Sierra Leone,2018,Mar,3.5
Sierra Leone,2018,Apr,5.0
Sierra Leone,2018,May,4.6
Sierra Leone,2018,Jun,4.2
Sierra Leone,2018,Jul,4.4
Sierra Leone,2018,Aug,3.9
Sierra Leone,2018,Sep,4.0
Sierra Leone,2018,Oct,4.5
Sierra Leone,2018,Nov,5.6
Sierra Leone,2018,Dec,7.5
Sierra Leone,2019,Jan,5.7
Sierra Leone,2019,Feb,4.8
Sierra Leone,2019,Mar,5.0
Sierra Leone,2019,Apr,6.2
Sierra Leone,2019,May,4.6
Sierra Leone,2019,Jun,4.8
Sierra Leone,2019,Jul,5.0
Sierra Leone,2019,Aug,4.0
Sierra Leone,2019,Sep,4.6
Sierra Leone,2019,Oct,5.4
Sierra Leone,2019,Nov,5.5
Sierra Leone,2019,Dec,7.5
Sierra Leone,2020,Jan,6.0
Sierra Leone,2020,Feb,6.1
Sierra Leone,2020,Mar,2.3
Sierra Leone,2020,Aug,0.8
Sierra Leone,2020,Sep,1.7
Sierra Leone,2020,Oct,2.0
Sierra Leone,2020,Nov,2.3
Sierra Leone,2020,Dec,3.2
Sierra Leone,2021,Jan,2.9
Sierra Leone,2021,Feb,2.2
Sierra Leone,2021,Mar,3.2
Sierra Leone,2021,Apr,3.1
Sierra Leone,2021,May,3.0
Sierra Leone,2021,Jun,3.1
Sierra Leone,2021,Jul,2.8
Sierra Leone,2021,Aug,2.7
Sierra Leone,2021,Sep,3.1
Sierra Leone,2021,Oct,3.6
Sierra Leone,2021,Nov,4.2
Sierra Leone,2021,Dec,6.4
Sierra Leone,2022,Jan,7.1
Sierra Leone,2022,Feb,5.0
Sierra Leone,2022,Mar,5.5
Sierra Leone,2022,Apr,5.6
Sierra Leone,2022,May,4.8
Sierra Leone,2022,Jun,6.0
Sierra Leone,2022,Jul,5.5
Sierra Leone,2022,Aug,4.7
Sierra Leone,2022,Sep,5.2
Sierra Leone,2022,Oct,5.8
Sierra Leone,2022,Nov,6.8
Sierra Leone,2022,Dec,9.2
Sierra Leone,2023,Jan,5.2
Sierra Leone,2023,Feb,4.4
Sierra Leone,2023,Mar,4.3
Sierra Leone,2023,Apr,4.1
Sierra Leone,2023,May,3.7
Sierra Leone,2023,Jun,2.6
Sierra Leone,2023,Jul,3.4
Sierra Leone,2023,Aug,3.8
Sierra Leone,2023,Sep,4.3
Sierra Leone,2023,Oct,5.0
Sierra Leone,2023,Nov,4.9
Sierra Leone,2023,Dec,5.8
Sierra Leone,2024,Jan,5.6
Sierra Leone,2024,Feb,4.9
Sierra Leone,2024,Mar,5.4
Sierra Leone,2024,Apr,5.1
Sierra Leone,2024,May,4.4
Sierra Leone,2024,Jun,4.0
Sierra Leone,2024,Jul,4.3
Sierra Leone,2024,Aug,3.7
Sierra Leone,2024,Sep,4.2
Sierra Leone,2024,Oct,4.6
Sierra Leone,2024,Nov,5.5
Sierra Leone,2024,Dec,6.8
Sierra Leone,2025,Jan,5.7
Sierra Leone,2025,Feb,5.5
Sierra Leone,2025,Mar,4.9
Sierra Leone,2025,Apr,6.2
Sierra Leone,2025,May,4.8
Sierra Leone,2025,Jun,4.5
Sierra Leone,2025,Jul,4.3
Sierra Leone,2025,Aug,3.7
Sierra Leone,2025,Sep,4.5
Singapore,2015,Feb,888.2
Singapore,2015,Mar,906.1
Singapore,2015,Apr,880.7
Singapore,2015,May,940.6
Singapore,2015,Jun,903.5
Singapore,2015,Jul,1129.0
Singapore,2015,Aug,1157.0
Singapore,2015,Sep,833.8
Singapore,2015,Oct,941.2
Singapore,2015,Nov,909.3
Singapore,2015,Dec,949.1
Singapore,2016,Jan,1110.0
Singapore,2016,Feb,1017.0
Singapore,2016,Mar,1020.0
Singapore,2016,Apr,1016.0
Singapore,2016,May,1055.0
Singapore,2016,Jun,960.5
Singapore,2016,Jul,1244.0
Singapore,2016,Aug,1195.0
Singapore,2016,Sep,855.5
Singapore,2016,Oct,945.0
Singapore,2016,Nov,909.9
Singapore,2016,Dec,1022.0
Singapore,2017,Jan,1178.0
Singapore,2017,Feb,1066.0
Singapore,2017,Mar,1062.0
Singapore,2017,Apr,1125.0
Singapore,2017,May,1072.0
Singapore,2017,Jun,1041.0
Singapore,2017,Jul,1299.0
Singapore,2017,Aug,1235.0
Singapore,2017,Sep,991.0
Singapore,2017,Oct,1105.0
Singapore,2017,Nov,1050.0
Singapore,2017,Dec,1101.0
Singapore,2018,Jan,1247.0
Singapore,2018,Feb,1159.0
Singapore,2018,Mar,1165.0
Singapore,2018,Apr,1169.0
Singapore,2018,May,1144.0
Singapore,2018,Jun,1159.0
Singapore,2018,Jul,1365.0
Singapore,2018,Aug,1347.0
Singapore,2018,Sep,1067.0
Singapore,2018,Oct,1130.0
Singapore,2018,Nov,1053.0
Singapore,2018,Dec,1036.0
Singapore,2019,Jan,1299.0
Singapore,2019,Feb,1146.0
Singapore,2019,Mar,1183.0
Singapore,2019,Apr,1161.0
Singapore,2019,May,1153.0
Singapore,2019,Jun,1185.0
Singapore,2019,Jul,1394.0
Singapore,2019,Aug,1398.0
Singapore,2019,Sep,1117.0
Singapore,2019,Oct,1171.0
Singapore,2019,Nov,1144.0
Singapore,2019,Dec,1211.0
Singapore,2020,Jan,1366.0
Singapore,2020,Feb,577.8
Singapore,2020,Mar,190.6
Singapore,2020,Apr,4.8
Singapore,2020,May,3.7
Singapore,2020,Jun,4.5
Singapore,2020,Jul,3.1
Singapore,2020,Aug,2.6
Singapore,2020,Sep,1.7
Singapore,2020,Oct,2.0
Singapore,2020,Nov,2.5
Singapore,2020,Dec,4.6
Singapore,2021,Jan,5.4
Singapore,2021,Feb,3.8
Singapore,2021,Mar,5.3
Singapore,2021,Apr,5.7
Singapore,2021,May,6.3
Singapore,2021,Jun,4.7
Singapore,2021,Jul,5.2
Singapore,2021,Aug,4.8
Singapore,2021,Sep,4.8
Singapore,2021,Oct,6.1
Singapore,2021,Nov,9.7
Singapore,2021,Dec,22.2
Singapore,2022,Jan,28.5
Singapore,2022,Feb,33.2
Singapore,2022,Mar,63.5
Singapore,2022,Apr,183.0
Singapore,2022,May,334.6
Singapore,2022,Jun,410.3
Singapore,2022,Jul,557.7
Singapore,2022,Aug,559.9
Singapore,2022,Sep,556.5
Singapore,2022,Oct,669.4
Singapore,2022,Nov,629.2
Singapore,2022,Dec,649.7
Singapore,2023,Jan,746.5
Singapore,2023,Feb,701.8
Singapore,2023,Mar,752.1
Singapore,2023,Apr,815.7
Singapore,2023,May,869.0
Singapore,2023,Jun,831.7
Singapore,2023,Jul,1096.0
Singapore,2023,Aug,1059.0
Singapore,2023,Sep,828.5
Singapore,2023,Oct,884.3
Singapore,2023,Nov,816.3
Singapore,2023,Dec,854.3
Singapore,2024,Jan,1080.0
Singapore,2024,Feb,1073.0
Singapore,2024,Mar,1125.0
Singapore,2024,Apr,995.1
Singapore,2024,May,966.8
Singapore,2024,Jun,925.8
Singapore,2024,Jul,1220.0
Singapore,2024,Aug,1230.0
Singapore,2024,Sep,947.7
Singapore,2024,Oct,997.9
Singapore,2024,Nov,909.5
Singapore,2024,Dec,959.7
Singapore,2025,Jan,1191.0
Singapore,2025,Feb,1048.0
Singapore,2025,Mar,932.5
Singapore,2025,Apr,1014.0
Singapore,2025,May,1031.0
Singapore,2025,Jun,924.2
Singapore,2025,Jul,1225.0
Singapore,2025,Aug,1273.0
Singapore,2025,Sep,883.1
Slovakia,2015,Feb,102.7
Slovakia,2015,Mar,106.2
Slovakia,2015,Apr,111.3
Slovakia,2015,May,147.4
Slovakia,2015,Jun,166.5
Slovakia,2015,Jul,195.8
Slovakia,2015,Aug,226.9
Slovakia,2015,Sep,176.1
Slovakia,2015,Oct,150.3
Slovakia,2015,Nov,116.6
Slovakia,2015,Dec,114.8
Slovakia,2016,Jan,119.7
Slovakia,2016,Feb,124.1
Slovakia,2016,Mar,128.2
Slovakia,2016,Apr,138.5
Slovakia,2016,May,168.1
Slovakia,2016,Jun,179.8
Slovakia,2016,Jul,249.8
Slovakia,2016,Aug,258.9
Slovakia,2016,Sep,203.5
Slovakia,2016,Oct,169.6
Slovakia,2016,Nov,130.3
Slovakia,2016,Dec,125.3
Slovakia,2017,Jan,128.0
Slovakia,2017,Feb,133.9
Slovakia,2017,Mar,141.1
Slovakia,2017,Apr,155.8
Slovakia,2017,May,185.1
Slovakia,2017,Jun,208.4
Slovakia,2017,Jul,270.2
Slovakia,2017,Aug,281.7
Slovakia,2017,Sep,210.6
Slovakia,2017,Oct,177.0
Slovakia,2017,Nov,135.2
Slovakia,2017,Dec,135.3
Slovakia,2018,Jan,136.0
Slovakia,2018,Feb,145.4
Slovakia,2018,Mar,147.7
Slovakia,2018,Apr,161.8
Slovakia,2018,May,194.1
Slovakia,2018,Jun,213.9
Slovakia,2018,Jul,281.3
Slovakia,2018,Aug,295.8
Slovakia,2018,Sep,217.3
Slovakia,2018,Oct,179.1
Slovakia,2018,Nov,141.3
Slovakia,2018,Dec,142.4
Slovakia,2019,Jan,138.7
Slovakia,2019,Feb,156.2
Slovakia,2019,Mar,155.3
Slovakia,2019,Apr,171.0
Slovakia,2019,May,224.7
Slovakia,2019,Jun,242.4
Slovakia,2019,Jul,297.2
Slovakia,2019,Aug,325.5
Slovakia,2019,Sep,236.7
Slovakia,2019,Oct,206.5
Slovakia,2019,Nov,158.8
Slovakia,2019,Dec,162.0
Slovakia,2020,Jan,166.2
Slovakia,2020,Feb,165.4
Slovakia,2020,Mar,51.4
Slovakia,2020,Apr,0.4
Slovakia,2020,May,2.3
Slovakia,2020,Jun,33.8
Slovakia,2020,Jul,145.9
Slovakia,2020,Aug,168.7
Slovakia,2020,Sep,79.8
Slovakia,2020,Oct,18.8
Slovakia,2020,Nov,10.3
Slovakia,2020,Dec,11.0
Slovakia,2021,Jan,5.2
Slovakia,2021,Feb,5.2
Slovakia,2021,Mar,6.0
Slovakia,2021,Apr,6.9
Slovakia,2021,May,16.2
Slovakia,2021,Jun,47.1
Slovakia,2021,Jul,99.5
Slovakia,2021,Aug,129.6
Slovakia,2021,Sep,115.7
Slovakia,2021,Oct,82.0
Slovakia,2021,Nov,41.9
Slovakia,2021,Dec,20.4
Slovakia,2022,Jan,48.5
Slovakia,2022,Feb,73.9
Slovakia,2022,Mar,87.0
Slovakia,2022,Apr,96.7
Slovakia,2022,May,125.3
Slovakia,2022,Jun,157.4
Slovakia,2022,Jul,218.3
Slovakia,2022,Aug,230.7
Slovakia,2022,Sep,166.8
Slovakia,2022,Oct,155.4
Slovakia,2022,Nov,115.6
Slovakia,2022,Dec,118.7
Slovakia,2023,Jan,124.6
Slovakia,2023,Feb,140.9
Slovakia,2023,Mar,140.1
Slovakia,2023,Apr,151.3
Slovakia,2023,May,173.2
Slovakia,2023,Jun,195.3
Slovakia,2023,Jul,266.9
Slovakia,2023,Aug,273.3
Slovakia,2023,Sep,205.1
Slovakia,2023,Oct,155.8
Slovakia,2023,Nov,123.5
Slovakia,2023,Dec,134.3
Slovakia,2024,Jan,136.1
Slovakia,2024,Feb,157.4
Slovakia,2024,Mar,145.2
Slovakia,2024,Apr,139.9
Slovakia,2024,May,188.7
Slovakia,2024,Jun,201.6
Slovakia,2024,Jul,263.4
Slovakia,2024,Aug,276.6
Slovakia,2024,Sep,189.3
Slovakia,2024,Oct,177.4
Slovakia,2024,Nov,137.2
Slovakia,2024,Dec,152.6
Slovakia,2025,Jan,155.6
Slovakia,2025,Feb,169.3
Slovakia,2025,Mar,143.0
Slovakia,2025,Apr,158.4
Slovakia,2025,May,198.4
Slovakia,2025,Jun,233.0
Slovakia,2025,Jul,267.8
Slovakia,2025,Aug,323.8
Slovakia,2025,Sep,220.1
Slovenia,2015,Feb,119.9
Slovenia,2015,Mar,144.8
Slovenia,2015,Apr,200.4
Slovenia,2015,May,277.1
Slovenia,2015,Jun,306.5
Slovenia,2015,Jul,460.5
Slovenia,2015,Aug,556.4
Slovenia,2015,Sep,313.0
Slovenia,2015,Oct,215.3
Slovenia,2015,Nov,127.6
Slovenia,2015,Dec,165.2
Slovenia,2016,Jan,155.9
Slovenia,2016,Feb,135.8
Slovenia,2016,Mar,188.1
Slovenia,2016,Apr,196.8
Slovenia,2016,May,291.1
Slovenia,2016,Jun,319.3
Slovenia,2016,Jul,533.4
Slovenia,2016,Aug,613.1
Slovenia,2016,Sep,370.4
Slovenia,2016,Oct,263.4
Slovenia,2016,Nov,147.7
Slovenia,2016,Dec,181.9
Slovenia,2017,Jan,177.1
Slovenia,2017,Feb,152.7
Slovenia,2017,Mar,189.1
Slovenia,2017,Apr,285.2
Slovenia,2017,May,314.6
Slovenia,2017,Jun,426.1
Slovenia,2017,Jul,639.3
Slovenia,2017,Aug,725.7
Slovenia,2017,Sep,420.2
Slovenia,2017,Oct,281.9
Slovenia,2017,Nov,169.0
Slovenia,2017,Dec,209.7
Slovenia,2018,Jan,181.2
Slovenia,2018,Feb,153.2
Slovenia,2018,Mar,221.5
Slovenia,2018,Apr,290.0
Slovenia,2018,May,391.6
Slovenia,2018,Jun,462.8
Slovenia,2018,Jul,710.0
Slovenia,2018,Aug,805.8
Slovenia,2018,Sep,485.4
Slovenia,2018,Oct,313.8
Slovenia,2018,Nov,191.4
Slovenia,2018,Dec,218.5
Slovenia,2019,Jan,175.6
Slovenia,2019,Feb,167.7
Slovenia,2019,Mar,217.0
Slovenia,2019,Apr,352.6
Slovenia,2019,May,381.6
Slovenia,2019,Jun,531.8
Slovenia,2019,Jul,754.2
Slovenia,2019,Aug,879.3
Slovenia,2019,Sep,500.3
Slovenia,2019,Oct,333.1
Slovenia,2019,Nov,191.5
Slovenia,2019,Dec,217.1
Slovenia,2020,Jan,187.1
Slovenia,2020,Feb,170.6
Slovenia,2020,Mar,43.9
Slovenia,2020,Apr,0.0
Slovenia,2020,May,3.8
Slovenia,2020,Jun,88.7
Slovenia,2020,Jul,249.4
Slovenia,2020,Aug,292.0
Slovenia,2020,Sep,131.8
Slovenia,2020,Oct,39.8
Slovenia,2020,Nov,4.7
Slovenia,2020,Dec,4.3
Slovenia,2021,Jan,5.6
Slovenia,2021,Feb,8.6
Slovenia,2021,Mar,12.7
Slovenia,2021,Apr,8.7
Slovenia,2021,May,33.8
Slovenia,2021,Jun,125.9
Slovenia,2021,Jul,407.4
Slovenia,2021,Aug,584.7
Slovenia,2021,Sep,328.6
Slovenia,2021,Oct,161.5
Slovenia,2021,Nov,72.6
Slovenia,2021,Dec,82.2
Slovenia,2022,Jan,94.1
Slovenia,2022,Feb,105.1
Slovenia,2022,Mar,127.2
Slovenia,2022,Apr,218.8
Slovenia,2022,May,273.7
Slovenia,2022,Jun,444.0
Slovenia,2022,Jul,766.9
Slovenia,2022,Aug,857.3
Slovenia,2022,Sep,455.1
Slovenia,2022,Oct,269.3
Slovenia,2022,Nov,140.3
Slovenia,2022,Dec,183.8
Slovenia,2023,Jan,176.9
Slovenia,2023,Feb,163.3
Slovenia,2023,Mar,165.4
Slovenia,2023,Apr,324.4
Slovenia,2023,May,393.7
Slovenia,2023,Jun,534.5
Slovenia,2023,Jul,876.7
Slovenia,2023,Aug,839.2
Slovenia,2023,Sep,517.9
Slovenia,2023,Oct,294.7
Slovenia,2023,Nov,155.6
Slovenia,2023,Dec,216.0
Slovenia,2024,Jan,176.0
Slovenia,2024,Feb,176.7
Slovenia,2024,Mar,228.3
Slovenia,2024,Apr,289.4
Slovenia,2024,May,470.6
Slovenia,2024,Jun,531.6
Slovenia,2024,Jul,873.9
Slovenia,2024,Aug,996.2
Slovenia,2024,Sep,535.1
Slovenia,2024,Oct,338.8
Slovenia,2024,Nov,202.3
Slovenia,2024,Dec,234.6
Slovenia,2025,Jan,199.2
Slovenia,2025,Feb,178.4
Slovenia,2025,Mar,195.4
Slovenia,2025,Apr,379.3
Slovenia,2025,May,487.3
Slovenia,2025,Jun,638.9
Slovenia,2025,Jul,915.0
Slovenia,2025,Aug,1037.0
Slovenia,2025,Sep,605.1
Solomon Islands,2015,Feb,1.5
Solomon Islands,2015,Mar,1.7
Solomon Islands,2015,Apr,1.8
Solomon Islands,2015,May,1.7
Solomon Islands,2015,Jun,2.1
Solomon Islands,2015,Jul,2.1
Solomon Islands,2015,Aug,1.4
Solomon Islands,2015,Sep,2.2
Solomon Islands,2015,Oct,1.7
Solomon Islands,2015,Nov,2.1
Solomon Islands,2015,Dec,2.1
Solomon Islands,2016,Jan,1.7
Solomon Islands,2016,Feb,1.7
Solomon Islands,2016,Mar,1.7
Solomon Islands,2016,Apr,1.8
Solomon Islands,2016,May,1.9
Solomon Islands,2016,Jun,2.0
Solomon Islands,2016,Jul,2.3
Solomon Islands,2016,Aug,1.9
Solomon Islands,2016,Sep,1.4
Solomon Islands,2016,Oct,2.3
Solomon Islands,2016,Nov,0.7
Solomon Islands,2016,Dec,2.4
Solomon Islands,2017,Jan,1.5
Solomon Islands,2017,Feb,1.6
Solomon Islands,2017,Mar,1.7
Solomon Islands,2017,Apr,2.0
Solomon Islands,2017,May,1.9
Solomon Islands,2017,Jun,2.6
Solomon Islands,2017,Jul,2.3
Solomon Islands,2017,Aug,2.6
Solomon Islands,2017,Sep,2.4
Solomon Islands,2017,Oct,2.5
Solomon Islands,2017,Nov,2.3
Solomon Islands,2017,Dec,2.3
Solomon Islands,2018,Jan,2.1
Solomon Islands,2018,Feb,1.9
Solomon Islands,2018,Mar,2.4
Solomon Islands,2018,Apr,2.3
Solomon Islands,2018,May,2.0
Solomon Islands,2018,Jun,2.8
Solomon Islands,2018,Jul,2.9
Solomon Islands,2018,Aug,2.3
Solomon Islands,2018,Sep,2.7
Solomon Islands,2018,Oct,2.4
Solomon Islands,2018,Nov,2.0
Solomon Islands,2018,Dec,2.3
Solomon Islands,2019,Jan,1.8
Solomon Islands,2019,Feb,1.9
Solomon Islands,2019,Mar,2.4
Solomon Islands,2019,Apr,2.1
Solomon Islands,2019,May,2.4
Solomon Islands,2019,Jun,2.5
Solomon Islands,2019,Jul,2.5
Solomon Islands,2019,Aug,2.5
Solomon Islands,2019,Sep,2.7
Solomon Islands,2019,Oct,2.8
Solomon Islands,2019,Nov,2.3
Solomon Islands,2019,Dec,3.1
Solomon Islands,2020,Jan,1.9
Solomon Islands,2020,Feb,1.5
Solomon Islands,2020,Mar,0.8
Solomon Islands,2020,Apr,0.0
Solomon Islands,2020,May,0.0
Solomon Islands,2020,Jun,0.0
Solomon Islands,2020,Jul,0.1
Solomon Islands,2020,Aug,0.0
Solomon Islands,2020,Sep,0.1
Solomon Islands,2020,Oct,0.1
Solomon Islands,2020,Nov,0.0
Solomon Islands,2020,Dec,0.0
Solomon Islands,2021,Jan,0.0
Solomon Islands,2021,Feb,0.1
Solomon Islands,2021,Mar,0.0
Solomon Islands,2021,Apr,0.1
Solomon Islands,2021,May,0.1
Solomon Islands,2021,Jun,0.0
Solomon Islands,2021,Jul,0.0
Solomon Islands,2021,Aug,0.0
Solomon Islands,2021,Sep,0.0
Solomon Islands,2021,Oct,0.0
Solomon Islands,2021,Nov,0.2
Solomon Islands,2021,Dec,0.1
Solomon Islands,2022,Jan,0.0
Solomon Islands,2022,Feb,0.1
Solomon Islands,2022,Mar,0.1
Solomon Islands,2022,Apr,0.2
Solomon Islands,2022,May,0.1
Solomon Islands,2022,Jun,0.1
Solomon Islands,2022,Jul,0.5
Solomon Islands,2022,Aug,1.0
Solomon Islands,2022,Sep,1.0
Solomon Islands,2022,Oct,1.4
Solomon Islands,2022,Nov,1.4
Solomon Islands,2022,Dec,1.4
Solomon Islands,2023,Jan,1.2
Solomon Islands,2023,Feb,1.2
Solomon Islands,2023,Mar,1.5
Solomon Islands,2023,Apr,1.6
Solomon Islands,2023,May,1.5
Solomon Islands,2023,Jun,1.9
Solomon Islands,2023,Jul,1.9
Solomon Islands,2023,Aug,1.9
Solomon Islands,2023,Sep,1.8
Solomon Islands,2023,Oct,2.1
Solomon Islands,2023,Nov,7.5
Solomon Islands,2023,Dec,1.9
Solomon Islands,2024,Jan,1.3
Solomon Islands,2024,Feb,1.5
Solomon Islands,2024,Mar,2.0
Solomon Islands,2024,Apr,2.2
Solomon Islands,2024,May,2.0
Solomon Islands,2024,Jun,2.3
Solomon Islands,2024,Jul,2.2
Solomon Islands,2024,Aug,2.5
Solomon Islands,2024,Sep,2.2
Solomon Islands,2024,Oct,2.4
Solomon Islands,2024,Nov,2.2
Solomon Islands,2024,Dec,2.3
South Africa,2015,Feb,681.2
South Africa,2015,Mar,733.2
South Africa,2015,Apr,719.6
South Africa,2015,May,685.4
South Africa,2015,Jun,610.1
South Africa,2015,Jul,732.9
South Africa,2015,Aug,731.2
South Africa,2015,Sep,716.8
South Africa,2015,Oct,748.6
South Africa,2015,Nov,774.4
South Africa,2015,Dec,892.7
South Africa,2016,Jan,1013.0
South Africa,2016,Feb,803.8
South Africa,2016,Mar,904.6
South Africa,2016,Apr,795.9
South Africa,2016,May,760.7
South Africa,2016,Jun,691.4
South Africa,2016,Jul,822.4
South Africa,2016,Aug,833.6
South Africa,2016,Sep,793.6
South Africa,2016,Oct,851.0
South Africa,2016,Nov,809.3
South Africa,2016,Dec,965.1
South Africa,2017,Jan,1041.0
South Africa,2017,Feb,775.8
South Africa,2017,Mar,805.9
South Africa,2017,Apr,919.1
South Africa,2017,May,767.1
South Africa,2017,Jun,709.0
South Africa,2017,Jul,861.7
South Africa,2017,Aug,852.3
South Africa,2017,Sep,833.1
South Africa,2017,Oct,880.2
South Africa,2017,Nov,849.0
South Africa,2017,Dec,991.6
South Africa,2018,Jan,1104.0
South Africa,2018,Feb,802.3
South Africa,2018,Mar,882.7
South Africa,2018,Apr,866.9
South Africa,2018,May,767.3
South Africa,2018,Jun,729.4
South Africa,2018,Jul,855.9
South Africa,2018,Aug,876.9
South Africa,2018,Sep,842.4
South Africa,2018,Oct,862.0
South Africa,2018,Nov,875.2
South Africa,2018,Dec,1007.0
South Africa,2019,Jan,1068.0
South Africa,2019,Feb,797.2
South Africa,2019,Mar,838.7
South Africa,2019,Apr,903.1
South Africa,2019,May,753.5
South Africa,2019,Jun,734.6
South Africa,2019,Jul,790.2
South Africa,2019,Aug,897.0
South Africa,2019,Sep,780.4
South Africa,2019,Oct,834.3
South Africa,2019,Nov,850.5
South Africa,2019,Dec,981.0
South Africa,2020,Jan,1093.0
South Africa,2020,Feb,800.8
South Africa,2020,Mar,535.1
South Africa,2020,Apr,0.0
South Africa,2020,May,0.0
South Africa,2020,Jun,0.0
South Africa,2020,Jul,0.0
South Africa,2020,Aug,0.0
South Africa,2020,Sep,0.0
South Africa,2020,Oct,74.0
South Africa,2020,Nov,101.1
South Africa,2020,Dec,198.1
South Africa,2021,Jan,139.1
South Africa,2021,Feb,90.2
South Africa,2021,Mar,157.6
South Africa,2021,Apr,177.3
South Africa,2021,May,183.3
South Africa,2021,Jun,178.7
South Africa,2021,Jul,151.3
South Africa,2021,Aug,185.6
South Africa,2021,Sep,205.9
South Africa,2021,Oct,247.8
South Africa,2021,Nov,275.6
South Africa,2021,Dec,263.1
South Africa,2022,Jan,377.7
South Africa,2022,Feb,310.2
South Africa,2022,Mar,359.7
South Africa,2022,Apr,431.4
South Africa,2022,May,407.3
South Africa,2022,Jun,399.6
South Africa,2022,Jul,507.8
South Africa,2022,Aug,555.8
South Africa,2022,Sep,539.2
South Africa,2022,Oct,565.9
South Africa,2022,Nov,565.8
South Africa,2022,Dec,677.8
South Africa,2023,Jan,849.7
South Africa,2023,Feb,613.4
South Africa,2023,Mar,658.7
South Africa,2023,Apr,713.5
South Africa,2023,May,630.1
South Africa,2023,Jun,608.3
South Africa,2023,Jul,692.1
South Africa,2023,Aug,708.2
South Africa,2023,Sep,684.2
South Africa,2023,Oct,731.1
South Africa,2023,Nov,731.7
South Africa,2023,Dec,862.5
South Africa,2024,Jan,971.8
South Africa,2024,Feb,725.7
South Africa,2024,Mar,751.0
South Africa,2024,Apr,702.0
South Africa,2024,May,649.5
South Africa,2024,Jun,641.3
South Africa,2024,Jul,699.6
South Africa,2024,Aug,718.5
South Africa,2024,Sep,666.7
South Africa,2024,Oct,705.3
South Africa,2024,Nov,767.9
South Africa,2024,Dec,920.1
South Africa,2025,Jan,1014.0
South Africa,2025,Feb,764.1
South Africa,2025,Mar,810.4
South Africa,2025,Apr,827.9
South Africa,2025,May,804.2
South Africa,2025,Jun,750.2
South Africa,2025,Jul,881.4
South Africa,2025,Aug,935.7
South Africa,2025,Sep,846.4
Spain,2015,Feb,3234.0
Spain,2015,Mar,3984.0
Spain,2015,Apr,5470.0
Spain,2015,May,6624.0
Spain,2015,Jun,6703.0
Spain,2015,Jul,8737.0
Spain,2015,Aug,9478.0
Spain,2015,Sep,7195.0
Spain,2015,Oct,6432.0
Spain,2015,Nov,3755.0
Spain,2015,Dec,3513.0
Spain,2016,Jan,3527.0
Spain,2016,Feb,3679.0
Spain,2016,Mar,4627.0
Spain,2016,Apr,6086.0
Spain,2016,May,7111.0
Spain,2016,Jun,7553.0
Spain,2016,Jul,9546.0
Spain,2016,Aug,10027.0
Spain,2016,Sep,7933.0
Spain,2016,Oct,7138.0
Spain,2016,Nov,4098.0
Spain,2016,Dec,3990.0
Spain,2017,Jan,3906.0
Spain,2017,Feb,4119.0
Spain,2017,Mar,4914.0
Spain,2017,Apr,7082.0
Spain,2017,May,8003.0
Spain,2017,Jun,8432.0
Spain,2017,Jul,10493.0
Spain,2017,Aug,10398.0
Spain,2017,Sep,8877.0
Spain,2017,Oct,7270.0
Spain,2017,Nov,4393.0
Spain,2017,Dec,3983.0
Spain,2018,Jan,4107.0
Spain,2018,Feb,4218.0
Spain,2018,Mar,5393.0
Spain,2018,Apr,6780.0
Spain,2018,May,8086.0
Spain,2018,Jun,8554.0
Spain,2018,Jul,10020.0
Spain,2018,Aug,10176.0
Spain,2018,Sep,8932.0
Spain,2018,Oct,7650.0
Spain,2018,Nov,4537.0
Spain,2018,Dec,4355.0
Spain,2019,Jan,4196.0
Spain,2019,Feb,4381.0
Spain,2019,Mar,5650.0
Spain,2019,Apr,7146.0
Spain,2019,May,7919.0
Spain,2019,Jun,8834.0
Spain,2019,Jul,9873.0
Spain,2019,Aug,10118.0
Spain,2019,Sep,8845.0
Spain,2019,Oct,7588.0
Spain,2019,Nov,4655.0
Spain,2019,Dec,4305.0
Spain,2020,Jan,4133.0
Spain,2020,Feb,4427.0
Spain,2020,Mar,1997.0
Spain,2020,Apr,0.0
Spain,2020,May,0.0
Spain,2020,Jun,204.3
Spain,2020,Jul,2465.0
Spain,2020,Aug,2441.0
Spain,2020,Sep,1139.0
Spain,2020,Oct,1021.0
Spain,2020,Nov,456.8
Spain,2020,Dec,649.0
Spain,2021,Jan,438.0
Spain,2021,Feb,285.0
Spain,2021,Mar,491.4
Spain,2021,Apr,629.2
Spain,2021,May,1363.0
Spain,2021,Jun,2216.0
Spain,2021,Jul,4399.0
Spain,2021,Aug,5197.0
Spain,2021,Sep,4704.0
Spain,2021,Oct,5149.0
Spain,2021,Nov,3362.0
Spain,2021,Dec,2948.0
Spain,2022,Jan,2501.0
Spain,2022,Feb,3179.0
Spain,2022,Mar,4040.0
Spain,2022,Apr,6106.0
Spain,2022,May,6988.0
Spain,2022,Jun,7498.0
Spain,2022,Jul,9091.0
Spain,2022,Aug,8849.0
Spain,2022,Sep,7767.0
Spain,2022,Oct,7177.0
Spain,2022,Nov,4335.0
Spain,2022,Dec,4127.0
Spain,2023,Jan,4135.0
Spain,2023,Feb,4321.0
Spain,2023,Mar,5247.0
Spain,2023,Apr,7228.0
Spain,2023,May,8300.0
Spain,2023,Jun,8307.0
Spain,2023,Jul,10117.0
Spain,2023,Aug,10186.0
Spain,2023,Sep,8795.0
Spain,2023,Oct,8187.0
Spain,2023,Nov,5135.0
Spain,2023,Dec,5209.0
Spain,2024,Jan,4776.0
Spain,2024,Feb,5013.0
Spain,2024,Mar,6350.0
Spain,2024,Apr,7784.0
Spain,2024,May,9256.0
Spain,2024,Jun,9300.0
Spain,2024,Jul,10852.0
Spain,2024,Aug,10930.0
Spain,2024,Sep,9602.0
Spain,2024,Oct,8962.0
Spain,2024,Nov,5670.0
Spain,2024,Dec,5264.0
Spain,2025,Jan,5065.0
Spain,2025,Feb,5397.0
Spain,2025,Mar,6594.0
Spain,2025,Apr,8568.0
Spain,2025,May,9396.0
Spain,2025,Jun,9476.0
Spain,2025,Jul,11023.0
Spain,2025,Aug,11252.0
Spain,2025,Sep,9682.0
Sri Lanka,2015,Feb,165.5
Sri Lanka,2015,Mar,157.1
Sri Lanka,2015,Apr,122.2
Sri Lanka,2015,May,113.5
Sri Lanka,2015,Jun,115.5
Sri Lanka,2015,Jul,175.8
Sri Lanka,2015,Aug,166.6
Sri Lanka,2015,Sep,143.4
Sri Lanka,2015,Oct,132.3
Sri Lanka,2015,Nov,144.1
Sri Lanka,2015,Dec,206.1
Sri Lanka,2016,Jan,194.3
Sri Lanka,2016,Feb,197.7
Sri Lanka,2016,Mar,192.8
Sri Lanka,2016,Apr,136.4
Sri Lanka,2016,May,125.0
Sri Lanka,2016,Jun,118.0
Sri Lanka,2016,Jul,209.4
Sri Lanka,2016,Aug,186.3
Sri Lanka,2016,Sep,148.5
Sri Lanka,2016,Oct,150.4
Sri Lanka,2016,Nov,167.2
Sri Lanka,2016,Dec,224.8
Sri Lanka,2017,Jan,219.4
Sri Lanka,2017,Feb,197.5
Sri Lanka,2017,Mar,188.1
Sri Lanka,2017,Apr,160.2
Sri Lanka,2017,May,121.9
Sri Lanka,2017,Jun,123.4
Sri Lanka,2017,Jul,205.5
Sri Lanka,2017,Aug,190.9
Sri Lanka,2017,Sep,145.1
Sri Lanka,2017,Oct,152.4
Sri Lanka,2017,Nov,167.5
Sri Lanka,2017,Dec,244.5
Sri Lanka,2018,Jan,238.9
Sri Lanka,2018,Feb,235.6
Sri Lanka,2018,Mar,233.4
Sri Lanka,2018,Apr,180.4
Sri Lanka,2018,May,129.5
Sri Lanka,2018,Jun,146.8
Sri Lanka,2018,Jul,217.8
Sri Lanka,2018,Aug,200.4
Sri Lanka,2018,Sep,149.1
Sri Lanka,2018,Oct,153.1
Sri Lanka,2018,Nov,195.6
Sri Lanka,2018,Dec,253.2
Sri Lanka,2019,Jan,244.2
Sri Lanka,2019,Feb,252.0
Sri Lanka,2019,Mar,244.3
Sri Lanka,2019,Apr,167.0
Sri Lanka,2019,May,37.8
Sri Lanka,2019,Jun,63.1
Sri Lanka,2019,Jul,115.7
Sri Lanka,2019,Aug,143.6
Sri Lanka,2019,Sep,108.6
Sri Lanka,2019,Oct,118.7
Sri Lanka,2019,Nov,177.0
Sri Lanka,2019,Dec,241.7
Sri Lanka,2020,Jan,228.4
Sri Lanka,2020,Feb,207.5
Sri Lanka,2020,Mar,71.4
Sri Lanka,2020,Apr,0.0
Sri Lanka,2020,May,0.0
Sri Lanka,2020,Jun,0.0
Sri Lanka,2020,Jul,0.0
Sri Lanka,2020,Aug,0.0
Sri Lanka,2020,Sep,0.0
Sri Lanka,2020,Oct,0.0
Sri Lanka,2020,Nov,0.0
Sri Lanka,2020,Dec,0.4
Sri Lanka,2021,Jan,1.7
Sri Lanka,2021,Feb,3.4
Sri Lanka,2021,Mar,4.6
Sri Lanka,2021,Apr,4.2
Sri Lanka,2021,May,1.5
Sri Lanka,2021,Jun,1.6
Sri Lanka,2021,Jul,2.4
Sri Lanka,2021,Aug,5.0
Sri Lanka,2021,Sep,13.5
Sri Lanka,2021,Oct,22.8
Sri Lanka,2021,Nov,44.3
Sri Lanka,2021,Dec,89.5
Sri Lanka,2022,Jan,82.3
Sri Lanka,2022,Feb,96.5
Sri Lanka,2022,Mar,106.5
Sri Lanka,2022,Apr,63.0
Sri Lanka,2022,May,30.2
Sri Lanka,2022,Jun,32.9
Sri Lanka,2022,Jul,47.3
Sri Lanka,2022,Aug,37.8
Sri Lanka,2022,Sep,29.8
Sri Lanka,2022,Oct,42.0
Sri Lanka,2022,Nov,59.8
Sri Lanka,2022,Dec,92.0
Sri Lanka,2023,Jan,102.5
Sri Lanka,2023,Feb,107.6
Sri Lanka,2023,Mar,125.5
Sri Lanka,2023,Apr,105.5
Sri Lanka,2023,May,83.3
Sri Lanka,2023,Jun,100.4
Sri Lanka,2023,Jul,143.0
Sri Lanka,2023,Aug,136.4
Sri Lanka,2023,Sep,111.9
Sri Lanka,2023,Oct,109.2
Sri Lanka,2023,Nov,151.5
Sri Lanka,2023,Dec,210.4
Sri Lanka,2024,Jan,208.3
Sri Lanka,2024,Feb,218.4
Sri Lanka,2024,Mar,209.2
Sri Lanka,2024,Apr,148.9
Sri Lanka,2024,May,112.1
Sri Lanka,2024,Jun,113.5
Sri Lanka,2024,Jul,187.8
Sri Lanka,2024,Aug,164.6
Sri Lanka,2024,Sep,122.1
Sri Lanka,2024,Oct,135.9
Sri Lanka,2024,Nov,184.2
Sri Lanka,2024,Dec,248.6
Sri Lanka,2025,Jan,252.8
Sri Lanka,2025,Feb,240.2
Sri Lanka,2025,Mar,229.3
Sri Lanka,2025,Apr,174.6
Sri Lanka,2025,May,132.9
Sri Lanka,2025,Jun,138.2
Sri Lanka,2025,Jul,200.2
Sri Lanka,2025,Aug,198.2
Sri Lanka,2025,Sep,159.0
St. Kitts & Nevis,2015,Feb,12.1
St. Kitts & Nevis,2015,Mar,11.4
St. Kitts & Nevis,2015,Apr,10.5
St. Kitts & Nevis,2015,May,9.6
St. Kitts & Nevis,2015,Jun,8.9
St. Kitts & Nevis,2015,Jul,9.9
St. Kitts & Nevis,2015,Aug,6.6
St. Kitts & Nevis,2015,Sep,7.1
St. Kitts & Nevis,2015,Oct,6.5
St. Kitts & Nevis,2015,Nov,8.5
St. Kitts & Nevis,2015,Dec,13.0
St. Kitts & Nevis,2016,Jan,12.4
St. Kitts & Nevis,2016,Feb,10.2
St. Kitts & Nevis,2016,Mar,11.8
St. Kitts & Nevis,2016,Apr,10.1
St. Kitts & Nevis,2016,May,8.8
St. Kitts & Nevis,2016,Jun,10.0
St. Kitts & Nevis,2016,Jul,10.1
St. Kitts & Nevis,2016,Aug,6.7
St. Kitts & Nevis,2016,Sep,8.0
St. Kitts & Nevis,2016,Oct,6.7
St. Kitts & Nevis,2016,Nov,7.8
St. Kitts & Nevis,2016,Dec,13.3
St. Kitts & Nevis,2017,Jan,11.6
St. Kitts & Nevis,2017,Feb,9.6
St. Kitts & Nevis,2017,Mar,10.6
St. Kitts & Nevis,2017,Apr,10.2
St. Kitts & Nevis,2017,May,8.8
St. Kitts & Nevis,2017,Jun,9.7
St. Kitts & Nevis,2017,Jul,10.4
St. Kitts & Nevis,2017,Aug,7.3
St. Kitts & Nevis,2017,Sep,6.5
St. Kitts & Nevis,2017,Oct,7.7
St. Kitts & Nevis,2017,Nov,8.2
St. Kitts & Nevis,2017,Dec,14.3
St. Kitts & Nevis,2018,Jan,11.0
St. Kitts & Nevis,2018,Feb,11.2
St. Kitts & Nevis,2018,Mar,14.0
St. Kitts & Nevis,2018,Apr,9.4
St. Kitts & Nevis,2018,May,8.3
St. Kitts & Nevis,2018,Jun,12.6
St. Kitts & Nevis,2018,Jul,11.3
St. Kitts & Nevis,2018,Aug,8.9
St. Kitts & Nevis,2018,Sep,6.1
St. Kitts & Nevis,2018,Oct,5.6
St. Kitts & Nevis,2018,Nov,10.3
St. Kitts & Nevis,2018,Dec,14.3
St. Kitts & Nevis,2019,Jan,13.2
St. Kitts & Nevis,2019,Feb,12.9
St. Kitts & Nevis,2019,Mar,15.0
St. Kitts & Nevis,2019,Apr,12.1
St. Kitts & Nevis,2019,May,8.3
St. Kitts & Nevis,2019,Jun,12.9
St. Kitts & Nevis,2019,Jul,10.7
St. Kitts & Nevis,2019,Aug,6.2
St. Kitts & Nevis,2019,Sep,4.6
St. Kitts & Nevis,2019,Oct,5.7
St. Kitts & Nevis,2019,Nov,8.1
St. Kitts & Nevis,2019,Dec,10.4
St. Kitts & Nevis,2020,Jan,9.6
St. Kitts & Nevis,2020,Feb,12.7
St. Kitts & Nevis,2020,Mar,5.6
St. Kitts & Nevis,2020,Apr,0.0
St. Kitts & Nevis,2020,May,0.0
St. Kitts & Nevis,2020,Jun,0.0
St. Kitts & Nevis,2020,Jul,0.1
St. Kitts & Nevis,2020,Aug,0.1
St. Kitts & Nevis,2020,Sep,0.3
St. Kitts & Nevis,2020,Oct,0.1
St. Kitts & Nevis,2020,Nov,0.4
St. Kitts & Nevis,2020,Dec,0.9
St. Kitts & Nevis,2021,Jan,1.0
St. Kitts & Nevis,2021,Feb,0.7
St. Kitts & Nevis,2021,Mar,1.1
St. Kitts & Nevis,2021,Apr,0.9
St. Kitts & Nevis,2021,May,1.3
St. Kitts & Nevis,2021,Jun,1.4
St. Kitts & Nevis,2021,Jul,1.2
St. Kitts & Nevis,2021,Aug,1.5
St. Kitts & Nevis,2021,Sep,1.0
St. Kitts & Nevis,2021,Oct,1.5
St. Kitts & Nevis,2021,Nov,2.8
St. Kitts & Nevis,2021,Dec,6.0
St. Kitts & Nevis,2022,Jan,5.3
St. Kitts & Nevis,2022,Feb,5.8
St. Kitts & Nevis,2022,Mar,7.1
St. Kitts & Nevis,2022,Apr,7.1
St. Kitts & Nevis,2022,May,6.3
St. Kitts & Nevis,2022,Jun,7.2
St. Kitts & Nevis,2022,Jul,7.5
St. Kitts & Nevis,2022,Aug,6.4
St. Kitts & Nevis,2022,Sep,3.7
St. Kitts & Nevis,2022,Oct,4.5
St. Kitts & Nevis,2022,Nov,6.8
St. Kitts & Nevis,2022,Dec,12.1
St. Kitts & Nevis,2023,Jan,9.2
St. Kitts & Nevis,2023,Feb,9.5
St. Kitts & Nevis,2023,Mar,10.8
St. Kitts & Nevis,2023,Apr,9.5
St. Kitts & Nevis,2023,May,8.0
St. Kitts & Nevis,2023,Jun,8.5
St. Kitts & Nevis,2023,Jul,8.3
St. Kitts & Nevis,2023,Aug,8.4
St. Kitts & Nevis,2023,Sep,5.3
St. Kitts & Nevis,2023,Oct,5.3
St. Kitts & Nevis,2023,Nov,8.5
St. Kitts & Nevis,2023,Dec,13.1
St. Kitts & Nevis,2024,Jan,9.8
St. Kitts & Nevis,2024,Feb,10.6
St. Kitts & Nevis,2024,Mar,13.0
St. Kitts & Nevis,2024,Apr,11.1
St. Kitts & Nevis,2024,May,10.6
St. Kitts & Nevis,2024,Jun,12.4
St. Kitts & Nevis,2024,Jul,12.7
St. Kitts & Nevis,2024,Aug,9.9
St. Kitts & Nevis,2024,Sep,6.5
St. Kitts & Nevis,2024,Oct,6.9
St. Kitts & Nevis,2024,Nov,10.3
St. Kitts & Nevis,2024,Dec,16.2
St. Kitts & Nevis,2025,Jan,14.9
St. Kitts & Nevis,2025,Feb,15.2
St. Kitts & Nevis,2025,Mar,17.3
St. Kitts & Nevis,2025,Apr,9.9
St. Kitts & Nevis,2025,May,9.8
St. Kitts & Nevis,2025,Jun,11.5
St. Vincent & Gren.,2015,Feb,6.2
St. Vincent & Gren.,2015,Mar,7.5
St. Vincent & Gren.,2015,Apr,5.3
St. Vincent & Gren.,2015,May,5.0
St. Vincent & Gren.,2015,Jun,6.1
St. Vincent & Gren.,2015,Jul,7.7
St. Vincent & Gren.,2015,Aug,6.1
St. Vincent & Gren.,2015,Sep,4.0
St. Vincent & Gren.,2015,Oct,4.4
St. Vincent & Gren.,2015,Nov,5.9
St. Vincent & Gren.,2015,Dec,10.4
St. Vincent & Gren.,2016,Jan,7.2
St. Vincent & Gren.,2016,Feb,7.1
St. Vincent & Gren.,2016,Mar,8.1
St. Vincent & Gren.,2016,Apr,6.0
St. Vincent & Gren.,2016,May,5.1
St. Vincent & Gren.,2016,Jun,7.0
St. Vincent & Gren.,2016,Jul,7.5
St. Vincent & Gren.,2016,Aug,6.3
St. Vincent & Gren.,2016,Sep,3.9
St. Vincent & Gren.,2016,Oct,4.9
St. Vincent & Gren.,2016,Nov,6.5
St. Vincent & Gren.,2016,Dec,9.8
St. Vincent & Gren.,2017,Jan,6.3
St. Vincent & Gren.,2017,Feb,6.8
St. Vincent & Gren.,2017,Mar,6.6
St. Vincent & Gren.,2017,Apr,6.9
St. Vincent & Gren.,2017,May,4.9
St. Vincent & Gren.,2017,Jun,6.6
St. Vincent & Gren.,2017,Jul,8.2
St. Vincent & Gren.,2017,Aug,6.4
St. Vincent & Gren.,2017,Sep,3.3
St. Vincent & Gren.,2017,Oct,4.3
St. Vincent & Gren.,2017,Nov,5.4
St. Vincent & Gren.,2017,Dec,10.3
St. Vincent & Gren.,2018,Jan,6.9
St. Vincent & Gren.,2018,Feb,6.9
St. Vincent & Gren.,2018,Mar,8.9
St. Vincent & Gren.,2018,Apr,5.8
St. Vincent & Gren.,2018,May,5.0
St. Vincent & Gren.,2018,Jun,6.8
St. Vincent & Gren.,2018,Jul,9.1
St. Vincent & Gren.,2018,Aug,5.8
St. Vincent & Gren.,2018,Sep,3.4
St. Vincent & Gren.,2018,Oct,4.3
St. Vincent & Gren.,2018,Nov,5.4
St. Vincent & Gren.,2018,Dec,11.6
St. Vincent & Gren.,2019,Jan,7.5
St. Vincent & Gren.,2019,Feb,7.6
St. Vincent & Gren.,2019,Mar,8.1
St. Vincent & Gren.,2019,Apr,7.5
St. Vincent & Gren.,2019,May,5.4
St. Vincent & Gren.,2019,Jun,7.4
St. Vincent & Gren.,2019,Jul,9.4
St. Vincent & Gren.,2019,Aug,6.0
St. Vincent & Gren.,2019,Sep,3.6
St. Vincent & Gren.,2019,Oct,4.9
St. Vincent & Gren.,2019,Nov,5.7
St. Vincent & Gren.,2019,Dec,12.6
St. Vincent & Gren.,2020,Jan,7.4
St. Vincent & Gren.,2020,Feb,7.3
St. Vincent & Gren.,2020,Mar,3.9
St. Vincent & Gren.,2020,Apr,0.0
St. Vincent & Gren.,2020,May,0.1
St. Vincent & Gren.,2020,Jun,0.1
St. Vincent & Gren.,2020,Jul,0.7
St. Vincent & Gren.,2020,Aug,1.1
St. Vincent & Gren.,2020,Sep,0.6
St. Vincent & Gren.,2020,Oct,1.0
St. Vincent & Gren.,2020,Nov,1.2
St. Vincent & Gren.,2020,Dec,3.2
St. Vincent & Gren.,2021,Jan,1.2
St. Vincent & Gren.,2021,Feb,0.5
St. Vincent & Gren.,2021,Mar,1.1
St. Vincent & Gren.,2021,Apr,0.4
St. Vincent & Gren.,2021,May,0.8
St. Vincent & Gren.,2021,Jun,1.3
St. Vincent & Gren.,2021,Jul,2.4
St. Vincent & Gren.,2021,Aug,2.0
St. Vincent & Gren.,2021,Sep,1.4
St. Vincent & Gren.,2021,Oct,2.6
St. Vincent & Gren.,2021,Nov,3.4
St. Vincent & Gren.,2021,Dec,7.0
St. Vincent & Gren.,2022,Jan,4.6
St. Vincent & Gren.,2022,Feb,4.5
St. Vincent & Gren.,2022,Mar,5.3
St. Vincent & Gren.,2022,Apr,5.2
St. Vincent & Gren.,2022,May,3.7
St. Vincent & Gren.,2022,Jun,4.5
St. Vincent & Gren.,2022,Jul,5.3
St. Vincent & Gren.,2022,Aug,4.3
St. Vincent & Gren.,2022,Sep,3.0
St. Vincent & Gren.,2022,Oct,3.8
St. Vincent & Gren.,2022,Nov,5.9
St. Vincent & Gren.,2022,Dec,8.8
St. Vincent & Gren.,2023,Jan,6.8
St. Vincent & Gren.,2023,Feb,6.7
St. Vincent & Gren.,2023,Mar,7.6
St. Vincent & Gren.,2023,Apr,7.2
St. Vincent & Gren.,2023,May,5.8
St. Vincent & Gren.,2023,Jun,6.0
St. Vincent & Gren.,2023,Jul,8.5
St. Vincent & Gren.,2023,Aug,5.6
St. Vincent & Gren.,2023,Sep,3.7
St. Vincent & Gren.,2023,Oct,4.2
St. Vincent & Gren.,2023,Nov,6.7
St. Vincent & Gren.,2023,Dec,11.9
St. Vincent & Gren.,2024,Jan,8.7
St. Vincent & Gren.,2024,Feb,8.9
St. Vincent & Gren.,2024,Mar,9.9
St. Vincent & Gren.,2024,Apr,7.8
St. Vincent & Gren.,2024,May,7.6
St. Vincent & Gren.,2024,Jun,9.1
St. Vincent & Gren.,2024,Jul,8.5
St. Vincent & Gren.,2024,Aug,6.3
St. Vincent & Gren.,2024,Sep,4.4
St. Vincent & Gren.,2024,Oct,7.5
St. Vincent & Gren.,2024,Nov,8.8
St. Vincent & Gren.,2024,Dec,15.3
St. Vincent & Gren.,2025,Jan,10.0
St. Vincent & Gren.,2025,Feb,9.7
St. Vincent & Gren.,2025,Mar,11.2
St. Vincent & Gren.,2025,Apr,10.3
St. Vincent & Gren.,2025,May,8.3
St. Vincent & Gren.,2025,Jun,10.0
Suriname,2015,Feb,17.7
Suriname,2015,Mar,18.9
Suriname,2015,Apr,20.1
Suriname,2015,May,20.0
Suriname,2015,Jun,17.8
Suriname,2015,Jul,27.8
Suriname,2015,Aug,25.9
Suriname,2015,Sep,13.5
Suriname,2015,Oct,13.6
Suriname,2015,Nov,13.3
Suriname,2015,Dec,20.7
Suriname,2016,Jan,16.1
Suriname,2016,Feb,16.7
Suriname,2016,Mar,20.0
Suriname,2016,Apr,21.7
Suriname,2016,May,18.1
Suriname,2016,Jun,19.7
Suriname,2016,Jul,32.8
Suriname,2016,Aug,27.6
Suriname,2016,Sep,18.3
Suriname,2016,Oct,19.7
Suriname,2016,Nov,20.1
Suriname,2016,Dec,26.2
Suriname,2017,Jan,18.6
Suriname,2017,Feb,21.7
Suriname,2017,Mar,20.5
Suriname,2017,Apr,22.9
Suriname,2017,May,21.1
Suriname,2017,Jun,16.9
Suriname,2017,Jul,27.9
Suriname,2017,Aug,24.8
Suriname,2017,Sep,16.7
Suriname,2017,Oct,16.7
Suriname,2017,Nov,20.0
Suriname,2017,Dec,28.1
Suriname,2018,Jan,18.7
Suriname,2018,Feb,20.4
Suriname,2018,Mar,11.6
Suriname,2018,Apr,21.9
Suriname,2018,May,19.4
Suriname,2018,Jun,19.7
Suriname,2018,Jul,32.4
Suriname,2018,Aug,33.6
Suriname,2018,Sep,19.1
Suriname,2018,Oct,24.5
Suriname,2018,Nov,24.1
Suriname,2018,Dec,29.4
Suriname,2020,Jan,19.0
Suriname,2020,Feb,25.8
Suriname,2020,Mar,11.9
Suriname,2020,Apr,0.2
Suriname,2020,May,0.0
Suriname,2020,Jun,0.4
Suriname,2020,Jul,0.9
Suriname,2020,Aug,1.2
Suriname,2020,Sep,1.6
Suriname,2020,Oct,1.9
Suriname,2020,Nov,2.9
Suriname,2020,Dec,0.1
Suriname,2021,Jan,2.1
Suriname,2021,Feb,1.8
Suriname,2021,Mar,3.7
Suriname,2021,Apr,4.3
Suriname,2021,May,2.4
Suriname,2021,Jun,2.4
Suriname,2021,Jul,4.2
Suriname,2021,Aug,6.3
Suriname,2021,Sep,8.6
Suriname,2021,Oct,9.6
Suriname,2021,Nov,10.9
Suriname,2021,Dec,14.2
Sweden,2015,Feb,583.3
Sweden,2015,Mar,613.1
Sweden,2015,Apr,637.1
Sweden,2015,May,951.1
Sweden,2015,Jun,1569.0
Sweden,2015,Jul,2836.0
Sweden,2015,Aug,2021.0
Sweden,2015,Sep,908.6
Sweden,2015,Oct,764.1
Sweden,2015,Nov,613.1
Sweden,2015,Dec,576.0
Sweden,2016,Jan,529.7
Sweden,2016,Feb,639.4
Sweden,2016,Mar,661.3
Sweden,2016,Apr,666.5
Sweden,2016,May,1030.0
Sweden,2016,Jun,1626.0
Sweden,2016,Jul,2970.0
Sweden,2016,Aug,2207.0
Sweden,2016,Sep,975.7
Sweden,2016,Oct,773.6
Sweden,2016,Nov,636.5
Sweden,2016,Dec,625.6
Sweden,2017,Jan,586.6
Sweden,2017,Feb,670.1
Sweden,2017,Mar,704.4
Sweden,2017,Apr,763.0
Sweden,2017,May,1097.0
Sweden,2017,Jun,1756.0
Sweden,2017,Jul,2983.0
Sweden,2017,Aug,2197.0
Sweden,2017,Sep,1027.0
Sweden,2017,Oct,798.1
Sweden,2017,Nov,669.8
Sweden,2017,Dec,668.5
Sweden,2018,Jan,602.6
Sweden,2018,Feb,706.9
Sweden,2018,Mar,839.8
Sweden,2018,Apr,767.8
Sweden,2018,May,1208.0
Sweden,2018,Jun,1805.0
Sweden,2018,Jul,3125.0
Sweden,2018,Aug,2257.0
Sweden,2018,Sep,1039.0
Sweden,2018,Oct,865.0
Sweden,2018,Nov,739.9
Sweden,2018,Dec,769.3
Sweden,2019,Jan,636.8
Sweden,2019,Feb,757.1
Sweden,2019,Mar,799.9
Sweden,2019,Apr,812.4
Sweden,2019,May,1178.0
Sweden,2019,Jun,1937.0
Sweden,2019,Jul,3255.0
Sweden,2019,Aug,2388.0
Sweden,2019,Sep,1062.0
Sweden,2019,Oct,845.9
Sweden,2019,Nov,695.0
Sweden,2019,Dec,655.1
Sweden,2020,Jan,638.9
Sweden,2020,Feb,723.6
Sweden,2020,Mar,298.6
Sweden,2020,Apr,65.7
Sweden,2020,May,124.2
Sweden,2020,Jun,204.6
Sweden,2020,Jul,433.9
Sweden,2020,Aug,455.6
Sweden,2020,Sep,328.4
Sweden,2020,Oct,320.2
Sweden,2020,Nov,145.7
Sweden,2020,Dec,134.9
Sweden,2021,Jan,117.9
Sweden,2021,Feb,129.2
Sweden,2021,Mar,139.2
Sweden,2021,Apr,146.9
Sweden,2021,May,192.8
Sweden,2021,Jun,377.0
Sweden,2021,Jul,1262.0
Sweden,2021,Aug,1347.0
Sweden,2021,Sep,604.5
Sweden,2021,Oct,596.6
Sweden,2021,Nov,510.6
Sweden,2021,Dec,459.4
Sweden,2022,Jan,340.2
Sweden,2022,Feb,508.8
Sweden,2022,Mar,592.3
Sweden,2022,Apr,750.2
Sweden,2022,May,982.3
Sweden,2022,Jun,1669.0
Sweden,2022,Jul,3107.0
Sweden,2022,Aug,2188.0
Sweden,2022,Sep,960.5
Sweden,2022,Oct,772.9
Sweden,2022,Nov,601.2
Sweden,2022,Dec,642.3
Sweden,2023,Jan,305.6
Sweden,2023,Feb,370.0
Sweden,2023,Mar,377.6
Sweden,2023,Apr,408.4
Sweden,2023,May,578.6
Sweden,2023,Jun,903.7
Sweden,2023,Jul,1696.0
Sweden,2023,Aug,1175.0
Sweden,2023,Sep,551.5
Sweden,2023,Oct,435.8
Sweden,2023,Nov,339.6
Sweden,2023,Dec,388.8
Sweden,2024,Jan,351.1
Sweden,2024,Feb,459.7
Sweden,2024,Mar,492.5
Sweden,2024,Apr,428.8
Sweden,2024,May,726.7
Sweden,2024,Jun,1036.0
Sweden,2024,Jul,1764.0
Sweden,2024,Aug,1334.0
Sweden,2024,Sep,646.3
Sweden,2024,Oct,549.1
Sweden,2024,Nov,423.9
Sweden,2024,Dec,471.8
Sweden,2025,Jan,356.3
Sweden,2025,Feb,425.8
Sweden,2025,Mar,409.0
Sweden,2025,Apr,474.0
Sweden,2025,May,632.7
Sweden,2025,Jun,1069.0
Sweden,2025,Jul,1806.0
Sweden,2025,Aug,1398.0
Sweden,2025,Sep,601.2
Switzerland,2015,Feb,607.6
Switzerland,2015,Mar,668.3
Switzerland,2015,Apr,627.2
Switzerland,2015,May,814.1
Switzerland,2015,Jun,957.0
Switzerland,2015,Jul,1181.0
Switzerland,2015,Aug,1184.0
Switzerland,2015,Sep,917.5
Switzerland,2015,Oct,720.7
Switzerland,2015,Nov,512.0
Switzerland,2015,Dec,566.3
Switzerland,2016,Jan,589.7
Switzerland,2016,Feb,686.3
Switzerland,2016,Mar,767.5
Switzerland,2016,Apr,676.8
Switzerland,2016,May,895.5
Switzerland,2016,Jun,1028.0
Switzerland,2016,Jul,1387.0
Switzerland,2016,Aug,1391.0
Switzerland,2016,Sep,1025.0
Switzerland,2016,Oct,763.6
Switzerland,2016,Nov,535.3
Switzerland,2016,Dec,656.3
Switzerland,2017,Jan,631.8
Switzerland,2017,Feb,688.2
Switzerland,2017,Mar,772.5
Switzerland,2017,Apr,793.5
Switzerland,2017,May,942.8
Switzerland,2017,Jun,1164.0
Switzerland,2017,Jul,1459.0
Switzerland,2017,Aug,1475.0
Switzerland,2017,Sep,1086.0
Switzerland,2017,Oct,836.8
Switzerland,2017,Nov,566.2
Switzerland,2017,Dec,718.0
Switzerland,2018,Jan,661.2
Switzerland,2018,Feb,730.7
Switzerland,2018,Mar,873.6
Switzerland,2018,Apr,785.6
Switzerland,2018,May,993.3
Switzerland,2018,Jun,1238.0
Switzerland,2018,Jul,1536.0
Switzerland,2018,Aug,1580.0
Switzerland,2018,Sep,1143.0
Switzerland,2018,Oct,849.6
Switzerland,2018,Nov,582.6
Switzerland,2018,Dec,741.4
Switzerland,2019,Jan,640.2
Switzerland,2019,Feb,711.3
Switzerland,2019,Mar,847.4
Switzerland,2019,Apr,841.2
Switzerland,2019,May,1000.0
Switzerland,2019,Jun,1295.0
Switzerland,2019,Jul,1547.0
Switzerland,2019,Aug,1544.0
Switzerland,2019,Sep,1153.0
Switzerland,2019,Oct,886.3
Switzerland,2019,Nov,583.8
Switzerland,2019,Dec,769.0
Switzerland,2020,Jan,697.0
Switzerland,2020,Feb,714.5
Switzerland,2020,Mar,231.4
Switzerland,2020,Apr,14.5
Switzerland,2020,May,30.9
Switzerland,2020,Jun,147.0
Switzerland,2020,Jul,479.5
Switzerland,2020,Aug,633.7
Switzerland,2020,Sep,365.4
Switzerland,2020,Oct,166.6
Switzerland,2020,Nov,75.5
Switzerland,2020,Dec,134.3
Switzerland,2021,Jan,114.1
Switzerland,2021,Feb,123.3
Switzerland,2021,Mar,165.1
Switzerland,2021,Apr,147.0
Switzerland,2021,May,191.6
Switzerland,2021,Jun,273.0
Switzerland,2021,Jul,620.1
Switzerland,2021,Aug,920.7
Switzerland,2021,Sep,633.5
Switzerland,2021,Oct,470.4
Switzerland,2021,Nov,341.2
Switzerland,2021,Dec,389.8
Switzerland,2022,Jan,345.7
Switzerland,2022,Feb,449.2
Switzerland,2022,Mar,539.9
Switzerland,2022,Apr,540.8
Switzerland,2022,May,693.4
Switzerland,2022,Jun,951.8
Switzerland,2022,Jul,1322.0
Switzerland,2022,Aug,1380.0
Switzerland,2022,Sep,981.8
Switzerland,2022,Oct,723.2
Switzerland,2022,Nov,501.7
Switzerland,2022,Dec,730.1
Switzerland,2023,Jan,610.3
Switzerland,2023,Feb,633.5
Switzerland,2023,Mar,711.7
Switzerland,2023,Apr,793.2
Switzerland,2023,May,978.6
Switzerland,2023,Jun,1249.0
Switzerland,2023,Jul,1380.0
Switzerland,2023,Aug,1350.0
Switzerland,2023,Sep,1117.0
Switzerland,2023,Oct,850.0
Switzerland,2023,Nov,578.6
Switzerland,2023,Dec,802.1
Switzerland,2024,Jan,650.1
Switzerland,2024,Feb,711.0
Switzerland,2024,Mar,807.4
Switzerland,2024,Apr,765.1
Switzerland,2024,May,1012.0
Switzerland,2024,Jun,1218.0
Switzerland,2024,Jul,1438.0
Switzerland,2024,Aug,1438.0
Switzerland,2024,Sep,1141.0
Switzerland,2024,Oct,829.3
Switzerland,2024,Nov,589.1
Switzerland,2024,Dec,818.4
Switzerland,2025,Jan,742.0
Switzerland,2025,Feb,738.5
Switzerland,2025,Mar,820.7
Switzerland,2025,Apr,859.9
Switzerland,2025,May,1082.0
Switzerland,2025,Jun,1380.0
Syria,2016,Jan,51.7
Syria,2016,Feb,58.4
Syria,2016,Mar,72.0
Syria,2016,Apr,85.6
Syria,2016,May,82.6
Syria,2016,Jun,74.8
Syria,2016,Jul,100.9
Syria,2016,Aug,104.5
Syria,2016,Sep,108.4
Syria,2016,Oct,108.5
Syria,2016,Nov,108.6
Syria,2016,Dec,87.4
Syria,2017,Jan,73.0
Syria,2017,Feb,91.1
Syria,2017,Mar,92.4
Syria,2017,Apr,89.8
Syria,2017,May,97.0
Syria,2017,Jun,86.2
Syria,2017,Jul,118.6
Syria,2017,Aug,131.8
Syria,2017,Sep,132.5
Syria,2017,Oct,137.0
Syria,2017,Nov,126.2
Syria,2017,Dec,115.4
Syria,2018,Jan,90.6
Syria,2018,Feb,96.6
Syria,2018,Mar,111.0
Syria,2018,Apr,119.2
Syria,2018,May,103.7
Syria,2018,Jun,130.4
Syria,2018,Jul,181.2
Syria,2018,Aug,194.2
Syria,2018,Sep,197.2
Syria,2018,Oct,208.2
Syria,2018,Nov,190.6
Syria,2018,Dec,179.3
Syria,2019,Jan,151.4
Syria,2019,Feb,160.7
Syria,2019,Mar,201.2
Syria,2019,Apr,244.1
Syria,2019,May,157.4
Syria,2019,Jun,206.7
Syria,2019,Jul,257.9
Syria,2019,Aug,274.4
Syria,2019,Sep,251.9
Syria,2019,Oct,192.2
Syria,2019,Nov,151.7
Syria,2019,Dec,174.8
Syria,2020,Jan,156.8
Syria,2020,Feb,168.1
Syria,2020,Mar,76.2
Syria,2020,Apr,2.7
Syria,2020,May,2.3
Syria,2020,Jun,6.6
Syria,2020,Jul,7.4
Syria,2020,Aug,6.4
Syria,2020,Sep,9.9
Syria,2020,Oct,14.0
Syria,2020,Nov,13.3
Syria,2020,Dec,15.6
Syria,2021,Jan,12.6
Syria,2021,Feb,12.3
Syria,2021,Mar,16.3
Syria,2021,Apr,20.7
Syria,2021,May,31.4
Syria,2021,Jun,50.2
Syria,2021,Jul,68.5
Syria,2021,Aug,53.6
Syria,2021,Sep,186.0
Syria,2021,Oct,117.1
Syria,2021,Nov,103.2
Syria,2021,Dec,70.0
Syria,2022,Jan,59.8
Syria,2022,Feb,76.7
Syria,2022,Mar,99.7
Syria,2022,Apr,141.4
Syria,2022,May,141.7
Syria,2022,Jun,208.5
Syria,2022,Jul,198.0
Syria,2022,Aug,191.4
Syria,2022,Sep,172.0
Syria,2022,Oct,175.4
Syria,2022,Nov,147.4
Syria,2022,Dec,174.7
Syria,2023,Jan,142.8
Syria,2023,Feb,113.3
Syria,2023,Mar,138.5
Syria,2023,Apr,141.8
Syria,2023,May,190.6
Syria,2023,Jun,229.6
Syria,2023,Jul,230.2
Syria,2023,Aug,225.2
Syria,2023,Sep,208.4
Syria,2023,Oct,139.5
Syria,2023,Nov,111.5
Syria,2023,Dec,146.4
Syria,2024,Jan,151.0
Syria,2024,Feb,143.9
Syria,2024,Mar,136.8
Syria,2024,Apr,155.5
Syria,2024,May,192.4
Syria,2024,Jun,222.6
Syria,2024,Jul,235.0
Syria,2024,Aug,212.9
Syria,2024,Sep,248.1
Syria,2024,Oct,152.6
Syria,2024,Nov,123.3
Syria,2024,Dec,16.7
Syria,2025,Jan,53.9
Syria,2025,Feb,52.9
Syria,2025,Mar,55.1
Syria,2025,Apr,76.5
Syria,2025,May,87.7
Syria,2025,Jun,125.3
Syria,2025,Jul,119.8
Syria,2025,Aug,142.7
Syria,2025,Sep,143.1
Taiwan (pr. of China),2015,Feb,817.2
Taiwan (pr. of China),2015,Mar,861.6
Taiwan (pr. of China),2015,Apr,888.0
Taiwan (pr. of China),2015,May,866.4
Taiwan (pr. of China),2015,Jun,800.1
Taiwan (pr. of China),2015,Jul,833.2
Taiwan (pr. of China),2015,Aug,894.3
Taiwan (pr. of China),2015,Sep,837.4
Taiwan (pr. of China),2015,Oct,927.0
Taiwan (pr. of China),2015,Nov,939.5
Taiwan (pr. of China),2015,Dec,1023.0
Taiwan (pr. of China),2016,Jan,865.9
Taiwan (pr. of China),2016,Feb,920.2
Taiwan (pr. of China),2016,Mar,1035.0
Taiwan (pr. of China),2016,Apr,910.3
Taiwan (pr. of China),2016,May,882.6
Taiwan (pr. of China),2016,Jun,817.8
Taiwan (pr. of China),2016,Jul,848.9
Taiwan (pr. of China),2016,Aug,863.5
Taiwan (pr. of China),2016,Sep,772.2
Taiwan (pr. of China),2016,Oct,845.9
Taiwan (pr. of China),2016,Nov,891.2
Taiwan (pr. of China),2016,Dec,1037.0
Taiwan (pr. of China),2017,Jan,824.8
Taiwan (pr. of China),2017,Feb,787.5
Taiwan (pr. of China),2017,Mar,926.6
Taiwan (pr. of China),2017,Apr,926.8
Taiwan (pr. of China),2017,May,822.2
Taiwan (pr. of China),2017,Jun,835.9
Taiwan (pr. of China),2017,Jul,833.1
Taiwan (pr. of China),2017,Aug,909.4
Taiwan (pr. of China),2017,Sep,820.1
Taiwan (pr. of China),2017,Oct,927.3
Taiwan (pr. of China),2017,Nov,1014.0
Taiwan (pr. of China),2017,Dec,1112.0
Taiwan (pr. of China),2018,Jan,872.3
Taiwan (pr. of China),2018,Feb,850.8
Taiwan (pr. of China),2018,Mar,1014.0
Taiwan (pr. of China),2018,Apr,883.1
Taiwan (pr. of China),2018,May,842.2
Taiwan (pr. of China),2018,Jun,857.6
Taiwan (pr. of China),2018,Jul,853.4
Taiwan (pr. of China),2018,Aug,953.3
Taiwan (pr. of China),2018,Sep,836.6
Taiwan (pr. of China),2018,Oct,959.8
Taiwan (pr. of China),2018,Nov,1019.0
Taiwan (pr. of China),2018,Dec,1125.0
Taiwan (pr. of China),2019,Jan,867.7
Taiwan (pr. of China),2019,Feb,956.2
Taiwan (pr. of China),2019,Mar,1079.0
Taiwan (pr. of China),2019,Apr,1101.0
Taiwan (pr. of China),2019,May,1040.0
Taiwan (pr. of China),2019,Jun,932.7
Taiwan (pr. of China),2019,Jul,988.8
Taiwan (pr. of China),2019,Aug,1031.0
Taiwan (pr. of China),2019,Sep,794.4
Taiwan (pr. of China),2019,Oct,939.1
Taiwan (pr. of China),2019,Nov,990.4
Taiwan (pr. of China),2019,Dec,1143.0
Taiwan (pr. of China),2020,Jan,813.0
Taiwan (pr. of China),2020,Feb,357.4
Taiwan (pr. of China),2020,Mar,78.3
Taiwan (pr. of China),2020,Apr,2.6
Taiwan (pr. of China),2020,May,3.3
Taiwan (pr. of China),2020,Jun,7.5
Taiwan (pr. of China),2020,Jul,11.7
Taiwan (pr. of China),2020,Aug,18.5
Taiwan (pr. of China),2020,Sep,23.5
Taiwan (pr. of China),2020,Oct,19.0
Taiwan (pr. of China),2020,Nov,21.2
Taiwan (pr. of China),2020,Dec,22.0
Taiwan (pr. of China),2021,Jan,14.8
Taiwan (pr. of China),2021,Feb,12.7
Taiwan (pr. of China),2021,Mar,18.4
Taiwan (pr. of China),2021,Apr,17.8
Taiwan (pr. of China),2021,May,10.7
Taiwan (pr. of China),2021,Jun,2.8
Taiwan (pr. of China),2021,Jul,5.5
Taiwan (pr. of China),2021,Aug,8.0
Taiwan (pr. of China),2021,Sep,12.3
Taiwan (pr. of China),2021,Oct,14.1
Taiwan (pr. of China),2021,Nov,13.5
Taiwan (pr. of China),2021,Dec,10.0
Taiwan (pr. of China),2022,Jan,7.6
Taiwan (pr. of China),2022,Feb,11.6
Taiwan (pr. of China),2022,Mar,20.0
Taiwan (pr. of China),2022,Apr,29.8
Taiwan (pr. of China),2022,May,32.5
Taiwan (pr. of China),2022,Jun,38.5
Taiwan (pr. of China),2022,Jul,50.0
Taiwan (pr. of China),2022,Aug,69.3
Taiwan (pr. of China),2022,Sep,68.3
Taiwan (pr. of China),2022,Oct,93.2
Taiwan (pr. of China),2022,Nov,173.1
Taiwan (pr. of China),2022,Dec,302.1
Taiwan (pr. of China),2023,Jan,254.4
Taiwan (pr. of China),2023,Feb,369.1
Taiwan (pr. of China),2023,Mar,486.2
Taiwan (pr. of China),2023,Apr,553.2
Taiwan (pr. of China),2023,May,516.4
Taiwan (pr. of China),2023,Jun,509.7
Taiwan (pr. of China),2023,Jul,543.4
Taiwan (pr. of China),2023,Aug,590.5
Taiwan (pr. of China),2023,Sep,538.7
Taiwan (pr. of China),2023,Oct,621.6
Taiwan (pr. of China),2023,Nov,689.1
Taiwan (pr. of China),2023,Dec,814.8
Taiwan (pr. of China),2024,Jan,590.0
Taiwan (pr. of China),2024,Feb,648.3
Taiwan (pr. of China),2024,Mar,811.6
Taiwan (pr. of China),2024,Apr,610.1
Taiwan (pr. of China),2024,May,581.7
Taiwan (pr. of China),2024,Jun,571.5
Taiwan (pr. of China),2024,Jul,539.5
Taiwan (pr. of China),2024,Aug,616.9
Taiwan (pr. of China),2024,Sep,575.5
Taiwan (pr. of China),2024,Oct,661.1
Taiwan (pr. of China),2024,Nov,747.8
Taiwan (pr. of China),2024,Dec,903.6
Taiwan (pr. of China),2025,Jan,651.1
Taiwan (pr. of China),2025,Feb,699.2
Taiwan (pr. of China),2025,Mar,778.6
Taiwan (pr. of China),2025,Apr,751.1
Taiwan (pr. of China),2025,May,710.9
Taiwan (pr. of China),2025,Jun,606.3
Taiwan (pr. of China),2025,Jul,586.2
Taiwan (pr. of China),2025,Aug,673.1
Tanzania,2015,Feb,88.9
Tanzania,2015,Mar,77.8
Tanzania,2015,Apr,67.4
Tanzania,2015,May,81.5
Tanzania,2015,Jun,90.2
Tanzania,2015,Jul,91.9
Tanzania,2015,Aug,142.9
Tanzania,2015,Sep,100.8
Tanzania,2015,Oct,84.1
Tanzania,2015,Nov,96.9
Tanzania,2015,Dec,115.9
Tanzania,2016,Jan,99.8
Tanzania,2016,Feb,91.5
Tanzania,2016,Mar,93.1
Tanzania,2016,Apr,76.5
Tanzania,2016,May,76.1
Tanzania,2016,Jun,89.4
Tanzania,2016,Jul,126.7
Tanzania,2016,Aug,119.5
Tanzania,2016,Sep,121.3
Tanzania,2016,Oct,134.1
Tanzania,2016,Nov,121.4
Tanzania,2016,Dec,135.1
Tanzania,2017,Jan,121.3
Tanzania,2017,Feb,101.2
Tanzania,2017,Mar,98.3
Tanzania,2017,Apr,86.7
Tanzania,2017,May,78.0
Tanzania,2017,Jun,92.4
Tanzania,2017,Jul,131.6
Tanzania,2017,Aug,131.4
Tanzania,2017,Sep,111.0
Tanzania,2017,Oct,122.3
Tanzania,2017,Nov,109.2
Tanzania,2017,Dec,143.9
Tanzania,2018,Jan,133.8
Tanzania,2018,Feb,107.8
Tanzania,2018,Mar,123.3
Tanzania,2018,Apr,92.9
Tanzania,2018,May,91.4
Tanzania,2018,Jun,117.8
Tanzania,2018,Jul,148.6
Tanzania,2018,Aug,157.3
Tanzania,2018,Sep,151.0
Tanzania,2018,Oct,120.8
Tanzania,2018,Nov,111.9
Tanzania,2018,Dec,149.3
Tanzania,2019,Jan,120.5
Tanzania,2019,Feb,122.9
Tanzania,2019,Mar,108.3
Tanzania,2019,Apr,95.2
Tanzania,2019,May,80.2
Tanzania,2019,Jun,121.2
Tanzania,2019,Jul,156.7
Tanzania,2019,Aug,155.7
Tanzania,2019,Sep,143.7
Tanzania,2019,Oct,133.0
Tanzania,2019,Nov,124.9
Tanzania,2019,Dec,160.3
Tanzania,2020,Jan,132.7
Tanzania,2020,Feb,137.2
Tanzania,2020,Mar,66.6
Tanzania,2020,Apr,7.1
Tanzania,2020,May,5.5
Tanzania,2020,Jun,9.7
Tanzania,2020,Jul,17.1
Tanzania,2020,Aug,24.9
Tanzania,2020,Sep,29.6
Tanzania,2020,Oct,41.7
Tanzania,2020,Nov,61.2
Tanzania,2020,Dec,87.6
Tanzania,2021,Jan,79.1
Tanzania,2021,Feb,79.7
Tanzania,2021,Mar,72.3
Tanzania,2021,Apr,44.0
Tanzania,2021,May,42.2
Tanzania,2021,Jun,57.7
Tanzania,2021,Jul,81.3
Tanzania,2021,Aug,87.4
Tanzania,2021,Sep,80.7
Tanzania,2021,Oct,92.3
Tanzania,2021,Nov,92.9
Tanzania,2021,Dec,113.0
Tanzania,2022,Jan,94.4
Tanzania,2022,Feb,101.0
Tanzania,2022,Mar,93.9
Tanzania,2022,Apr,79.4
Tanzania,2022,May,89.3
Tanzania,2022,Jun,117.3
Tanzania,2022,Jul,166.7
Tanzania,2022,Aug,158.0
Tanzania,2022,Sep,134.2
Tanzania,2022,Oct,141.5
Tanzania,2022,Nov,123.4
Tanzania,2022,Dec,155.6
Tanzania,2023,Jan,146.9
Tanzania,2023,Feb,144.0
Tanzania,2023,Mar,118.2
Tanzania,2023,Apr,96.9
Tanzania,2023,May,106.5
Tanzania,2023,Jun,146.9
Tanzania,2023,Jul,185.9
Tanzania,2023,Aug,186.0
Tanzania,2023,Sep,168.7
Tanzania,2023,Oct,171.6
Tanzania,2023,Nov,154.0
Tanzania,2023,Dec,182.6
Tanzania,2024,Jan,180.4
Tanzania,2024,Feb,184.1
Tanzania,2024,Mar,155.8
Tanzania,2024,Apr,116.3
Tanzania,2024,May,129.5
Tanzania,2024,Jun,179.3
Tanzania,2024,Jul,218.1
Tanzania,2024,Aug,211.1
Tanzania,2024,Sep,186.2
Tanzania,2024,Oct,189.6
Tanzania,2024,Nov,174.0
Tanzania,2024,Dec,217.7
Tanzania,2025,Jan,195.9
Tanzania,2025,Feb,190.3
Tanzania,2025,Mar,140.6
Tanzania,2025,Apr,130.3
Tanzania,2025,May,137.4
Tanzania,2025,Jun,202.2
Tanzania,2025,Jul,274.1
Tanzania,2025,Aug,246.2
Tanzania,2025,Sep,214.4
Thailand,2015,Feb,2664.0
Thailand,2015,Mar,2555.0
Thailand,2015,Apr,2407.0
Thailand,2015,May,2302.0
Thailand,2015,Jun,2270.0
Thailand,2015,Jul,2642.0
Thailand,2015,Aug,2590.0
Thailand,2015,Sep,2045.0
Thailand,2015,Oct,2246.0
Thailand,2015,Nov,2566.0
Thailand,2015,Dec,3024.0
Thailand,2016,Jan,2996.0
Thailand,2016,Feb,3081.0
Thailand,2016,Mar,2927.0
Thailand,2016,Apr,2628.0
Thailand,2016,May,2459.0
Thailand,2016,Jun,2423.0
Thailand,2016,Jul,2949.0
Thailand,2016,Aug,2884.0
Thailand,2016,Sep,2417.0
Thailand,2016,Oct,2253.0
Thailand,2016,Nov,2452.0
Thailand,2016,Dec,3061.0
Thailand,2017,Jan,3197.0
Thailand,2017,Feb,2967.0
Thailand,2017,Mar,3018.0
Thailand,2017,Apr,2853.0
Thailand,2017,May,2601.0
Thailand,2017,Jun,2731.0
Thailand,2017,Jul,3099.0
Thailand,2017,Aug,3188.0
Thailand,2017,Sep,2600.0
Thailand,2017,Oct,2726.0
Thailand,2017,Nov,3040.0
Thailand,2017,Dec,3572.0
Thailand,2018,Jan,3531.0
Thailand,2018,Feb,3552.0
Thailand,2018,Mar,3495.0
Thailand,2018,Apr,3096.0
Thailand,2018,May,2738.0
Thailand,2018,Jun,3013.0
Thailand,2018,Jul,3177.0
Thailand,2018,Aug,3229.0
Thailand,2018,Sep,2636.0
Thailand,2018,Oct,2704.0
Thailand,2018,Nov,3171.0
Thailand,2018,Dec,3836.0
Thailand,2019,Jan,3713.0
Thailand,2019,Feb,3601.0
Thailand,2019,Mar,3479.0
Thailand,2019,Apr,3217.0
Thailand,2019,May,2737.0
Thailand,2019,Jun,3057.0
Thailand,2019,Jul,3343.0
Thailand,2019,Aug,3473.0
Thailand,2019,Sep,2890.0
Thailand,2019,Oct,3074.0
Thailand,2019,Nov,3386.0
Thailand,2019,Dec,3947.0
Thailand,2020,Jan,3810.0
Thailand,2020,Feb,2062.0
Thailand,2020,Mar,819.4
Thailand,2020,Apr,0.0
Thailand,2020,May,0.0
Thailand,2020,Jun,0.0
Thailand,2020,Jul,0.0
Thailand,2020,Aug,0.0
Thailand,2020,Sep,0.0
Thailand,2020,Oct,1.2
Thailand,2020,Nov,3.1
Thailand,2020,Dec,6.6
Thailand,2021,Jan,7.7
Thailand,2021,Feb,5.7
Thailand,2021,Mar,6.7
Thailand,2021,Apr,8.5
Thailand,2021,May,6.1
Thailand,2021,Jun,5.7
Thailand,2021,Jul,18.1
Thailand,2021,Aug,15.1
Thailand,2021,Sep,12.2
Thailand,2021,Oct,20.3
Thailand,2021,Nov,91.3
Thailand,2021,Dec,230.5
Thailand,2022,Jan,128.2
Thailand,2022,Feb,151.8
Thailand,2022,Mar,208.1
Thailand,2022,Apr,287.5
Thailand,2022,May,508.2
Thailand,2022,Jun,769.0
Thailand,2022,Jul,1135.0
Thailand,2022,Aug,1188.0
Thailand,2022,Sep,1259.0
Thailand,2022,Oct,1467.0
Thailand,2022,Nov,1721.0
Thailand,2022,Dec,2241.0
Thailand,2023,Jan,2145.0
Thailand,2023,Feb,2114.0
Thailand,2023,Mar,2270.0
Thailand,2023,Apr,2182.0
Thailand,2023,May,2014.0
Thailand,2023,Jun,2241.0
Thailand,2023,Jul,2491.0
Thailand,2023,Aug,2468.0
Thailand,2023,Sep,2131.0
Thailand,2023,Oct,2197.0
Thailand,2023,Nov,2637.0
Thailand,2023,Dec,3261.0
Thailand,2024,Jan,3035.0
Thailand,2024,Feb,3352.0
Thailand,2024,Mar,2983.0
Thailand,2024,Apr,2757.0
Thailand,2024,May,2633.0
Thailand,2024,Jun,2740.0
Thailand,2024,Jul,3103.0
Thailand,2024,Aug,2963.0
Thailand,2024,Sep,2521.0
Thailand,2024,Oct,2679.0
Thailand,2024,Nov,3150.0
Thailand,2024,Dec,3627.0
Thailand,2025,Jan,3709.0
Thailand,2025,Feb,3119.0
Thailand,2025,Mar,2720.0
Thailand,2025,Apr,2547.0
Thailand,2025,May,2267.0
Thailand,2025,Jun,2323.0
Thailand,2025,Jul,2610.0
Thailand,2025,Aug,2584.0
Thailand,2025,Sep,2236.0
Tonga,2015,Feb,2.4
Tonga,2015,Mar,2.9
Tonga,2015,Apr,3.6
Tonga,2015,May,3.8
Tonga,2015,Jun,5.9
Tonga,2015,Jul,6.0
Tonga,2015,Aug,4.8
Tonga,2015,Sep,4.9
Tonga,2015,Oct,4.0
Tonga,2015,Nov,3.6
Tonga,2015,Dec,8.4
Tonga,2016,Jan,3.6
Tonga,2016,Feb,3.3
Tonga,2016,Mar,3.3
Tonga,2016,Apr,3.5
Tonga,2016,May,5.2
Tonga,2016,Jun,6.8
Tonga,2016,Jul,6.1
Tonga,2016,Aug,5.9
Tonga,2016,Sep,5.2
Tonga,2016,Oct,4.3
Tonga,2016,Nov,5.9
Tonga,2016,Dec,8.1
Tonga,2017,Jan,3.4
Tonga,2017,Feb,2.9
Tonga,2017,Mar,2.6
Tonga,2017,Apr,3.8
Tonga,2017,May,5.3
Tonga,2017,Jun,6.5
Tonga,2017,Jul,5.9
Tonga,2017,Aug,6.8
Tonga,2017,Sep,6.4
Tonga,2017,Oct,4.6
Tonga,2017,Nov,4.3
Tonga,2017,Dec,9.6
Tonga,2021,Jan,0.0
Tonga,2021,Feb,0.0
Tonga,2021,Mar,0.0
Tonga,2021,Apr,0.0
Tonga,2021,May,0.0
Tonga,2021,Jun,0.1
Tonga,2021,Jul,0.0
Tonga,2021,Aug,0.0
Tonga,2021,Sep,0.0
Tonga,2021,Oct,0.0
Tonga,2021,Nov,0.0
Tonga,2021,Dec,0.0
Tonga,2022,Jan,0.0
Tonga,2022,Feb,0.0
Tonga,2022,Mar,0.1
Tonga,2022,Apr,0.0
Tonga,2022,May,0.1
Tonga,2022,Jun,0.3
Tonga,2022,Jul,0.4
Tonga,2022,Aug,1.8
Tonga,2022,Sep,2.5
Tonga,2022,Oct,2.5
Tonga,2022,Nov,3.3
Tonga,2022,Dec,7.4
Tonga,2023,Jan,3.3
Tonga,2023,Feb,2.7
Tonga,2023,Mar,3.1
Tonga,2023,Apr,3.5
Tonga,2023,May,4.3
Tonga,2023,Jun,5.9
Tonga,2023,Jul,6.4
Tonga,2023,Aug,6.1
Tonga,2023,Sep,5.1
Tonga,2023,Oct,3.8
Tonga,2023,Nov,4.2
Tonga,2023,Dec,7.3
Tonga,2024,Jan,3.8
Tonga,2024,Feb,3.2
Tonga,2024,Mar,3.5
Tonga,2024,Apr,3.9
Tonga,2024,May,5.0
Tonga,2024,Jun,7.3
Tonga,2024,Jul,7.5
Tonga,2024,Aug,6.7
Tonga,2024,Sep,5.9
Tonga,2024,Oct,4.5
Tonga,2024,Nov,4.4
Tonga,2024,Dec,5.2
Trinidad & Tobago,2015,Feb,48.0
Trinidad & Tobago,2015,Mar,36.1
Trinidad & Tobago,2015,Apr,36.1
Trinidad & Tobago,2015,May,32.6
Trinidad & Tobago,2015,Jun,34.7
Trinidad & Tobago,2015,Jul,42.0
Trinidad & Tobago,2015,Aug,37.1
Trinidad & Tobago,2015,Sep,29.2
Trinidad & Tobago,2015,Oct,30.7
Trinidad & Tobago,2015,Nov,34.5
Trinidad & Tobago,2015,Dec,43.3
Trinidad & Tobago,2016,Jan,40.1
Trinidad & Tobago,2016,Feb,42.0
Trinidad & Tobago,2016,Mar,32.9
Trinidad & Tobago,2016,Apr,32.0
Trinidad & Tobago,2016,May,30.3
Trinidad & Tobago,2016,Jun,32.5
Trinidad & Tobago,2016,Jul,39.6
Trinidad & Tobago,2016,Aug,34.8
Trinidad & Tobago,2016,Sep,27.6
Trinidad & Tobago,2016,Oct,27.5
Trinidad & Tobago,2016,Nov,29.7
Trinidad & Tobago,2016,Dec,39.8
Trinidad & Tobago,2017,Jan,32.0
Trinidad & Tobago,2017,Feb,46.7
Trinidad & Tobago,2017,Mar,31.8
Trinidad & Tobago,2017,Apr,32.0
Trinidad & Tobago,2017,May,30.5
Trinidad & Tobago,2017,Jun,31.3
Trinidad & Tobago,2017,Jul,37.1
Trinidad & Tobago,2017,Aug,33.3
Trinidad & Tobago,2017,Sep,25.0
Trinidad & Tobago,2017,Oct,29.3
Trinidad & Tobago,2017,Nov,28.3
Trinidad & Tobago,2017,Dec,37.2
Trinidad & Tobago,2018,Jan,33.3
Trinidad & Tobago,2018,Feb,40.9
Trinidad & Tobago,2018,Mar,33.0
Trinidad & Tobago,2018,Apr,28.3
Trinidad & Tobago,2018,May,28.5
Trinidad & Tobago,2018,Jun,30.8
Trinidad & Tobago,2018,Jul,36.3
Trinidad & Tobago,2018,Aug,30.2
Trinidad & Tobago,2018,Sep,25.2
Trinidad & Tobago,2018,Oct,25.5
Trinidad & Tobago,2018,Nov,27.0
Trinidad & Tobago,2018,Dec,36.6
Trinidad & Tobago,2019,Jan,28.3
Trinidad & Tobago,2019,Feb,41.8
Trinidad & Tobago,2019,Mar,34.7
Trinidad & Tobago,2019,Apr,31.3
Trinidad & Tobago,2019,May,30.1
Trinidad & Tobago,2019,Jun,31.5
Trinidad & Tobago,2019,Jul,36.9
Trinidad & Tobago,2019,Aug,33.1
Trinidad & Tobago,2019,Sep,25.3
Trinidad & Tobago,2019,Oct,29.3
Trinidad & Tobago,2019,Nov,28.8
Trinidad & Tobago,2019,Dec,37.5
Trinidad & Tobago,2020,Jan,30.7
Trinidad & Tobago,2020,Feb,47.4
Trinidad & Tobago,2020,Mar,13.7
Trinidad & Tobago,2020,Apr,0.1
Trinidad & Tobago,2020,May,0.1
Trinidad & Tobago,2020,Jun,0.1
Trinidad & Tobago,2020,Jul,0.2
Trinidad & Tobago,2020,Aug,0.7
Trinidad & Tobago,2020,Sep,0.7
Trinidad & Tobago,2020,Oct,0.6
Trinidad & Tobago,2020,Nov,0.5
Trinidad & Tobago,2020,Dec,0.4
Trinidad & Tobago,2021,Jan,0.4
Trinidad & Tobago,2021,Feb,0.4
Trinidad & Tobago,2021,Mar,0.5
Trinidad & Tobago,2021,Apr,0.5
Trinidad & Tobago,2021,May,0.5
Trinidad & Tobago,2021,Jun,0.5
Trinidad & Tobago,2021,Jul,1.6
Trinidad & Tobago,2021,Aug,3.7
Trinidad & Tobago,2021,Sep,4.6
Trinidad & Tobago,2021,Oct,6.1
Trinidad & Tobago,2021,Nov,8.6
Trinidad & Tobago,2021,Dec,13.2
Trinidad & Tobago,2022,Jan,8.8
Trinidad & Tobago,2022,Feb,11.4
Trinidad & Tobago,2022,Mar,14.6
Trinidad & Tobago,2022,Apr,17.1
Trinidad & Tobago,2022,May,18.4
Trinidad & Tobago,2022,Jun,20.2
Trinidad & Tobago,2022,Jul,24.7
Trinidad & Tobago,2022,Aug,21.5
Trinidad & Tobago,2022,Sep,19.4
Trinidad & Tobago,2022,Oct,21.2
Trinidad & Tobago,2022,Nov,22.0
Trinidad & Tobago,2022,Dec,28.2
Trinidad & Tobago,2023,Jan,23.5
Trinidad & Tobago,2023,Feb,33.3
Trinidad & Tobago,2023,Mar,25.2
Trinidad & Tobago,2023,Apr,24.1
Trinidad & Tobago,2023,May,23.8
Trinidad & Tobago,2023,Jun,23.9
Trinidad & Tobago,2023,Jul,29.6
Trinidad & Tobago,2023,Aug,25.8
Trinidad & Tobago,2023,Sep,21.6
Trinidad & Tobago,2023,Oct,23.3
Trinidad & Tobago,2023,Nov,24.0
Trinidad & Tobago,2023,Dec,31.9
Trinidad & Tobago,2024,Jan,27.2
Trinidad & Tobago,2024,Feb,35.5
Trinidad & Tobago,2024,Mar,27.6
Trinidad & Tobago,2024,Apr,24.2
Trinidad & Tobago,2024,May,25.2
Trinidad & Tobago,2024,Jun,28.9
Trinidad & Tobago,2024,Jul,32.1
Trinidad & Tobago,2024,Aug,27.7
Trinidad & Tobago,2024,Sep,20.2
Trinidad & Tobago,2024,Oct,24.8
Trinidad & Tobago,2024,Nov,26.0
Trinidad & Tobago,2024,Dec,37.2
Trinidad & Tobago,2025,Jan,27.5
Trinidad & Tobago,2025,Feb,42.1
Trinidad & Tobago,2025,Mar,28.4
Trinidad & Tobago,2025,Apr,32.3
Trinidad & Tobago,2025,May,28.7
Trinidad & Tobago,2025,Jun,30.5
Trinidad & Tobago,2025,Jul,34.7
Trinidad & Tobago,2025,Aug,33.2
Trinidad & Tobago,2025,Sep,22.5
Tunisia,2015,Feb,283.1
Tunisia,2015,Mar,400.7
Tunisia,2015,Apr,404.1
Tunisia,2015,May,507.3
Tunisia,2015,Jun,534.8
Tunisia,2015,Jul,608.2
Tunisia,2015,Aug,771.7
Tunisia,2015,Sep,412.1
Tunisia,2015,Oct,391.0
Tunisia,2015,Nov,302.8
Tunisia,2015,Dec,403.4
Tunisia,2016,Jan,276.1
Tunisia,2016,Feb,258.6
Tunisia,2016,Mar,297.4
Tunisia,2016,Apr,314.4
Tunisia,2016,May,418.1
Tunisia,2016,Jun,416.2
Tunisia,2016,Jul,823.2
Tunisia,2016,Aug,983.2
Tunisia,2016,Sep,543.4
Tunisia,2016,Oct,480.2
Tunisia,2016,Nov,376.4
Tunisia,2016,Dec,536.9
Tunisia,2017,Jan,312.3
Tunisia,2017,Feb,347.1
Tunisia,2017,Mar,456.7
Tunisia,2017,Apr,453.2
Tunisia,2017,May,503.5
Tunisia,2017,Jun,488.2
Tunisia,2017,Jul,995.1
Tunisia,2017,Aug,1127.0
Tunisia,2017,Sep,679.7
Tunisia,2017,Oct,576.0
Tunisia,2017,Nov,456.6
Tunisia,2017,Dec,655.9
Tunisia,2018,Jan,379.4
Tunisia,2018,Feb,402.9
Tunisia,2018,Mar,549.0
Tunisia,2018,Apr,567.6
Tunisia,2018,May,615.1
Tunisia,2018,Jun,718.9
Tunisia,2018,Jul,1133.0
Tunisia,2018,Aug,1121.0
Tunisia,2018,Sep,787.4
Tunisia,2018,Oct,689.7
Tunisia,2018,Nov,538.1
Tunisia,2018,Dec,797.4
Tunisia,2019,Jan,474.1
Tunisia,2019,Feb,487.2
Tunisia,2019,Mar,599.8
Tunisia,2019,Apr,678.0
Tunisia,2019,May,605.5
Tunisia,2019,Jun,928.9
Tunisia,2019,Jul,1273.0
Tunisia,2019,Aug,1248.0
Tunisia,2019,Sep,910.3
Tunisia,2019,Oct,765.5
Tunisia,2019,Nov,586.5
Tunisia,2019,Dec,871.8
Tunisia,2020,Jan,521.2
Tunisia,2020,Feb,534.2
Tunisia,2020,Mar,239.1
Tunisia,2020,Apr,2.3
Tunisia,2020,May,4.1
Tunisia,2020,Jun,14.5
Tunisia,2020,Jul,213.6
Tunisia,2020,Aug,132.8
Tunisia,2020,Sep,73.4
Tunisia,2020,Oct,74.8
Tunisia,2020,Nov,53.0
Tunisia,2020,Dec,149.3
Tunisia,2021,Jan,127.0
Tunisia,2021,Feb,75.9
Tunisia,2021,Mar,137.0
Tunisia,2021,Apr,144.1
Tunisia,2021,May,129.5
Tunisia,2021,Jun,324.9
Tunisia,2021,Jul,397.5
Tunisia,2021,Aug,190.7
Tunisia,2021,Sep,150.3
Tunisia,2021,Oct,262.4
Tunisia,2021,Nov,237.3
Tunisia,2021,Dec,297.7
Tunisia,2022,Jan,212.8
Tunisia,2022,Feb,265.8
Tunisia,2022,Mar,338.6
Tunisia,2022,Apr,303.0
Tunisia,2022,May,428.2
Tunisia,2022,Jun,553.9
Tunisia,2022,Jul,856.4
Tunisia,2022,Aug,878.6
Tunisia,2022,Sep,713.0
Tunisia,2022,Oct,670.1
Tunisia,2022,Nov,508.9
Tunisia,2022,Dec,708.4
Tunisia,2023,Jan,524.7
Tunisia,2023,Feb,515.5
Tunisia,2023,Mar,547.7
Tunisia,2023,Apr,575.5
Tunisia,2023,May,754.5
Tunisia,2023,Jun,888.0
Tunisia,2023,Jul,1188.0
Tunisia,2023,Aug,1219.0
Tunisia,2023,Sep,954.9
Tunisia,2023,Oct,824.2
Tunisia,2023,Nov,606.1
Tunisia,2023,Dec,772.5
Tunisia,2024,Jan,597.0
Tunisia,2024,Feb,611.3
Tunisia,2024,Mar,532.0
Tunisia,2024,Apr,597.8
Tunisia,2024,May,746.4
Tunisia,2024,Jun,902.3
Tunisia,2024,Jul,1351.0
Tunisia,2024,Aug,1287.0
Tunisia,2024,Sep,1073.0
Tunisia,2024,Oct,938.2
Tunisia,2024,Nov,708.6
Tunisia,2024,Dec,920.7
Tunisia,2025,Jan,621.3
Tunisia,2025,Feb,647.6
Tunisia,2025,Mar,506.3
Tunisia,2025,Apr,802.3
Tunisia,2025,May,843.2
Tunisia,2025,Jun,1033.0
Tunisia,2025,Jul,1324.0
Tunisia,2025,Aug,1385.0
Tunisia,2025,Sep,1197.0
Türkiye,2015,Feb,1371.0
Türkiye,2015,Mar,1871.0
Türkiye,2015,Apr,2323.0
Türkiye,2015,May,3616.0
Türkiye,2015,Jun,3898.0
Türkiye,2015,Jul,5230.0
Türkiye,2015,Aug,4884.0
Türkiye,2015,Sep,4004.0
Türkiye,2015,Oct,3079.0
Türkiye,2015,Nov,1646.0
Türkiye,2015,Dec,1455.0
Türkiye,2016,Jan,1166.0
Türkiye,2016,Feb,1237.0
Türkiye,2016,Mar,1631.0
Türkiye,2016,Apr,1707.0
Türkiye,2016,May,2390.0
Türkiye,2016,Jun,2334.0
Türkiye,2016,Jul,3399.0
Türkiye,2016,Aug,3099.0
Türkiye,2016,Sep,2772.0
Türkiye,2016,Oct,2370.0
Türkiye,2016,Nov,1336.0
Türkiye,2016,Dec,1297.0
Türkiye,2017,Jan,1051.0
Türkiye,2017,Feb,1156.0
Türkiye,2017,Mar,1577.0
Türkiye,2017,Apr,2036.0
Türkiye,2017,May,2842.0
Türkiye,2017,Jun,3445.0
Türkiye,2017,Jul,5029.0
Türkiye,2017,Aug,4606.0
Türkiye,2017,Sep,4016.0
Türkiye,2017,Oct,2952.0
Türkiye,2017,Nov,1636.0
Türkiye,2017,Dec,1696.0
Türkiye,2018,Jan,1457.0
Türkiye,2018,Feb,1523.0
Türkiye,2018,Mar,2133.0
Türkiye,2018,Apr,2640.0
Türkiye,2018,May,3640.0
Türkiye,2018,Jun,4463.0
Türkiye,2018,Jul,5618.0
Türkiye,2018,Aug,5324.0
Türkiye,2018,Sep,4741.0
Türkiye,2018,Oct,3706.0
Türkiye,2018,Nov,1957.0
Türkiye,2018,Dec,1945.0
Türkiye,2019,Jan,1539.0
Türkiye,2019,Feb,1670.0
Türkiye,2019,Mar,2232.0
Türkiye,2019,Apr,3293.0
Türkiye,2019,May,4022.0
Türkiye,2019,Jun,5319.0
Türkiye,2019,Jul,6617.0
Türkiye,2019,Aug,6308.0
Türkiye,2019,Sep,5427.0
Türkiye,2019,Oct,4292.0
Türkiye,2019,Nov,2191.0
Türkiye,2019,Dec,2148.0
Türkiye,2020,Jan,1787.0
Türkiye,2020,Feb,1733.0
Türkiye,2020,Mar,718.1
Türkiye,2020,Apr,24.2
Türkiye,2020,May,29.8
Türkiye,2020,Jun,214.8
Türkiye,2020,Jul,932.9
Türkiye,2020,Aug,1815.0
Türkiye,2020,Sep,2203.0
Türkiye,2020,Oct,1742.0
Türkiye,2020,Nov,834.0
Türkiye,2020,Dec,699.3
Türkiye,2021,Jan,509.8
Türkiye,2021,Feb,538.0
Türkiye,2021,Mar,905.3
Türkiye,2021,Apr,790.7
Türkiye,2021,May,936.3
Türkiye,2021,Jun,2048.0
Türkiye,2021,Jul,4361.0
Türkiye,2021,Aug,3982.0
Türkiye,2021,Sep,3513.0
Türkiye,2021,Oct,3472.0
Türkiye,2021,Nov,1764.0
Türkiye,2021,Dec,1893.0
Türkiye,2022,Jan,1282.0
Türkiye,2022,Feb,1541.0
Türkiye,2022,Mar,2080.0
Türkiye,2022,Apr,2574.0
Türkiye,2022,May,3873.0
Türkiye,2022,Jun,5015.0
Türkiye,2022,Jul,6665.0
Türkiye,2022,Aug,6305.0
Türkiye,2022,Sep,5475.0
Türkiye,2022,Oct,4803.0
Türkiye,2022,Nov,2551.0
Türkiye,2022,Dec,2399.0
Türkiye,2023,Jan,2006.0
Türkiye,2023,Feb,1870.0
Türkiye,2023,Mar,2336.0
Türkiye,2023,Apr,3322.0
Türkiye,2023,May,4500.0
Türkiye,2023,Jun,5584.0
Türkiye,2023,Jul,7148.0
Türkiye,2023,Aug,6661.0
Türkiye,2023,Sep,5786.0
Türkiye,2023,Oct,4987.0
Türkiye,2023,Nov,2525.0
Türkiye,2023,Dec,2484.0
Türkiye,2024,Jan,2047.0
Türkiye,2024,Feb,2295.0
Türkiye,2024,Mar,2701.0
Türkiye,2024,Apr,3611.0
Türkiye,2024,May,5130.0
Türkiye,2024,Jun,5860.0
Türkiye,2024,Jul,7334.0
Türkiye,2024,Aug,6825.0
Türkiye,2024,Sep,6054.0
Türkiye,2024,Oct,5448.0
Türkiye,2024,Nov,2734.0
Türkiye,2024,Dec,2589.0
Türkiye,2025,Jan,2171.0
Türkiye,2025,Feb,2172.0
Türkiye,2025,Mar,2346.0
Türkiye,2025,Apr,3901.0
Türkiye,2025,May,5037.0
Türkiye,2025,Jun,5772.0
Türkiye,2025,Jul,7116.0
Türkiye,2025,Aug,6965.0
Türkiye,2025,Sep,6087.0
Turks & Caicos,2015,Feb,35.9
Turks & Caicos,2015,Mar,41.7
Turks & Caicos,2015,Apr,37.6
Turks & Caicos,2015,May,29.7
Turks & Caicos,2015,Jun,32.3
Turks & Caicos,2015,Jul,35.5
Turks & Caicos,2015,Aug,33.4
Turks & Caicos,2015,Sep,15.1
Turks & Caicos,2015,Oct,19.6
Turks & Caicos,2015,Nov,27.3
Turks & Caicos,2015,Dec,39.6
Turks & Caicos,2016,Jan,44.6
Turks & Caicos,2016,Feb,42.0
Turks & Caicos,2016,Mar,50.9
Turks & Caicos,2016,Apr,49.9
Turks & Caicos,2016,May,33.5
Turks & Caicos,2016,Jun,38.0
Turks & Caicos,2016,Jul,43.4
Turks & Caicos,2016,Aug,35.0
Turks & Caicos,2016,Sep,19.2
Turks & Caicos,2016,Oct,24.6
Turks & Caicos,2016,Nov,30.0
Turks & Caicos,2016,Dec,42.6
Turks & Caicos,2017,Jan,44.9
Turks & Caicos,2017,Feb,43.6
Turks & Caicos,2017,Mar,48.4
Turks & Caicos,2017,Apr,50.2
Turks & Caicos,2017,May,33.9
Turks & Caicos,2017,Jun,34.6
Turks & Caicos,2017,Jul,37.5
Turks & Caicos,2017,Aug,36.2
Turks & Caicos,2017,Sep,2.3
Turks & Caicos,2017,Oct,22.6
Turks & Caicos,2017,Nov,23.2
Turks & Caicos,2017,Dec,39.0
Turks & Caicos,2018,Jan,31.7
Turks & Caicos,2018,Feb,41.6
Turks & Caicos,2018,Mar,50.1
Turks & Caicos,2018,Apr,44.3
Turks & Caicos,2019,Jan,43.0
Turks & Caicos,2019,Feb,41.7
Turks & Caicos,2019,Mar,56.2
Turks & Caicos,2019,Jul,47.4
Turks & Caicos,2019,Aug,36.3
Turks & Caicos,2019,Sep,13.4
Turks & Caicos,2020,Jan,44.2
Turks & Caicos,2020,Feb,51.6
Turks & Caicos,2020,Mar,26.2
Turks & Caicos,2020,Apr,0.0
Turks & Caicos,2020,May,0.0
Turks & Caicos,2020,Jun,0.0
Turks & Caicos,2020,Jul,1.3
Turks & Caicos,2020,Aug,5.6
Turks & Caicos,2020,Sep,3.1
Turks & Caicos,2021,Jan,13.6
Turks & Caicos,2021,Feb,12.8
Turks & Caicos,2021,Mar,25.2
Turks & Caicos,2021,Apr,29.0
Turks & Caicos,2021,May,37.7
Turks & Caicos,2021,Jun,46.8
Turks & Caicos,2021,Jul,56.0
Turks & Caicos,2021,Aug,41.7
Turks & Caicos,2021,Sep,19.5
Turks & Caicos,2021,Oct,30.3
Turks & Caicos,2021,Nov,42.1
Turks & Caicos,2021,Dec,49.9
Turks & Caicos,2022,Jan,40.8
Turks & Caicos,2022,Feb,47.7
Turks & Caicos,2022,Mar,60.0
Turks & Caicos,2022,Apr,59.0
Turks & Caicos,2022,May,65.6
Turks & Caicos,2022,Jun,58.6
Turks & Caicos,2022,Jul,65.5
Turks & Caicos,2022,Aug,54.8
Turks & Caicos,2022,Sep,27.4
Turks & Caicos,2022,Oct,32.5
Turks & Caicos,2022,Nov,42.5
Turks & Caicos,2022,Dec,62.0
Turks & Caicos,2023,Jan,58.4
Turks & Caicos,2023,Feb,56.6
Turks & Caicos,2023,Mar,67.1
Turks & Caicos,2023,Apr,63.5
Turks & Caicos,2023,May,57.5
Turks & Caicos,2023,Jun,56.0
Turks & Caicos,2023,Jul,61.5
Turks & Caicos,2023,Aug,48.4
Turks & Caicos,2023,Sep,31.7
Turks & Caicos,2023,Oct,41.3
Turks & Caicos,2023,Nov,53.4
Turks & Caicos,2023,Dec,67.2
Turks & Caicos,2024,Jan,53.3
Turks & Caicos,2024,Feb,59.8
Turks & Caicos,2024,Mar,74.9
Turks & Caicos,2024,Apr,58.4
Turks & Caicos,2024,May,56.8
Turks & Caicos,2024,Jun,61.3
Turks & Caicos,2024,Jul,62.8
Turks & Caicos,2024,Aug,46.8
Turks & Caicos,2024,Sep,19.5
Turks & Caicos,2024,Oct,39.6
Turks & Caicos,2024,Nov,54.0
Turks & Caicos,2024,Dec,67.8
Turks & Caicos,2025,Jan,55.8
Turks & Caicos,2025,Feb,60.1
Turks & Caicos,2025,Mar,77.1
Turks & Caicos,2025,Apr,59.5
Turks & Caicos,2025,May,53.7
Turks & Caicos,2025,Jun,57.6
Turks & Caicos,2025,Jul,63.1
Turks & Caicos,2025,Aug,43.7
Turks & Caicos,2025,Sep,18.7
Uganda,2015,Feb,103.8
Uganda,2015,Mar,109.8
Uganda,2015,Apr,99.7
Uganda,2015,May,111.4
Uganda,2015,Jun,105.1
Uganda,2015,Jul,109.4
Uganda,2015,Aug,121.6
Uganda,2015,Sep,106.2
Uganda,2015,Oct,105.1
Uganda,2015,Nov,106.7
Uganda,2015,Dec,113.9
Uganda,2016,Jan,115.8
Uganda,2016,Feb,99.3
Uganda,2016,Mar,121.7
Uganda,2016,Apr,98.5
Uganda,2016,May,95.6
Uganda,2016,Jun,106.6
Uganda,2016,Jul,116.8
Uganda,2016,Aug,120.3
Uganda,2016,Sep,113.0
Uganda,2016,Oct,104.3
Uganda,2016,Nov,106.6
Uganda,2016,Dec,124.1
Uganda,2017,Jan,114.7
Uganda,2017,Feb,103.2
Uganda,2017,Mar,111.0
Uganda,2017,Apr,114.2
Uganda,2017,May,123.5
Uganda,2017,Jun,104.4
Uganda,2017,Jul,122.2
Uganda,2017,Aug,132.6
Uganda,2017,Sep,117.5
Uganda,2017,Oct,109.5
Uganda,2017,Nov,114.7
Uganda,2017,Dec,134.7
Uganda,2018,Jan,123.5
Uganda,2018,Feb,116.7
Uganda,2018,Mar,117.4
Uganda,2018,Apr,117.6
Uganda,2018,May,122.4
Uganda,2018,Jun,120.5
Uganda,2018,Jul,132.5
Uganda,2018,Aug,141.9
Uganda,2018,Sep,126.6
Uganda,2018,Oct,119.2
Uganda,2018,Nov,124.8
Uganda,2018,Dec,142.5
Uganda,2019,Jan,125.3
Uganda,2019,Feb,121.9
Uganda,2019,Mar,122.6
Uganda,2019,Apr,122.8
Uganda,2019,May,127.7
Uganda,2019,Jun,125.8
Uganda,2019,Jul,132.3
Uganda,2019,Aug,133.3
Uganda,2019,Sep,132.1
Uganda,2019,Oct,124.3
Uganda,2019,Nov,130.2
Uganda,2019,Dec,144.4
Uganda,2020,Jan,56.4
Uganda,2020,Feb,49.8
Uganda,2020,Mar,35.0
Uganda,2020,Apr,24.3
Uganda,2020,May,28.9
Uganda,2020,Jun,38.5
Uganda,2020,Jul,42.2
Uganda,2020,Aug,40.3
Uganda,2020,Sep,34.3
Uganda,2020,Oct,40.9
Uganda,2020,Nov,41.3
Uganda,2020,Dec,41.1
Uganda,2021,Jan,39.9
Uganda,2021,Feb,40.4
Uganda,2021,Mar,46.2
Uganda,2021,Apr,39.7
Uganda,2021,May,42.4
Uganda,2021,Jun,39.0
Uganda,2021,Jul,37.7
Uganda,2021,Aug,43.2
Uganda,2021,Sep,40.6
Uganda,2021,Oct,46.3
Uganda,2021,Nov,48.1
Uganda,2021,Dec,49.4
Uganda,2022,Jan,49.6
Uganda,2022,Feb,46.9
Uganda,2022,Mar,58.4
Uganda,2022,Apr,65.3
Uganda,2022,May,66.4
Uganda,2022,Jun,68.5
Uganda,2022,Jul,72.1
Uganda,2022,Aug,69.9
Uganda,2022,Sep,69.5
United Kingdom,2015,Feb,2281.0
United Kingdom,2015,Mar,2615.0
United Kingdom,2015,Apr,3115.0
United Kingdom,2015,May,3598.0
United Kingdom,2015,Jun,3276.0
United Kingdom,2015,Jul,3689.0
United Kingdom,2015,Aug,3709.0
United Kingdom,2015,Sep,3114.0
United Kingdom,2015,Oct,3522.0
United Kingdom,2015,Nov,2660.0
United Kingdom,2015,Dec,2573.0
United Kingdom,2016,Jan,2857.0
United Kingdom,2016,Feb,2514.0
United Kingdom,2016,Mar,2827.0
United Kingdom,2016,Apr,3059.0
United Kingdom,2016,May,3672.0
United Kingdom,2016,Jun,3406.0
United Kingdom,2016,Jul,3877.0
United Kingdom,2016,Aug,3854.0
United Kingdom,2016,Sep,3161.0
United Kingdom,2016,Oct,3535.0
United Kingdom,2016,Nov,3258.0
United Kingdom,2016,Dec,3107.0
United Kingdom,2017,Jan,3123.0
United Kingdom,2017,Feb,2528.0
United Kingdom,2017,Mar,3196.0
United Kingdom,2017,Apr,3731.0
United Kingdom,2017,May,3619.0
United Kingdom,2017,Jun,3662.0
United Kingdom,2017,Jul,4344.0
United Kingdom,2017,Aug,4253.0
United Kingdom,2017,Sep,3302.0
United Kingdom,2017,Oct,3359.0
United Kingdom,2017,Nov,3183.0
United Kingdom,2017,Dec,2780.0
United Kingdom,2018,Jan,2734.0
United Kingdom,2018,Feb,2573.0
United Kingdom,2018,Mar,3240.0
United Kingdom,2018,Apr,3404.0
United Kingdom,2018,May,3614.0
United Kingdom,2018,Jun,3503.0
United Kingdom,2018,Jul,4172.0
United Kingdom,2018,Aug,4126.0
United Kingdom,2018,Sep,3237.0
United Kingdom,2018,Oct,3491.0
United Kingdom,2018,Nov,3112.0
United Kingdom,2018,Dec,3075.0
United Kingdom,2019,Jan,2830.0
United Kingdom,2019,Feb,2372.0
United Kingdom,2019,Mar,3129.0
United Kingdom,2019,Apr,3199.0
United Kingdom,2019,May,3438.0
United Kingdom,2019,Jun,3727.0
United Kingdom,2019,Jul,4155.0
United Kingdom,2019,Aug,4418.0
United Kingdom,2019,Sep,3292.0
United Kingdom,2019,Oct,3731.0
United Kingdom,2019,Nov,3121.0
United Kingdom,2019,Dec,3445.0
United Kingdom,2020,Jan,3036.0
United Kingdom,2020,Feb,2512.0
United Kingdom,2020,Mar,1446.0
United Kingdom,2020,Apr,95.2
United Kingdom,2020,May,126.6
United Kingdom,2020,Jun,176.4
United Kingdom,2020,Jul,632.7
United Kingdom,2020,Aug,993.0
United Kingdom,2020,Sep,696.5
United Kingdom,2020,Oct,569.6
United Kingdom,2020,Nov,357.7
United Kingdom,2020,Dec,458.5
United Kingdom,2021,Jan,82.0
United Kingdom,2021,Feb,86.0
United Kingdom,2021,Mar,78.0
United Kingdom,2021,Apr,81.0
United Kingdom,2021,May,107.0
United Kingdom,2021,Jun,158.0
United Kingdom,2021,Jul,330.7
United Kingdom,2021,Aug,759.0
United Kingdom,2021,Sep,949.3
United Kingdom,2021,Oct,1103.0
United Kingdom,2021,Nov,1610.0
United Kingdom,2021,Dec,1039.0
United Kingdom,2022,Jan,838.6
United Kingdom,2022,Feb,1045.0
United Kingdom,2022,Mar,1860.0
United Kingdom,2022,Apr,2252.0
United Kingdom,2022,May,2728.0
United Kingdom,2022,Jun,2977.0
United Kingdom,2022,Jul,3445.0
United Kingdom,2022,Aug,3545.0
United Kingdom,2022,Sep,2956.0
United Kingdom,2022,Oct,3322.0
United Kingdom,2022,Nov,3238.0
United Kingdom,2022,Dec,3038.0
United Kingdom,2023,Jan,2898.0
United Kingdom,2023,Feb,2192.0
United Kingdom,2023,Mar,2596.0
United Kingdom,2023,Apr,3126.0
United Kingdom,2023,May,3300.0
United Kingdom,2023,Jun,3479.0
United Kingdom,2023,Jul,4012.0
United Kingdom,2023,Aug,3810.0
United Kingdom,2023,Sep,3106.0
United Kingdom,2023,Oct,3715.0
United Kingdom,2023,Nov,2795.0
United Kingdom,2023,Dec,2931.0
United Kingdom,2024,Jan,3358.0
United Kingdom,2024,Feb,2461.0
United Kingdom,2024,Mar,2912.0
United Kingdom,2024,Apr,3359.0
United Kingdom,2024,May,3906.0
United Kingdom,2024,Jun,3513.0
United States,2015,Feb,4894.0
United States,2015,Mar,6177.0
United States,2015,Apr,6514.0
United States,2015,May,6865.0
United States,2015,Jun,6214.0
United States,2015,Jul,7862.0
United States,2015,Aug,8167.0
United States,2015,Sep,6534.0
United States,2015,Oct,6610.0
United States,2015,Nov,6062.0
United States,2015,Dec,6347.0
United States,2016,Jan,5615.0
United States,2016,Feb,4935.0
United States,2016,Mar,6144.0
United States,2016,Apr,6042.0
United States,2016,May,6500.0
United States,2016,Jun,6154.0
United States,2016,Jul,7595.0
United States,2016,Aug,7895.0
United States,2016,Sep,6614.0
United States,2016,Oct,6724.0
United States,2016,Nov,5844.0
United States,2016,Dec,6345.0
United States,2017,Jan,5762.0
United States,2017,Feb,4848.0
United States,2017,Mar,5789.0
United States,2017,Apr,6694.0
United States,2017,May,6262.0
United States,2017,Jun,6086.0
United States,2017,Jul,7663.0
United States,2017,Aug,8101.0
United States,2017,Sep,6484.0
United States,2017,Oct,6670.0
United States,2017,Nov,6128.0
United States,2017,Dec,6700.0
United States,2018,Jan,5929.0
United States,2018,Feb,5255.0
United States,2018,Mar,6663.0
United States,2018,Apr,6930.0
United States,2018,May,6768.0
United States,2018,Jun,6372.0
United States,2018,Jul,7780.0
United States,2018,Aug,8080.0
United States,2018,Sep,6559.0
United States,2018,Oct,6759.0
United States,2018,Nov,6067.0
United States,2018,Dec,6583.0
United States,2019,Jan,5836.0
United States,2019,Feb,5091.0
United States,2019,Mar,6259.0
United States,2019,Apr,7045.0
United States,2019,May,6704.0
United States,2019,Jun,6327.0
United States,2019,Jul,7703.0
United States,2019,Aug,8115.0
United States,2019,Sep,6703.0
United States,2019,Oct,6687.0
United States,2019,Nov,6095.0
United States,2019,Dec,6876.0
United States,2020,Jan,5738.0
United States,2020,Feb,4953.0
United States,2020,Mar,3110.0
United States,2020,Apr,248.5
United States,2020,May,268.9
United States,2020,Jun,319.0
United States,2020,Jul,524.4
United States,2020,Aug,720.7
United States,2020,Sep,611.6
United States,2020,Oct,729.8
United States,2020,Nov,881.8
United States,2020,Dec,1107.0
United States,2021,Jan,1045.0
United States,2021,Feb,701.0
United States,2021,Mar,1062.0
United States,2021,Apr,1368.0
United States,2021,May,1751.0
United States,2021,Jun,1757.0
United States,2021,Jul,2022.0
United States,2021,Aug,2258.0
United States,2021,Sep,1894.0
United States,2021,Oct,2118.0
United States,2021,Nov,2873.0
United States,2021,Dec,3431.0
United States,2022,Jan,2474.0
United States,2022,Feb,2249.0
United States,2022,Mar,3210.0
United States,2022,Apr,4280.0
United States,2022,May,4255.0
United States,2022,Jun,4008.0
United States,2022,Jul,5172.0
United States,2022,Aug,5651.0
United States,2022,Sep,4833.0
United States,2022,Oct,5088.0
United States,2022,Nov,4546.0
United States,2022,Dec,5004.0
United States,2023,Jan,4793.0
United States,2023,Feb,4124.0
United States,2023,Mar,5228.0
United States,2023,Apr,5589.0
United States,2023,May,5374.0
United States,2023,Jun,4970.0
United States,2023,Jul,6444.0
United States,2023,Aug,6967.0
United States,2023,Sep,5756.0
United States,2023,Oct,5947.0
United States,2023,Nov,5260.0
United States,2023,Dec,5898.0
United States,2024,Jan,5360.0
United States,2024,Feb,4727.0
United States,2024,Mar,5884.0
United States,2024,Apr,5879.0
United States,2024,May,6059.0
United States,2024,Jun,5629.0
United States,2024,Jul,6888.0
United States,2024,Aug,7514.0
United States,2024,Sep,6151.0
United States,2024,Oct,6200.0
United States,2024,Nov,5642.0
United States,2024,Dec,6457.0
United States,2025,Jan,5610.0
United States,2025,Feb,4636.0
United States,2025,Mar,5410.0
United States,2025,Apr,5958.0
United States,2025,May,5634.0
United States,2025,Jun,5279.0
United States,2025,Jul,6275.0
Uruguay,2015,Feb,303.8
Uruguay,2015,Mar,225.1
Uruguay,2015,Apr,211.9
Uruguay,2015,May,190.1
Uruguay,2015,Jun,159.8
Uruguay,2015,Jul,224.3
Uruguay,2015,Aug,160.7
Uruguay,2015,Sep,169.9
Uruguay,2015,Oct,211.6
Uruguay,2015,Nov,213.7
Uruguay,2015,Dec,338.3
Uruguay,2016,Jan,408.8
Uruguay,2016,Feb,345.3
Uruguay,2016,Mar,261.3
Uruguay,2016,Apr,157.4
Uruguay,2016,May,163.3
Uruguay,2016,Jun,165.8
Uruguay,2016,Jul,255.8
Uruguay,2016,Aug,191.2
Uruguay,2016,Sep,201.0
Uruguay,2016,Oct,230.2
Uruguay,2016,Nov,255.6
Uruguay,2016,Dec,401.7
Uruguay,2017,Jan,500.9
Uruguay,2017,Feb,455.7
Uruguay,2017,Mar,277.6
Uruguay,2017,Apr,300.7
Uruguay,2017,May,204.7
Uruguay,2017,Jun,186.9
Uruguay,2017,Jul,297.4
Uruguay,2017,Aug,213.1
Uruguay,2017,Sep,231.0
Uruguay,2017,Oct,260.5
Uruguay,2017,Nov,282.1
Uruguay,2017,Dec,463.3
Uruguay,2018,Jan,538.2
Uruguay,2018,Feb,472.6
Uruguay,2018,Mar,363.0
Uruguay,2018,Apr,239.5
Uruguay,2018,May,191.1
Uruguay,2018,Jun,164.8
Uruguay,2018,Jul,258.0
Uruguay,2018,Aug,202.2
Uruguay,2018,Sep,200.2
Uruguay,2018,Oct,217.0
Uruguay,2018,Nov,250.9
Uruguay,2018,Dec,371.7
Uruguay,2019,Jan,402.0
Uruguay,2019,Feb,332.4
Uruguay,2019,Mar,281.6
Uruguay,2019,Apr,230.6
Uruguay,2019,May,173.8
Uruguay,2019,Jun,174.8
Uruguay,2019,Jul,253.5
Uruguay,2019,Aug,188.0
Uruguay,2019,Sep,196.4
Uruguay,2019,Oct,220.2
Uruguay,2019,Nov,243.6
Uruguay,2019,Dec,359.3
Uruguay,2020,Jan,415.9
Uruguay,2020,Feb,382.9
Uruguay,2020,Mar,117.4
Uruguay,2020,Apr,0.0
Uruguay,2020,May,0.0
Uruguay,2020,Jun,0.0
Uruguay,2020,Jul,0.0
Uruguay,2020,Aug,0.0
Uruguay,2020,Sep,0.0
Uruguay,2020,Oct,0.0
Uruguay,2020,Nov,0.0
Uruguay,2020,Dec,0.0
Uruguay,2021,Jan,0.0
Uruguay,2021,Feb,0.0
Uruguay,2021,Mar,0.0
Uruguay,2021,Apr,0.0
Uruguay,2021,May,0.0
Uruguay,2021,Jun,0.0
Uruguay,2021,Jul,0.0
Uruguay,2021,Aug,0.0
Uruguay,2021,Sep,0.0
Uruguay,2021,Oct,0.0
Uruguay,2021,Nov,93.9
Uruguay,2021,Dec,135.4
Uruguay,2022,Jan,135.1
Uruguay,2022,Feb,140.0
Uruguay,2022,Mar,111.7
Uruguay,2022,Apr,183.9
Uruguay,2022,May,154.1
Uruguay,2022,Jun,171.0
Uruguay,2022,Jul,232.5
Uruguay,2022,Aug,184.7
Uruguay,2022,Sep,231.5
Uruguay,2022,Oct,262.2
Uruguay,2022,Nov,264.7
Uruguay,2022,Dec,361.8
US Virgin Islands,2015,Feb,72.1
US Virgin Islands,2015,Mar,84.1
US Virgin Islands,2015,Apr,73.0
US Virgin Islands,2015,May,68.7
US Virgin Islands,2015,Jun,67.7
US Virgin Islands,2015,Jul,69.9
US Virgin Islands,2015,Aug,51.6
US Virgin Islands,2015,Sep,32.7
US Virgin Islands,2015,Oct,40.8
US Virgin Islands,2015,Nov,53.9
US Virgin Islands,2015,Dec,75.9
US Virgin Islands,2016,Jan,74.1
US Virgin Islands,2016,Feb,71.6
US Virgin Islands,2016,Mar,87.7
US Virgin Islands,2016,Apr,69.5
US Virgin Islands,2016,May,65.4
US Virgin Islands,2016,Jun,70.0
US Virgin Islands,2016,Jul,75.7
US Virgin Islands,2016,Aug,59.3
US Virgin Islands,2016,Sep,39.0
US Virgin Islands,2016,Oct,46.3
US Virgin Islands,2016,Nov,56.7
US Virgin Islands,2016,Dec,81.8
US Virgin Islands,2017,Jan,77.5
US Virgin Islands,2017,Feb,74.8
US Virgin Islands,2017,Mar,86.7
US Virgin Islands,2017,Apr,78.6
US Virgin Islands,2017,May,64.5
US Virgin Islands,2017,Jun,71.0
US Virgin Islands,2017,Jul,74.1
US Virgin Islands,2017,Aug,56.6
US Virgin Islands,2017,Sep,3.1
US Virgin Islands,2017,Oct,10.0
US Virgin Islands,2017,Nov,15.9
US Virgin Islands,2017,Dec,24.1
US Virgin Islands,2018,Jan,31.7
US Virgin Islands,2018,Feb,30.5
US Virgin Islands,2018,Mar,39.4
US Virgin Islands,2018,Apr,39.4
US Virgin Islands,2018,May,39.4
US Virgin Islands,2018,Jun,46.9
US Virgin Islands,2018,Jul,46.1
US Virgin Islands,2018,Aug,42.7
US Virgin Islands,2018,Sep,29.9
US Virgin Islands,2018,Oct,35.3
US Virgin Islands,2018,Nov,47.8
US Virgin Islands,2018,Dec,62.1
US Virgin Islands,2019,Jan,64.2
US Virgin Islands,2019,Feb,58.6
US Virgin Islands,2019,Mar,70.6
US Virgin Islands,2019,Apr,43.3
US Virgin Islands,2019,May,56.2
US Virgin Islands,2019,Jun,62.0
US Virgin Islands,2019,Jul,61.6
US Virgin Islands,2019,Aug,48.4
US Virgin Islands,2019,Sep,27.8
US Virgin Islands,2019,Oct,31.0
US Virgin Islands,2019,Nov,48.4
US Virgin Islands,2019,Dec,68.7
US Virgin Islands,2020,Jan,73.5
US Virgin Islands,2020,Feb,67.5
US Virgin Islands,2020,Mar,36.8
US Virgin Islands,2020,Apr,2.6
US Virgin Islands,2020,May,7.3
US Virgin Islands,2020,Jun,22.9
US Virgin Islands,2020,Jul,44.0
US Virgin Islands,2020,Aug,29.5
US Virgin Islands,2020,Sep,13.6
US Virgin Islands,2020,Oct,28.0
US Virgin Islands,2020,Nov,38.6
US Virgin Islands,2020,Dec,54.8
US Virgin Islands,2021,Jan,44.5
US Virgin Islands,2021,Feb,57.0
US Virgin Islands,2021,Mar,77.7
US Virgin Islands,2021,Apr,72.0
US Virgin Islands,2021,May,82.4
US Virgin Islands,2021,Jun,91.9
US Virgin Islands,2021,Jul,97.1
US Virgin Islands,2021,Aug,64.4
US Virgin Islands,2021,Sep,38.6
US Virgin Islands,2021,Oct,50.4
US Virgin Islands,2021,Nov,64.6
US Virgin Islands,2021,Dec,85.7
US Virgin Islands,2022,Jan,67.8
US Virgin Islands,2022,Feb,71.2
US Virgin Islands,2022,Mar,87.1
US Virgin Islands,2022,Apr,79.9
US Virgin Islands,2022,May,73.5
US Virgin Islands,2022,Jun,78.4
US Virgin Islands,2022,Jul,77.5
US Virgin Islands,2022,Aug,56.7
US Virgin Islands,2022,Sep,31.4
US Virgin Islands,2022,Oct,43.8
US Virgin Islands,2022,Nov,54.1
US Virgin Islands,2022,Dec,70.4
US Virgin Islands,2023,Jan,73.9
US Virgin Islands,2023,Feb,71.0
US Virgin Islands,2023,Mar,81.0
US Virgin Islands,2023,Apr,69.6
US Virgin Islands,2023,May,66.1
US Virgin Islands,2023,Jun,70.1
US Virgin Islands,2023,Jul,75.4
US Virgin Islands,2023,Aug,50.2
US Virgin Islands,2023,Sep,31.4
US Virgin Islands,2023,Oct,43.3
US Virgin Islands,2023,Nov,61.5
US Virgin Islands,2023,Dec,88.6
US Virgin Islands,2024,Jan,89.3
US Virgin Islands,2024,Feb,89.6
US Virgin Islands,2024,Mar,105.9
US Virgin Islands,2024,Apr,84.6
US Virgin Islands,2024,May,85.9
US Virgin Islands,2024,Jun,82.9
US Virgin Islands,2024,Jul,80.5
US Virgin Islands,2024,Aug,55.8
US Virgin Islands,2024,Sep,34.7
US Virgin Islands,2024,Oct,44.0
US Virgin Islands,2024,Nov,62.8
US Virgin Islands,2024,Dec,91.3
US Virgin Islands,2025,Jan,87.7
US Virgin Islands,2025,Feb,82.2
US Virgin Islands,2025,Mar,98.6
US Virgin Islands,2025,Apr,81.4
US Virgin Islands,2025,May,80.1
US Virgin Islands,2025,Jun,88.0
US Virgin Islands,2025,Jul,90.1
US Virgin Islands,2025,Aug,59.5
US Virgin Islands,2025,Sep,31.8
Utd Arab Emirates,2015,Feb,1313.0
Utd Arab Emirates,2015,Mar,1459.0
Utd Arab Emirates,2015,Apr,1422.0
Utd Arab Emirates,2015,May,1342.0
Utd Arab Emirates,2015,Jun,1167.0
Utd Arab Emirates,2015,Jul,1237.0
Utd Arab Emirates,2015,Aug,1585.0
Utd Arab Emirates,2015,Sep,1424.0
Utd Arab Emirates,2015,Oct,1399.0
Utd Arab Emirates,2015,Nov,1330.0
Utd Arab Emirates,2015,Dec,1626.0
Utd Arab Emirates,2016,Jan,1777.0
Utd Arab Emirates,2016,Feb,1464.0
Utd Arab Emirates,2016,Mar,1634.0
Utd Arab Emirates,2016,Apr,1526.0
Utd Arab Emirates,2016,May,1476.0
Utd Arab Emirates,2016,Jun,1047.0
Utd Arab Emirates,2016,Jul,1465.0
Utd Arab Emirates,2016,Aug,1715.0
Utd Arab Emirates,2016,Sep,1500.0
Utd Arab Emirates,2016,Oct,1393.0
Utd Arab Emirates,2016,Nov,1485.0
Utd Arab Emirates,2016,Dec,1660.0
Utd Arab Emirates,2017,Jan,1931.0
Utd Arab Emirates,2017,Feb,1613.0
Utd Arab Emirates,2017,Mar,1741.0
Utd Arab Emirates,2017,Apr,1734.0
Utd Arab Emirates,2017,May,1457.0
Utd Arab Emirates,2017,Jun,1101.0
Utd Arab Emirates,2017,Jul,1506.0
Utd Arab Emirates,2017,Aug,1684.0
Utd Arab Emirates,2017,Sep,1614.0
Utd Arab Emirates,2017,Oct,1481.0
Utd Arab Emirates,2017,Nov,1543.0
Utd Arab Emirates,2017,Dec,1763.0
Utd Arab Emirates,2018,Jan,2094.0
Utd Arab Emirates,2018,Feb,1894.0
Utd Arab Emirates,2018,Mar,1798.0
Utd Arab Emirates,2018,Apr,1644.0
Utd Arab Emirates,2018,May,1379.0
Utd Arab Emirates,2018,Jun,1174.0
Utd Arab Emirates,2018,Jul,1971.0
Utd Arab Emirates,2018,Aug,1579.0
Utd Arab Emirates,2018,Sep,1396.0
Utd Arab Emirates,2018,Oct,1438.0
Utd Arab Emirates,2018,Nov,2051.0
Utd Arab Emirates,2018,Dec,1795.0
Utd Arab Emirates,2019,Jan,2045.0
Utd Arab Emirates,2019,Feb,1775.0
Utd Arab Emirates,2019,Mar,1909.0
Utd Arab Emirates,2019,Apr,1889.0
Utd Arab Emirates,2019,May,1340.0
Utd Arab Emirates,2019,Jun,1630.0
Utd Arab Emirates,2019,Jul,1659.0
Utd Arab Emirates,2019,Aug,2004.0
Utd Arab Emirates,2019,Sep,1661.0
Utd Arab Emirates,2019,Oct,1727.0
Utd Arab Emirates,2019,Nov,1819.0
Utd Arab Emirates,2019,Dec,2102.0
Utd Arab Emirates,2020,Jan,2359.0
Utd Arab Emirates,2020,Feb,1953.0
Utd Arab Emirates,2020,Mar,714.2
Utd Arab Emirates,2020,Apr,13.2
Utd Arab Emirates,2020,May,15.4
Utd Arab Emirates,2020,Jun,22.1
Utd Arab Emirates,2020,Jul,62.0
Utd Arab Emirates,2020,Aug,172.7
Utd Arab Emirates,2020,Sep,303.8
Utd Arab Emirates,2020,Oct,432.7
Utd Arab Emirates,2020,Nov,464.8
Utd Arab Emirates,2020,Dec,652.4
Utd Arab Emirates,2021,Jan,682.0
Utd Arab Emirates,2021,Feb,596.6
Utd Arab Emirates,2021,Mar,790.1
Utd Arab Emirates,2021,Apr,718.5
Utd Arab Emirates,2021,May,568.3
Utd Arab Emirates,2021,Jun,604.7
Utd Arab Emirates,2021,Jul,465.6
Utd Arab Emirates,2021,Aug,520.8
Utd Arab Emirates,2021,Sep,1092.0
Utd Arab Emirates,2021,Oct,1641.0
Utd Arab Emirates,2021,Nov,1831.0
Utd Arab Emirates,2021,Dec,1969.0
Utd Arab Emirates,2022,Jan,1479.0
Utd Arab Emirates,2022,Feb,2014.0
Utd Arab Emirates,2022,Mar,3127.0
Utd Arab Emirates,2022,Apr,1980.0
Utd Arab Emirates,2022,May,1559.0
Utd Arab Emirates,2022,Jun,1306.0
Utd Arab Emirates,2022,Jul,1304.0
Utd Arab Emirates,2022,Aug,1398.0
Utd Arab Emirates,2022,Sep,1762.0
Utd Arab Emirates,2022,Oct,2040.0
Utd Arab Emirates,2022,Nov,2280.0
Utd Arab Emirates,2022,Dec,2406.0
Utd Arab Emirates,2023,Jan,2565.0
Utd Arab Emirates,2023,Feb,2686.0
Utd Arab Emirates,2023,Mar,2451.0
Utd Arab Emirates,2023,Apr,2185.0
Utd Arab Emirates,2023,May,2177.0
Utd Arab Emirates,2023,Jun,1985.0
Utd Arab Emirates,2023,Jul,2110.0
Utd Arab Emirates,2023,Aug,2133.0
Utd Arab Emirates,2023,Sep,2066.0
Utd Arab Emirates,2023,Oct,2342.0
Utd Arab Emirates,2023,Nov,2617.0
Utd Arab Emirates,2023,Dec,2829.0
Uzbekistan,2018,Jan,262.8
Uzbekistan,2018,Feb,261.2
Uzbekistan,2018,Mar,448.2
Uzbekistan,2018,Apr,435.0
Uzbekistan,2018,May,441.5
Uzbekistan,2018,Jun,472.9
Uzbekistan,2018,Jul,506.1
Uzbekistan,2018,Aug,584.4
Uzbekistan,2018,Sep,503.3
Uzbekistan,2018,Oct,504.4
Uzbekistan,2018,Nov,476.1
Uzbekistan,2018,Dec,450.2
Uzbekistan,2019,Jan,437.3
Uzbekistan,2019,Feb,393.5
Uzbekistan,2019,Mar,549.5
Uzbekistan,2019,Apr,544.4
Uzbekistan,2019,May,496.8
Uzbekistan,2019,Jun,613.5
Uzbekistan,2019,Jul,597.7
Uzbekistan,2019,Aug,692.3
Uzbekistan,2019,Sep,613.8
Uzbekistan,2019,Oct,658.4
Uzbekistan,2019,Nov,634.0
Uzbekistan,2019,Dec,517.6
Uzbekistan,2020,Jan,538.4
Uzbekistan,2020,Feb,440.2
Uzbekistan,2020,Mar,235.4
Uzbekistan,2020,Apr,0.6
Uzbekistan,2020,May,0.4
Uzbekistan,2020,Jun,1.1
Uzbekistan,2020,Jul,1.0
Uzbekistan,2020,Aug,2.4
Uzbekistan,2020,Sep,134.9
Uzbekistan,2020,Oct,30.7
Uzbekistan,2020,Nov,55.8
Uzbekistan,2020,Dec,63.3
Uzbekistan,2021,Jan,58.8
Uzbekistan,2021,Feb,72.1
Uzbekistan,2021,Mar,123.5
Uzbekistan,2021,Apr,97.8
Uzbekistan,2021,May,152.7
Uzbekistan,2021,Jun,186.7
Uzbekistan,2021,Jul,180.9
Uzbekistan,2021,Aug,185.1
Uzbekistan,2021,Sep,188.9
Uzbekistan,2021,Oct,219.0
Uzbekistan,2021,Nov,213.0
Uzbekistan,2021,Dec,202.7
Uzbekistan,2022,Jan,169.6
Uzbekistan,2022,Feb,156.9
Uzbekistan,2022,Mar,283.1
Uzbekistan,2022,Apr,269.2
Uzbekistan,2022,May,503.6
Uzbekistan,2022,Jun,493.9
Uzbekistan,2022,Jul,540.6
Uzbekistan,2022,Aug,632.7
Uzbekistan,2022,Sep,537.9
Uzbekistan,2022,Oct,608.8
Uzbekistan,2022,Nov,555.5
Uzbekistan,2022,Dec,481.1
Uzbekistan,2023,Jan,423.5
Uzbekistan,2023,Feb,447.1
Uzbekistan,2023,Mar,617.1
Uzbekistan,2023,Apr,531.7
Uzbekistan,2023,May,569.8
Uzbekistan,2023,Jun,526.0
Uzbekistan,2023,Jul,565.2
Uzbekistan,2023,Aug,639.2
Uzbekistan,2023,Sep,587.3
Uzbekistan,2023,Oct,638.4
Uzbekistan,2023,Nov,590.1
Uzbekistan,2023,Dec,490.9
Uzbekistan,2024,Jan,692.4
Uzbekistan,2024,Feb,618.7
Uzbekistan,2024,Mar,739.2
Uzbekistan,2024,Apr,818.7
Uzbekistan,2024,May,935.2
Uzbekistan,2024,Jun,921.3
Uzbekistan,2024,Jul,937.5
Uzbekistan,2024,Aug,1039.0
Uzbekistan,2024,Sep,907.7
Uzbekistan,2024,Oct,990.7
Uzbekistan,2024,Nov,791.7
Uzbekistan,2024,Dec,668.9
Uzbekistan,2025,Jan,678.7
Uzbekistan,2025,Feb,656.6
Uzbekistan,2025,Mar,767.1
Uzbekistan,2025,Apr,1015.0
Uzbekistan,2025,May,1087.0
Uzbekistan,2025,Jun,1052.0
Uzbekistan,2025,Jul,1063.0
Uzbekistan,2025,Aug,1197.0
Uzbekistan,2025,Sep,1045.0
Vanuatu,2015,Feb,5.4
Vanuatu,2015,Mar,4.8
Vanuatu,2015,Apr,4.6
Vanuatu,2015,May,5.8
Vanuatu,2015,Jun,8.3
Vanuatu,2015,Jul,10.0
Vanuatu,2015,Aug,8.4
Vanuatu,2015,Sep,9.2
Vanuatu,2015,Oct,8.5
Vanuatu,2015,Nov,7.3
Vanuatu,2015,Dec,9.1
Vanuatu,2016,Jan,8.5
Vanuatu,2016,Feb,4.3
Vanuatu,2016,Mar,4.2
Vanuatu,2016,Apr,6.1
Vanuatu,2016,May,5.7
Vanuatu,2016,Jun,9.2
Vanuatu,2016,Jul,10.9
Vanuatu,2016,Aug,9.8
Vanuatu,2016,Sep,9.7
Vanuatu,2016,Oct,9.6
Vanuatu,2016,Nov,7.5
Vanuatu,2016,Dec,9.7
Vanuatu,2017,Jan,9.0
Vanuatu,2017,Feb,5.6
Vanuatu,2017,Mar,6.4
Vanuatu,2017,Apr,8.9
Vanuatu,2017,May,7.2
Vanuatu,2017,Jun,9.5
Vanuatu,2017,Jul,12.1
Vanuatu,2017,Aug,8.3
Vanuatu,2017,Sep,10.9
Vanuatu,2017,Oct,10.6
Vanuatu,2017,Nov,8.5
Vanuatu,2017,Dec,12.3
Vanuatu,2018,Jan,10.1
Vanuatu,2018,Feb,6.3
Vanuatu,2018,Mar,7.1
Vanuatu,2018,Apr,9.2
Vanuatu,2018,May,8.9
Vanuatu,2018,Jun,10.6
Vanuatu,2018,Jul,13.2
Vanuatu,2018,Aug,9.0
Vanuatu,2018,Sep,11.4
Vanuatu,2018,Oct,10.4
Vanuatu,2018,Nov,9.0
Vanuatu,2018,Dec,10.5
Vanuatu,2019,Jan,9.5
Vanuatu,2019,Feb,5.8
Vanuatu,2019,Mar,6.9
Vanuatu,2019,Apr,9.4
Vanuatu,2019,May,8.4
Vanuatu,2019,Jun,10.6
Vanuatu,2019,Jul,12.6
Vanuatu,2019,Aug,12.3
Vanuatu,2019,Sep,11.7
Vanuatu,2019,Oct,10.9
Vanuatu,2019,Nov,9.9
Vanuatu,2019,Dec,12.5
Vanuatu,2020,Jan,11.9
Vanuatu,2020,Feb,6.6
Vanuatu,2020,Mar,3.4
Vanuatu,2020,Apr,0.0
Vanuatu,2020,May,0.0
Vanuatu,2020,Jun,0.0
Vanuatu,2020,Jul,0.0
Vanuatu,2020,Aug,0.0
Vanuatu,2020,Sep,0.0
Vanuatu,2020,Oct,0.0
Vanuatu,2020,Nov,0.0
Vanuatu,2020,Dec,0.0
Vanuatu,2021,Jan,0.0
Vanuatu,2021,Feb,0.0
Vanuatu,2021,Mar,0.0
Vanuatu,2021,Apr,0.0
Vanuatu,2021,May,0.0
Vanuatu,2021,Jun,0.0
Vanuatu,2021,Jul,0.0
Vanuatu,2021,Aug,0.0
Vanuatu,2021,Sep,0.0
Vanuatu,2021,Oct,0.0
Vanuatu,2021,Nov,0.0
Vanuatu,2021,Dec,0.0
Vanuatu,2022,Jul,3.5
Vanuatu,2022,Aug,4.6
Vanuatu,2022,Sep,5.6
Vanuatu,2022,Oct,4.1
Vanuatu,2022,Nov,5.0
Vanuatu,2022,Dec,7.5
Vanuatu,2023,Jan,6.6
Vanuatu,2023,Feb,3.2
Vanuatu,2023,Mar,0.6
Vanuatu,2023,Apr,6.9
Vanuatu,2023,May,6.0
Vanuatu,2023,Jun,8.7
Vanuatu,2023,Jul,9.7
Vanuatu,2023,Aug,8.3
Vanuatu,2023,Sep,7.7
Vanuatu,2023,Oct,7.2
Vanuatu,2023,Nov,5.4
Vanuatu,2023,Dec,6.8
Vanuatu,2024,Jan,6.3
Vanuatu,2024,Feb,2.8
Vanuatu,2024,Mar,4.3
Vanuatu,2024,Apr,5.1
Vanuatu,2024,May,2.7
Vanuatu,2024,Jun,2.0
Vanuatu,2024,Jul,4.3
Vanuatu,2024,Aug,5.3
Vanuatu,2024,Sep,7.0
Vanuatu,2024,Oct,6.7
Vanuatu,2024,Nov,6.4
Vanuatu,2024,Dec,6.3
Vanuatu,2025,Jan,6.7
Vanuatu,2025,Feb,4.4
Vanuatu,2025,Mar,5.3
Vanuatu,2025,Apr,8.0
Vanuatu,2025,May,7.1
Vanuatu,2025,Jun,8.4
Vanuatu,2025,Jul,10.4
Vanuatu,2025,Aug,9.2
Vanuatu,2025,Sep,9.9
Venezuela,2018,Jan,42.6
Venezuela,2018,Feb,34.6
Venezuela,2018,Mar,32.8
Venezuela,2018,Apr,30.6
Venezuela,2018,May,26.6
Venezuela,2018,Jun,27.5
Venezuela,2018,Jul,35.5
Venezuela,2018,Aug,39.2
Venezuela,2018,Sep,34.6
Venezuela,2018,Oct,29.5
Venezuela,2018,Nov,29.5
Venezuela,2018,Dec,39.5
Venezuela,2019,Jan,26.6
Venezuela,2019,Feb,22.3
Venezuela,2019,Mar,19.0
Venezuela,2019,Apr,22.4
Venezuela,2019,May,21.7
Venezuela,2019,Jun,19.1
Venezuela,2019,Jul,24.3
Venezuela,2019,Aug,24.3
Venezuela,2019,Sep,19.6
Venezuela,2019,Oct,17.3
Venezuela,2019,Nov,19.5
Venezuela,2019,Dec,23.7
Venezuela,2021,Jan,7.0
Venezuela,2021,Feb,5.9
Venezuela,2021,Mar,5.8
Venezuela,2021,Apr,4.6
Venezuela,2021,May,4.8
Venezuela,2021,Jun,4.5
Venezuela,2021,Jul,4.4
Venezuela,2021,Aug,5.0
Venezuela,2021,Sep,6.9
Venezuela,2021,Oct,8.9
Venezuela,2021,Nov,7.0
Venezuela,2021,Dec,9.2
Venezuela,2022,Jan,58.8
Venezuela,2022,Feb,48.6
Venezuela,2022,Mar,52.0
Venezuela,2022,Apr,48.6
Venezuela,2022,May,45.2
Venezuela,2022,Jun,50.1
Venezuela,2022,Jul,48.2
Venezuela,2022,Aug,58.9
Venezuela,2022,Sep,52.1
Venezuela,2022,Oct,69.7
Venezuela,2022,Nov,66.2
Venezuela,2022,Dec,79.2
Vietnam,2015,Feb,695.0
Vietnam,2015,Mar,639.8
Vietnam,2015,Apr,705.9
Vietnam,2015,May,581.9
Vietnam,2015,Jun,539.9
Vietnam,2015,Jul,599.6
Vietnam,2015,Aug,669.7
Vietnam,2015,Sep,631.5
Vietnam,2015,Oct,659.4
Vietnam,2015,Nov,742.2
Vietnam,2015,Dec,761.4
Vietnam,2016,Jan,815.2
Vietnam,2016,Feb,843.7
Vietnam,2016,Mar,830.6
Vietnam,2016,Apr,799.6
Vietnam,2016,May,767.4
Vietnam,2016,Jun,710.6
Vietnam,2016,Jul,856.4
Vietnam,2016,Aug,909.9
Vietnam,2016,Sep,823.1
Vietnam,2016,Oct,822.1
Vietnam,2016,Nov,936.8
Vietnam,2016,Dec,897.3
Vietnam,2017,Jan,1007.0
Vietnam,2017,Feb,1199.0
Vietnam,2017,Mar,1006.0
Vietnam,2017,Apr,1072.0
Vietnam,2017,May,972.8
Vietnam,2017,Jun,949.4
Vietnam,2017,Jul,1037.0
Vietnam,2017,Aug,1229.0
Vietnam,2017,Sep,976.0
Vietnam,2017,Oct,1025.0
Vietnam,2017,Nov,1173.0
Vietnam,2017,Dec,1276.0
Vietnam,2018,Jan,1430.0
Vietnam,2018,Feb,1432.0
Vietnam,2018,Mar,1343.0
Vietnam,2018,Apr,1342.0
Vietnam,2018,May,1161.0
Vietnam,2018,Jun,1183.0
Vietnam,2018,Jul,1189.0
Vietnam,2018,Aug,1324.0
Vietnam,2018,Sep,1213.0
Vietnam,2018,Oct,1205.0
Vietnam,2018,Nov,1302.0
Vietnam,2018,Dec,1374.0
Vietnam,2019,Jan,1502.0
Vietnam,2019,Feb,1588.0
Vietnam,2019,Mar,1410.0
Vietnam,2019,Apr,1469.0
Vietnam,2019,May,1327.0
Vietnam,2019,Jun,1185.0
Vietnam,2019,Jul,1316.0
Vietnam,2019,Aug,1512.0
Vietnam,2019,Sep,1561.0
Vietnam,2019,Oct,1618.0
Vietnam,2019,Nov,1810.0
Vietnam,2019,Dec,1710.0
Vietnam,2020,Jan,1994.0
Vietnam,2020,Feb,1243.0
Vietnam,2020,Mar,449.9
Vietnam,2020,Apr,26.2
Vietnam,2020,May,22.7
Vietnam,2020,Jun,8.8
Vietnam,2020,Jul,13.9
Vietnam,2020,Aug,16.3
Vietnam,2020,Sep,13.8
Vietnam,2020,Oct,14.8
Vietnam,2020,Nov,17.7
Vietnam,2020,Dec,16.3
Vietnam,2021,Jan,17.7
Vietnam,2021,Feb,11.0
Vietnam,2021,Mar,19.4
Vietnam,2021,Apr,19.5
Vietnam,2021,May,13.5
Vietnam,2021,Jun,7.2
Vietnam,2021,Jul,7.5
Vietnam,2021,Aug,9.3
Vietnam,2021,Sep,9.5
Vietnam,2021,Oct,10.6
Vietnam,2021,Nov,15.0
Vietnam,2021,Dec,17.2
Vietnam,2022,Jan,19.7
Vietnam,2022,Feb,29.5
Vietnam,2022,Mar,41.7
Vietnam,2022,Apr,91.9
Vietnam,2022,May,172.9
Vietnam,2022,Jun,246.1
Vietnam,2022,Jul,352.6
Vietnam,2022,Aug,486.4
Vietnam,2022,Sep,431.9
Vietnam,2022,Oct,484.4
Vietnam,2022,Nov,596.9
Vietnam,2022,Dec,707.1
Vietnam,2023,Jan,871.2
Vietnam,2023,Feb,933.0
Vietnam,2023,Mar,895.4
Vietnam,2023,Apr,984.1
Vietnam,2023,May,916.3
Vietnam,2023,Jun,975.0
Vietnam,2023,Jul,1039.0
Vietnam,2023,Aug,1217.0
Vietnam,2023,Sep,1054.0
Vietnam,2023,Oct,1113.0
Vietnam,2023,Nov,1233.0
Vietnam,2023,Dec,1371.0
Vietnam,2024,Jan,1512.0
Vietnam,2024,Feb,1531.0
Vietnam,2024,Mar,1599.0
Vietnam,2024,Apr,1557.0
Vietnam,2024,May,1384.0
Vietnam,2024,Jun,1249.0
Vietnam,2024,Jul,1151.0
Vietnam,2024,Aug,1447.0
Vietnam,2024,Sep,1275.0
Vietnam,2024,Oct,1420.0
Vietnam,2024,Nov,1712.0
Vietnam,2024,Dec,1747.0
Vietnam,2025,Jan,2070.0
Vietnam,2025,Feb,1894.0
Vietnam,2025,Mar,2054.0
Vietnam,2025,Apr,1655.0
Vietnam,2025,May,1528.0
Vietnam,2025,Jun,1463.0
Vietnam,2025,Jul,1563.0
Vietnam,2025,Aug,1685.0
Vietnam,2025,Sep,1523.0
Zambia,2022,Jan,50.0
Zambia,2022,Feb,94.8
Zambia,2022,Mar,62.9
Zambia,2022,Apr,75.3
Zambia,2022,May,71.4
Zambia,2022,Jun,85.9
Zambia,2022,Jul,97.3
Zambia,2022,Aug,109.4
Zambia,2022,Sep,101.9
Zambia,2022,Oct,106.0
Zambia,2022,Nov,95.6
Zambia,2022,Dec,110.2
Zambia,2023,Jan,97.2
Zambia,2023,Feb,88.5
Zambia,2023,Mar,102.4
Zimbabwe,2020,Jan,185.4
Zimbabwe,2020,Feb,175.3
Zimbabwe,2020,Mar,125.8
Zimbabwe,2020,Apr,7.4
Zimbabwe,2020,May,13.3
Zimbabwe,2020,Jun,13.2
Zimbabwe,2020,Jul,13.6
Zimbabwe,2020,Aug,12.9
Zimbabwe,2020,Sep,14.1
Zimbabwe,2020,Oct,22.9
Zimbabwe,2020,Nov,24.8
Zimbabwe,2020,Dec,30.6
Zimbabwe,2021,Jan,12.9
Zimbabwe,2021,Feb,25.6
Zimbabwe,2021,Mar,27.4
Zimbabwe,2021,Apr,37.5
Zimbabwe,2021,May,35.3
Zimbabwe,2021,Jun,25.3
Zimbabwe,2021,Jul,29.5
Zimbabwe,2021,Aug,31.5
Zimbabwe,2021,Sep,36.4
Zimbabwe,2021,Oct,38.1
Zimbabwe,2021,Nov,40.5
Zimbabwe,2021,Dec,40.8
Zimbabwe,2022,Jan,38.9
Zimbabwe,2022,Feb,37.9
Zimbabwe,2022,Mar,53.8
Zimbabwe,2022,Apr,83.3
Zimbabwe,2022,May,72.1
Zimbabwe,2022,Jun,80.1
Zimbabwe,2022,Jul,107.3
Zimbabwe,2022,Aug,120.8
Zimbabwe,2022,Sep,120.5
Zimbabwe,2022,Oct,114.4
Zimbabwe,2022,Nov,91.6
Zimbabwe,2022,Dec,123.2
Zimbabwe,2023,Jan,86.0
Zimbabwe,2023,Feb,85.2
Zimbabwe,2023,Mar,100.8
Zimbabwe,2023,Apr,111.1
Zimbabwe,2023,May,100.7
Zimbabwe,2023,Jun,108.7
Zimbabwe,2023,Jul,123.1
Zimbabwe,2023,Aug,214.3
Zimbabwe,2023,Sep,157.5
Zimbabwe,2023,Oct,148.0
Zimbabwe,2023,Nov,178.8
Zimbabwe,2023,Dec,188.5
Zimbabwe,2024,Jan,141.2
Zimbabwe,2024,Feb,97.6
Zimbabwe,2024,Mar,131.4
Zimbabwe,2024,Apr,125.9
Zimbabwe,2024,May,141.6
Zimbabwe,2024,Jun,113.9
Zimbabwe,2024,Jul,160.6
Zimbabwe,2024,Aug,157.1
Zimbabwe,2024,Sep,133.3
Zimbabwe,2024,Oct,143.7
Zimbabwe,2024,Nov,110.3
Zimbabwe,2024,Dec,157.4
