m49,country,year,month,value
8,Albania,2017,Jan,164.1
8,Albania,2017,Feb,179.1
8,Albania,2017,Mar,233.3
8,Albania,2017,Apr,340.3
8,Albania,2017,May,344.0
8,Albania,2017,Jun,421.7
8,Albania,2017,Jul,833.1
8,Albania,2017,Aug,1123.0
8,Albania,2017,Sep,443.8
8,Albania,2017,Oct,368.7
8,Albania,2017,Nov,245.5
8,Albania,2017,Dec,239.3
8,Albania,2018,Jan,222.3
8,Albania,2018,Feb,182.1
8,Albania,2018,Mar,242.2
8,Albania,2018,Apr,335.0
8,Albania,2018,May,377.7
8,Albania,2018,Jun,481.6
8,Albania,2018,Jul,993.8
8,Albania,2018,Aug,1425.0
8,Albania,2018,Sep,648.2
8,Albania,2018,Oct,323.9
8,Albania,2018,Nov,236.6
8,Albania,2018,Dec,260.0
8,Albania,2019,Jan,199.7
8,Albania,2019,Feb,193.6
8,Albania,2019,Mar,270.4
8,Albania,2019,Apr,390.2
8,Albania,2019,May,385.9
8,Albania,2019,Jun,610.5
8,Albania,2019,Jul,1138.0
8,Albania,2019,Aug,1532.0
8,Albania,2019,Sep,575.7
8,Albania,2019,Oct,371.6
8,Albania,2019,Nov,258.5
8,Albania,2019,Dec,271.7
8,Albania,2020,Jan,238.8
8,Albania,2020,Feb,219.9
8,Albania,2020,Mar,90.4
8,Albania,2020,Apr,11.6
8,Albania,2020,May,15.6
8,Albania,2020,Jun,175.9
8,Albania,2020,Jul,378.8
8,Albania,2020,Aug,566.9
8,Albania,2020,Sep,368.6
8,Albania,2020,Oct,198.4
8,Albania,2020,Nov,144.1
8,Albania,2020,Dec,165.7
8,Albania,2021,Jan,175.5
8,Albania,2021,Feb,152.1
8,Albania,2021,Mar,163.3
8,Albania,2021,Apr,227.8
8,Albania,2021,May,319.7
8,Albania,2021,Jun,586.1
8,Albania,2021,Jul,1127.0
8,Albania,2021,Aug,1513.0
8,Albania,2021,Sep,479.3
8,Albania,2021,Oct,284.1
8,Albania,2021,Nov,233.5
8,Albania,2021,Dec,253.1
8,Albania,2022,Jan,186.3
8,Albania,2022,Feb,193.5
8,Albania,2022,Mar,265.3
8,Albania,2022,Apr,379.7
8,Albania,2022,May,578.7
8,Albania,2022,Jun,858.3
8,Albania,2022,Jul,1372.0
8,Albania,2022,Aug,1565.0
8,Albania,2022,Sep,733.0
8,Albania,2022,Oct,341.9
8,Albania,2022,Nov,343.6
8,Albania,2022,Dec,359.9
8,Albania,2023,Jan,360.5
8,Albania,2023,Feb,294.8
8,Albania,2023,Mar,366.4
8,Albania,2023,Apr,582.9
8,Albania,2023,May,653.7
8,Albania,2023,Jun,971.9
8,Albania,2023,Jul,1686.0
8,Albania,2023,Aug,1918.0
8,Albania,2023,Sep,1057.0
8,Albania,2023,Oct,658.9
8,Albania,2023,Nov,529.2
8,Albania,2023,Dec,590.5
8,Albania,2024,Jan,469.5
8,Albania,2024,Feb,462.3
8,Albania,2024,Mar,537.9
8,Albania,2024,Apr,764.1
8,Albania,2024,May,948.0
8,Albania,2024,Jun,1216.0
8,Albania,2024,Jul,1754.0
8,Albania,2024,Aug,2122.0
8,Albania,2024,Sep,1073.0
8,Albania,2024,Oct,730.1
8,Albania,2024,Nov,586.3
8,Albania,2024,Dec,629.2
8,Albania,2025,Jan,539.0
8,Albania,2025,Feb,499.4
8,Albania,2025,Mar,527.7
8,Albania,2025,Apr,776.3
8,Albania,2025,May,940.7
8,Albania,2025,Jun,1264.0
8,Albania,2025,Jul,1700.0
8,Albania,2025,Aug,2260.0
8,Albania,2025,Sep,1199.0
12,Algeria,2020,Jan,244.5
12,Algeria,2020,Feb,205.1
12,Algeria,2020,Mar,132.2
12,Algeria,2020,Apr,0.2
12,Algeria,2020,May,0.3
12,Algeria,2020,Jun,0.4
12,Algeria,2020,Jul,1.5
12,Algeria,2020,Aug,0.6
12,Algeria,2020,Sep,0.9
12,Algeria,2020,Oct,1.1
12,Algeria,2020,Nov,3.3
12,Algeria,2020,Dec,1.2
12,Algeria,2021,Jan,8.3
12,Algeria,2021,Feb,5.1
12,Algeria,2021,Mar,1.7
12,Algeria,2021,Apr,5.5
12,Algeria,2021,May,3.9
12,Algeria,2021,Jun,4.4
12,Algeria,2021,Jul,5.0
12,Algeria,2021,Aug,6.7
12,Algeria,2021,Sep,13.0
12,Algeria,2021,Oct,18.3
12,Algeria,2021,Nov,26.2
12,Algeria,2021,Dec,27.0
12,Algeria,2022,Jan,29.7
12,Algeria,2022,Feb,43.9
12,Algeria,2022,Mar,46.8
12,Algeria,2022,Apr,35.9
12,Algeria,2022,May,51.6
12,Algeria,2022,Jun,67.8
12,Algeria,2022,Jul,166.5
12,Algeria,2022,Aug,168.9
12,Algeria,2022,Sep,186.0
12,Algeria,2022,Oct,213.6
12,Algeria,2022,Nov,249.2
12,Algeria,2022,Dec,138.3
12,Algeria,2023,Jan,330.0
12,Algeria,2023,Feb,265.0
12,Algeria,2023,Mar,262.0
12,Algeria,2023,Apr,230.0
12,Algeria,2023,May,237.0
12,Algeria,2023,Jun,282.0
12,Algeria,2023,Jul,341.0
12,Algeria,2023,Aug,330.0
12,Algeria,2023,Sep,289.0
12,Algeria,2023,Oct,291.0
12,Algeria,2023,Nov,262.0
12,Algeria,2023,Dec,173.0
12,Algeria,2024,Jan,338.0
12,Algeria,2024,Feb,306.0
12,Algeria,2024,Mar,307.0
12,Algeria,2024,Apr,255.0
12,Algeria,2024,May,268.0
12,Algeria,2024,Jun,307.0
12,Algeria,2024,Jul,362.0
12,Algeria,2024,Aug,335.0
12,Algeria,2024,Sep,286.0
12,Algeria,2024,Oct,332.0
12,Algeria,2024,Nov,270.0
12,Algeria,2024,Dec,182.0
12,Algeria,2025,Jan,365.0
12,Algeria,2025,Feb,339.0
12,Algeria,2025,Mar,267.0
12,Algeria,2025,Apr,281.0
12,Algeria,2025,May,293.0
12,Algeria,2025,Jun,300.0
16,American Samoa,2015,Feb,1.4
16,American Samoa,2015,Mar,1.8
16,American Samoa,2015,Apr,2.5
16,American Samoa,2015,May,1.6
16,American Samoa,2015,Jun,2.0
16,American Samoa,2015,Jul,1.6
20,Andorra,2015,Feb,287.9
20,Andorra,2015,Mar,273.4
20,Andorra,2015,Apr,185.7
20,Andorra,2015,May,149.0
20,Andorra,2015,Jun,146.2
20,Andorra,2015,Jul,217.0
20,Andorra,2015,Aug,352.1
20,Andorra,2015,Sep,187.8
20,Andorra,2015,Oct,173.6
20,Andorra,2015,Nov,145.8
20,Andorra,2015,Dec,252.2
20,Andorra,2016,Jan,333.0
20,Andorra,2016,Feb,317.7
20,Andorra,2016,Mar,313.7
20,Andorra,2016,Apr,139.5
20,Andorra,2016,May,150.0
20,Andorra,2016,Jun,141.4
20,Andorra,2016,Jul,250.3
20,Andorra,2016,Aug,328.8
20,Andorra,2016,Sep,188.5
20,Andorra,2016,Oct,204.9
20,Andorra,2016,Nov,142.5
20,Andorra,2016,Dec,308.6
20,Andorra,2017,Jan,372.7
20,Andorra,2017,Feb,329.7
20,Andorra,2017,Mar,282.6
20,Andorra,2017,Apr,192.0
20,Andorra,2017,May,134.3
20,Andorra,2017,Jun,152.0
20,Andorra,2017,Jul,284.0
20,Andorra,2017,Aug,361.8
20,Andorra,2017,Sep,222.2
20,Andorra,2017,Oct,203.2
20,Andorra,2017,Nov,147.3
20,Andorra,2017,Dec,321.1
20,Andorra,2018,Jan,368.2
20,Andorra,2018,Feb,331.8
20,Andorra,2018,Mar,306.6
20,Andorra,2018,Apr,187.0
20,Andorra,2018,May,149.2
20,Andorra,2018,Jun,151.0
20,Andorra,2018,Jul,276.1
20,Andorra,2018,Aug,384.5
20,Andorra,2018,Sep,221.9
20,Andorra,2018,Oct,197.9
20,Andorra,2018,Nov,155.2
20,Andorra,2018,Dec,313.0
20,Andorra,2019,Jan,331.5
20,Andorra,2019,Feb,340.1
20,Andorra,2019,Mar,297.6
20,Andorra,2019,Apr,208.4
20,Andorra,2019,May,141.8
20,Andorra,2019,Jun,176.9
20,Andorra,2019,Jul,285.3
20,Andorra,2019,Aug,392.0
20,Andorra,2019,Sep,218.3
20,Andorra,2019,Oct,206.9
20,Andorra,2019,Nov,167.6
20,Andorra,2019,Dec,323.5
20,Andorra,2020,Jan,383.1
20,Andorra,2020,Feb,372.5
20,Andorra,2020,Mar,143.8
20,Andorra,2020,Apr,0.0
20,Andorra,2020,May,0.0
20,Andorra,2020,Jun,46.9
20,Andorra,2020,Jul,178.5
20,Andorra,2020,Aug,340.0
20,Andorra,2020,Sep,214.6
20,Andorra,2020,Oct,151.9
20,Andorra,2020,Nov,8.7
20,Andorra,2020,Dec,31.5
20,Andorra,2021,Jan,38.5
20,Andorra,2021,Feb,64.2
20,Andorra,2021,Mar,63.6
20,Andorra,2021,Apr,49.5
20,Andorra,2021,May,77.5
20,Andorra,2021,Jun,126.3
20,Andorra,2021,Jul,260.8
20,Andorra,2021,Aug,358.1
20,Andorra,2021,Sep,234.8
20,Andorra,2021,Oct,224.3
20,Andorra,2021,Nov,148.9
20,Andorra,2021,Dec,302.2
20,Andorra,2022,Jan,322.4
20,Andorra,2022,Feb,345.2
20,Andorra,2022,Mar,296.2
20,Andorra,2022,Apr,270.9
20,Andorra,2022,May,137.5
20,Andorra,2022,Jun,265.4
20,Andorra,2022,Jul,328.8
20,Andorra,2022,Aug,463.0
20,Andorra,2022,Sep,303.2
20,Andorra,2022,Oct,237.8
20,Andorra,2022,Nov,175.5
20,Andorra,2022,Dec,409.3
20,Andorra,2023,Jan,412.3
20,Andorra,2023,Feb,390.1
20,Andorra,2023,Mar,393.1
20,Andorra,2023,Apr,319.3
20,Andorra,2023,May,149.4
20,Andorra,2023,Jun,300.8
20,Andorra,2023,Jul,369.2
20,Andorra,2023,Aug,501.6
20,Andorra,2023,Sep,350.3
20,Andorra,2023,Oct,247.9
20,Andorra,2023,Nov,188.3
20,Andorra,2023,Dec,425.9
20,Andorra,2024,Jan,411.9
20,Andorra,2024,Feb,387.5
20,Andorra,2024,Mar,463.5
20,Andorra,2024,Apr,273.1
20,Andorra,2024,May,139.8
20,Andorra,2024,Jun,322.2
20,Andorra,2024,Jul,361.5
20,Andorra,2024,Aug,534.4
20,Andorra,2024,Sep,349.2
20,Andorra,2024,Oct,249.0
20,Andorra,2024,Nov,229.8
20,Andorra,2024,Dec,445.8
20,Andorra,2025,Jan,415.7
20,Andorra,2025,Feb,390.0
20,Andorra,2025,Mar,392.2
20,Andorra,2025,Apr,345.8
20,Andorra,2025,May,148.8
20,Andorra,2025,Jun,404.8
20,Andorra,2025,Jul,382.5
20,Andorra,2025,Aug,556.0
20,Andorra,2025,Sep,387.5
24,Angola,2021,Jan,6.5
24,Angola,2021,Feb,5.8
24,Angola,2021,Mar,4.1
24,Angola,2021,Apr,5.0
24,Angola,2021,May,4.0
24,Angola,2021,Jun,8.0
24,Angola,2021,Jul,7.1
24,Angola,2021,Aug,6.1
24,Angola,2021,Sep,7.0
24,Angola,2021,Oct,5.7
24,Angola,2021,Nov,0.5
24,Angola,2021,Dec,4.1
24,Angola,2022,Jan,17.8
24,Angola,2022,Feb,6.0
24,Angola,2022,Mar,12.8
24,Angola,2022,Apr,14.7
24,Angola,2022,May,11.7
24,Angola,2022,Jun,8.1
24,Angola,2022,Jul,9.4
24,Angola,2022,Aug,9.0
24,Angola,2022,Sep,11.3
24,Angola,2022,Oct,9.2
24,Angola,2022,Nov,10.0
24,Angola,2022,Dec,9.6
24,Angola,2023,Jan,13.8
24,Angola,2023,Feb,10.7
24,Angola,2023,Mar,9.1
24,Angola,2023,Apr,10.0
24,Angola,2023,May,10.1
24,Angola,2023,Jun,10.4
24,Angola,2023,Jul,11.7
24,Angola,2023,Aug,11.8
24,Angola,2023,Sep,12.7
24,Angola,2023,Oct,11.8
24,Angola,2023,Nov,12.3
24,Angola,2023,Dec,9.6
24,Angola,2024,Jan,10.8
24,Angola,2024,Feb,11.1
24,Angola,2024,Mar,12.0
24,Angola,2024,Apr,13.4
24,Angola,2024,May,13.9
24,Angola,2024,Jun,14.5
24,Angola,2024,Jul,16.5
24,Angola,2024,Aug,16.9
24,Angola,2024,Sep,15.0
24,Angola,2024,Oct,16.0
24,Angola,2024,Nov,16.8
24,Angola,2024,Dec,17.6
24,Angola,2025,Jan,10.8
24,Angola,2025,Feb,17.7
24,Angola,2025,Mar,17.0
24,Angola,2025,Apr,17.5
24,Angola,2025,May,22.8
24,Angola,2025,Jun,22.7
24,Angola,2025,Jul,12.2
24,Angola,2025,Aug,20.6
660,Anguilla,2015,Feb,7.4
660,Anguilla,2015,Mar,8.7
660,Anguilla,2015,Apr,7.7
660,Anguilla,2015,May,5.8
660,Anguilla,2015,Jun,5.1
660,Anguilla,2015,Jul,7.5
660,Anguilla,2015,Aug,5.7
660,Anguilla,2015,Sep,1.6
660,Anguilla,2015,Oct,2.8
660,Anguilla,2015,Nov,6.0
660,Anguilla,2015,Dec,8.3
660,Anguilla,2016,Jan,7.3
660,Anguilla,2016,Feb,8.0
660,Anguilla,2016,Mar,9.7
660,Anguilla,2016,Apr,7.3
660,Anguilla,2016,May,6.5
660,Anguilla,2016,Jun,5.6
660,Anguilla,2016,Jul,9.5
660,Anguilla,2016,Aug,5.3
660,Anguilla,2016,Sep,1.7
660,Anguilla,2016,Oct,3.2
660,Anguilla,2016,Nov,6.6
660,Anguilla,2016,Dec,8.5
660,Anguilla,2017,Jan,7.3
660,Anguilla,2017,Feb,7.9
660,Anguilla,2017,Mar,9.2
660,Anguilla,2017,Apr,9.7
660,Anguilla,2017,May,7.1
660,Anguilla,2017,Jun,6.7
660,Anguilla,2017,Jul,8.1
660,Anguilla,2017,Aug,7.4
660,Anguilla,2017,Sep,0.4
660,Anguilla,2017,Oct,0.6
660,Anguilla,2017,Nov,1.3
660,Anguilla,2017,Dec,2.6
660,Anguilla,2018,Jan,2.8
660,Anguilla,2018,Feb,3.3
660,Anguilla,2018,Mar,4.6
660,Anguilla,2018,Apr,4.0
660,Anguilla,2018,May,4.3
660,Anguilla,2018,Jun,4.4
660,Anguilla,2018,Jul,5.3
660,Anguilla,2018,Aug,6.4
660,Anguilla,2018,Sep,1.8
660,Anguilla,2018,Oct,2.9
660,Anguilla,2018,Nov,5.8
660,Anguilla,2018,Dec,9.1
660,Anguilla,2019,Jan,8.9
660,Anguilla,2019,Feb,9.3
660,Anguilla,2019,Mar,11.9
660,Anguilla,2019,Apr,9.8
660,Anguilla,2019,May,8.2
660,Anguilla,2019,Jun,7.8
660,Anguilla,2019,Jul,8.9
660,Anguilla,2019,Aug,8.9
660,Anguilla,2019,Sep,1.5
660,Anguilla,2019,Oct,2.8
660,Anguilla,2019,Nov,7.6
660,Anguilla,2019,Dec,9.9
660,Anguilla,2020,Jan,9.2
660,Anguilla,2020,Feb,9.8
660,Anguilla,2020,Mar,4.2
660,Anguilla,2020,Apr,0.0
660,Anguilla,2020,May,0.0
660,Anguilla,2020,Jun,0.0
660,Anguilla,2020,Jul,0.0
660,Anguilla,2020,Aug,0.0
660,Anguilla,2020,Sep,0.0
660,Anguilla,2020,Oct,0.1
660,Anguilla,2020,Nov,0.6
660,Anguilla,2020,Dec,1.3
660,Anguilla,2021,Jan,1.0
660,Anguilla,2021,Feb,1.1
660,Anguilla,2021,Mar,2.4
660,Anguilla,2021,Apr,1.3
660,Anguilla,2021,May,0.6
660,Anguilla,2021,Jun,1.9
660,Anguilla,2021,Jul,4.9
660,Anguilla,2021,Aug,2.6
660,Anguilla,2021,Sep,0.4
660,Anguilla,2021,Oct,1.2
660,Anguilla,2021,Nov,4.5
660,Anguilla,2021,Dec,6.4
660,Anguilla,2022,Jan,4.8
660,Anguilla,2022,Feb,6.6
660,Anguilla,2022,Mar,7.5
660,Anguilla,2022,Apr,8.0
660,Anguilla,2022,May,6.6
660,Anguilla,2022,Jun,6.6
660,Anguilla,2022,Jul,7.9
660,Anguilla,2022,Aug,4.8
660,Anguilla,2022,Sep,1.4
660,Anguilla,2022,Oct,3.3
660,Anguilla,2022,Nov,7.2
660,Anguilla,2022,Dec,9.5
660,Anguilla,2023,Jan,10.4
660,Anguilla,2023,Feb,10.4
660,Anguilla,2023,Mar,11.3
660,Anguilla,2023,Apr,10.2
660,Anguilla,2023,May,7.8
660,Anguilla,2023,Jun,7.3
660,Anguilla,2023,Jul,8.0
660,Anguilla,2023,Aug,5.9
660,Anguilla,2023,Sep,1.6
660,Anguilla,2023,Oct,3.0
660,Anguilla,2023,Nov,8.3
660,Anguilla,2023,Dec,11.7
660,Anguilla,2024,Jan,12.1
660,Anguilla,2024,Feb,11.5
660,Anguilla,2024,Mar,13.4
660,Anguilla,2024,Apr,10.1
660,Anguilla,2024,May,10.1
660,Anguilla,2024,Jun,9.2
660,Anguilla,2024,Jul,9.7
660,Anguilla,2024,Aug,7.6
660,Anguilla,2024,Sep,1.8
660,Anguilla,2024,Oct,3.7
660,Anguilla,2024,Nov,9.3
660,Anguilla,2024,Dec,13.2
660,Anguilla,2025,Jan,12.8
660,Anguilla,2025,Feb,11.9
660,Anguilla,2025,Mar,12.8
660,Anguilla,2025,Apr,11.3
660,Anguilla,2025,May,9.7
660,Anguilla,2025,Jun,9.8
28,Antigua & Barbuda,2015,Feb,24.8
28,Antigua & Barbuda,2015,Mar,26.0
28,Antigua & Barbuda,2015,Apr,23.6
28,Antigua & Barbuda,2015,May,18.5
28,Antigua & Barbuda,2015,Jun,16.8
28,Antigua & Barbuda,2015,Jul,21.4
28,Antigua & Barbuda,2015,Aug,16.7
28,Antigua & Barbuda,2015,Sep,12.2
28,Antigua & Barbuda,2015,Oct,16.9
28,Antigua & Barbuda,2015,Nov,21.6
28,Antigua & Barbuda,2015,Dec,28.3
28,Antigua & Barbuda,2016,Jan,26.9
28,Antigua & Barbuda,2016,Feb,27.3
28,Antigua & Barbuda,2016,Mar,30.3
28,Antigua & Barbuda,2016,Apr,24.0
28,Antigua & Barbuda,2016,May,18.8
28,Antigua & Barbuda,2016,Jun,18.2
28,Antigua & Barbuda,2016,Jul,24.5
28,Antigua & Barbuda,2016,Aug,17.3
28,Antigua & Barbuda,2016,Sep,12.8
28,Antigua & Barbuda,2016,Oct,17.1
28,Antigua & Barbuda,2016,Nov,21.3
28,Antigua & Barbuda,2016,Dec,26.6
28,Antigua & Barbuda,2017,Jan,25.5
28,Antigua & Barbuda,2017,Feb,26.6
28,Antigua & Barbuda,2017,Mar,27.0
28,Antigua & Barbuda,2017,Apr,24.1
28,Antigua & Barbuda,2017,May,18.0
28,Antigua & Barbuda,2017,Jun,16.6
28,Antigua & Barbuda,2017,Jul,22.1
28,Antigua & Barbuda,2017,Aug,16.8
28,Antigua & Barbuda,2017,Sep,9.5
28,Antigua & Barbuda,2017,Oct,14.6
28,Antigua & Barbuda,2017,Nov,19.7
28,Antigua & Barbuda,2017,Dec,27.9
28,Antigua & Barbuda,2018,Jan,28.1
28,Antigua & Barbuda,2018,Feb,26.9
28,Antigua & Barbuda,2018,Mar,29.5
28,Antigua & Barbuda,2018,Apr,23.3
28,Antigua & Barbuda,2018,May,20.1
28,Antigua & Barbuda,2018,Jun,19.5
28,Antigua & Barbuda,2018,Jul,23.0
28,Antigua & Barbuda,2018,Aug,17.8
28,Antigua & Barbuda,2018,Sep,11.7
28,Antigua & Barbuda,2018,Oct,16.5
28,Antigua & Barbuda,2018,Nov,22.7
28,Antigua & Barbuda,2018,Dec,29.2
28,Antigua & Barbuda,2019,Jan,30.2
28,Antigua & Barbuda,2019,Feb,29.7
28,Antigua & Barbuda,2019,Mar,30.9
28,Antigua & Barbuda,2019,Apr,27.3
28,Antigua & Barbuda,2019,May,22.2
28,Antigua & Barbuda,2019,Jun,21.2
28,Antigua & Barbuda,2019,Jul,23.0
28,Antigua & Barbuda,2019,Aug,17.7
28,Antigua & Barbuda,2019,Sep,14.1
28,Antigua & Barbuda,2019,Oct,20.0
28,Antigua & Barbuda,2019,Nov,27.0
28,Antigua & Barbuda,2019,Dec,37.8
28,Antigua & Barbuda,2020,Jan,33.5
28,Antigua & Barbuda,2020,Feb,33.4
28,Antigua & Barbuda,2020,Mar,16.5
28,Antigua & Barbuda,2020,Apr,0.0
28,Antigua & Barbuda,2020,May,0.0
28,Antigua & Barbuda,2020,Jun,2.7
28,Antigua & Barbuda,2020,Jul,4.0
28,Antigua & Barbuda,2020,Aug,4.8
28,Antigua & Barbuda,2020,Sep,3.7
28,Antigua & Barbuda,2020,Oct,6.9
28,Antigua & Barbuda,2020,Nov,6.0
28,Antigua & Barbuda,2020,Dec,13.7
28,Antigua & Barbuda,2021,Jan,7.8
28,Antigua & Barbuda,2021,Feb,5.6
28,Antigua & Barbuda,2021,Mar,8.3
28,Antigua & Barbuda,2021,Apr,9.2
28,Antigua & Barbuda,2021,May,11.5
28,Antigua & Barbuda,2021,Jun,14.7
28,Antigua & Barbuda,2021,Jul,23.4
28,Antigua & Barbuda,2021,Aug,18.8
28,Antigua & Barbuda,2021,Sep,11.6
28,Antigua & Barbuda,2021,Oct,14.9
28,Antigua & Barbuda,2021,Nov,19.2
28,Antigua & Barbuda,2021,Dec,24.5
28,Antigua & Barbuda,2022,Jan,18.1
28,Antigua & Barbuda,2022,Feb,21.3
28,Antigua & Barbuda,2022,Mar,25.5
28,Antigua & Barbuda,2022,Apr,25.7
28,Antigua & Barbuda,2022,May,20.0
28,Antigua & Barbuda,2022,Jun,18.8
28,Antigua & Barbuda,2022,Jul,24.7
28,Antigua & Barbuda,2022,Aug,20.1
28,Antigua & Barbuda,2022,Sep,15.5
28,Antigua & Barbuda,2022,Oct,21.5
28,Antigua & Barbuda,2022,Nov,23.3
28,Antigua & Barbuda,2022,Dec,30.7
28,Antigua & Barbuda,2023,Jan,30.4
28,Antigua & Barbuda,2023,Feb,30.3
28,Antigua & Barbuda,2023,Mar,26.9
28,Antigua & Barbuda,2023,Apr,28.3
28,Antigua & Barbuda,2023,May,20.3
28,Antigua & Barbuda,2023,Jun,18.0
28,Antigua & Barbuda,2023,Jul,22.0
28,Antigua & Barbuda,2023,Aug,20.0
28,Antigua & Barbuda,2023,Sep,12.1
28,Antigua & Barbuda,2023,Oct,16.7
28,Antigua & Barbuda,2023,Nov,24.2
28,Antigua & Barbuda,2023,Dec,32.5
28,Antigua & Barbuda,2024,Jan,30.7
28,Antigua & Barbuda,2024,Feb,31.3
28,Antigua & Barbuda,2024,Mar,35.3
28,Antigua & Barbuda,2024,Apr,28.8
28,Antigua & Barbuda,2024,May,24.9
28,Antigua & Barbuda,2024,Jun,25.6
28,Antigua & Barbuda,2024,Jul,28.3
28,Antigua & Barbuda,2024,Aug,24.3
28,Antigua & Barbuda,2024,Sep,13.0
28,Antigua & Barbuda,2024,Oct,20.2
28,Antigua & Barbuda,2024,Nov,29.2
28,Antigua & Barbuda,2024,Dec,38.6
28,Antigua & Barbuda,2025,Jan,34.3
28,Antigua & Barbuda,2025,Feb,34.1
28,Antigua & Barbuda,2025,Mar,35.4
28,Antigua & Barbuda,2025,Apr,28.9
28,Antigua & Barbuda,2025,May,23.6
28,Antigua & Barbuda,2025,Jun,23.4
28,Antigua & Barbuda,2025,Jul,26.2
32,Argentina,2015,Feb,765.3
32,Argentina,2015,Mar,576.7
32,Argentina,2015,Apr,529.1
32,Argentina,2015,May,447.5
32,Argentina,2015,Jun,402.9
32,Argentina,2015,Jul,540.1
32,Argentina,2015,Aug,457.5
32,Argentina,2015,Sep,471.0
32,Argentina,2015,Oct,508.5
32,Argentina,2015,Nov,550.2
32,Argentina,2015,Dec,725.3
32,Argentina,2016,Jan,800.0
32,Argentina,2016,Feb,736.0
32,Argentina,2016,Mar,607.2
32,Argentina,2016,Apr,445.6
32,Argentina,2016,May,414.1
32,Argentina,2016,Jun,374.0
32,Argentina,2016,Jul,542.6
32,Argentina,2016,Aug,463.3
32,Argentina,2016,Sep,475.5
32,Argentina,2016,Oct,526.8
32,Argentina,2016,Nov,554.3
32,Argentina,2016,Dec,728.9
32,Argentina,2017,Jan,777.2
32,Argentina,2017,Feb,689.0
32,Argentina,2017,Mar,550.1
32,Argentina,2017,Apr,522.0
32,Argentina,2017,May,417.0
32,Argentina,2017,Jun,378.9
32,Argentina,2017,Jul,548.4
32,Argentina,2017,Aug,461.3
32,Argentina,2017,Sep,494.5
32,Argentina,2017,Oct,543.5
32,Argentina,2017,Nov,561.0
32,Argentina,2017,Dec,768.4
32,Argentina,2018,Jan,809.2
32,Argentina,2018,Feb,696.3
32,Argentina,2018,Mar,595.5
32,Argentina,2018,Apr,500.0
32,Argentina,2018,May,435.7
32,Argentina,2018,Jun,369.3
32,Argentina,2018,Jul,553.6
32,Argentina,2018,Aug,471.3
32,Argentina,2018,Sep,546.0
32,Argentina,2018,Oct,550.7
32,Argentina,2018,Nov,625.9
32,Argentina,2018,Dec,788.2
32,Argentina,2019,Jan,880.8
32,Argentina,2019,Feb,725.4
32,Argentina,2019,Mar,640.9
32,Argentina,2019,Apr,582.1
32,Argentina,2019,May,464.6
32,Argentina,2019,Jun,431.5
32,Argentina,2019,Jul,607.8
32,Argentina,2019,Aug,501.0
32,Argentina,2019,Sep,579.3
32,Argentina,2019,Oct,546.9
32,Argentina,2019,Nov,620.4
32,Argentina,2019,Dec,818.5
32,Argentina,2020,Jan,895.5
32,Argentina,2020,Feb,820.0
32,Argentina,2020,Mar,331.5
32,Argentina,2020,Apr,0.0
32,Argentina,2020,May,0.0
32,Argentina,2020,Jun,0.0
32,Argentina,2020,Jul,1.3
32,Argentina,2020,Aug,3.4
32,Argentina,2020,Sep,4.3
32,Argentina,2020,Oct,5.0
32,Argentina,2020,Nov,9.7
32,Argentina,2020,Dec,18.8
32,Argentina,2021,Jan,22.8
32,Argentina,2021,Feb,12.7
32,Argentina,2021,Mar,14.3
32,Argentina,2021,Apr,10.8
32,Argentina,2021,May,7.6
32,Argentina,2021,Jun,6.1
32,Argentina,2021,Jul,4.8
32,Argentina,2021,Aug,4.3
32,Argentina,2021,Sep,4.8
32,Argentina,2021,Oct,20.8
32,Argentina,2021,Nov,73.5
32,Argentina,2021,Dec,115.0
32,Argentina,2022,Jan,176.5
32,Argentina,2022,Feb,150.6
32,Argentina,2022,Mar,212.0
32,Argentina,2022,Apr,302.0
32,Argentina,2022,May,276.3
32,Argentina,2022,Jun,249.3
32,Argentina,2022,Jul,388.9
32,Argentina,2022,Aug,356.2
32,Argentina,2022,Sep,386.0
32,Argentina,2022,Oct,424.7
32,Argentina,2022,Nov,483.2
32,Argentina,2022,Dec,484.0
32,Argentina,2023,Jan,728.4
32,Argentina,2023,Feb,682.0
32,Argentina,2023,Mar,565.5
32,Argentina,2023,Apr,619.7
32,Argentina,2023,May,510.6
32,Argentina,2023,Jun,443.9
32,Argentina,2023,Jul,652.8
32,Argentina,2023,Aug,540.4
32,Argentina,2023,Sep,572.9
32,Argentina,2023,Oct,625.4
32,Argentina,2023,Nov,667.1
32,Argentina,2023,Dec,676.9
32,Argentina,2024,Jan,898.3
32,Argentina,2024,Feb,757.2
32,Argentina,2024,Mar,673.2
32,Argentina,2024,Apr,469.6
32,Argentina,2024,May,372.3
32,Argentina,2024,Jun,351.2
32,Argentina,2024,Jul,531.4
32,Argentina,2024,Aug,455.4
32,Argentina,2024,Sep,484.9
32,Argentina,2024,Oct,444.0
32,Argentina,2024,Nov,547.3
32,Argentina,2024,Dec,619.2
32,Argentina,2025,Jan,720.6
32,Argentina,2025,Feb,528.3
32,Argentina,2025,Mar,515.0
32,Argentina,2025,Apr,445.1
32,Argentina,2025,May,331.9
32,Argentina,2025,Jun,334.1
32,Argentina,2025,Jul,447.2
32,Argentina,2025,Aug,418.5
533,Aruba,2015,Feb,90.0
533,Aruba,2015,Mar,103.5
533,Aruba,2015,Apr,99.6
533,Aruba,2015,May,87.7
533,Aruba,2015,Jun,87.4
533,Aruba,2015,Jul,109.3
533,Aruba,2015,Aug,111.5
533,Aruba,2015,Sep,97.3
533,Aruba,2015,Oct,109.0
533,Aruba,2015,Nov,110.3
533,Aruba,2015,Dec,118.5
533,Aruba,2016,Jan,104.1
533,Aruba,2016,Feb,96.2
533,Aruba,2016,Mar,110.0
533,Aruba,2016,Apr,98.8
533,Aruba,2016,May,81.0
533,Aruba,2016,Jun,86.7
533,Aruba,2016,Jul,99.4
533,Aruba,2016,Aug,96.3
533,Aruba,2016,Sep,77.3
533,Aruba,2016,Oct,76.5
533,Aruba,2016,Nov,78.6
533,Aruba,2016,Dec,97.0
533,Aruba,2017,Jan,89.3
533,Aruba,2017,Feb,84.2
533,Aruba,2017,Mar,90.1
533,Aruba,2017,Apr,96.9
533,Aruba,2017,May,81.0
533,Aruba,2017,Jun,85.3
533,Aruba,2017,Jul,102.3
533,Aruba,2017,Aug,90.8
533,Aruba,2017,Sep,77.6
533,Aruba,2017,Oct,81.5
533,Aruba,2017,Nov,86.1
533,Aruba,2017,Dec,105.5
533,Aruba,2018,Jan,91.5
533,Aruba,2018,Feb,85.0
533,Aruba,2018,Mar,98.5
533,Aruba,2018,Apr,88.1
533,Aruba,2018,May,85.4
533,Aruba,2018,Jun,91.9
533,Aruba,2018,Jul,101.4
533,Aruba,2018,Aug,91.5
533,Aruba,2018,Sep,76.0
533,Aruba,2018,Oct,80.8
533,Aruba,2018,Nov,88.8
533,Aruba,2018,Dec,103.1
533,Aruba,2019,Jan,94.2
533,Aruba,2019,Feb,93.2
533,Aruba,2019,Mar,106.7
533,Aruba,2019,Apr,94.0
533,Aruba,2019,May,88.5
533,Aruba,2019,Jun,99.0
533,Aruba,2019,Jul,103.5
533,Aruba,2019,Aug,96.1
533,Aruba,2019,Sep,73.6
533,Aruba,2019,Oct,79.4
533,Aruba,2019,Nov,90.0
533,Aruba,2019,Dec,100.7
533,Aruba,2020,Jan,90.6
533,Aruba,2020,Feb,95.3
533,Aruba,2020,Mar,42.8
533,Aruba,2020,Apr,0.0
533,Aruba,2020,May,0.0
533,Aruba,2020,Jun,0.0
533,Aruba,2020,Jul,12.9
533,Aruba,2020,Aug,17.4
533,Aruba,2020,Sep,14.7
533,Aruba,2020,Oct,21.9
533,Aruba,2020,Nov,29.7
533,Aruba,2020,Dec,42.9
533,Aruba,2021,Jan,31.4
533,Aruba,2021,Feb,32.0
533,Aruba,2021,Mar,49.0
533,Aruba,2021,Apr,58.8
533,Aruba,2021,May,70.7
533,Aruba,2021,Jun,84.6
533,Aruba,2021,Jul,100.2
533,Aruba,2021,Aug,80.2
533,Aruba,2021,Sep,60.3
533,Aruba,2021,Oct,70.1
533,Aruba,2021,Nov,79.9
533,Aruba,2021,Dec,89.5
533,Aruba,2022,Jan,59.8
533,Aruba,2022,Feb,78.0
533,Aruba,2022,Mar,95.9
533,Aruba,2022,Apr,101.7
533,Aruba,2022,May,91.4
533,Aruba,2022,Jun,101.5
533,Aruba,2022,Jul,109.0
533,Aruba,2022,Aug,100.8
533,Aruba,2022,Sep,78.3
533,Aruba,2022,Oct,83.4
533,Aruba,2022,Nov,90.8
533,Aruba,2022,Dec,110.4
533,Aruba,2023,Jan,100.5
533,Aruba,2023,Feb,99.4
533,Aruba,2023,Mar,112.4
533,Aruba,2023,Apr,110.5
533,Aruba,2023,May,95.4
533,Aruba,2023,Jun,101.5
533,Aruba,2023,Jul,112.9
533,Aruba,2023,Aug,107.4
533,Aruba,2023,Sep,90.2
533,Aruba,2023,Oct,95.0
533,Aruba,2023,Nov,105.9
533,Aruba,2023,Dec,129.3
533,Aruba,2024,Jan,119.2
533,Aruba,2024,Feb,122.1
533,Aruba,2024,Mar,141.4
533,Aruba,2024,Apr,121.2
533,Aruba,2024,May,111.2
533,Aruba,2024,Jun,122.6
533,Aruba,2024,Jul,123.4
533,Aruba,2024,Aug,126.1
533,Aruba,2024,Sep,95.3
533,Aruba,2024,Oct,104.0
533,Aruba,2024,Nov,106.9
533,Aruba,2024,Dec,128.2
533,Aruba,2025,Jan,124.8
533,Aruba,2025,Feb,123.5
533,Aruba,2025,Mar,144.1
533,Aruba,2025,Apr,126.4
533,Aruba,2025,May,117.1
533,Aruba,2025,Jun,126.4
533,Aruba,2025,Jul,141.9
533,Aruba,2025,Aug,132.7
533,Aruba,2025,Sep,97.8
36,Australia,2015,Feb,726.1
36,Australia,2015,Mar,679.3
36,Australia,2015,Apr,550.2
36,Australia,2015,May,485.7
36,Australia,2015,Jun,488.2
36,Australia,2015,Jul,628.3
36,Australia,2015,Aug,574.1
36,Australia,2015,Sep,572.0
36,Australia,2015,Oct,625.8
36,Australia,2015,Nov,671.5
36,Australia,2015,Dec,901.3
36,Australia,2016,Jan,617.7
36,Australia,2016,Feb,798.6
36,Australia,2016,Mar,757.4
36,Australia,2016,Apr,610.5
36,Australia,2016,May,541.3
36,Australia,2016,Jun,555.1
36,Australia,2016,Jul,715.8
36,Australia,2016,Aug,632.1
36,Australia,2016,Sep,647.0
36,Australia,2016,Oct,695.9
36,Australia,2016,Nov,721.8
36,Australia,2016,Dec,976.2
36,Australia,2017,Jan,724.0
36,Australia,2017,Feb,787.6
36,Australia,2017,Mar,772.2
36,Australia,2017,Apr,700.0
36,Australia,2017,May,579.1
36,Australia,2017,Jun,606.0
36,Australia,2017,Jul,746.4
36,Australia,2017,Aug,702.9
36,Australia,2017,Sep,663.6
36,Australia,2017,Oct,741.4
36,Australia,2017,Nov,777.1
36,Australia,2017,Dec,1015.0
36,Australia,2018,Jan,702.6
36,Australia,2018,Feb,914.5
36,Australia,2018,Mar,872.4
36,Australia,2018,Apr,679.8
36,Australia,2018,May,609.5
36,Australia,2018,Jun,646.7
36,Australia,2018,Jul,774.4
36,Australia,2018,Aug,741.7
36,Australia,2018,Sep,690.2
36,Australia,2018,Oct,754.0
36,Australia,2018,Nov,802.2
36,Australia,2018,Dec,1058.0
36,Australia,2019,Jan,731.1
36,Australia,2019,Feb,927.2
36,Australia,2019,Mar,836.4
36,Australia,2019,Apr,700.4
36,Australia,2019,May,668.3
36,Australia,2019,Jun,660.3
36,Australia,2019,Jul,790.4
36,Australia,2019,Aug,789.2
36,Australia,2019,Sep,695.0
36,Australia,2019,Oct,774.0
36,Australia,2019,Nov,815.9
36,Australia,2019,Dec,1078.0
36,Australia,2020,Jan,766.6
36,Australia,2020,Feb,685.4
36,Australia,2020,Mar,331.9
36,Australia,2020,Apr,2.3
36,Australia,2020,May,3.4
36,Australia,2020,Jun,5.4
36,Australia,2020,Jul,3.5
36,Australia,2020,Aug,3.0
36,Australia,2020,Sep,3.7
36,Australia,2020,Oct,6.1
36,Australia,2020,Nov,7.6
36,Australia,2020,Dec,8.8
36,Australia,2021,Jan,8.0
36,Australia,2021,Feb,6.3
36,Australia,2021,Mar,8.3
36,Australia,2021,Apr,22.6
36,Australia,2021,May,36.2
36,Australia,2021,Jun,36.8
36,Australia,2021,Jul,18.7
36,Australia,2021,Aug,6.4
36,Australia,2021,Sep,4.4
36,Australia,2021,Oct,4.4
36,Australia,2021,Nov,20.9
36,Australia,2021,Dec,73.3
36,Australia,2022,Jan,60.8
36,Australia,2022,Feb,90.5
36,Australia,2022,Mar,170.3
36,Australia,2022,Apr,235.5
36,Australia,2022,May,231.5
36,Australia,2022,Jun,275.3
36,Australia,2022,Jul,325.7
36,Australia,2022,Aug,348.4
36,Australia,2022,Sep,371.9
36,Australia,2022,Oct,430.5
36,Australia,2022,Nov,505.2
36,Australia,2022,Dec,649.0
36,Australia,2023,Jan,412.4
36,Australia,2023,Feb,600.7
36,Australia,2023,Mar,613.3
36,Australia,2023,Apr,544.9
36,Australia,2023,May,512.3
36,Australia,2023,Jun,542.1
36,Australia,2023,Jul,625.1
36,Australia,2023,Aug,603.4
36,Australia,2023,Sep,584.6
36,Australia,2023,Oct,607.9
36,Australia,2023,Nov,663.8
36,Australia,2023,Dec,876.9
36,Australia,2024,Jan,603.8
36,Australia,2024,Feb,858.0
36,Australia,2024,Mar,761.1
36,Australia,2024,Apr,593.1
36,Australia,2024,May,600.8
36,Australia,2024,Jun,587.8
36,Australia,2024,Jul,659.0
36,Australia,2024,Aug,658.8
36,Australia,2024,Sep,630.7
36,Australia,2024,Oct,677.4
36,Australia,2024,Nov,695.4
36,Australia,2024,Dec,945.3
36,Australia,2025,Jan,710.0
36,Australia,2025,Feb,787.8
36,Australia,2025,Mar,761.2
36,Australia,2025,Apr,641.2
36,Australia,2025,May,611.2
36,Australia,2025,Jun,624.5
36,Australia,2025,Jul,743.2
36,Australia,2025,Aug,753.3
36,Australia,2025,Sep,696.5
40,Austria,2015,Feb,2800.0
40,Austria,2015,Mar,2261.0
40,Austria,2015,Apr,1454.0
40,Austria,2015,May,1735.0
40,Austria,2015,Jun,2132.0
40,Austria,2015,Jul,3196.0
40,Austria,2015,Aug,3615.0
40,Austria,2015,Sep,2223.0
40,Austria,2015,Oct,1553.0
40,Austria,2015,Nov,1028.0
40,Austria,2015,Dec,2224.0
40,Austria,2016,Jan,2626.0
40,Austria,2016,Feb,2964.0
40,Austria,2016,Mar,2755.0
40,Austria,2016,Apr,1297.0
40,Austria,2016,May,1830.0
40,Austria,2016,Jun,2017.0
40,Austria,2016,Jul,3496.0
40,Austria,2016,Aug,3628.0
40,Austria,2016,Sep,2426.0
40,Austria,2016,Oct,1704.0
40,Austria,2016,Nov,1065.0
40,Austria,2016,Dec,2312.0
40,Austria,2017,Jan,2585.0
40,Austria,2017,Feb,3012.0
40,Austria,2017,Mar,2471.0
40,Austria,2017,Apr,1815.0
40,Austria,2017,May,1697.0
40,Austria,2017,Jun,2530.0
40,Austria,2017,Jul,3712.0
40,Austria,2017,Aug,3757.0
40,Austria,2017,Sep,2504.0
40,Austria,2017,Oct,1786.0
40,Austria,2017,Nov,1111.0
40,Austria,2017,Dec,2481.0
40,Austria,2018,Jan,2687.0
40,Austria,2018,Feb,3148.0
40,Austria,2018,Mar,3004.0
40,Austria,2018,Apr,1553.0
40,Austria,2018,May,2067.0
40,Austria,2018,Jun,2450.0
40,Austria,2018,Jul,3782.0
40,Austria,2018,Aug,3807.0
40,Austria,2018,Sep,2594.0
40,Austria,2018,Oct,1836.0
40,Austria,2018,Nov,1247.0
40,Austria,2018,Dec,2638.0
40,Austria,2019,Jan,2679.0
40,Austria,2019,Feb,3118.0
40,Austria,2019,Mar,2949.0
40,Austria,2019,Apr,1905.0
40,Austria,2019,May,1849.0
40,Austria,2019,Jun,2906.0
40,Austria,2019,Jul,3853.0
40,Austria,2019,Aug,3994.0
40,Austria,2019,Sep,2593.0
40,Austria,2019,Oct,2006.0
40,Austria,2019,Nov,1256.0
40,Austria,2019,Dec,2778.0
40,Austria,2020,Jan,2969.0
40,Austria,2020,Feb,3526.0
40,Austria,2020,Mar,918.5
40,Austria,2020,Apr,12.9
40,Austria,2020,May,36.8
40,Austria,2020,Jun,690.2
40,Austria,2020,Jul,2290.0
40,Austria,2020,Aug,2586.0
40,Austria,2020,Sep,1472.0
40,Austria,2020,Oct,479.9
40,Austria,2020,Nov,64.1
40,Austria,2020,Dec,45.6
40,Austria,2021,Jan,45.3
40,Austria,2021,Feb,50.8
40,Austria,2021,Mar,63.3
40,Austria,2021,Apr,65.8
40,Austria,2021,May,366.4
40,Austria,2021,Jun,1050.0
40,Austria,2021,Jul,2574.0
40,Austria,2021,Aug,3336.0
40,Austria,2021,Sep,2111.0
40,Austria,2021,Oct,1469.0
40,Austria,2021,Nov,536.0
40,Austria,2021,Dec,1061.0
40,Austria,2022,Jan,1642.0
40,Austria,2022,Feb,2265.0
40,Austria,2022,Mar,1941.0
40,Austria,2022,Apr,1428.0
40,Austria,2022,May,1425.0
40,Austria,2022,Jun,2409.0
40,Austria,2022,Jul,3671.0
40,Austria,2022,Aug,3791.0
40,Austria,2022,Sep,2431.0
40,Austria,2022,Oct,1713.0
40,Austria,2022,Nov,1879.0
40,Austria,2022,Dec,2456.0
40,Austria,2023,Jan,2651.0
40,Austria,2023,Feb,3046.0
40,Austria,2023,Mar,2354.0
40,Austria,2023,Apr,1771.0
40,Austria,2023,May,1878.0
40,Austria,2023,Jun,2735.0
40,Austria,2023,Jul,3992.0
40,Austria,2023,Aug,3914.0
40,Austria,2023,Sep,2816.0
40,Austria,2023,Oct,1837.0
40,Austria,2023,Nov,1180.0
40,Austria,2023,Dec,2736.0
40,Austria,2024,Jan,2782.0
40,Austria,2024,Feb,3214.0
40,Austria,2024,Mar,2799.0
40,Austria,2024,Apr,1426.0
40,Austria,2024,May,2222.0
40,Austria,2024,Jun,2679.0
40,Austria,2024,Jul,3979.0
40,Austria,2024,Aug,4307.0
40,Austria,2024,Sep,2539.0
40,Austria,2024,Oct,2039.0
40,Austria,2024,Nov,1279.0
40,Austria,2024,Dec,2929.0
40,Austria,2025,Jan,2971.0
40,Austria,2025,Feb,3058.0
40,Austria,2025,Mar,2540.0
40,Austria,2025,Apr,1894.0
40,Austria,2025,May,2024.0
40,Austria,2025,Jun,3110.0
40,Austria,2025,Jul,3954.0
40,Austria,2025,Aug,4428.0
40,Austria,2025,Sep,2743.0
31,Azerbaijan,2017,Jan,159.3
31,Azerbaijan,2017,Feb,154.2
31,Azerbaijan,2017,Mar,244.2
31,Azerbaijan,2017,Apr,187.6
31,Azerbaijan,2017,May,211.3
31,Azerbaijan,2017,Jun,243.1
31,Azerbaijan,2017,Jul,313.5
31,Azerbaijan,2017,Aug,305.1
31,Azerbaijan,2017,Sep,253.7
31,Azerbaijan,2017,Oct,204.7
31,Azerbaijan,2017,Nov,201.3
31,Azerbaijan,2017,Dec,214.1
31,Azerbaijan,2018,Jan,185.9
31,Azerbaijan,2018,Feb,166.2
31,Azerbaijan,2018,Mar,275.8
31,Azerbaijan,2018,Apr,218.1
31,Azerbaijan,2018,May,208.0
31,Azerbaijan,2018,Jun,269.4
31,Azerbaijan,2018,Jul,330.0
31,Azerbaijan,2018,Aug,319.3
31,Azerbaijan,2018,Sep,231.5
31,Azerbaijan,2018,Oct,211.8
31,Azerbaijan,2018,Nov,212.9
31,Azerbaijan,2018,Dec,216.0
31,Azerbaijan,2019,Jan,191.4
31,Azerbaijan,2019,Feb,172.7
31,Azerbaijan,2019,Mar,246.3
31,Azerbaijan,2019,Apr,237.5
31,Azerbaijan,2019,May,246.1
31,Azerbaijan,2019,Jun,315.8
31,Azerbaijan,2019,Jul,365.2
31,Azerbaijan,2019,Aug,361.4
31,Azerbaijan,2019,Sep,279.6
31,Azerbaijan,2019,Oct,264.1
31,Azerbaijan,2019,Nov,241.4
31,Azerbaijan,2019,Dec,246.6
31,Azerbaijan,2020,Jan,226.2
31,Azerbaijan,2020,Feb,200.0
31,Azerbaijan,2020,Mar,93.2
31,Azerbaijan,2020,Apr,19.7
31,Azerbaijan,2020,May,24.9
31,Azerbaijan,2020,Jun,26.2
31,Azerbaijan,2020,Jul,28.2
31,Azerbaijan,2020,Aug,31.4
31,Azerbaijan,2020,Sep,36.5
31,Azerbaijan,2020,Oct,34.1
31,Azerbaijan,2020,Nov,36.4
31,Azerbaijan,2020,Dec,39.0
31,Azerbaijan,2021,Jan,36.1
31,Azerbaijan,2021,Feb,36.0
31,Azerbaijan,2021,Mar,45.1
31,Azerbaijan,2021,Apr,45.8
31,Azerbaijan,2021,May,51.6
31,Azerbaijan,2021,Jun,67.2
31,Azerbaijan,2021,Jul,83.7
31,Azerbaijan,2021,Aug,77.1
31,Azerbaijan,2021,Sep,72.7
31,Azerbaijan,2021,Oct,91.0
31,Azerbaijan,2021,Nov,86.1
31,Azerbaijan,2021,Dec,97.7
31,Azerbaijan,2022,Jan,74.1
31,Azerbaijan,2022,Feb,76.4
31,Azerbaijan,2022,Mar,95.8
31,Azerbaijan,2022,Apr,84.4
31,Azerbaijan,2022,May,137.5
31,Azerbaijan,2022,Jun,170.6
31,Azerbaijan,2022,Jul,193.4
31,Azerbaijan,2022,Aug,172.0
31,Azerbaijan,2022,Sep,158.8
31,Azerbaijan,2022,Oct,160.5
31,Azerbaijan,2022,Nov,135.4
31,Azerbaijan,2022,Dec,143.8
31,Azerbaijan,2023,Jan,119.1
31,Azerbaijan,2023,Feb,113.5
31,Azerbaijan,2023,Mar,136.5
31,Azerbaijan,2023,Apr,154.2
31,Azerbaijan,2023,May,190.1
31,Azerbaijan,2023,Jun,205.9
31,Azerbaijan,2023,Jul,224.8
31,Azerbaijan,2023,Aug,200.1
31,Azerbaijan,2023,Sep,192.1
31,Azerbaijan,2023,Oct,187.8
31,Azerbaijan,2023,Nov,169.5
31,Azerbaijan,2023,Dec,192.9
31,Azerbaijan,2024,Jan,165.9
31,Azerbaijan,2024,Feb,175.0
31,Azerbaijan,2024,Mar,172.6
31,Azerbaijan,2024,Apr,212.9
31,Azerbaijan,2024,May,239.3
31,Azerbaijan,2024,Jun,265.5
31,Azerbaijan,2024,Jul,271.6
31,Azerbaijan,2024,Aug,245.3
31,Azerbaijan,2024,Sep,235.3
31,Azerbaijan,2024,Oct,226.4
31,Azerbaijan,2024,Nov,202.4
31,Azerbaijan,2024,Dec,214.7
31,Azerbaijan,2025,Jan,172.7
31,Azerbaijan,2025,Feb,166.0
31,Azerbaijan,2025,Mar,169.5
31,Azerbaijan,2025,Apr,227.8
31,Azerbaijan,2025,May,244.1
31,Azerbaijan,2025,Jun,237.5
31,Azerbaijan,2025,Jul,260.5
31,Azerbaijan,2025,Aug,242.7
31,Azerbaijan,2025,Sep,227.7
44,Bahamas,2015,Feb,121.3
44,Bahamas,2015,Mar,170.1
44,Bahamas,2015,Apr,148.4
44,Bahamas,2015,May,132.4
44,Bahamas,2015,Jun,142.9
44,Bahamas,2015,Jul,166.0
44,Bahamas,2015,Aug,129.6
44,Bahamas,2015,Sep,72.3
44,Bahamas,2015,Oct,84.3
44,Bahamas,2015,Nov,95.7
44,Bahamas,2015,Dec,131.1
44,Bahamas,2016,Jan,100.3
44,Bahamas,2016,Feb,123.5
44,Bahamas,2016,Mar,182.8
44,Bahamas,2016,Apr,143.1
44,Bahamas,2016,May,140.0
44,Bahamas,2016,Jun,155.7
44,Bahamas,2016,Jul,174.9
44,Bahamas,2016,Aug,125.2
44,Bahamas,2016,Sep,78.3
44,Bahamas,2016,Oct,55.1
44,Bahamas,2016,Nov,92.1
44,Bahamas,2016,Dec,127.7
44,Bahamas,2017,Jan,97.1
44,Bahamas,2017,Feb,115.3
44,Bahamas,2017,Mar,157.0
44,Bahamas,2017,Apr,151.3
44,Bahamas,2017,May,133.1
44,Bahamas,2017,Jun,154.8
44,Bahamas,2017,Jul,169.1
44,Bahamas,2017,Aug,124.2
44,Bahamas,2017,Sep,50.2
44,Bahamas,2017,Oct,69.3
44,Bahamas,2017,Nov,98.2
44,Bahamas,2017,Dec,132.4
44,Bahamas,2018,Jan,105.5
44,Bahamas,2018,Feb,135.3
44,Bahamas,2018,Mar,188.0
44,Bahamas,2018,Apr,150.0
44,Bahamas,2018,May,142.3
44,Bahamas,2018,Jun,162.5
44,Bahamas,2018,Jul,171.7
44,Bahamas,2018,Aug,145.8
44,Bahamas,2018,Sep,69.2
44,Bahamas,2018,Oct,83.3
44,Bahamas,2018,Nov,119.8
44,Bahamas,2018,Dec,159.3
44,Bahamas,2019,Jan,138.9
44,Bahamas,2019,Feb,164.9
44,Bahamas,2019,Mar,220.7
44,Bahamas,2019,Apr,184.2
44,Bahamas,2019,May,174.7
44,Bahamas,2019,Jun,187.6
44,Bahamas,2019,Jul,199.0
44,Bahamas,2019,Aug,145.2
44,Bahamas,2019,Sep,56.3
44,Bahamas,2019,Oct,77.6
44,Bahamas,2019,Nov,109.8
44,Bahamas,2019,Dec,148.1
44,Bahamas,2020,Jan,135.7
44,Bahamas,2020,Feb,157.1
44,Bahamas,2020,Mar,82.1
44,Bahamas,2020,Apr,0.1
44,Bahamas,2020,May,0.1
44,Bahamas,2020,Jun,3.9
44,Bahamas,2020,Jul,24.6
44,Bahamas,2020,Aug,5.3
44,Bahamas,2020,Sep,4.6
44,Bahamas,2020,Oct,6.1
44,Bahamas,2020,Nov,6.9
44,Bahamas,2020,Dec,14.2
44,Bahamas,2021,Jan,19.4
44,Bahamas,2021,Feb,26.9
44,Bahamas,2021,Mar,59.9
44,Bahamas,2021,Apr,65.9
44,Bahamas,2021,May,89.1
44,Bahamas,2021,Jun,117.8
44,Bahamas,2021,Jul,146.3
44,Bahamas,2021,Aug,89.3
44,Bahamas,2021,Sep,43.7
44,Bahamas,2021,Oct,57.4
44,Bahamas,2021,Nov,90.6
44,Bahamas,2021,Dec,86.3
44,Bahamas,2022,Jan,72.9
44,Bahamas,2022,Feb,93.9
44,Bahamas,2022,Mar,142.7
44,Bahamas,2022,Apr,150.3
44,Bahamas,2022,May,129.4
44,Bahamas,2022,Jun,141.7
44,Bahamas,2022,Jul,171.1
44,Bahamas,2022,Aug,121.5
44,Bahamas,2022,Sep,72.9
44,Bahamas,2022,Oct,87.0
44,Bahamas,2022,Nov,116.9
44,Bahamas,2022,Dec,152.3
44,Bahamas,2023,Jan,137.9
44,Bahamas,2023,Feb,160.8
44,Bahamas,2023,Mar,194.5
44,Bahamas,2023,Apr,185.0
44,Bahamas,2023,May,166.3
44,Bahamas,2023,Jun,191.8
44,Bahamas,2023,Jul,185.5
44,Bahamas,2023,Aug,146.6
44,Bahamas,2023,Sep,95.0
44,Bahamas,2023,Oct,98.5
44,Bahamas,2023,Nov,129.4
44,Bahamas,2023,Dec,180.8
44,Bahamas,2024,Jan,146.6
44,Bahamas,2024,Feb,171.0
44,Bahamas,2024,Mar,217.9
44,Bahamas,2024,Apr,172.2
44,Bahamas,2024,May,181.2
44,Bahamas,2024,Jun,196.2
44,Bahamas,2024,Jul,195.6
44,Bahamas,2024,Aug,137.9
44,Bahamas,2024,Sep,63.2
44,Bahamas,2024,Oct,87.7
44,Bahamas,2024,Nov,128.5
44,Bahamas,2024,Dec,171.3
44,Bahamas,2025,Jan,139.3
44,Bahamas,2025,Feb,160.8
44,Bahamas,2025,Mar,213.4
44,Bahamas,2025,Apr,185.5
44,Bahamas,2025,May,172.8
44,Bahamas,2025,Jun,185.9
44,Bahamas,2025,Jul,185.9
44,Bahamas,2025,Aug,126.9
48,Bahrain,2019,Jan,415.5
48,Bahrain,2019,Feb,376.0
48,Bahrain,2019,Mar,448.5
48,Bahrain,2019,Apr,346.0
48,Bahrain,2019,May,227.2
48,Bahrain,2019,Jun,315.3
48,Bahrain,2019,Jul,353.0
48,Bahrain,2019,Aug,347.7
48,Bahrain,2019,Sep,281.9
48,Bahrain,2019,Oct,243.6
48,Bahrain,2019,Nov,234.4
48,Bahrain,2019,Dec,259.8
48,Bahrain,2020,Jan,302.6
48,Bahrain,2020,Feb,272.8
48,Bahrain,2020,Mar,33.1
48,Bahrain,2020,Apr,11.3
48,Bahrain,2020,May,10.5
48,Bahrain,2020,Jun,14.4
48,Bahrain,2020,Jul,15.3
48,Bahrain,2020,Aug,21.5
48,Bahrain,2020,Sep,26.5
48,Bahrain,2020,Oct,33.3
48,Bahrain,2020,Nov,41.6
48,Bahrain,2020,Dec,43.9
48,Bahrain,2021,Jan,29.2
48,Bahrain,2021,Feb,26.6
48,Bahrain,2021,Mar,36.3
48,Bahrain,2021,Apr,36.9
48,Bahrain,2021,May,61.0
48,Bahrain,2021,Jun,55.7
48,Bahrain,2021,Jul,203.9
48,Bahrain,2021,Aug,301.3
48,Bahrain,2021,Sep,301.2
48,Bahrain,2021,Oct,352.5
48,Bahrain,2021,Nov,373.7
48,Bahrain,2021,Dec,403.4
48,Bahrain,2022,Jan,257.1
48,Bahrain,2022,Feb,179.4
48,Bahrain,2022,Mar,321.8
48,Bahrain,2022,Apr,125.4
48,Bahrain,2022,May,359.8
48,Bahrain,2022,Jun,347.1
48,Bahrain,2022,Jul,452.1
48,Bahrain,2022,Aug,400.1
48,Bahrain,2022,Sep,312.9
48,Bahrain,2022,Oct,303.0
48,Bahrain,2022,Nov,299.7
48,Bahrain,2022,Dec,353.8
48,Bahrain,2023,Jan,438.0
48,Bahrain,2023,Feb,419.0
48,Bahrain,2023,Mar,425.0
48,Bahrain,2023,Apr,384.0
48,Bahrain,2023,May,428.0
48,Bahrain,2023,Jun,463.0
48,Bahrain,2023,Jul,531.0
48,Bahrain,2023,Aug,528.0
48,Bahrain,2023,Sep,458.0
48,Bahrain,2023,Oct,405.0
48,Bahrain,2023,Nov,479.0
48,Bahrain,2023,Dec,526.0
48,Bahrain,2024,Jan,587.0
48,Bahrain,2024,Feb,583.0
48,Bahrain,2024,Mar,431.0
48,Bahrain,2024,Apr,509.0
48,Bahrain,2024,May,568.0
48,Bahrain,2024,Jun,621.0
48,Bahrain,2024,Jul,617.0
48,Bahrain,2024,Aug,607.0
48,Bahrain,2024,Sep,496.0
48,Bahrain,2024,Oct,484.0
48,Bahrain,2024,Nov,589.0
48,Bahrain,2024,Dec,527.0
48,Bahrain,2025,Jan,694.9
48,Bahrain,2025,Feb,607.1
48,Bahrain,2025,Mar,436.3
48,Bahrain,2025,Apr,645.0
48,Bahrain,2025,May,685.0
48,Bahrain,2025,Jun,649.0
48,Bahrain,2025,Jul,610.0
48,Bahrain,2025,Aug,649.0
48,Bahrain,2025,Sep,510.0
52,Barbados,2015,Feb,57.8
52,Barbados,2015,Mar,57.5
52,Barbados,2015,Apr,51.7
52,Barbados,2015,May,41.0
52,Barbados,2015,Jun,39.7
52,Barbados,2015,Jul,54.0
52,Barbados,2015,Aug,42.9
52,Barbados,2015,Sep,32.2
52,Barbados,2015,Oct,41.7
52,Barbados,2015,Nov,53.0
52,Barbados,2015,Dec,64.5
52,Barbados,2016,Jan,62.3
52,Barbados,2016,Feb,61.0
52,Barbados,2016,Mar,60.6
52,Barbados,2016,Apr,49.2
52,Barbados,2016,May,44.9
52,Barbados,2016,Jun,42.6
52,Barbados,2016,Jul,56.7
52,Barbados,2016,Aug,44.8
52,Barbados,2016,Sep,35.5
52,Barbados,2016,Oct,43.4
52,Barbados,2016,Nov,62.8
52,Barbados,2016,Dec,67.6
52,Barbados,2017,Jan,62.2
52,Barbados,2017,Feb,63.1
52,Barbados,2017,Mar,65.7
52,Barbados,2017,Apr,60.2
52,Barbados,2017,May,48.7
52,Barbados,2017,Jun,45.0
52,Barbados,2017,Jul,54.9
52,Barbados,2017,Aug,51.9
52,Barbados,2017,Sep,34.3
52,Barbados,2017,Oct,45.2
52,Barbados,2017,Nov,57.7
52,Barbados,2017,Dec,72.3
52,Barbados,2018,Jan,66.0
52,Barbados,2018,Feb,66.9
52,Barbados,2018,Mar,70.4
52,Barbados,2018,Apr,57.1
52,Barbados,2018,May,50.3
52,Barbados,2018,Jun,46.3
52,Barbados,2018,Jul,55.6
52,Barbados,2018,Aug,52.0
52,Barbados,2018,Sep,35.8
52,Barbados,2018,Oct,46.5
52,Barbados,2018,Nov,59.5
52,Barbados,2018,Dec,72.2
52,Barbados,2019,Jan,69.5
52,Barbados,2019,Feb,68.6
52,Barbados,2019,Mar,70.7
52,Barbados,2019,Apr,63.4
52,Barbados,2019,May,50.7
52,Barbados,2019,Jun,50.2
52,Barbados,2019,Jul,60.2
52,Barbados,2019,Aug,50.8
52,Barbados,2019,Sep,36.9
52,Barbados,2020,Jan,59.6
52,Barbados,2020,Feb,63.1
52,Barbados,2020,Mar,31.2
52,Barbados,2020,Apr,0.1
52,Barbados,2020,May,0.3
52,Barbados,2020,Jun,0.5
52,Barbados,2020,Jul,2.1
52,Barbados,2020,Aug,6.1
52,Barbados,2020,Sep,4.9
52,Barbados,2020,Oct,2.4
52,Barbados,2020,Nov,6.7
52,Barbados,2020,Dec,18.2
52,Barbados,2021,Jan,3.5
52,Barbados,2021,Feb,1.9
52,Barbados,2021,Mar,1.8
52,Barbados,2021,Apr,1.9
52,Barbados,2021,May,3.4
52,Barbados,2021,Jun,6.4
52,Barbados,2021,Jul,11.5
52,Barbados,2021,Aug,15.6
52,Barbados,2021,Sep,17.2
52,Barbados,2021,Oct,18.5
52,Barbados,2021,Nov,23.7
52,Barbados,2021,Dec,39.4
52,Barbados,2022,Jan,48.8
52,Barbados,2022,Feb,54.6
52,Barbados,2022,Mar,60.7
52,Barbados,2022,Apr,47.1
52,Barbados,2022,May,33.9
52,Barbados,2022,Jun,32.8
52,Barbados,2022,Jul,39.4
52,Barbados,2022,Aug,34.3
52,Barbados,2022,Sep,28.8
52,Barbados,2022,Oct,34.8
52,Barbados,2022,Nov,54.0
52,Barbados,2022,Dec,70.5
52,Barbados,2023,Jan,70.6
52,Barbados,2023,Feb,65.0
52,Barbados,2023,Mar,63.7
52,Barbados,2023,Apr,45.2
52,Barbados,2023,May,42.8
52,Barbados,2023,Jun,36.7
52,Barbados,2023,Jul,46.1
52,Barbados,2023,Aug,47.4
52,Barbados,2023,Sep,34.0
52,Barbados,2023,Oct,43.3
52,Barbados,2023,Nov,64.9
52,Barbados,2023,Dec,76.8
52,Barbados,2024,Jan,73.7
52,Barbados,2024,Feb,74.0
52,Barbados,2024,Mar,81.1
52,Barbados,2024,Apr,54.2
52,Barbados,2024,May,49.7
52,Barbados,2024,Jun,49.3
52,Barbados,2024,Jul,49.8
52,Barbados,2024,Aug,46.1
52,Barbados,2024,Sep,31.8
52,Barbados,2024,Oct,43.6
52,Barbados,2024,Nov,64.0
52,Barbados,2024,Dec,87.1
52,Barbados,2025,Jan,78.0
52,Barbados,2025,Feb,79.4
52,Barbados,2025,Mar,76.9
52,Barbados,2025,Apr,62.5
52,Barbados,2025,May,50.0
52,Barbados,2025,Jun,47.9
52,Barbados,2025,Jul,58.8
52,Barbados,2025,Aug,50.3
52,Barbados,2025,Sep,34.0
56,Belgium,2015,Feb,501.0
56,Belgium,2015,Mar,596.7
56,Belgium,2015,Apr,746.5
56,Belgium,2015,May,893.8
56,Belgium,2015,Jun,801.1
56,Belgium,2015,Jul,889.9
56,Belgium,2015,Aug,913.9
56,Belgium,2015,Sep,746.2
56,Belgium,2015,Oct,797.2
56,Belgium,2015,Nov,520.1
56,Belgium,2015,Dec,521.3
56,Belgium,2016,Jan,410.8
56,Belgium,2016,Feb,523.1
56,Belgium,2016,Mar,545.2
56,Belgium,2016,Apr,610.9
56,Belgium,2016,May,708.1
56,Belgium,2016,Jun,671.7
56,Belgium,2016,Jul,743.6
56,Belgium,2016,Aug,767.5
56,Belgium,2016,Sep,654.6
56,Belgium,2016,Oct,704.2
56,Belgium,2016,Nov,544.3
56,Belgium,2016,Dec,595.0
56,Belgium,2017,Jan,437.3
56,Belgium,2017,Feb,523.1
56,Belgium,2017,Mar,591.7
56,Belgium,2017,Apr,775.2
56,Belgium,2017,May,766.1
56,Belgium,2017,Jun,779.7
56,Belgium,2017,Jul,850.6
56,Belgium,2017,Aug,852.8
56,Belgium,2017,Sep,739.1
56,Belgium,2017,Oct,779.2
56,Belgium,2017,Nov,603.8
56,Belgium,2017,Dec,659.4
56,Belgium,2018,Jan,489.9
56,Belgium,2018,Feb,545.3
56,Belgium,2018,Mar,706.7
56,Belgium,2018,Apr,778.1
56,Belgium,2018,May,880.1
56,Belgium,2018,Jun,816.3
56,Belgium,2018,Jul,938.0
56,Belgium,2018,Aug,964.8
56,Belgium,2018,Sep,787.1
56,Belgium,2018,Oct,842.0
56,Belgium,2018,Nov,678.3
56,Belgium,2018,Dec,692.2
56,Belgium,2019,Jan,497.9
56,Belgium,2019,Feb,568.7
56,Belgium,2019,Mar,665.6
56,Belgium,2019,Apr,885.7
56,Belgium,2019,May,864.1
56,Belgium,2019,Jun,877.7
56,Belgium,2019,Jul,965.4
56,Belgium,2019,Aug,977.6
56,Belgium,2019,Sep,793.8
56,Belgium,2019,Oct,849.2
56,Belgium,2019,Nov,682.1
56,Belgium,2019,Dec,715.5
56,Belgium,2020,Jan,525.4
56,Belgium,2020,Feb,595.7
56,Belgium,2020,Mar,198.1
56,Belgium,2020,Apr,5.9
56,Belgium,2020,May,12.3
56,Belgium,2020,Jun,120.5
56,Belgium,2020,Jul,423.9
56,Belgium,2020,Aug,306.0
56,Belgium,2020,Sep,192.9
56,Belgium,2020,Oct,107.5
56,Belgium,2020,Nov,43.3
56,Belgium,2020,Dec,52.4
56,Belgium,2021,Jan,54.0
56,Belgium,2021,Feb,51.1
56,Belgium,2021,Mar,60.6
56,Belgium,2021,Apr,72.9
56,Belgium,2021,May,154.4
56,Belgium,2021,Jun,199.9
56,Belgium,2021,Jul,373.5
56,Belgium,2021,Aug,497.8
56,Belgium,2021,Sep,419.1
56,Belgium,2021,Oct,574.9
56,Belgium,2021,Nov,395.2
56,Belgium,2021,Dec,389.5
56,Belgium,2022,Jan,339.0
56,Belgium,2022,Feb,371.4
56,Belgium,2022,Mar,478.8
56,Belgium,2022,Apr,714.1
56,Belgium,2022,May,768.8
56,Belgium,2022,Jun,783.7
56,Belgium,2022,Jul,933.2
56,Belgium,2022,Aug,980.6
56,Belgium,2022,Sep,748.1
56,Belgium,2022,Oct,808.2
56,Belgium,2022,Nov,604.6
56,Belgium,2022,Dec,689.7
56,Belgium,2023,Jan,500.3
56,Belgium,2023,Feb,556.4
56,Belgium,2023,Mar,653.1
56,Belgium,2023,Apr,887.3
56,Belgium,2023,May,900.8
56,Belgium,2023,Jun,859.5
56,Belgium,2023,Jul,973.8
56,Belgium,2023,Aug,981.8
56,Belgium,2023,Sep,822.0
56,Belgium,2023,Oct,814.9
56,Belgium,2023,Nov,606.8
56,Belgium,2023,Dec,722.9
56,Belgium,2024,Jan,508.3
56,Belgium,2024,Feb,587.1
56,Belgium,2024,Mar,753.3
56,Belgium,2024,Apr,810.3
56,Belgium,2024,May,960.6
56,Belgium,2024,Jun,855.7
56,Belgium,2024,Jul,1004.0
56,Belgium,2024,Aug,1059.0
56,Belgium,2024,Sep,801.3
56,Belgium,2024,Oct,849.9
56,Belgium,2024,Nov,686.5
56,Belgium,2024,Dec,762.1
56,Belgium,2025,Jan,526.1
56,Belgium,2025,Feb,617.0
56,Belgium,2025,Mar,688.2
56,Belgium,2025,Apr,967.5
56,Belgium,2025,May,948.2
56,Belgium,2025,Jun,975.1
56,Belgium,2025,Jul,1021.0
56,Belgium,2025,Aug,1084.0
84,Belize,2015,Feb,31.8
84,Belize,2015,Mar,39.1
84,Belize,2015,Apr,27.6
84,Belize,2015,May,24.7
84,Belize,2015,Jun,29.2
84,Belize,2015,Jul,31.0
84,Belize,2015,Aug,23.9
84,Belize,2015,Sep,14.3
84,Belize,2015,Oct,18.9
84,Belize,2015,Nov,29.9
84,Belize,2015,Dec,40.0
84,Belize,2016,Jan,38.3
84,Belize,2016,Feb,37.6
84,Belize,2016,Mar,43.1
84,Belize,2016,Apr,30.7
84,Belize,2016,May,29.7
84,Belize,2016,Jun,34.3
84,Belize,2016,Jul,36.2
84,Belize,2016,Aug,25.9
84,Belize,2016,Sep,18.1
84,Belize,2016,Oct,21.7
84,Belize,2016,Nov,29.5
84,Belize,2016,Dec,40.6
84,Belize,2017,Jan,38.5
84,Belize,2017,Feb,39.2
84,Belize,2017,Mar,44.5
84,Belize,2017,Apr,38.1
84,Belize,2017,May,32.1
84,Belize,2017,Jun,37.7
84,Belize,2017,Jul,38.6
84,Belize,2017,Aug,30.8
84,Belize,2017,Sep,19.5
84,Belize,2017,Oct,22.7
84,Belize,2017,Nov,36.2
84,Belize,2017,Dec,49.1
84,Belize,2018,Jan,48.7
84,Belize,2018,Feb,45.9
84,Belize,2018,Mar,54.3
84,Belize,2018,Apr,40.3
84,Belize,2018,May,35.7
84,Belize,2018,Jun,43.4
84,Belize,2018,Jul,46.3
84,Belize,2018,Aug,34.8
84,Belize,2018,Sep,21.5
84,Belize,2018,Oct,24.9
84,Belize,2018,Nov,38.8
84,Belize,2018,Dec,54.6
84,Belize,2019,Jan,50.6
84,Belize,2019,Feb,49.9
84,Belize,2019,Mar,57.9
84,Belize,2019,Apr,46.4
84,Belize,2019,May,36.7
84,Belize,2019,Jun,42.9
84,Belize,2019,Jul,45.2
84,Belize,2019,Aug,33.8
84,Belize,2019,Sep,19.6
84,Belize,2019,Oct,25.3
84,Belize,2019,Nov,39.0
84,Belize,2019,Dec,55.7
84,Belize,2020,Jan,48.6
84,Belize,2020,Feb,50.8
84,Belize,2020,Mar,24.0
84,Belize,2020,Apr,0.7
84,Belize,2020,May,0.5
84,Belize,2020,Jun,0.2
84,Belize,2020,Jul,0.6
84,Belize,2020,Aug,0.7
84,Belize,2020,Sep,0.8
84,Belize,2020,Oct,3.2
84,Belize,2020,Nov,4.9
84,Belize,2020,Dec,9.2
84,Belize,2021,Jan,6.9
84,Belize,2021,Feb,7.9
84,Belize,2021,Mar,15.4
84,Belize,2021,Apr,14.6
84,Belize,2021,May,20.8
84,Belize,2021,Jun,26.4
84,Belize,2021,Jul,27.7
84,Belize,2021,Aug,16.8
84,Belize,2021,Sep,11.7
84,Belize,2021,Oct,13.6
84,Belize,2021,Nov,22.8
84,Belize,2021,Dec,34.3
84,Belize,2022,Jan,25.7
84,Belize,2022,Feb,30.2
84,Belize,2022,Mar,41.9
84,Belize,2022,Apr,39.2
84,Belize,2022,May,33.0
84,Belize,2022,Jun,34.1
84,Belize,2022,Jul,37.1
84,Belize,2022,Aug,31.1
84,Belize,2022,Sep,17.8
84,Belize,2022,Oct,18.9
84,Belize,2022,Nov,25.6
84,Belize,2022,Dec,37.9
84,Belize,2023,Jan,42.4
84,Belize,2023,Feb,48.5
84,Belize,2023,Mar,52.4
84,Belize,2023,Apr,42.8
84,Belize,2023,May,32.9
84,Belize,2023,Jun,38.8
84,Belize,2023,Jul,43.1
84,Belize,2023,Aug,33.4
84,Belize,2023,Sep,19.8
84,Belize,2023,Oct,19.1
84,Belize,2023,Nov,35.8
84,Belize,2023,Dec,55.8
84,Belize,2024,Jan,55.7
84,Belize,2024,Feb,57.1
84,Belize,2024,Mar,66.8
84,Belize,2024,Apr,46.8
84,Belize,2024,May,44.3
84,Belize,2024,Jun,45.9
84,Belize,2024,Jul,43.3
84,Belize,2024,Aug,37.0
84,Belize,2024,Sep,22.8
84,Belize,2024,Oct,27.6
84,Belize,2024,Nov,43.0
84,Belize,2024,Dec,37.9
84,Belize,2025,Jan,59.6
84,Belize,2025,Feb,58.7
84,Belize,2025,Mar,64.7
84,Belize,2025,Apr,49.1
84,Belize,2025,May,41.1
84,Belize,2025,Jun,43.7
84,Belize,2025,Jul,47.4
84,Belize,2025,Aug,37.3
84,Belize,2025,Sep,20.8
60,Bermuda,2015,Feb,8.2
60,Bermuda,2015,Mar,14.0
60,Bermuda,2015,Apr,18.7
60,Bermuda,2015,May,24.5
60,Bermuda,2015,Jun,28.7
60,Bermuda,2015,Jul,30.8
60,Bermuda,2015,Aug,26.8
60,Bermuda,2015,Sep,18.9
60,Bermuda,2015,Oct,18.1
60,Bermuda,2015,Nov,13.2
60,Bermuda,2015,Dec,11.1
60,Bermuda,2016,Jan,6.7
60,Bermuda,2016,Feb,8.9
60,Bermuda,2016,Mar,16.3
60,Bermuda,2016,Apr,19.0
60,Bermuda,2016,May,25.5
60,Bermuda,2016,Jun,31.2
60,Bermuda,2016,Jul,33.4
60,Bermuda,2016,Aug,30.6
60,Bermuda,2016,Sep,22.9
60,Bermuda,2016,Oct,18.9
60,Bermuda,2016,Nov,17.3
60,Bermuda,2016,Dec,13.4
60,Bermuda,2017,Jan,9.1
60,Bermuda,2017,Feb,10.3
60,Bermuda,2017,Mar,17.3
60,Bermuda,2017,Apr,21.2
60,Bermuda,2017,May,29.8
60,Bermuda,2017,Jun,36.3
60,Bermuda,2017,Jul,35.2
60,Bermuda,2017,Aug,33.3
60,Bermuda,2017,Sep,21.8
60,Bermuda,2017,Oct,21.5
60,Bermuda,2017,Nov,19.1
60,Bermuda,2017,Dec,14.5
60,Bermuda,2018,Jan,8.7
60,Bermuda,2018,Feb,11.6
60,Bermuda,2018,Mar,20.0
60,Bermuda,2018,Apr,24.3
60,Bermuda,2018,May,31.2
60,Bermuda,2018,Jun,36.6
60,Bermuda,2018,Jul,37.5
60,Bermuda,2018,Aug,35.2
60,Bermuda,2018,Sep,22.2
60,Bermuda,2018,Oct,21.5
60,Bermuda,2018,Nov,18.2
60,Bermuda,2018,Dec,14.9
60,Bermuda,2019,Jan,8.9
60,Bermuda,2019,Feb,11.0
60,Bermuda,2019,Mar,18.4
60,Bermuda,2019,Apr,23.7
60,Bermuda,2019,May,31.1
60,Bermuda,2019,Jun,34.8
60,Bermuda,2019,Jul,36.8
60,Bermuda,2019,Aug,33.2
60,Bermuda,2019,Sep,19.2
60,Bermuda,2019,Oct,22.1
60,Bermuda,2019,Nov,15.9
60,Bermuda,2019,Dec,14.4
60,Bermuda,2020,Jan,8.4
60,Bermuda,2020,Feb,10.0
60,Bermuda,2020,Mar,5.5
60,Bermuda,2020,Apr,0.0
60,Bermuda,2020,May,0.0
60,Bermuda,2020,Jun,0.0
60,Bermuda,2020,Jul,1.7
60,Bermuda,2020,Aug,3.7
60,Bermuda,2020,Sep,3.0
60,Bermuda,2020,Oct,4.8
60,Bermuda,2020,Nov,2.7
60,Bermuda,2020,Dec,2.4
60,Bermuda,2021,Jan,0.9
60,Bermuda,2021,Feb,0.8
60,Bermuda,2021,Mar,1.8
60,Bermuda,2021,Apr,1.7
60,Bermuda,2021,May,5.1
60,Bermuda,2021,Jun,10.1
60,Bermuda,2021,Jul,14.7
60,Bermuda,2021,Aug,12.7
60,Bermuda,2021,Sep,8.1
60,Bermuda,2021,Oct,6.5
60,Bermuda,2021,Nov,5.4
60,Bermuda,2021,Dec,4.5
60,Bermuda,2022,Jan,1.6
60,Bermuda,2022,Feb,3.4
60,Bermuda,2022,Mar,7.3
60,Bermuda,2022,Apr,11.9
60,Bermuda,2022,May,17.0
60,Bermuda,2022,Jun,19.6
60,Bermuda,2022,Jul,21.0
60,Bermuda,2022,Aug,18.0
60,Bermuda,2022,Sep,13.2
60,Bermuda,2022,Oct,13.8
60,Bermuda,2022,Nov,10.2
60,Bermuda,2022,Dec,8.9
60,Bermuda,2023,Jan,5.4
60,Bermuda,2023,Feb,7.1
60,Bermuda,2023,Mar,12.1
60,Bermuda,2023,Apr,16.0
60,Bermuda,2023,May,22.1
60,Bermuda,2023,Jun,24.3
60,Bermuda,2023,Jul,25.5
60,Bermuda,2023,Aug,21.7
60,Bermuda,2023,Sep,14.3
60,Bermuda,2023,Oct,15.4
60,Bermuda,2023,Nov,12.0
60,Bermuda,2023,Dec,9.4
60,Bermuda,2024,Jan,5.9
60,Bermuda,2024,Feb,7.3
60,Bermuda,2024,Mar,12.6
60,Bermuda,2024,Apr,17.8
60,Bermuda,2024,May,24.0
60,Bermuda,2024,Jun,25.4
60,Bermuda,2024,Jul,27.5
60,Bermuda,2024,Aug,22.9
60,Bermuda,2024,Sep,16.5
60,Bermuda,2024,Oct,17.5
60,Bermuda,2024,Nov,13.8
60,Bermuda,2024,Dec,12.0
60,Bermuda,2025,Jan,6.8
60,Bermuda,2025,Feb,7.7
60,Bermuda,2025,Mar,13.2
60,Bermuda,2025,Apr,18.3
60,Bermuda,2025,May,22.9
60,Bermuda,2025,Jun,26.4
60,Bermuda,2025,Jul,27.1
60,Bermuda,2025,Aug,21.8
60,Bermuda,2025,Sep,15.2
64,Bhutan,2015,Feb,3.9
64,Bhutan,2015,Mar,6.2
64,Bhutan,2015,Apr,6.7
64,Bhutan,2015,May,3.0
64,Bhutan,2015,Jun,2.1
64,Bhutan,2015,Jul,1.6
64,Bhutan,2015,Aug,2.3
64,Bhutan,2015,Sep,4.9
64,Bhutan,2015,Oct,8.0
64,Bhutan,2015,Nov,5.2
64,Bhutan,2015,Dec,3.2
64,Bhutan,2016,Jan,1.3
64,Bhutan,2016,Feb,3.1
64,Bhutan,2016,Mar,5.8
64,Bhutan,2016,Apr,5.3
64,Bhutan,2016,May,3.4
64,Bhutan,2016,Jun,3.8
64,Bhutan,2016,Jul,3.5
64,Bhutan,2016,Aug,4.9
64,Bhutan,2016,Sep,4.4
64,Bhutan,2016,Oct,9.0
64,Bhutan,2016,Nov,5.9
64,Bhutan,2016,Dec,4.2
64,Bhutan,2017,Jan,2.2
64,Bhutan,2017,Feb,2.9
64,Bhutan,2017,Mar,4.9
64,Bhutan,2017,Apr,8.6
64,Bhutan,2017,May,4.1
64,Bhutan,2017,Jun,4.6
64,Bhutan,2017,Jul,3.0
64,Bhutan,2017,Aug,4.2
64,Bhutan,2017,Sep,5.4
64,Bhutan,2017,Oct,10.0
64,Bhutan,2017,Nov,5.8
64,Bhutan,2017,Dec,6.8
64,Bhutan,2018,Jan,2.1
64,Bhutan,2018,Feb,2.6
64,Bhutan,2018,Mar,5.0
64,Bhutan,2018,Apr,7.5
64,Bhutan,2018,May,6.9
64,Bhutan,2018,Jun,3.5
64,Bhutan,2018,Jul,2.8
64,Bhutan,2018,Aug,3.3
64,Bhutan,2018,Sep,4.4
64,Bhutan,2018,Oct,8.1
64,Bhutan,2018,Nov,10.6
64,Bhutan,2018,Dec,4.8
64,Bhutan,2019,Jan,3.8
64,Bhutan,2019,Feb,3.1
64,Bhutan,2019,Mar,5.4
64,Bhutan,2019,Apr,7.7
64,Bhutan,2019,May,6.9
64,Bhutan,2019,Jun,3.2
64,Bhutan,2019,Jul,2.4
64,Bhutan,2019,Aug,3.4
64,Bhutan,2019,Sep,3.2
64,Bhutan,2019,Oct,9.3
64,Bhutan,2019,Nov,9.2
64,Bhutan,2019,Dec,6.0
64,Bhutan,2022,Sep,1.1
64,Bhutan,2022,Oct,8.3
64,Bhutan,2022,Nov,5.4
64,Bhutan,2022,Dec,6.1
64,Bhutan,2023,Jan,2.7
64,Bhutan,2023,Feb,2.6
64,Bhutan,2023,Mar,7.4
64,Bhutan,2023,Apr,13.8
64,Bhutan,2023,May,16.6
64,Bhutan,2023,Jun,8.5
64,Bhutan,2023,Jul,3.0
64,Bhutan,2023,Aug,3.5
64,Bhutan,2023,Sep,9.6
64,Bhutan,2023,Oct,16.5
64,Bhutan,2023,Nov,9.2
64,Bhutan,2023,Dec,9.7
64,Bhutan,2024,Jan,4.4
64,Bhutan,2024,Feb,5.8
64,Bhutan,2024,Mar,14.8
64,Bhutan,2024,Apr,16.4
64,Bhutan,2024,May,23.5
64,Bhutan,2024,Jun,10.7
64,Bhutan,2024,Jul,2.6
64,Bhutan,2024,Aug,5.0
64,Bhutan,2024,Sep,12.4
64,Bhutan,2024,Oct,20.5
64,Bhutan,2024,Nov,16.0
64,Bhutan,2024,Dec,12.7
64,Bhutan,2025,Jan,4.8
64,Bhutan,2025,Feb,5.5
64,Bhutan,2025,Mar,17.1
64,Bhutan,2025,Apr,25.7
64,Bhutan,2025,May,28.5
64,Bhutan,2025,Jun,12.7
64,Bhutan,2025,Jul,4.5
64,Bhutan,2025,Aug,10.0
68,Bolivia,2015,Feb,95.8
68,Bolivia,2015,Mar,70.3
68,Bolivia,2015,Apr,61.7
68,Bolivia,2015,May,59.0
68,Bolivia,2015,Jun,59.1
68,Bolivia,2015,Jul,91.0
68,Bolivia,2015,Aug,77.8
68,Bolivia,2015,Sep,65.7
68,Bolivia,2015,Oct,62.5
68,Bolivia,2015,Nov,59.2
68,Bolivia,2015,Dec,72.3
68,Bolivia,2016,Jan,100.8
68,Bolivia,2016,Feb,90.1
68,Bolivia,2016,Mar,78.9
68,Bolivia,2016,Apr,63.7
68,Bolivia,2016,May,63.9
68,Bolivia,2016,Jun,61.9
68,Bolivia,2016,Jul,95.1
68,Bolivia,2016,Aug,97.6
68,Bolivia,2016,Sep,78.2
68,Bolivia,2016,Oct,76.6
68,Bolivia,2016,Nov,69.7
68,Bolivia,2016,Dec,84.4
68,Bolivia,2017,Jan,114.6
68,Bolivia,2017,Feb,104.2
68,Bolivia,2017,Mar,75.2
68,Bolivia,2017,Apr,74.1
68,Bolivia,2017,May,66.1
68,Bolivia,2017,Jun,64.5
68,Bolivia,2017,Jul,102.0
68,Bolivia,2017,Aug,96.6
68,Bolivia,2017,Sep,108.1
68,Bolivia,2017,Oct,104.0
68,Bolivia,2017,Nov,90.2
68,Bolivia,2017,Dec,109.1
68,Bolivia,2018,Jan,138.8
68,Bolivia,2018,Feb,120.4
68,Bolivia,2018,Mar,94.6
68,Bolivia,2018,Apr,82.9
68,Bolivia,2018,May,83.5
68,Bolivia,2018,Jun,73.8
68,Bolivia,2018,Jul,110.3
68,Bolivia,2018,Aug,98.5
68,Bolivia,2018,Sep,81.1
68,Bolivia,2018,Oct,80.5
68,Bolivia,2018,Nov,77.4
68,Bolivia,2018,Dec,100.0
68,Bolivia,2019,Jan,133.4
68,Bolivia,2019,Feb,117.4
68,Bolivia,2019,Mar,98.9
68,Bolivia,2019,Apr,91.7
68,Bolivia,2019,May,87.3
68,Bolivia,2019,Jun,97.1
68,Bolivia,2019,Jul,139.4
68,Bolivia,2019,Aug,127.3
68,Bolivia,2019,Sep,104.8
68,Bolivia,2019,Oct,90.0
68,Bolivia,2019,Nov,55.7
68,Bolivia,2019,Dec,96.1
68,Bolivia,2020,Jan,122.9
68,Bolivia,2020,Feb,123.0
68,Bolivia,2020,Mar,45.2
68,Bolivia,2020,Apr,1.0
68,Bolivia,2020,May,1.2
68,Bolivia,2020,Jun,1.1
68,Bolivia,2020,Jul,1.0
68,Bolivia,2020,Aug,1.2
68,Bolivia,2020,Sep,2.8
68,Bolivia,2020,Oct,6.3
68,Bolivia,2020,Nov,4.3
68,Bolivia,2020,Dec,13.3
68,Bolivia,2021,Jan,10.7
68,Bolivia,2021,Feb,9.3
68,Bolivia,2021,Mar,9.4
68,Bolivia,2021,Apr,7.3
68,Bolivia,2021,May,8.9
68,Bolivia,2021,Jun,9.9
68,Bolivia,2021,Jul,13.2
68,Bolivia,2021,Aug,14.3
68,Bolivia,2021,Sep,13.5
68,Bolivia,2021,Oct,15.2
68,Bolivia,2021,Nov,24.6
68,Bolivia,2021,Dec,30.6
68,Bolivia,2022,Jan,27.3
68,Bolivia,2022,Feb,31.3
68,Bolivia,2022,Mar,34.6
68,Bolivia,2022,Apr,38.4
68,Bolivia,2022,May,49.7
68,Bolivia,2022,Jun,53.6
68,Bolivia,2022,Jul,72.2
68,Bolivia,2022,Aug,65.0
68,Bolivia,2022,Sep,70.5
68,Bolivia,2022,Oct,74.8
68,Bolivia,2022,Nov,61.6
68,Bolivia,2022,Dec,88.5
68,Bolivia,2023,Jan,78.1
68,Bolivia,2023,Feb,73.0
68,Bolivia,2023,Mar,69.0
68,Bolivia,2023,Apr,74.2
68,Bolivia,2023,May,76.7
68,Bolivia,2023,Jun,75.1
68,Bolivia,2023,Jul,98.5
68,Bolivia,2023,Aug,93.3
68,Bolivia,2023,Sep,92.6
68,Bolivia,2023,Oct,88.3
68,Bolivia,2023,Nov,83.7
68,Bolivia,2023,Dec,106.7
68,Bolivia,2024,Jan,121.6
68,Bolivia,2024,Feb,102.5
68,Bolivia,2024,Mar,83.3
68,Bolivia,2024,Apr,64.1
68,Bolivia,2024,May,62.1
68,Bolivia,2024,Jun,64.7
68,Bolivia,2024,Jul,95.1
68,Bolivia,2024,Aug,90.1
68,Bolivia,2024,Sep,74.4
68,Bolivia,2024,Oct,74.1
68,Bolivia,2024,Nov,71.1
68,Bolivia,2024,Dec,88.1
68,Bolivia,2025,Jan,110.0
68,Bolivia,2025,Feb,111.7
68,Bolivia,2025,Mar,87.7
68,Bolivia,2025,Apr,80.4
68,Bolivia,2025,May,85.6
68,Bolivia,2025,Jun,85.7
68,Bolivia,2025,Jul,91.1
68,Bolivia,2025,Aug,93.5
70,Bosnia & Herzg.,2015,Feb,25.6
70,Bosnia & Herzg.,2015,Mar,35.9
70,Bosnia & Herzg.,2015,Apr,55.0
70,Bosnia & Herzg.,2015,May,81.7
70,Bosnia & Herzg.,2015,Jun,73.1
70,Bosnia & Herzg.,2015,Jul,77.4
70,Bosnia & Herzg.,2015,Aug,96.8
70,Bosnia & Herzg.,2015,Sep,80.5
70,Bosnia & Herzg.,2015,Oct,64.2
70,Bosnia & Herzg.,2015,Nov,32.6
70,Bosnia & Herzg.,2015,Dec,30.1
70,Bosnia & Herzg.,2016,Jan,27.8
70,Bosnia & Herzg.,2016,Feb,28.6
70,Bosnia & Herzg.,2016,Mar,41.9
70,Bosnia & Herzg.,2016,Apr,62.4
70,Bosnia & Herzg.,2016,May,94.1
70,Bosnia & Herzg.,2016,Jun,71.9
70,Bosnia & Herzg.,2016,Jul,100.5
70,Bosnia & Herzg.,2016,Aug,111.1
70,Bosnia & Herzg.,2016,Sep,91.9
70,Bosnia & Herzg.,2016,Oct,73.4
70,Bosnia & Herzg.,2016,Nov,37.0
70,Bosnia & Herzg.,2016,Dec,37.6
70,Bosnia & Herzg.,2017,Jan,33.4
70,Bosnia & Herzg.,2017,Feb,31.2
70,Bosnia & Herzg.,2017,Mar,45.6
70,Bosnia & Herzg.,2017,Apr,79.5
70,Bosnia & Herzg.,2017,May,96.0
70,Bosnia & Herzg.,2017,Jun,93.4
70,Bosnia & Herzg.,2017,Jul,128.9
70,Bosnia & Herzg.,2017,Aug,128.9
70,Bosnia & Herzg.,2017,Sep,106.8
70,Bosnia & Herzg.,2017,Oct,89.7
70,Bosnia & Herzg.,2017,Nov,43.9
70,Bosnia & Herzg.,2017,Dec,46.0
70,Bosnia & Herzg.,2018,Jan,39.4
70,Bosnia & Herzg.,2018,Feb,37.3
70,Bosnia & Herzg.,2018,Mar,55.2
70,Bosnia & Herzg.,2018,Apr,93.7
70,Bosnia & Herzg.,2018,May,109.4
70,Bosnia & Herzg.,2018,Jun,106.8
70,Bosnia & Herzg.,2018,Jul,136.7
70,Bosnia & Herzg.,2018,Aug,150.9
70,Bosnia & Herzg.,2018,Sep,118.8
70,Bosnia & Herzg.,2018,Oct,103.5
70,Bosnia & Herzg.,2018,Nov,52.3
70,Bosnia & Herzg.,2018,Dec,49.5
70,Bosnia & Herzg.,2019,Jan,41.0
70,Bosnia & Herzg.,2019,Feb,45.7
70,Bosnia & Herzg.,2019,Mar,61.5
70,Bosnia & Herzg.,2019,Apr,105.2
70,Bosnia & Herzg.,2019,May,117.1
70,Bosnia & Herzg.,2019,Jun,134.2
70,Bosnia & Herzg.,2019,Jul,156.6
70,Bosnia & Herzg.,2019,Aug,165.6
70,Bosnia & Herzg.,2019,Sep,129.0
70,Bosnia & Herzg.,2019,Oct,124.9
70,Bosnia & Herzg.,2019,Nov,60.5
70,Bosnia & Herzg.,2019,Dec,56.9
70,Bosnia & Herzg.,2020,Jan,50.9
70,Bosnia & Herzg.,2020,Feb,42.7
70,Bosnia & Herzg.,2020,Mar,15.1
70,Bosnia & Herzg.,2020,Apr,0.3
70,Bosnia & Herzg.,2020,May,0.5
70,Bosnia & Herzg.,2020,Jun,6.8
70,Bosnia & Herzg.,2020,Jul,9.4
70,Bosnia & Herzg.,2020,Aug,20.0
70,Bosnia & Herzg.,2020,Sep,15.1
70,Bosnia & Herzg.,2020,Oct,14.4
70,Bosnia & Herzg.,2020,Nov,9.6
70,Bosnia & Herzg.,2020,Dec,12.3
70,Bosnia & Herzg.,2021,Jan,15.6
70,Bosnia & Herzg.,2021,Feb,20.2
70,Bosnia & Herzg.,2021,Mar,16.6
70,Bosnia & Herzg.,2021,Apr,13.6
70,Bosnia & Herzg.,2021,May,26.8
70,Bosnia & Herzg.,2021,Jun,41.8
70,Bosnia & Herzg.,2021,Jul,80.6
70,Bosnia & Herzg.,2021,Aug,96.0
70,Bosnia & Herzg.,2021,Sep,59.9
70,Bosnia & Herzg.,2021,Oct,53.4
70,Bosnia & Herzg.,2021,Nov,34.7
70,Bosnia & Herzg.,2021,Dec,42.8
70,Bosnia & Herzg.,2022,Jan,42.3
70,Bosnia & Herzg.,2022,Feb,40.6
70,Bosnia & Herzg.,2022,Mar,43.4
70,Bosnia & Herzg.,2022,Apr,50.1
70,Bosnia & Herzg.,2022,May,85.0
70,Bosnia & Herzg.,2022,Jun,88.7
70,Bosnia & Herzg.,2022,Jul,121.7
70,Bosnia & Herzg.,2022,Aug,136.7
70,Bosnia & Herzg.,2022,Sep,103.3
70,Bosnia & Herzg.,2022,Oct,91.1
70,Bosnia & Herzg.,2022,Nov,55.4
70,Bosnia & Herzg.,2022,Dec,56.8
70,Bosnia & Herzg.,2023,Jan,53.5
70,Bosnia & Herzg.,2023,Feb,52.8
70,Bosnia & Herzg.,2023,Mar,61.6
70,Bosnia & Herzg.,2023,Apr,91.0
70,Bosnia & Herzg.,2023,May,114.3
70,Bosnia & Herzg.,2023,Jun,117.8
70,Bosnia & Herzg.,2023,Jul,160.3
70,Bosnia & Herzg.,2023,Aug,171.6
70,Bosnia & Herzg.,2023,Sep,135.2
70,Bosnia & Herzg.,2023,Oct,115.8
70,Bosnia & Herzg.,2023,Nov,64.0
70,Bosnia & Herzg.,2023,Dec,61.1
70,Bosnia & Herzg.,2024,Jan,53.8
70,Bosnia & Herzg.,2024,Feb,55.6
70,Bosnia & Herzg.,2024,Mar,63.5
70,Bosnia & Herzg.,2024,Apr,99.9
70,Bosnia & Herzg.,2024,May,133.7
70,Bosnia & Herzg.,2024,Jun,153.2
70,Bosnia & Herzg.,2024,Jul,190.0
70,Bosnia & Herzg.,2024,Aug,193.2
70,Bosnia & Herzg.,2024,Sep,156.4
70,Bosnia & Herzg.,2024,Oct,134.9
70,Bosnia & Herzg.,2024,Nov,78.2
70,Bosnia & Herzg.,2024,Dec,66.1
70,Bosnia & Herzg.,2025,Jan,62.9
70,Bosnia & Herzg.,2025,Feb,61.4
70,Bosnia & Herzg.,2025,Mar,66.5
70,Bosnia & Herzg.,2025,Apr,111.5
70,Bosnia & Herzg.,2025,May,142.8
70,Bosnia & Herzg.,2025,Jun,149.5
70,Bosnia & Herzg.,2025,Jul,178.8
70,Bosnia & Herzg.,2025,Aug,191.2
70,Bosnia & Herzg.,2025,Sep,153.8
72,Botswana,2019,Jan,246.0
72,Botswana,2019,Feb,165.2
72,Botswana,2019,Mar,194.6
72,Botswana,2019,Apr,286.2
72,Botswana,2019,May,240.1
72,Botswana,2019,Jun,286.7
72,Botswana,2019,Jul,289.8
72,Botswana,2019,Aug,304.9
72,Botswana,2019,Sep,269.3
72,Botswana,2019,Oct,248.5
72,Botswana,2019,Nov,262.9
72,Botswana,2019,Dec,316.7
72,Botswana,2020,Jan,194.0
72,Botswana,2020,Feb,184.4
72,Botswana,2020,Mar,139.1
72,Botswana,2020,Apr,10.3
72,Botswana,2020,May,15.0
72,Botswana,2020,Jun,18.6
72,Botswana,2020,Jul,20.5
72,Botswana,2020,Aug,20.2
72,Botswana,2020,Sep,21.2
72,Botswana,2020,Oct,23.7
72,Botswana,2020,Nov,22.8
72,Botswana,2020,Dec,46.6
72,Botswana,2021,Jan,34.0
72,Botswana,2021,Feb,31.2
72,Botswana,2021,Mar,48.0
72,Botswana,2021,Apr,50.6
72,Botswana,2021,May,58.5
72,Botswana,2021,Jun,52.9
72,Botswana,2021,Jul,49.4
72,Botswana,2021,Aug,57.9
72,Botswana,2021,Sep,63.2
72,Botswana,2021,Oct,74.7
72,Botswana,2021,Nov,77.7
72,Botswana,2021,Dec,77.2
72,Botswana,2022,Jan,51.8
72,Botswana,2022,Feb,46.0
72,Botswana,2022,Mar,60.5
72,Botswana,2022,Apr,83.7
72,Botswana,2022,May,81.2
72,Botswana,2022,Jun,84.1
72,Botswana,2022,Jul,79.6
72,Botswana,2022,Aug,88.3
72,Botswana,2022,Sep,86.4
72,Botswana,2022,Oct,82.5
72,Botswana,2022,Nov,77.8
72,Botswana,2022,Dec,110.7
72,Botswana,2023,Jan,77.3
72,Botswana,2023,Feb,66.2
72,Botswana,2023,Mar,83.7
72,Botswana,2023,Apr,102.9
72,Botswana,2023,May,96.2
72,Botswana,2023,Jun,101.1
72,Botswana,2023,Jul,108.7
72,Botswana,2023,Aug,116.6
72,Botswana,2023,Sep,109.4
72,Botswana,2023,Oct,101.6
72,Botswana,2023,Nov,92.6
72,Botswana,2023,Dec,126.5
72,Botswana,2024,Jan,92.3
72,Botswana,2024,Feb,74.0
72,Botswana,2024,Mar,101.8
76,Brazil,2015,Feb,719.5
76,Brazil,2015,Mar,619.9
76,Brazil,2015,Apr,414.1
76,Brazil,2015,May,372.8
76,Brazil,2015,Jun,350.2
76,Brazil,2015,Jul,454.6
76,Brazil,2015,Aug,366.3
76,Brazil,2015,Sep,243.3
76,Brazil,2015,Oct,491.5
76,Brazil,2015,Nov,574.0
76,Brazil,2015,Dec,784.6
76,Brazil,2016,Jan,1084.0
76,Brazil,2016,Feb,808.5
76,Brazil,2016,Mar,625.1
76,Brazil,2016,Apr,398.1
76,Brazil,2016,May,345.3
76,Brazil,2016,Jun,355.4
76,Brazil,2016,Jul,472.3
76,Brazil,2016,Aug,537.7
76,Brazil,2016,Sep,419.0
76,Brazil,2016,Oct,439.4
76,Brazil,2016,Nov,451.9
76,Brazil,2016,Dec,609.6
76,Brazil,2017,Jan,1108.0
76,Brazil,2017,Feb,863.3
76,Brazil,2017,Mar,563.7
76,Brazil,2017,Apr,462.8
76,Brazil,2017,May,349.8
76,Brazil,2017,Jun,319.9
76,Brazil,2017,Jul,477.1
76,Brazil,2017,Aug,410.1
76,Brazil,2017,Sep,419.2
76,Brazil,2017,Oct,440.1
76,Brazil,2017,Nov,494.5
76,Brazil,2017,Dec,680.7
76,Brazil,2018,Jan,1067.0
76,Brazil,2018,Feb,868.5
76,Brazil,2018,Mar,728.7
76,Brazil,2018,Apr,435.4
76,Brazil,2018,May,341.3
76,Brazil,2018,Jun,302.2
76,Brazil,2018,Jul,448.3
76,Brazil,2018,Aug,429.7
76,Brazil,2018,Sep,425.8
76,Brazil,2018,Oct,434.0
76,Brazil,2018,Nov,478.4
76,Brazil,2018,Dec,661.7
76,Brazil,2019,Jan,863.3
76,Brazil,2019,Feb,816.0
76,Brazil,2019,Mar,611.4
76,Brazil,2019,Apr,497.3
76,Brazil,2019,May,343.1
76,Brazil,2019,Jun,400.2
76,Brazil,2019,Jul,459.8
76,Brazil,2019,Aug,417.8
76,Brazil,2019,Sep,407.2
76,Brazil,2019,Oct,413.2
76,Brazil,2019,Nov,471.7
76,Brazil,2019,Dec,652.1
76,Brazil,2020,Jan,873.3
76,Brazil,2020,Feb,812.7
76,Brazil,2020,Mar,290.2
76,Brazil,2020,Apr,0.6
76,Brazil,2020,May,0.5
76,Brazil,2020,Jun,0.7
76,Brazil,2020,Jul,1.5
76,Brazil,2020,Aug,8.3
76,Brazil,2020,Sep,12.0
76,Brazil,2020,Oct,24.8
76,Brazil,2020,Nov,41.6
76,Brazil,2020,Dec,80.3
76,Brazil,2021,Jan,72.0
76,Brazil,2021,Feb,48.1
76,Brazil,2021,Mar,32.4
76,Brazil,2021,Apr,18.4
76,Brazil,2021,May,23.7
76,Brazil,2021,Jun,24.1
76,Brazil,2021,Jul,60.3
76,Brazil,2021,Aug,40.4
76,Brazil,2021,Sep,50.7
76,Brazil,2021,Oct,93.8
76,Brazil,2021,Nov,107.1
76,Brazil,2021,Dec,174.8
76,Brazil,2022,Jan,326.7
76,Brazil,2022,Feb,311.3
76,Brazil,2022,Mar,276.7
76,Brazil,2022,Apr,306.8
76,Brazil,2022,May,202.3
76,Brazil,2022,Jun,192.9
76,Brazil,2022,Jul,289.6
76,Brazil,2022,Aug,263.6
76,Brazil,2022,Sep,273.0
76,Brazil,2022,Oct,305.6
76,Brazil,2022,Nov,352.5
76,Brazil,2022,Dec,529.0
76,Brazil,2023,Jan,971.3
76,Brazil,2023,Feb,755.8
76,Brazil,2023,Mar,577.2
76,Brazil,2023,Apr,408.8
76,Brazil,2023,May,292.4
76,Brazil,2023,Jun,274.3
76,Brazil,2023,Jul,375.6
76,Brazil,2023,Aug,365.0
76,Brazil,2023,Sep,352.4
76,Brazil,2023,Oct,409.9
76,Brazil,2023,Nov,504.4
76,Brazil,2023,Dec,621.2
76,Brazil,2024,Jan,956.7
76,Brazil,2024,Feb,833.3
76,Brazil,2024,Mar,740.5
76,Brazil,2024,Apr,398.6
76,Brazil,2024,May,335.7
76,Brazil,2024,Jun,332.5
76,Brazil,2024,Jul,437.1
76,Brazil,2024,Aug,417.9
76,Brazil,2024,Sep,445.4
76,Brazil,2024,Oct,508.7
76,Brazil,2024,Nov,560.7
76,Brazil,2024,Dec,806.5
76,Brazil,2025,Jan,1484.0
76,Brazil,2025,Feb,1327.0
76,Brazil,2025,Mar,929.1
76,Brazil,2025,Apr,686.2
76,Brazil,2025,May,461.3
76,Brazil,2025,Jun,444.9
76,Brazil,2025,Jul,620.1
76,Brazil,2025,Aug,576.0
76,Brazil,2025,Sep,570.9
92,Brit. Virgin Islands,2015,Feb,40.8
92,Brit. Virgin Islands,2015,Mar,48.4
92,Brit. Virgin Islands,2015,Apr,36.9
92,Brit. Virgin Islands,2015,May,34.7
92,Brit. Virgin Islands,2015,Jun,32.6
92,Brit. Virgin Islands,2015,Jul,38.5
92,Brit. Virgin Islands,2015,Aug,21.0
92,Brit. Virgin Islands,2015,Sep,11.6
92,Brit. Virgin Islands,2015,Oct,19.1
92,Brit. Virgin Islands,2015,Nov,29.1
92,Brit. Virgin Islands,2015,Dec,41.9
92,Brit. Virgin Islands,2016,Jan,42.1
92,Brit. Virgin Islands,2016,Feb,41.2
92,Brit. Virgin Islands,2016,Mar,51.1
92,Brit. Virgin Islands,2016,Apr,36.7
92,Brit. Virgin Islands,2016,May,33.7
92,Brit. Virgin Islands,2016,Jun,35.3
92,Brit. Virgin Islands,2016,Jul,41.3
92,Brit. Virgin Islands,2016,Aug,22.1
92,Brit. Virgin Islands,2016,Sep,12.5
92,Brit. Virgin Islands,2016,Oct,20.1
92,Brit. Virgin Islands,2016,Nov,28.5
92,Brit. Virgin Islands,2016,Dec,43.1
92,Brit. Virgin Islands,2017,Jan,39.0
92,Brit. Virgin Islands,2017,Feb,41.4
92,Brit. Virgin Islands,2017,Mar,46.8
92,Brit. Virgin Islands,2017,Apr,43.9
92,Brit. Virgin Islands,2017,May,34.3
92,Brit. Virgin Islands,2017,Jun,37.9
92,Brit. Virgin Islands,2017,Jul,43.3
92,Brit. Virgin Islands,2017,Aug,32.6
92,Brit. Virgin Islands,2017,Sep,1.2
92,Brit. Virgin Islands,2017,Oct,1.9
92,Brit. Virgin Islands,2017,Nov,3.5
92,Brit. Virgin Islands,2017,Dec,8.8
92,Brit. Virgin Islands,2018,Jan,10.7
92,Brit. Virgin Islands,2018,Feb,12.9
92,Brit. Virgin Islands,2018,Mar,17.6
92,Brit. Virgin Islands,2018,Apr,15.7
92,Brit. Virgin Islands,2018,May,14.9
92,Brit. Virgin Islands,2018,Jun,17.4
92,Brit. Virgin Islands,2018,Jul,21.4
92,Brit. Virgin Islands,2018,Aug,16.3
92,Brit. Virgin Islands,2018,Sep,6.5
92,Brit. Virgin Islands,2018,Oct,10.7
92,Brit. Virgin Islands,2018,Nov,17.7
92,Brit. Virgin Islands,2018,Dec,30.5
92,Brit. Virgin Islands,2019,Jan,27.1
92,Brit. Virgin Islands,2019,Feb,26.9
92,Brit. Virgin Islands,2019,Mar,34.0
92,Brit. Virgin Islands,2019,Apr,29.9
92,Brit. Virgin Islands,2019,May,25.1
92,Brit. Virgin Islands,2019,Jun,29.9
92,Brit. Virgin Islands,2019,Jul,30.9
92,Brit. Virgin Islands,2019,Aug,20.5
92,Brit. Virgin Islands,2019,Sep,7.6
92,Brit. Virgin Islands,2019,Oct,13.3
92,Brit. Virgin Islands,2019,Nov,23.6
92,Brit. Virgin Islands,2019,Dec,33.8
92,Brit. Virgin Islands,2020,Jan,30.8
92,Brit. Virgin Islands,2020,Feb,34.5
92,Brit. Virgin Islands,2020,Mar,15.7
92,Brit. Virgin Islands,2020,Apr,0.0
92,Brit. Virgin Islands,2020,May,0.0
92,Brit. Virgin Islands,2020,Jun,0.0
92,Brit. Virgin Islands,2020,Jul,0.0
92,Brit. Virgin Islands,2020,Aug,0.0
92,Brit. Virgin Islands,2020,Sep,0.0
92,Brit. Virgin Islands,2020,Oct,0.0
92,Brit. Virgin Islands,2020,Nov,0.0
92,Brit. Virgin Islands,2020,Dec,1.7
92,Brit. Virgin Islands,2021,Jan,0.9
92,Brit. Virgin Islands,2021,Feb,0.6
92,Brit. Virgin Islands,2021,Mar,1.9
92,Brit. Virgin Islands,2021,Apr,2.4
92,Brit. Virgin Islands,2021,May,3.5
92,Brit. Virgin Islands,2021,Jun,7.3
92,Brit. Virgin Islands,2021,Jul,6.9
92,Brit. Virgin Islands,2021,Aug,2.2
92,Brit. Virgin Islands,2021,Sep,1.3
92,Brit. Virgin Islands,2021,Oct,5.5
92,Brit. Virgin Islands,2021,Nov,7.6
92,Brit. Virgin Islands,2021,Dec,15.6
92,Brit. Virgin Islands,2022,Jan,12.7
92,Brit. Virgin Islands,2022,Feb,14.4
92,Brit. Virgin Islands,2022,Mar,17.3
92,Brit. Virgin Islands,2022,Apr,18.5
92,Brit. Virgin Islands,2022,May,14.6
92,Brit. Virgin Islands,2022,Jun,15.7
92,Brit. Virgin Islands,2022,Jul,20.1
92,Brit. Virgin Islands,2022,Aug,8.1
92,Brit. Virgin Islands,2022,Sep,4.4
92,Brit. Virgin Islands,2022,Oct,8.4
92,Brit. Virgin Islands,2022,Nov,17.0
92,Brit. Virgin Islands,2022,Dec,22.1
92,Brit. Virgin Islands,2023,Jan,24.6
92,Brit. Virgin Islands,2023,Feb,25.5
92,Brit. Virgin Islands,2023,Mar,30.0
92,Brit. Virgin Islands,2023,Apr,27.0
92,Brit. Virgin Islands,2023,May,23.2
92,Brit. Virgin Islands,2023,Jun,24.7
92,Brit. Virgin Islands,2023,Jul,28.4
92,Brit. Virgin Islands,2023,Aug,13.1
92,Brit. Virgin Islands,2023,Sep,5.6
92,Brit. Virgin Islands,2023,Oct,11.2
92,Brit. Virgin Islands,2023,Nov,21.3
92,Brit. Virgin Islands,2023,Dec,27.4
92,Brit. Virgin Islands,2024,Jan,31.1
92,Brit. Virgin Islands,2024,Feb,30.5
92,Brit. Virgin Islands,2024,Mar,38.7
92,Brit. Virgin Islands,2024,Apr,28.7
92,Brit. Virgin Islands,2024,May,26.9
92,Brit. Virgin Islands,2024,Jun,29.4
92,Brit. Virgin Islands,2024,Jul,29.3
92,Brit. Virgin Islands,2024,Aug,12.9
92,Brit. Virgin Islands,2024,Sep,5.7
92,Brit. Virgin Islands,2024,Oct,12.7
92,Brit. Virgin Islands,2024,Nov,24.9
92,Brit. Virgin Islands,2024,Dec,35.1
92,Brit. Virgin Islands,2025,Jan,33.5
92,Brit. Virgin Islands,2025,Feb,32.6
92,Brit. Virgin Islands,2025,Mar,40.5
92,Brit. Virgin Islands,2025,Apr,32.7
92,Brit. Virgin Islands,2025,May,23.7
92,Brit. Virgin Islands,2025,Jun,28.2
92,Brit. Virgin Islands,2025,Jul,30.3
96,Brunei,2015,Feb,21.4
96,Brunei,2015,Mar,19.7
96,Brunei,2015,Apr,18.8
96,Brunei,2015,May,20.2
96,Brunei,2015,Jun,16.6
96,Brunei,2015,Jul,17.9
96,Brunei,2015,Aug,17.9
96,Brunei,2015,Sep,16.4
96,Brunei,2015,Oct,16.8
96,Brunei,2015,Nov,18.1
96,Brunei,2015,Dec,17.5
96,Brunei,2016,Jan,18.5
96,Brunei,2016,Feb,20.4
96,Brunei,2016,Mar,17.6
96,Brunei,2016,Apr,19.3
96,Brunei,2016,May,17.3
96,Brunei,2016,Jun,15.6
96,Brunei,2016,Jul,18.9
96,Brunei,2016,Aug,19.0
96,Brunei,2016,Sep,17.2
96,Brunei,2016,Oct,17.3
96,Brunei,2016,Nov,18.4
96,Brunei,2016,Dec,19.2
96,Brunei,2017,Jan,25.6
96,Brunei,2017,Feb,21.2
96,Brunei,2017,Mar,21.2
96,Brunei,2017,Apr,23.9
96,Brunei,2017,May,22.7
96,Brunei,2017,Jun,19.1
96,Brunei,2017,Jul,21.3
96,Brunei,2017,Aug,21.0
96,Brunei,2017,Sep,20.3
96,Brunei,2017,Oct,21.1
96,Brunei,2017,Nov,20.7
96,Brunei,2017,Dec,20.8
96,Brunei,2018,Jan,21.7
96,Brunei,2018,Feb,24.2
96,Brunei,2018,Mar,24.7
96,Brunei,2018,Apr,26.2
96,Brunei,2018,May,20.3
96,Brunei,2018,Jun,21.8
96,Brunei,2018,Jul,22.9
96,Brunei,2018,Aug,21.8
96,Brunei,2018,Sep,21.5
96,Brunei,2018,Oct,23.2
96,Brunei,2018,Nov,24.7
96,Brunei,2018,Dec,25.1
96,Brunei,2019,Jan,27.8
96,Brunei,2019,Feb,27.1
96,Brunei,2019,Mar,26.2
96,Brunei,2019,Apr,29.7
96,Brunei,2019,May,19.8
96,Brunei,2019,Jun,29.7
96,Brunei,2019,Jul,24.2
96,Brunei,2019,Aug,28.5
96,Brunei,2019,Sep,25.3
96,Brunei,2019,Oct,29.1
96,Brunei,2019,Nov,32.5
96,Brunei,2019,Dec,33.4
96,Brunei,2020,Jan,34.1
96,Brunei,2020,Feb,18.8
96,Brunei,2020,Mar,7.7
96,Brunei,2020,Apr,0.0
96,Brunei,2020,May,0.0
96,Brunei,2020,Jun,0.2
96,Brunei,2020,Jul,0.1
96,Brunei,2020,Aug,0.2
96,Brunei,2020,Sep,0.3
96,Brunei,2020,Oct,0.1
96,Brunei,2020,Nov,0.4
96,Brunei,2020,Dec,0.5
96,Brunei,2021,Jan,0.4
96,Brunei,2021,Feb,0.3
96,Brunei,2021,Mar,0.3
96,Brunei,2021,Apr,0.3
96,Brunei,2021,May,0.2
96,Brunei,2021,Jun,0.3
96,Brunei,2021,Jul,0.4
96,Brunei,2021,Aug,0.3
96,Brunei,2021,Sep,0.2
96,Brunei,2021,Oct,0.3
96,Brunei,2021,Nov,0.2
96,Brunei,2021,Dec,0.4
96,Brunei,2022,Jan,0.5
96,Brunei,2022,Feb,0.5
96,Brunei,2022,Mar,0.5
96,Brunei,2022,Apr,0.9
96,Brunei,2022,May,2.0
96,Brunei,2022,Jun,2.4
96,Brunei,2022,Jul,2.3
96,Brunei,2022,Aug,4.4
96,Brunei,2022,Sep,4.9
96,Brunei,2022,Oct,5.4
96,Brunei,2022,Nov,5.6
96,Brunei,2022,Dec,6.3
96,Brunei,2023,Jan,10.0
96,Brunei,2023,Feb,9.4
96,Brunei,2023,Mar,9.1
96,Brunei,2023,Apr,8.3
96,Brunei,2023,May,8.4
96,Brunei,2023,Jun,9.7
96,Brunei,2023,Jul,8.9
96,Brunei,2023,Aug,9.2
96,Brunei,2023,Sep,9.1
96,Brunei,2023,Oct,18.8
96,Brunei,2023,Nov,19.2
96,Brunei,2023,Dec,13.6
96,Brunei,2024,Jan,16.0
96,Brunei,2024,Feb,19.7
96,Brunei,2024,Mar,19.1
96,Brunei,2024,Apr,20.5
96,Brunei,2024,May,22.8
96,Brunei,2024,Jun,23.9
96,Brunei,2024,Jul,24.2
96,Brunei,2024,Aug,25.9
96,Brunei,2024,Sep,28.0
96,Brunei,2024,Oct,20.8
96,Brunei,2024,Nov,24.2
96,Brunei,2024,Dec,23.2
100,Bulgaria,2015,Feb,329.8
100,Bulgaria,2015,Mar,370.5
100,Bulgaria,2015,Apr,502.2
100,Bulgaria,2015,May,714.7
100,Bulgaria,2015,Jun,1134.0
100,Bulgaria,2015,Jul,1632.0
100,Bulgaria,2015,Aug,1730.0
100,Bulgaria,2015,Sep,1056.0
100,Bulgaria,2015,Oct,577.0
100,Bulgaria,2015,Nov,436.8
100,Bulgaria,2015,Dec,441.3
100,Bulgaria,2016,Jan,410.1
100,Bulgaria,2016,Feb,361.9
100,Bulgaria,2016,Mar,395.0
100,Bulgaria,2016,Apr,558.1
100,Bulgaria,2016,May,808.3
100,Bulgaria,2016,Jun,1355.0
100,Bulgaria,2016,Jul,1872.0
100,Bulgaria,2016,Aug,1918.0
100,Bulgaria,2016,Sep,1192.0
100,Bulgaria,2016,Oct,678.6
100,Bulgaria,2016,Nov,524.1
100,Bulgaria,2016,Dec,531.1
100,Bulgaria,2017,Jan,454.6
100,Bulgaria,2017,Feb,435.9
100,Bulgaria,2017,Mar,474.5
100,Bulgaria,2017,Apr,633.7
100,Bulgaria,2017,May,866.3
100,Bulgaria,2017,Jun,1449.0
100,Bulgaria,2017,Jul,2022.0
100,Bulgaria,2017,Aug,2125.0
100,Bulgaria,2017,Sep,1271.0
100,Bulgaria,2017,Oct,712.6
100,Bulgaria,2017,Nov,556.1
100,Bulgaria,2017,Dec,596.1
100,Bulgaria,2018,Jan,437.5
100,Bulgaria,2018,Feb,356.0
100,Bulgaria,2018,Mar,402.9
100,Bulgaria,2018,Apr,526.0
100,Bulgaria,2018,May,714.0
100,Bulgaria,2018,Jun,1208.0
100,Bulgaria,2018,Jul,1621.0
100,Bulgaria,2018,Aug,1654.0
100,Bulgaria,2018,Sep,984.2
100,Bulgaria,2018,Oct,519.6
100,Bulgaria,2018,Nov,410.9
100,Bulgaria,2018,Dec,438.8
100,Bulgaria,2019,Jan,423.2
100,Bulgaria,2019,Feb,360.7
100,Bulgaria,2019,Mar,408.7
100,Bulgaria,2019,Apr,558.5
100,Bulgaria,2019,May,692.1
100,Bulgaria,2019,Jun,1190.0
100,Bulgaria,2019,Jul,1541.0
100,Bulgaria,2019,Aug,1708.0
100,Bulgaria,2019,Sep,963.3
100,Bulgaria,2019,Oct,546.0
100,Bulgaria,2019,Nov,442.2
100,Bulgaria,2019,Dec,479.3
100,Bulgaria,2020,Jan,479.0
100,Bulgaria,2020,Feb,380.3
100,Bulgaria,2020,Mar,204.3
100,Bulgaria,2020,Apr,30.1
100,Bulgaria,2020,May,56.8
100,Bulgaria,2020,Jun,113.9
100,Bulgaria,2020,Jul,310.0
100,Bulgaria,2020,Aug,370.7
100,Bulgaria,2020,Sep,309.1
100,Bulgaria,2020,Oct,196.5
100,Bulgaria,2020,Nov,124.2
100,Bulgaria,2020,Dec,112.8
100,Bulgaria,2021,Jan,120.6
100,Bulgaria,2021,Feb,109.4
100,Bulgaria,2021,Mar,120.5
100,Bulgaria,2021,Apr,108.1
100,Bulgaria,2021,May,151.3
100,Bulgaria,2021,Jun,348.1
100,Bulgaria,2021,Jul,751.6
100,Bulgaria,2021,Aug,911.5
100,Bulgaria,2021,Sep,421.0
100,Bulgaria,2021,Oct,265.2
100,Bulgaria,2021,Nov,197.3
100,Bulgaria,2021,Dec,217.4
100,Bulgaria,2022,Jan,226.7
100,Bulgaria,2022,Feb,249.1
100,Bulgaria,2022,Mar,338.2
100,Bulgaria,2022,Apr,368.8
100,Bulgaria,2022,May,502.7
100,Bulgaria,2022,Jun,737.3
100,Bulgaria,2022,Jul,995.0
100,Bulgaria,2022,Aug,1190.0
100,Bulgaria,2022,Sep,713.5
100,Bulgaria,2022,Oct,519.4
100,Bulgaria,2022,Nov,420.7
100,Bulgaria,2022,Dec,474.3
100,Bulgaria,2023,Jan,459.5
100,Bulgaria,2023,Feb,395.7
100,Bulgaria,2023,Mar,470.7
100,Bulgaria,2023,Apr,496.5
100,Bulgaria,2023,May,590.4
100,Bulgaria,2023,Jun,961.9
100,Bulgaria,2023,Jul,1178.0
100,Bulgaria,2023,Aug,1262.0
100,Bulgaria,2023,Sep,797.5
100,Bulgaria,2023,Oct,575.4
100,Bulgaria,2023,Nov,431.8
100,Bulgaria,2023,Dec,498.9
100,Bulgaria,2024,Jan,499.4
100,Bulgaria,2024,Feb,478.9
100,Bulgaria,2024,Mar,504.7
100,Bulgaria,2024,Apr,510.7
100,Bulgaria,2024,May,641.4
100,Bulgaria,2024,Jun,1016.0
100,Bulgaria,2024,Jul,1222.0
100,Bulgaria,2024,Aug,1317.0
100,Bulgaria,2024,Sep,844.7
100,Bulgaria,2024,Oct,605.6
100,Bulgaria,2024,Nov,442.5
100,Bulgaria,2024,Dec,537.4
100,Bulgaria,2025,Jan,528.9
100,Bulgaria,2025,Feb,507.3
100,Bulgaria,2025,Mar,518.8
100,Bulgaria,2025,Apr,550.9
100,Bulgaria,2025,May,698.7
100,Bulgaria,2025,Jun,978.6
100,Bulgaria,2025,Jul,1274.0
100,Bulgaria,2025,Aug,1425.0
100,Bulgaria,2025,Sep,893.4
116,Cambodia,2015,Feb,430.2
116,Cambodia,2015,Mar,417.1
116,Cambodia,2015,Apr,361.1
116,Cambodia,2015,May,314.7
116,Cambodia,2015,Jun,318.3
116,Cambodia,2015,Jul,364.3
116,Cambodia,2015,Aug,366.1
116,Cambodia,2015,Sep,314.5
116,Cambodia,2015,Oct,408.9
116,Cambodia,2015,Nov,444.6
116,Cambodia,2015,Dec,574.8
116,Cambodia,2016,Jan,466.1
116,Cambodia,2016,Feb,448.5
116,Cambodia,2016,Mar,427.9
116,Cambodia,2016,Apr,367.7
116,Cambodia,2016,May,320.6
116,Cambodia,2016,Jun,330.2
116,Cambodia,2016,Jul,395.8
116,Cambodia,2016,Aug,406.2
116,Cambodia,2016,Sep,345.5
116,Cambodia,2016,Oct,414.1
116,Cambodia,2016,Nov,477.7
116,Cambodia,2016,Dec,611.5
116,Cambodia,2017,Jan,532.2
116,Cambodia,2017,Feb,493.3
116,Cambodia,2017,Mar,477.4
116,Cambodia,2017,Apr,412.9
116,Cambodia,2017,May,368.8
116,Cambodia,2017,Jun,378.0
116,Cambodia,2017,Jul,446.6
116,Cambodia,2017,Aug,427.2
116,Cambodia,2017,Sep,376.2
116,Cambodia,2017,Oct,417.0
116,Cambodia,2017,Nov,570.5
116,Cambodia,2017,Dec,701.9
116,Cambodia,2018,Jan,596.2
116,Cambodia,2018,Feb,542.9
116,Cambodia,2018,Mar,572.1
116,Cambodia,2018,Apr,463.4
116,Cambodia,2018,May,419.2
116,Cambodia,2018,Jun,407.8
116,Cambodia,2018,Jul,454.1
116,Cambodia,2018,Aug,494.0
116,Cambodia,2018,Sep,426.3
116,Cambodia,2018,Oct,453.4
116,Cambodia,2018,Nov,616.5
116,Cambodia,2018,Dec,755.1
116,Cambodia,2019,Jan,647.2
116,Cambodia,2019,Feb,597.5
116,Cambodia,2019,Mar,633.2
116,Cambodia,2019,Apr,537.7
116,Cambodia,2019,May,473.0
116,Cambodia,2019,Jun,450.0
116,Cambodia,2019,Jul,502.4
116,Cambodia,2019,Aug,519.5
116,Cambodia,2019,Sep,453.9
116,Cambodia,2019,Oct,481.8
116,Cambodia,2019,Nov,602.0
116,Cambodia,2019,Dec,712.5
116,Cambodia,2020,Jan,548.0
116,Cambodia,2020,Feb,383.9
116,Cambodia,2020,Mar,223.4
116,Cambodia,2020,Apr,4.8
116,Cambodia,2020,May,10.5
116,Cambodia,2020,Jun,12.3
116,Cambodia,2020,Jul,20.7
116,Cambodia,2020,Aug,23.0
116,Cambodia,2020,Sep,21.1
116,Cambodia,2020,Oct,20.2
116,Cambodia,2020,Nov,18.2
116,Cambodia,2020,Dec,20.1
116,Cambodia,2021,Jan,20.6
116,Cambodia,2021,Feb,20.6
116,Cambodia,2021,Mar,29.8
116,Cambodia,2021,Apr,11.9
116,Cambodia,2021,May,8.8
116,Cambodia,2021,Jun,11.0
116,Cambodia,2021,Jul,10.0
116,Cambodia,2021,Aug,9.2
116,Cambodia,2021,Sep,10.0
116,Cambodia,2021,Oct,12.8
116,Cambodia,2021,Nov,18.9
116,Cambodia,2021,Dec,33.1
116,Cambodia,2022,Jan,44.9
116,Cambodia,2022,Feb,50.4
116,Cambodia,2022,Mar,64.2
116,Cambodia,2022,Apr,81.9
116,Cambodia,2022,May,102.0
116,Cambodia,2022,Jun,163.3
116,Cambodia,2022,Jul,236.7
116,Cambodia,2022,Aug,254.8
116,Cambodia,2022,Sep,267.5
116,Cambodia,2022,Oct,310.2
116,Cambodia,2022,Nov,338.1
116,Cambodia,2022,Dec,362.6
116,Cambodia,2023,Jan,402.9
116,Cambodia,2023,Feb,434.5
116,Cambodia,2023,Mar,454.1
116,Cambodia,2023,Apr,430.1
116,Cambodia,2023,May,442.1
116,Cambodia,2023,Jun,416.2
116,Cambodia,2023,Jul,457.4
116,Cambodia,2023,Aug,464.6
116,Cambodia,2023,Sep,424.9
116,Cambodia,2023,Oct,480.3
116,Cambodia,2023,Nov,510.2
116,Cambodia,2023,Dec,535.8
116,Cambodia,2024,Jan,540.0
116,Cambodia,2024,Feb,448.6
116,Cambodia,2024,Mar,594.1
116,Cambodia,2024,Apr,533.9
116,Cambodia,2024,May,524.4
116,Cambodia,2024,Jun,525.5
116,Cambodia,2024,Jul,575.7
116,Cambodia,2024,Aug,548.8
116,Cambodia,2024,Sep,509.5
116,Cambodia,2024,Oct,574.2
116,Cambodia,2024,Nov,626.3
116,Cambodia,2024,Dec,699.1
116,Cambodia,2025,Jan,611.9
116,Cambodia,2025,Feb,652.1
116,Cambodia,2025,Mar,574.2
116,Cambodia,2025,Apr,565.2
116,Cambodia,2025,May,547.4
116,Cambodia,2025,Jun,413.6
116,Cambodia,2025,Jul,347.5
116,Cambodia,2025,Aug,338.4
116,Cambodia,2025,Sep,327.2
124,Canada,2015,Feb,756.6
124,Canada,2015,Mar,853.6
124,Canada,2015,Apr,1031.0
124,Canada,2015,May,1581.0
124,Canada,2015,Jun,2248.0
124,Canada,2015,Jul,2881.0
124,Canada,2015,Aug,2625.0
124,Canada,2015,Sep,1892.0
124,Canada,2015,Oct,1322.0
124,Canada,2015,Nov,868.8
124,Canada,2015,Dec,1204.0
124,Canada,2016,Jan,796.7
124,Canada,2016,Feb,894.1
124,Canada,2016,Mar,1058.0
124,Canada,2016,Apr,1139.0
124,Canada,2016,May,1674.0
124,Canada,2016,Jun,2395.0
124,Canada,2016,Jul,3256.0
124,Canada,2016,Aug,2827.0
124,Canada,2016,Sep,2129.0
124,Canada,2016,Oct,1486.0
124,Canada,2016,Nov,978.4
124,Canada,2016,Dec,1338.0
124,Canada,2017,Jan,875.7
124,Canada,2017,Feb,912.7
124,Canada,2017,Mar,1046.0
124,Canada,2017,Apr,1314.0
124,Canada,2017,May,1709.0
124,Canada,2017,Jun,2590.0
124,Canada,2017,Jul,3253.0
124,Canada,2017,Aug,2962.0
124,Canada,2017,Sep,2205.0
124,Canada,2017,Oct,1581.0
124,Canada,2017,Nov,1060.0
124,Canada,2017,Dec,1375.0
124,Canada,2018,Jan,886.0
124,Canada,2018,Feb,980.5
124,Canada,2018,Mar,1188.0
124,Canada,2018,Apr,1145.0
124,Canada,2018,May,1774.0
124,Canada,2018,Jun,2706.0
124,Canada,2018,Jul,3210.0
124,Canada,2018,Aug,3090.0
124,Canada,2018,Sep,2128.0
124,Canada,2018,Oct,1552.0
124,Canada,2018,Nov,1073.0
124,Canada,2018,Dec,1403.0
124,Canada,2019,Jan,920.8
124,Canada,2019,Feb,965.5
124,Canada,2019,Mar,1129.0
124,Canada,2019,Apr,1360.0
124,Canada,2019,May,1913.0
124,Canada,2019,Jun,2747.0
124,Canada,2019,Jul,3388.0
124,Canada,2019,Aug,3328.0
124,Canada,2019,Sep,2201.0
124,Canada,2019,Oct,1641.0
124,Canada,2019,Nov,1092.0
124,Canada,2019,Dec,1460.0
124,Canada,2020,Jan,972.5
124,Canada,2020,Feb,1003.0
124,Canada,2020,Mar,449.5
124,Canada,2020,Apr,23.6
124,Canada,2020,May,28.0
124,Canada,2020,Jun,50.6
124,Canada,2020,Jul,67.8
124,Canada,2020,Aug,81.6
124,Canada,2020,Sep,70.6
124,Canada,2020,Oct,63.0
124,Canada,2020,Nov,62.0
124,Canada,2020,Dec,87.4
124,Canada,2021,Jan,60.0
124,Canada,2021,Feb,44.7
124,Canada,2021,Mar,51.2
124,Canada,2021,Apr,60.5
124,Canada,2021,May,61.7
124,Canada,2021,Jun,78.4
124,Canada,2021,Jul,171.0
124,Canada,2021,Aug,464.1
124,Canada,2021,Sep,527.4
124,Canada,2021,Oct,501.1
124,Canada,2021,Nov,422.2
124,Canada,2021,Dec,620.0
124,Canada,2022,Jan,212.2
124,Canada,2022,Feb,318.5
124,Canada,2022,Mar,473.2
124,Canada,2022,Apr,720.2
124,Canada,2022,May,999.6
124,Canada,2022,Jun,1586.0
124,Canada,2022,Jul,2067.0
124,Canada,2022,Aug,1819.0
124,Canada,2022,Sep,1444.0
124,Canada,2022,Oct,1187.0
124,Canada,2022,Nov,839.1
124,Canada,2022,Dec,1158.0
124,Canada,2023,Jan,707.0
124,Canada,2023,Feb,820.4
124,Canada,2023,Mar,945.2
124,Canada,2023,Apr,1134.0
124,Canada,2023,May,1548.0
124,Canada,2023,Jun,2268.0
124,Canada,2023,Jul,2755.0
124,Canada,2023,Aug,2431.0
124,Canada,2023,Sep,1886.0
124,Canada,2023,Oct,1455.0
124,Canada,2023,Nov,995.3
124,Canada,2023,Dec,1398.0
124,Canada,2024,Jan,770.9
124,Canada,2024,Feb,979.0
124,Canada,2024,Mar,1133.0
124,Canada,2024,Apr,1265.0
124,Canada,2024,May,1736.0
124,Canada,2024,Jun,2433.0
124,Canada,2024,Jul,2922.0
124,Canada,2024,Aug,2699.0
124,Canada,2024,Sep,1838.0
124,Canada,2024,Oct,1519.0
124,Canada,2024,Nov,1122.0
124,Canada,2024,Dec,1497.0
124,Canada,2025,Jan,906.7
124,Canada,2025,Feb,945.5
124,Canada,2025,Mar,1058.0
124,Canada,2025,Apr,1241.0
124,Canada,2025,May,1668.0
124,Canada,2025,Jun,2403.0
124,Canada,2025,Jul,2930.0
124,Canada,2025,Aug,2660.0
124,Canada,2025,Sep,1864.0
136,Cayman Islands,2015,Feb,35.8
136,Cayman Islands,2015,Mar,45.5
136,Cayman Islands,2015,Apr,36.0
136,Cayman Islands,2015,May,29.3
136,Cayman Islands,2015,Jun,32.6
136,Cayman Islands,2015,Jul,37.8
136,Cayman Islands,2015,Aug,29.0
136,Cayman Islands,2015,Sep,15.2
136,Cayman Islands,2015,Oct,20.2
136,Cayman Islands,2015,Nov,29.8
136,Cayman Islands,2015,Dec,39.9
136,Cayman Islands,2016,Jan,32.8
136,Cayman Islands,2016,Feb,34.8
136,Cayman Islands,2016,Mar,45.2
136,Cayman Islands,2016,Apr,34.6
136,Cayman Islands,2016,May,28.8
136,Cayman Islands,2016,Jun,34.3
136,Cayman Islands,2016,Jul,42.7
136,Cayman Islands,2016,Aug,28.6
136,Cayman Islands,2016,Sep,14.7
136,Cayman Islands,2016,Oct,19.5
136,Cayman Islands,2016,Nov,29.2
136,Cayman Islands,2016,Dec,40.3
136,Cayman Islands,2017,Jan,31.6
136,Cayman Islands,2017,Feb,35.5
136,Cayman Islands,2017,Mar,44.1
136,Cayman Islands,2017,Apr,38.9
136,Cayman Islands,2017,May,29.3
136,Cayman Islands,2017,Jun,38.7
136,Cayman Islands,2017,Jul,45.6
136,Cayman Islands,2017,Aug,31.4
136,Cayman Islands,2017,Sep,16.8
136,Cayman Islands,2017,Oct,22.3
136,Cayman Islands,2017,Nov,35.0
136,Cayman Islands,2017,Dec,49.0
136,Cayman Islands,2018,Jan,39.2
136,Cayman Islands,2018,Feb,40.0
136,Cayman Islands,2018,Mar,55.0
136,Cayman Islands,2018,Apr,39.1
136,Cayman Islands,2018,May,35.9
136,Cayman Islands,2018,Jun,43.8
136,Cayman Islands,2018,Jul,47.1
136,Cayman Islands,2018,Aug,34.0
136,Cayman Islands,2018,Sep,16.3
136,Cayman Islands,2018,Oct,22.5
136,Cayman Islands,2018,Nov,38.2
136,Cayman Islands,2018,Dec,52.0
136,Cayman Islands,2019,Jan,41.4
136,Cayman Islands,2019,Feb,44.9
136,Cayman Islands,2019,Mar,59.6
136,Cayman Islands,2019,Apr,46.1
136,Cayman Islands,2019,May,40.6
136,Cayman Islands,2019,Jun,48.2
136,Cayman Islands,2019,Jul,51.6
136,Cayman Islands,2019,Aug,37.4
136,Cayman Islands,2019,Sep,16.6
136,Cayman Islands,2019,Oct,23.8
136,Cayman Islands,2019,Nov,38.5
136,Cayman Islands,2019,Dec,54.2
136,Cayman Islands,2020,Jan,42.9
136,Cayman Islands,2020,Feb,50.7
136,Cayman Islands,2020,Mar,24.8
136,Cayman Islands,2020,Apr,0.1
136,Cayman Islands,2020,May,0.2
136,Cayman Islands,2020,Jun,0.2
136,Cayman Islands,2020,Jul,0.2
136,Cayman Islands,2020,Aug,0.2
136,Cayman Islands,2020,Sep,0.3
136,Cayman Islands,2020,Oct,0.5
136,Cayman Islands,2020,Nov,0.7
136,Cayman Islands,2020,Dec,1.0
136,Cayman Islands,2021,Jan,0.9
136,Cayman Islands,2021,Feb,0.6
136,Cayman Islands,2021,Mar,0.6
136,Cayman Islands,2021,Apr,0.6
136,Cayman Islands,2021,May,0.7
136,Cayman Islands,2021,Jun,0.9
136,Cayman Islands,2021,Jul,1.0
136,Cayman Islands,2021,Aug,0.7
136,Cayman Islands,2021,Sep,0.7
136,Cayman Islands,2021,Oct,1.0
136,Cayman Islands,2021,Nov,2.0
136,Cayman Islands,2021,Dec,7.6
136,Cayman Islands,2022,Jan,5.9
136,Cayman Islands,2022,Feb,12.2
136,Cayman Islands,2022,Mar,22.6
136,Cayman Islands,2022,Apr,25.0
136,Cayman Islands,2022,May,21.8
136,Cayman Islands,2022,Jun,26.1
136,Cayman Islands,2022,Jul,32.4
136,Cayman Islands,2022,Aug,22.3
136,Cayman Islands,2022,Sep,12.4
136,Cayman Islands,2022,Oct,21.6
136,Cayman Islands,2022,Nov,34.1
136,Cayman Islands,2022,Dec,48.0
136,Cayman Islands,2023,Jan,36.9
136,Cayman Islands,2023,Feb,37.6
136,Cayman Islands,2023,Mar,46.4
136,Cayman Islands,2023,Apr,39.5
136,Cayman Islands,2023,May,34.4
136,Cayman Islands,2023,Jun,40.5
136,Cayman Islands,2023,Jul,44.5
136,Cayman Islands,2023,Aug,28.5
136,Cayman Islands,2023,Sep,14.7
136,Cayman Islands,2023,Oct,20.6
136,Cayman Islands,2023,Nov,35.8
136,Cayman Islands,2023,Dec,49.9
136,Cayman Islands,2024,Jan,38.4
136,Cayman Islands,2024,Feb,41.6
136,Cayman Islands,2024,Mar,57.0
136,Cayman Islands,2024,Apr,37.2
136,Cayman Islands,2024,May,34.9
136,Cayman Islands,2024,Jun,41.6
136,Cayman Islands,2024,Jul,38.4
136,Cayman Islands,2024,Aug,28.1
136,Cayman Islands,2024,Sep,13.3
136,Cayman Islands,2024,Oct,20.7
136,Cayman Islands,2024,Nov,34.5
136,Cayman Islands,2024,Dec,52.0
136,Cayman Islands,2025,Jan,41.4
136,Cayman Islands,2025,Feb,44.6
136,Cayman Islands,2025,Mar,58.4
136,Cayman Islands,2025,Apr,42.8
136,Cayman Islands,2025,May,34.3
136,Cayman Islands,2025,Jun,37.8
136,Cayman Islands,2025,Jul,41.0
136,Cayman Islands,2025,Aug,25.1
136,Cayman Islands,2025,Sep,12.9
140,Centr. African Rep.,2015,Feb,11.6
140,Centr. African Rep.,2015,Mar,9.4
140,Centr. African Rep.,2015,Apr,9.4
140,Centr. African Rep.,2015,May,9.6
140,Centr. African Rep.,2015,Jun,9.5
140,Centr. African Rep.,2015,Jul,8.9
140,Centr. African Rep.,2015,Aug,10.8
140,Centr. African Rep.,2015,Sep,10.8
140,Centr. African Rep.,2015,Oct,10.6
140,Centr. African Rep.,2015,Nov,9.6
140,Centr. African Rep.,2015,Dec,9.5
140,Centr. African Rep.,2016,Jan,6.6
140,Centr. African Rep.,2016,Feb,6.3
140,Centr. African Rep.,2016,Mar,4.0
140,Centr. African Rep.,2016,Apr,7.2
140,Centr. African Rep.,2016,May,6.0
140,Centr. African Rep.,2016,Jun,6.0
140,Centr. African Rep.,2016,Jul,8.2
140,Centr. African Rep.,2016,Aug,9.5
140,Centr. African Rep.,2016,Sep,8.7
140,Centr. African Rep.,2016,Oct,6.8
140,Centr. African Rep.,2016,Nov,7.3
140,Centr. African Rep.,2016,Dec,5.2
140,Centr. African Rep.,2017,Jan,8.1
140,Centr. African Rep.,2017,Feb,10.3
140,Centr. African Rep.,2017,Mar,8.6
140,Centr. African Rep.,2017,Apr,8.5
140,Centr. African Rep.,2017,May,8.1
140,Centr. African Rep.,2017,Jun,7.2
140,Centr. African Rep.,2017,Jul,8.2
140,Centr. African Rep.,2017,Aug,8.0
140,Centr. African Rep.,2017,Sep,8.8
140,Centr. African Rep.,2017,Oct,9.5
140,Centr. African Rep.,2017,Nov,10.8
140,Centr. African Rep.,2017,Dec,10.5
140,Centr. African Rep.,2018,Jan,9.6
140,Centr. African Rep.,2018,Feb,10.9
140,Centr. African Rep.,2018,Mar,9.0
140,Centr. African Rep.,2018,Apr,7.9
140,Centr. African Rep.,2018,May,6.8
140,Centr. African Rep.,2018,Jun,6.3
140,Centr. African Rep.,2018,Jul,10.5
140,Centr. African Rep.,2018,Aug,11.7
140,Centr. African Rep.,2018,Sep,9.8
140,Centr. African Rep.,2018,Oct,10.3
140,Centr. African Rep.,2018,Nov,8.4
140,Centr. African Rep.,2018,Dec,8.1
140,Centr. African Rep.,2019,Jan,0.6
140,Centr. African Rep.,2019,Feb,4.7
140,Centr. African Rep.,2019,Mar,5.5
140,Centr. African Rep.,2019,Apr,5.5
140,Centr. African Rep.,2019,May,9.8
140,Centr. African Rep.,2019,Jun,5.5
140,Centr. African Rep.,2019,Jul,9.4
140,Centr. African Rep.,2019,Aug,8.2
140,Centr. African Rep.,2019,Sep,8.5
140,Centr. African Rep.,2019,Oct,7.9
140,Centr. African Rep.,2019,Nov,8.2
140,Centr. African Rep.,2019,Dec,8.4
140,Centr. African Rep.,2020,Jan,8.7
140,Centr. African Rep.,2020,Feb,7.2
140,Centr. African Rep.,2020,Mar,4.3
140,Centr. African Rep.,2020,Jun,0.3
140,Centr. African Rep.,2020,Jul,0.8
140,Centr. African Rep.,2020,Aug,1.4
140,Centr. African Rep.,2020,Sep,2.5
140,Centr. African Rep.,2020,Oct,3.1
140,Centr. African Rep.,2020,Nov,3.5
140,Centr. African Rep.,2020,Dec,2.8
140,Centr. African Rep.,2021,Jan,2.8
140,Centr. African Rep.,2021,Feb,2.8
140,Centr. African Rep.,2021,Mar,3.4
140,Centr. African Rep.,2021,Apr,3.8
140,Centr. African Rep.,2021,May,4.1
140,Centr. African Rep.,2021,Jun,4.2
140,Centr. African Rep.,2021,Jul,4.2
140,Centr. African Rep.,2021,Aug,5.0
140,Centr. African Rep.,2021,Sep,4.5
140,Centr. African Rep.,2021,Oct,4.7
140,Centr. African Rep.,2021,Nov,4.8
140,Centr. African Rep.,2021,Dec,4.2
140,Centr. African Rep.,2022,Jan,4.7
140,Centr. African Rep.,2022,Feb,3.8
140,Centr. African Rep.,2022,Mar,4.7
140,Centr. African Rep.,2022,Apr,4.2
140,Centr. African Rep.,2022,May,4.8
140,Centr. African Rep.,2022,Jun,4.6
140,Centr. African Rep.,2022,Jul,5.2
140,Centr. African Rep.,2022,Aug,4.8
140,Centr. African Rep.,2022,Sep,4.7
140,Centr. African Rep.,2022,Oct,5.7
140,Centr. African Rep.,2022,Nov,5.8
140,Centr. African Rep.,2022,Dec,4.1
152,Chile,2015,Feb,432.4
152,Chile,2015,Mar,370.8
152,Chile,2015,Apr,313.4
152,Chile,2015,May,263.9
152,Chile,2015,Jun,284.0
152,Chile,2015,Jul,331.1
152,Chile,2015,Aug,294.7
152,Chile,2015,Sep,300.5
152,Chile,2015,Oct,360.3
152,Chile,2015,Nov,401.3
152,Chile,2015,Dec,565.3
152,Chile,2016,Jan,730.8
152,Chile,2016,Feb,599.4
152,Chile,2016,Mar,510.7
152,Chile,2016,Apr,374.2
152,Chile,2016,May,320.4
152,Chile,2016,Jun,301.8
152,Chile,2016,Jul,440.9
152,Chile,2016,Aug,370.8
152,Chile,2016,Sep,403.2
152,Chile,2016,Oct,456.3
152,Chile,2016,Nov,474.3
152,Chile,2016,Dec,657.8
152,Chile,2017,Jan,964.0
152,Chile,2017,Feb,709.0
152,Chile,2017,Mar,521.1
152,Chile,2017,Apr,469.6
152,Chile,2017,May,358.0
152,Chile,2017,Jun,322.6
152,Chile,2017,Jul,491.2
152,Chile,2017,Aug,480.2
152,Chile,2017,Sep,442.5
152,Chile,2017,Oct,481.8
152,Chile,2017,Nov,517.2
152,Chile,2017,Dec,692.7
152,Chile,2018,Jan,893.3
152,Chile,2018,Feb,683.0
152,Chile,2018,Mar,574.3
152,Chile,2018,Apr,436.3
152,Chile,2018,May,329.5
152,Chile,2018,Jun,281.4
152,Chile,2018,Jul,409.8
152,Chile,2018,Aug,372.4
152,Chile,2018,Sep,351.6
152,Chile,2018,Oct,369.4
152,Chile,2018,Nov,464.0
152,Chile,2018,Dec,557.9
152,Chile,2019,Jan,625.4
152,Chile,2019,Feb,436.8
152,Chile,2019,Mar,454.8
152,Chile,2019,Apr,377.7
152,Chile,2019,May,306.5
152,Chile,2019,Jun,300.0
152,Chile,2019,Jul,376.0
152,Chile,2019,Aug,322.9
152,Chile,2019,Sep,288.5
152,Chile,2019,Oct,306.1
152,Chile,2019,Nov,292.2
152,Chile,2019,Dec,431.1
152,Chile,2020,Jan,509.1
152,Chile,2020,Feb,399.8
152,Chile,2020,Mar,168.3
152,Chile,2020,Apr,0.0
152,Chile,2020,May,0.0
152,Chile,2020,Jun,0.0
152,Chile,2020,Jul,0.0
152,Chile,2020,Aug,0.0
152,Chile,2020,Sep,0.0
152,Chile,2020,Oct,0.0
152,Chile,2020,Nov,8.7
152,Chile,2020,Dec,33.3
152,Chile,2021,Jan,22.4
152,Chile,2021,Feb,20.5
152,Chile,2021,Mar,22.7
152,Chile,2021,Apr,0.0
152,Chile,2021,May,0.0
152,Chile,2021,Jun,0.0
152,Chile,2021,Jul,0.0
152,Chile,2021,Aug,0.0
152,Chile,2021,Sep,0.0
152,Chile,2021,Oct,16.4
152,Chile,2021,Nov,35.9
152,Chile,2021,Dec,72.1
152,Chile,2022,Jan,69.7
152,Chile,2022,Feb,70.3
152,Chile,2022,Mar,81.2
152,Chile,2022,Apr,95.7
152,Chile,2022,May,123.3
152,Chile,2022,Jun,127.1
152,Chile,2022,Jul,169.6
152,Chile,2022,Aug,174.1
152,Chile,2022,Sep,203.5
152,Chile,2022,Oct,254.8
152,Chile,2022,Nov,284.1
152,Chile,2022,Dec,376.9
152,Chile,2023,Jan,477.5
152,Chile,2023,Feb,351.8
152,Chile,2023,Mar,307.7
152,Chile,2023,Apr,268.6
152,Chile,2023,May,224.4
152,Chile,2023,Jun,202.7
152,Chile,2023,Jul,267.8
152,Chile,2023,Aug,256.1
152,Chile,2023,Sep,255.7
152,Chile,2023,Oct,330.7
152,Chile,2023,Nov,347.8
152,Chile,2023,Dec,439.6
152,Chile,2024,Jan,506.2
152,Chile,2024,Feb,419.2
152,Chile,2024,Mar,451.2
152,Chile,2024,Apr,395.6
152,Chile,2024,May,335.4
152,Chile,2024,Jun,281.8
152,Chile,2024,Jul,460.3
152,Chile,2024,Aug,398.0
152,Chile,2024,Sep,381.7
152,Chile,2024,Oct,456.6
152,Chile,2024,Nov,505.6
152,Chile,2024,Dec,647.7
152,Chile,2025,Jan,846.8
152,Chile,2025,Feb,648.9
152,Chile,2025,Mar,535.5
152,Chile,2025,Apr,465.1
152,Chile,2025,May,373.6
152,Chile,2025,Jun,299.2
156,China,2015,Feb,3738.0
156,China,2015,Mar,4782.0
156,China,2015,Apr,5145.0
156,China,2015,May,4844.0
156,China,2015,Jun,4578.0
156,China,2015,Jul,4617.0
156,China,2015,Aug,4806.0
156,China,2015,Sep,4811.0
156,China,2015,Oct,5204.0
156,China,2015,Nov,4900.0
156,China,2015,Dec,4868.0
156,China,2016,Jan,4630.0
156,China,2016,Feb,4096.0
156,China,2016,Mar,4978.0
156,China,2016,Apr,5356.0
156,China,2016,May,5043.0
156,China,2016,Jun,4766.0
156,China,2016,Jul,4806.0
156,China,2016,Aug,5002.0
156,China,2016,Sep,5008.0
156,China,2016,Oct,5417.0
156,China,2016,Nov,5100.0
156,China,2016,Dec,5067.0
156,China,2017,Jan,4830.0
156,China,2017,Feb,4273.0
156,China,2017,Mar,5193.0
156,China,2017,Apr,5588.0
156,China,2017,May,5261.0
156,China,2017,Jun,4972.0
156,China,2017,Jul,4841.0
156,China,2017,Aug,5039.0
156,China,2017,Sep,5045.0
156,China,2017,Oct,5457.0
156,China,2017,Nov,5138.0
156,China,2017,Dec,5104.0
156,China,2018,Jan,4926.0
156,China,2018,Feb,4359.0
156,China,2018,Mar,5297.0
156,China,2018,Apr,5700.0
156,China,2018,May,5367.0
156,China,2018,Jun,5072.0
156,China,2018,Jul,4978.0
156,China,2018,Aug,5182.0
156,China,2018,Sep,5188.0
156,China,2018,Oct,5850.0
156,China,2018,Nov,5508.0
156,China,2018,Dec,5473.0
156,China,2019,Jan,5176.0
156,China,2019,Feb,4582.0
156,China,2019,Mar,5834.0
156,China,2019,Apr,6147.0
156,China,2019,May,5651.0
156,China,2019,Jun,5597.0
156,China,2019,Jul,5061.0
156,China,2019,Aug,5268.0
156,China,2019,Sep,5274.0
156,China,2019,Oct,5947.0
156,China,2019,Nov,5600.0
156,China,2019,Dec,5563.0
156,China,2020,Jan,4249.0
156,China,2020,Feb,360.7
156,China,2020,Mar,323.6
156,China,2020,Apr,66.4
156,China,2020,May,105.4
156,China,2020,Jun,151.3
156,China,2020,Jul,300.3
156,China,2020,Aug,425.9
156,China,2020,Sep,464.8
156,China,2020,Oct,491.8
156,China,2020,Nov,502.2
156,China,2020,Dec,525.1
156,China,2021,Jan,508.4
170,Colombia,2015,Feb,226.0
170,Colombia,2015,Mar,235.4
170,Colombia,2015,Apr,210.0
170,Colombia,2015,May,224.9
170,Colombia,2015,Jun,238.7
170,Colombia,2015,Jul,282.8
170,Colombia,2015,Aug,270.5
170,Colombia,2015,Sep,226.3
170,Colombia,2015,Oct,236.8
170,Colombia,2015,Nov,254.2
170,Colombia,2015,Dec,363.4
170,Colombia,2016,Jan,253.2
170,Colombia,2016,Feb,257.7
170,Colombia,2016,Mar,264.8
170,Colombia,2016,Apr,230.6
170,Colombia,2016,May,232.2
170,Colombia,2016,Jun,262.4
170,Colombia,2016,Jul,296.1
170,Colombia,2016,Aug,314.0
170,Colombia,2016,Sep,272.0
170,Colombia,2016,Oct,267.8
170,Colombia,2016,Nov,286.4
170,Colombia,2016,Dec,388.8
170,Colombia,2017,Jan,270.9
170,Colombia,2017,Feb,283.1
170,Colombia,2017,Mar,282.5
170,Colombia,2017,Apr,276.2
170,Colombia,2017,May,270.1
170,Colombia,2017,Jun,292.6
170,Colombia,2017,Jul,333.4
170,Colombia,2017,Aug,331.4
170,Colombia,2017,Sep,274.3
170,Colombia,2017,Oct,276.5
170,Colombia,2017,Nov,313.4
170,Colombia,2017,Dec,437.1
170,Colombia,2018,Jan,305.6
170,Colombia,2018,Feb,320.6
170,Colombia,2018,Mar,338.3
170,Colombia,2018,Apr,292.2
170,Colombia,2018,May,289.1
170,Colombia,2018,Jun,314.7
170,Colombia,2018,Jul,350.8
170,Colombia,2018,Aug,349.4
170,Colombia,2018,Sep,287.2
170,Colombia,2018,Oct,282.3
170,Colombia,2018,Nov,412.1
170,Colombia,2018,Dec,481.6
170,Colombia,2019,Jan,328.5
170,Colombia,2019,Feb,356.1
170,Colombia,2019,Mar,356.9
170,Colombia,2019,Apr,314.5
170,Colombia,2019,May,321.3
170,Colombia,2019,Jun,336.9
170,Colombia,2019,Jul,374.5
170,Colombia,2019,Aug,361.1
170,Colombia,2019,Sep,305.3
170,Colombia,2019,Oct,307.8
170,Colombia,2019,Nov,338.8
170,Colombia,2019,Dec,471.9
170,Colombia,2020,Jan,345.5
170,Colombia,2020,Feb,377.4
170,Colombia,2020,Mar,182.3
170,Colombia,2020,Apr,0.7
170,Colombia,2020,May,1.3
170,Colombia,2020,Jun,3.1
170,Colombia,2020,Jul,3.2
170,Colombia,2020,Aug,3.1
170,Colombia,2020,Sep,11.5
170,Colombia,2020,Oct,55.6
170,Colombia,2020,Nov,90.3
170,Colombia,2020,Dec,176.2
170,Colombia,2021,Jan,91.0
170,Colombia,2021,Feb,79.7
170,Colombia,2021,Mar,111.9
170,Colombia,2021,Apr,89.8
170,Colombia,2021,May,88.7
170,Colombia,2021,Jun,139.4
170,Colombia,2021,Jul,188.5
170,Colombia,2021,Aug,197.1
170,Colombia,2021,Sep,205.0
170,Colombia,2021,Oct,223.6
170,Colombia,2021,Nov,293.4
170,Colombia,2021,Dec,430.7
170,Colombia,2022,Jan,275.5
170,Colombia,2022,Feb,291.3
170,Colombia,2022,Mar,335.6
170,Colombia,2022,Apr,349.7
170,Colombia,2022,May,336.3
170,Colombia,2022,Jun,368.6
170,Colombia,2022,Jul,439.6
170,Colombia,2022,Aug,419.0
170,Colombia,2022,Sep,376.0
170,Colombia,2022,Oct,382.5
170,Colombia,2022,Nov,427.3
170,Colombia,2022,Dec,552.4
170,Colombia,2023,Jan,435.6
170,Colombia,2023,Feb,427.8
170,Colombia,2023,Mar,451.7
170,Colombia,2023,Apr,332.8
170,Colombia,2023,May,510.0
170,Colombia,2023,Jun,481.4
170,Colombia,2023,Jul,564.1
170,Colombia,2023,Aug,520.7
170,Colombia,2023,Sep,444.1
170,Colombia,2023,Oct,453.4
170,Colombia,2023,Nov,530.1
170,Colombia,2023,Dec,673.3
170,Colombia,2024,Jan,526.0
170,Colombia,2024,Feb,523.9
170,Colombia,2024,Mar,543.2
170,Colombia,2024,Apr,490.6
170,Colombia,2024,May,509.0
170,Colombia,2024,Jun,553.4
170,Colombia,2024,Jul,862.1
170,Colombia,2024,Aug,605.3
170,Colombia,2024,Sep,211.7
170,Colombia,2024,Oct,511.4
170,Colombia,2024,Nov,574.2
170,Colombia,2024,Dec,921.2
170,Colombia,2025,Jan,490.2
170,Colombia,2025,Feb,512.7
170,Colombia,2025,Mar,547.2
170,Colombia,2025,Apr,517.1
170,Colombia,2025,May,519.0
170,Colombia,2025,Jun,561.5
170,Colombia,2025,Jul,624.3
170,Colombia,2025,Aug,498.3
184,Cook Islands,2015,Feb,5.6
184,Cook Islands,2015,Mar,8.5
184,Cook Islands,2015,Apr,9.1
184,Cook Islands,2015,May,10.4
184,Cook Islands,2015,Jun,12.0
184,Cook Islands,2015,Jul,14.4
184,Cook Islands,2015,Aug,12.7
184,Cook Islands,2015,Sep,12.1
184,Cook Islands,2015,Oct,13.3
184,Cook Islands,2015,Nov,9.4
184,Cook Islands,2015,Dec,11.1
184,Cook Islands,2016,Jan,8.2
184,Cook Islands,2016,Feb,6.1
184,Cook Islands,2016,Mar,9.9
184,Cook Islands,2016,Apr,11.3
184,Cook Islands,2016,May,12.3
184,Cook Islands,2016,Jun,14.4
184,Cook Islands,2016,Jul,16.5
184,Cook Islands,2016,Aug,14.4
184,Cook Islands,2016,Sep,14.9
184,Cook Islands,2016,Oct,14.2
184,Cook Islands,2016,Nov,11.1
184,Cook Islands,2016,Dec,13.1
184,Cook Islands,2017,Jan,10.0
184,Cook Islands,2017,Feb,7.7
184,Cook Islands,2017,Mar,11.0
184,Cook Islands,2017,Apr,13.2
184,Cook Islands,2017,May,13.4
184,Cook Islands,2017,Jun,15.7
184,Cook Islands,2017,Jul,16.4
184,Cook Islands,2017,Aug,15.9
184,Cook Islands,2017,Sep,15.7
184,Cook Islands,2017,Oct,15.4
184,Cook Islands,2017,Nov,12.7
184,Cook Islands,2017,Dec,14.3
184,Cook Islands,2018,Jan,9.5
184,Cook Islands,2018,Feb,8.5
184,Cook Islands,2018,Mar,12.0
184,Cook Islands,2018,Apr,13.2
184,Cook Islands,2018,May,15.2
184,Cook Islands,2018,Jun,16.1
184,Cook Islands,2018,Jul,18.3
184,Cook Islands,2018,Aug,16.8
184,Cook Islands,2018,Sep,16.5
184,Cook Islands,2018,Oct,15.5
184,Cook Islands,2018,Nov,13.1
184,Cook Islands,2018,Dec,14.1
184,Cook Islands,2019,Jan,10.1
184,Cook Islands,2019,Feb,7.6
184,Cook Islands,2019,Mar,10.7
184,Cook Islands,2019,Apr,13.7
184,Cook Islands,2019,May,14.4
184,Cook Islands,2019,Jun,15.9
184,Cook Islands,2019,Jul,18.6
184,Cook Islands,2019,Aug,18.5
184,Cook Islands,2019,Sep,17.9
184,Cook Islands,2019,Oct,16.1
184,Cook Islands,2019,Nov,13.4
184,Cook Islands,2019,Dec,14.6
184,Cook Islands,2020,Jan,9.9
184,Cook Islands,2020,Feb,9.0
184,Cook Islands,2020,Mar,5.8
184,Cook Islands,2020,Apr,0.0
184,Cook Islands,2020,May,0.0
184,Cook Islands,2020,Jun,0.1
184,Cook Islands,2020,Jul,0.2
184,Cook Islands,2020,Aug,0.0
184,Cook Islands,2020,Sep,0.0
184,Cook Islands,2020,Oct,0.0
184,Cook Islands,2020,Nov,0.1
184,Cook Islands,2020,Dec,0.1
184,Cook Islands,2021,Jan,0.1
184,Cook Islands,2021,Feb,0.1
184,Cook Islands,2021,Mar,0.1
184,Cook Islands,2021,Apr,0.2
184,Cook Islands,2021,May,1.5
184,Cook Islands,2021,Jun,6.1
184,Cook Islands,2021,Jul,12.4
184,Cook Islands,2021,Aug,5.9
184,Cook Islands,2021,Sep,0.0
184,Cook Islands,2021,Oct,0.0
184,Cook Islands,2021,Nov,0.0
184,Cook Islands,2021,Dec,0.1
184,Cook Islands,2022,Jan,3.6
184,Cook Islands,2022,Feb,3.2
184,Cook Islands,2022,Mar,3.6
184,Cook Islands,2022,Apr,8.1
184,Cook Islands,2022,May,9.0
184,Cook Islands,2022,Jun,14.0
184,Cook Islands,2022,Jul,15.0
184,Cook Islands,2022,Aug,13.2
184,Cook Islands,2022,Sep,12.9
184,Cook Islands,2022,Oct,11.9
184,Cook Islands,2022,Nov,9.3
184,Cook Islands,2022,Dec,9.9
184,Cook Islands,2023,Jan,7.0
184,Cook Islands,2023,Feb,6.0
184,Cook Islands,2023,Mar,7.9
184,Cook Islands,2023,Apr,9.9
184,Cook Islands,2023,May,11.1
184,Cook Islands,2023,Jun,13.4
184,Cook Islands,2023,Jul,16.2
184,Cook Islands,2023,Aug,15.5
184,Cook Islands,2023,Sep,15.7
184,Cook Islands,2023,Oct,15.0
184,Cook Islands,2023,Nov,12.5
184,Cook Islands,2023,Dec,13.3
184,Cook Islands,2024,Jan,10.5
184,Cook Islands,2024,Feb,7.3
184,Cook Islands,2024,Mar,11.6
184,Cook Islands,2024,Apr,14.0
184,Cook Islands,2024,May,15.8
184,Cook Islands,2024,Jun,16.2
184,Cook Islands,2024,Jul,17.3
184,Cook Islands,2024,Aug,16.8
184,Cook Islands,2024,Sep,17.4
184,Cook Islands,2024,Oct,16.4
184,Cook Islands,2024,Nov,13.4
184,Cook Islands,2024,Dec,13.8
184,Cook Islands,2025,Jan,12.3
184,Cook Islands,2025,Feb,9.4
184,Cook Islands,2025,Mar,11.6
184,Cook Islands,2025,Apr,14.7
184,Cook Islands,2025,May,15.8
184,Cook Islands,2025,Jun,16.9
184,Cook Islands,2025,Jul,20.0
184,Cook Islands,2025,Aug,18.8
184,Cook Islands,2025,Sep,18.4
188,Costa Rica,2015,Feb,253.3
188,Costa Rica,2015,Mar,265.5
188,Costa Rica,2015,Apr,221.1
188,Costa Rica,2015,May,180.1
188,Costa Rica,2015,Jun,202.4
188,Costa Rica,2015,Jul,238.2
188,Costa Rica,2015,Aug,197.9
188,Costa Rica,2015,Sep,146.5
188,Costa Rica,2015,Oct,159.1
188,Costa Rica,2015,Nov,216.7
188,Costa Rica,2015,Dec,287.0
188,Costa Rica,2016,Jan,326.2
188,Costa Rica,2016,Feb,287.1
188,Costa Rica,2016,Mar,306.3
188,Costa Rica,2016,Apr,233.4
188,Costa Rica,2016,May,204.6
188,Costa Rica,2016,Jun,231.3
188,Costa Rica,2016,Jul,277.3
188,Costa Rica,2016,Aug,220.2
188,Costa Rica,2016,Sep,160.1
188,Costa Rica,2016,Oct,172.9
188,Costa Rica,2016,Nov,212.0
188,Costa Rica,2016,Dec,293.7
188,Costa Rica,2017,Jan,325.7
188,Costa Rica,2017,Feb,289.7
188,Costa Rica,2017,Mar,304.2
188,Costa Rica,2017,Apr,266.7
188,Costa Rica,2017,May,208.6
188,Costa Rica,2017,Jun,239.3
188,Costa Rica,2017,Jul,264.2
188,Costa Rica,2017,Aug,216.2
188,Costa Rica,2017,Sep,163.3
188,Costa Rica,2017,Oct,166.9
188,Costa Rica,2017,Nov,224.1
188,Costa Rica,2017,Dec,291.1
188,Costa Rica,2018,Jan,336.9
188,Costa Rica,2018,Feb,303.6
188,Costa Rica,2018,Mar,328.7
188,Costa Rica,2018,Apr,260.4
188,Costa Rica,2018,May,206.9
188,Costa Rica,2018,Jun,224.7
188,Costa Rica,2018,Jul,255.2
188,Costa Rica,2018,Aug,222.4
188,Costa Rica,2018,Sep,161.0
188,Costa Rica,2018,Oct,172.5
188,Costa Rica,2018,Nov,234.5
188,Costa Rica,2018,Dec,310.0
188,Costa Rica,2019,Jan,355.3
188,Costa Rica,2019,Feb,312.8
188,Costa Rica,2019,Mar,335.6
188,Costa Rica,2019,Apr,262.0
188,Costa Rica,2019,May,211.6
188,Costa Rica,2019,Jun,248.7
188,Costa Rica,2019,Jul,269.4
188,Costa Rica,2019,Aug,225.3
188,Costa Rica,2019,Sep,160.2
188,Costa Rica,2019,Oct,185.6
188,Costa Rica,2019,Nov,245.6
188,Costa Rica,2019,Dec,326.9
188,Costa Rica,2020,Jan,358.7
188,Costa Rica,2020,Feb,341.0
188,Costa Rica,2020,Mar,163.0
188,Costa Rica,2020,Apr,8.3
188,Costa Rica,2020,May,3.8
188,Costa Rica,2020,Jun,7.2
188,Costa Rica,2020,Jul,1.0
188,Costa Rica,2020,Aug,2.4
188,Costa Rica,2020,Sep,3.8
188,Costa Rica,2020,Oct,10.1
188,Costa Rica,2020,Nov,37.6
188,Costa Rica,2020,Dec,75.0
188,Costa Rica,2021,Jan,62.2
188,Costa Rica,2021,Feb,55.3
188,Costa Rica,2021,Mar,89.3
188,Costa Rica,2021,Apr,89.3
188,Costa Rica,2021,May,95.9
188,Costa Rica,2021,Jun,124.7
188,Costa Rica,2021,Jul,154.7
188,Costa Rica,2021,Aug,122.2
188,Costa Rica,2021,Sep,85.2
188,Costa Rica,2021,Oct,100.1
188,Costa Rica,2021,Nov,151.7
188,Costa Rica,2021,Dec,216.7
188,Costa Rica,2022,Jan,188.2
188,Costa Rica,2022,Feb,200.2
188,Costa Rica,2022,Mar,243.2
188,Costa Rica,2022,Apr,213.7
188,Costa Rica,2022,May,176.2
188,Costa Rica,2022,Jun,202.2
188,Costa Rica,2022,Jul,223.0
188,Costa Rica,2022,Aug,178.5
188,Costa Rica,2022,Sep,122.2
188,Costa Rica,2022,Oct,137.1
188,Costa Rica,2022,Nov,204.9
188,Costa Rica,2022,Dec,260.1
188,Costa Rica,2023,Jan,272.4
188,Costa Rica,2023,Feb,278.3
188,Costa Rica,2023,Mar,293.6
188,Costa Rica,2023,Apr,236.6
188,Costa Rica,2023,May,187.4
188,Costa Rica,2023,Jun,221.2
188,Costa Rica,2023,Jul,245.0
188,Costa Rica,2023,Aug,196.2
188,Costa Rica,2023,Sep,131.8
188,Costa Rica,2023,Oct,149.5
188,Costa Rica,2023,Nov,231.5
188,Costa Rica,2023,Dec,307.6
188,Costa Rica,2024,Jan,299.2
188,Costa Rica,2024,Feb,317.8
188,Costa Rica,2024,Mar,350.3
188,Costa Rica,2024,Apr,242.5
188,Costa Rica,2024,May,216.7
188,Costa Rica,2024,Jun,244.4
188,Costa Rica,2024,Jul,258.9
188,Costa Rica,2024,Aug,201.0
188,Costa Rica,2024,Sep,123.4
188,Costa Rica,2024,Oct,138.3
188,Costa Rica,2024,Nov,220.8
188,Costa Rica,2024,Dec,306.1
188,Costa Rica,2025,Jan,298.5
188,Costa Rica,2025,Feb,293.8
188,Costa Rica,2025,Mar,336.5
188,Costa Rica,2025,Apr,252.9
188,Costa Rica,2025,May,205.8
188,Costa Rica,2025,Jun,232.6
188,Costa Rica,2025,Jul,262.0
188,Costa Rica,2025,Aug,200.0
188,Costa Rica,2025,Sep,121.8
191,Croatia,2015,Feb,91.4
191,Croatia,2015,Mar,189.8
191,Croatia,2015,Apr,531.8
191,Croatia,2015,May,1020.0
191,Croatia,2015,Jun,1705.0
191,Croatia,2015,Jul,3072.0
191,Croatia,2015,Aug,3577.0
191,Croatia,2015,Sep,1486.0
191,Croatia,2015,Oct,533.5
191,Croatia,2015,Nov,137.9
191,Croatia,2015,Dec,132.1
191,Croatia,2016,Jan,82.1
191,Croatia,2016,Feb,114.4
191,Croatia,2016,Mar,244.3
191,Croatia,2016,Apr,513.5
191,Croatia,2016,May,1036.0
191,Croatia,2016,Jun,1714.0
191,Croatia,2016,Jul,3642.0
191,Croatia,2016,Aug,3707.0
191,Croatia,2016,Sep,1701.0
191,Croatia,2016,Oct,612.6
191,Croatia,2016,Nov,175.6
191,Croatia,2016,Dec,171.3
191,Croatia,2017,Jan,101.4
191,Croatia,2017,Feb,125.2
191,Croatia,2017,Mar,232.0
191,Croatia,2017,Apr,769.7
191,Croatia,2017,May,1077.0
191,Croatia,2017,Jun,2319.0
191,Croatia,2017,Jul,4089.0
191,Croatia,2017,Aug,3953.0
191,Croatia,2017,Sep,1827.0
191,Croatia,2017,Oct,707.1
191,Croatia,2017,Nov,195.3
191,Croatia,2017,Dec,197.3
191,Croatia,2018,Jan,122.6
191,Croatia,2018,Feb,137.2
191,Croatia,2018,Mar,321.6
191,Croatia,2018,Apr,783.3
191,Croatia,2018,May,1443.0
191,Croatia,2018,Jun,2394.0
191,Croatia,2018,Jul,4068.0
191,Croatia,2018,Aug,4085.0
191,Croatia,2018,Sep,2021.0
191,Croatia,2018,Oct,797.7
191,Croatia,2018,Nov,244.9
191,Croatia,2018,Dec,226.7
191,Croatia,2019,Jan,119.8
191,Croatia,2019,Feb,170.5
191,Croatia,2019,Mar,318.6
191,Croatia,2019,Apr,933.7
191,Croatia,2019,May,1354.0
191,Croatia,2019,Jun,2673.0
191,Croatia,2019,Jul,4033.0
191,Croatia,2019,Aug,4365.0
191,Croatia,2019,Sep,1995.0
191,Croatia,2019,Oct,894.7
191,Croatia,2019,Nov,256.2
191,Croatia,2019,Dec,239.4
191,Croatia,2020,Jan,122.5
191,Croatia,2020,Feb,172.0
191,Croatia,2020,Mar,61.1
191,Croatia,2020,Apr,0.8
191,Croatia,2020,May,31.5
191,Croatia,2020,Jun,641.5
191,Croatia,2020,Jul,1968.0
191,Croatia,2020,Aug,2056.0
191,Croatia,2020,Sep,354.9
191,Croatia,2020,Oct,88.8
191,Croatia,2020,Nov,32.2
191,Croatia,2020,Dec,15.7
191,Croatia,2021,Jan,16.4
191,Croatia,2021,Feb,20.4
191,Croatia,2021,Mar,44.6
191,Croatia,2021,Apr,98.4
191,Croatia,2021,May,274.9
191,Croatia,2021,Jun,1095.0
191,Croatia,2021,Jul,3165.0
191,Croatia,2021,Aug,3672.0
191,Croatia,2021,Sep,1566.0
191,Croatia,2021,Oct,462.0
191,Croatia,2021,Nov,107.8
191,Croatia,2021,Dec,118.6
191,Croatia,2022,Jan,73.5
191,Croatia,2022,Feb,115.7
191,Croatia,2022,Mar,191.2
191,Croatia,2022,Apr,641.9
191,Croatia,2022,May,976.3
191,Croatia,2022,Jun,2369.0
191,Croatia,2022,Jul,4006.0
191,Croatia,2022,Aug,4013.0
191,Croatia,2022,Sep,1867.0
191,Croatia,2022,Oct,691.3
191,Croatia,2022,Nov,184.2
191,Croatia,2022,Dec,194.3
191,Croatia,2023,Jan,114.6
191,Croatia,2023,Feb,143.3
191,Croatia,2023,Mar,273.1
191,Croatia,2023,Apr,870.5
191,Croatia,2023,May,1373.0
191,Croatia,2023,Jun,2446.0
191,Croatia,2023,Jul,4157.0
191,Croatia,2023,Aug,4063.0
191,Croatia,2023,Sep,2157.0
191,Croatia,2023,Oct,815.0
191,Croatia,2023,Nov,213.5
191,Croatia,2023,Dec,228.3
191,Croatia,2024,Jan,117.9
191,Croatia,2024,Feb,169.4
191,Croatia,2024,Mar,370.9
191,Croatia,2024,Apr,813.5
191,Croatia,2024,May,1659.0
191,Croatia,2024,Jun,2532.0
191,Croatia,2024,Jul,4040.0
191,Croatia,2024,Aug,4246.0
191,Croatia,2024,Sep,2053.0
191,Croatia,2024,Oct,897.8
191,Croatia,2024,Nov,241.2
191,Croatia,2024,Dec,238.3
191,Croatia,2025,Jan,132.4
191,Croatia,2025,Feb,158.6
191,Croatia,2025,Mar,259.9
191,Croatia,2025,Apr,956.2
191,Croatia,2025,May,1510.0
191,Croatia,2025,Jun,2834.0
191,Croatia,2025,Jul,3976.0
191,Croatia,2025,Aug,4248.0
191,Croatia,2025,Sep,2157.0
192,Cuba,2015,Feb,362.6
192,Cuba,2015,Mar,405.4
192,Cuba,2015,Apr,331.8
192,Cuba,2015,May,238.6
192,Cuba,2015,Jun,219.9
192,Cuba,2015,Jul,267.8
192,Cuba,2015,Aug,241.7
192,Cuba,2015,Sep,194.9
192,Cuba,2015,Oct,228.3
192,Cuba,2015,Nov,293.7
192,Cuba,2015,Dec,383.3
192,Cuba,2016,Jan,420.6
192,Cuba,2016,Feb,417.5
192,Cuba,2016,Mar,457.1
192,Cuba,2016,Apr,352.7
192,Cuba,2016,May,263.0
192,Cuba,2016,Jun,246.0
192,Cuba,2016,Jul,307.9
192,Cuba,2016,Aug,267.5
192,Cuba,2016,Sep,218.3
192,Cuba,2016,Oct,258.6
192,Cuba,2016,Nov,325.0
192,Cuba,2016,Dec,475.0
192,Cuba,2017,Jan,488.2
192,Cuba,2017,Feb,484.6
192,Cuba,2017,Mar,530.6
192,Cuba,2017,Apr,409.4
192,Cuba,2017,May,305.3
192,Cuba,2017,Jun,285.6
192,Cuba,2017,Jul,357.3
192,Cuba,2017,Aug,310.5
192,Cuba,2017,Sep,253.3
192,Cuba,2017,Oct,300.1
192,Cuba,2017,Nov,377.2
192,Cuba,2017,Dec,551.4
192,Cuba,2018,Jan,446.4
192,Cuba,2018,Feb,441.6
192,Cuba,2018,Mar,510.8
192,Cuba,2018,Apr,404.1
192,Cuba,2018,May,357.1
192,Cuba,2018,Jun,342.8
192,Cuba,2018,Jul,386.0
192,Cuba,2018,Aug,369.0
192,Cuba,2018,Sep,282.8
192,Cuba,2018,Oct,326.4
192,Cuba,2018,Nov,390.1
192,Cuba,2018,Dec,454.9
192,Cuba,2019,Jan,489.6
192,Cuba,2019,Feb,459.4
192,Cuba,2019,Mar,521.4
192,Cuba,2019,Apr,458.1
192,Cuba,2019,May,358.3
192,Cuba,2019,Jun,274.8
192,Cuba,2019,Jul,295.0
192,Cuba,2019,Aug,269.3
192,Cuba,2019,Sep,201.3
192,Cuba,2019,Oct,235.6
192,Cuba,2019,Nov,333.9
192,Cuba,2019,Dec,378.7
192,Cuba,2020,Jan,393.7
192,Cuba,2020,Feb,398.8
192,Cuba,2020,Mar,189.4
192,Cuba,2020,Apr,1.2
192,Cuba,2020,May,1.0
192,Cuba,2020,Jun,1.1
192,Cuba,2020,Jul,1.5
192,Cuba,2020,Aug,1.3
192,Cuba,2020,Sep,1.7
192,Cuba,2020,Oct,3.3
192,Cuba,2020,Nov,28.0
192,Cuba,2020,Dec,64.9
192,Cuba,2021,Jan,22.3
192,Cuba,2021,Feb,13.2
192,Cuba,2021,Mar,12.5
192,Cuba,2021,Apr,16.6
192,Cuba,2021,May,23.5
192,Cuba,2021,Jun,26.2
192,Cuba,2021,Jul,26.9
192,Cuba,2021,Aug,22.4
192,Cuba,2021,Sep,17.0
192,Cuba,2021,Oct,23.2
192,Cuba,2021,Nov,51.2
192,Cuba,2021,Dec,101.3
192,Cuba,2022,Jan,86.4
192,Cuba,2022,Feb,99.3
192,Cuba,2022,Mar,128.8
192,Cuba,2022,Apr,133.3
192,Cuba,2022,May,117.0
192,Cuba,2022,Jun,117.6
192,Cuba,2022,Jul,152.4
192,Cuba,2022,Aug,136.6
192,Cuba,2022,Sep,103.4
192,Cuba,2022,Oct,123.6
192,Cuba,2022,Nov,178.9
192,Cuba,2022,Dec,236.9
192,Cuba,2023,Jan,249.2
192,Cuba,2023,Feb,239.8
192,Cuba,2023,Mar,263.5
192,Cuba,2023,Apr,231.7
192,Cuba,2023,May,159.9
192,Cuba,2023,Jun,154.6
192,Cuba,2023,Jul,190.8
192,Cuba,2023,Aug,177.7
192,Cuba,2023,Sep,147.2
192,Cuba,2023,Oct,159.0
192,Cuba,2023,Nov,204.7
192,Cuba,2023,Dec,259.1
192,Cuba,2024,Jan,259.8
192,Cuba,2024,Feb,268.1
192,Cuba,2024,Mar,281.0
192,Cuba,2024,Apr,215.1
192,Cuba,2024,May,150.5
192,Cuba,2024,Jun,135.1
192,Cuba,2024,Jul,153.3
192,Cuba,2024,Aug,145.0
192,Cuba,2024,Sep,111.1
192,Cuba,2024,Oct,125.8
192,Cuba,2024,Nov,160.5
192,Cuba,2024,Dec,197.8
192,Cuba,2025,Jan,196.0
192,Cuba,2025,Feb,178.3
192,Cuba,2025,Mar,197.5
192,Cuba,2025,Apr,169.3
192,Cuba,2025,May,121.2
192,Cuba,2025,Jun,119.5
192,Cuba,2025,Jul,142.1
192,Cuba,2025,Aug,136.0
192,Cuba,2025,Sep,106.7
196,Cyprus,2015,Feb,50.7
196,Cyprus,2015,Mar,97.5
196,Cyprus,2015,Apr,201.5
196,Cyprus,2015,May,307.4
196,Cyprus,2015,Jun,337.0
196,Cyprus,2015,Jul,414.5
196,Cyprus,2015,Aug,392.3
196,Cyprus,2015,Sep,360.9
196,Cyprus,2015,Oct,269.4
196,Cyprus,2015,Nov,108.1
196,Cyprus,2015,Dec,78.3
196,Cyprus,2016,Jan,48.6
196,Cyprus,2016,Feb,66.0
196,Cyprus,2016,Mar,137.0
196,Cyprus,2016,Apr,225.6
196,Cyprus,2016,May,364.9
196,Cyprus,2016,Jun,413.1
196,Cyprus,2016,Jul,482.1
196,Cyprus,2016,Aug,458.6
196,Cyprus,2016,Sep,421.2
196,Cyprus,2016,Oct,357.2
196,Cyprus,2016,Nov,124.2
196,Cyprus,2016,Dec,87.9
196,Cyprus,2017,Jan,62.6
196,Cyprus,2017,Feb,82.2
196,Cyprus,2017,Mar,140.9
196,Cyprus,2017,Apr,286.3
196,Cyprus,2017,May,418.7
196,Cyprus,2017,Jun,472.5
196,Cyprus,2017,Jul,531.0
196,Cyprus,2017,Aug,523.7
196,Cyprus,2017,Sep,483.7
196,Cyprus,2017,Oct,406.9
196,Cyprus,2017,Nov,144.7
196,Cyprus,2017,Dec,98.9
196,Cyprus,2018,Jan,75.9
196,Cyprus,2018,Feb,101.5
196,Cyprus,2018,Mar,192.1
196,Cyprus,2018,Apr,314.1
196,Cyprus,2018,May,450.5
196,Cyprus,2018,Jun,511.1
196,Cyprus,2018,Jul,539.6
196,Cyprus,2018,Aug,534.8
196,Cyprus,2018,Sep,520.1
196,Cyprus,2018,Oct,433.6
196,Cyprus,2018,Nov,158.7
196,Cyprus,2018,Dec,106.6
196,Cyprus,2019,Jan,82.0
196,Cyprus,2019,Feb,105.6
196,Cyprus,2019,Mar,169.9
196,Cyprus,2019,Apr,329.3
196,Cyprus,2019,May,434.6
196,Cyprus,2019,Jun,509.7
196,Cyprus,2019,Jul,551.0
196,Cyprus,2019,Aug,553.8
196,Cyprus,2019,Sep,524.7
196,Cyprus,2019,Oct,436.5
196,Cyprus,2019,Nov,169.4
196,Cyprus,2019,Dec,110.3
196,Cyprus,2020,Jan,85.6
196,Cyprus,2020,Feb,105.6
196,Cyprus,2020,Mar,55.3
196,Cyprus,2020,Apr,0.0
196,Cyprus,2020,May,0.0
196,Cyprus,2020,Jun,9.1
196,Cyprus,2020,Jul,64.9
196,Cyprus,2020,Aug,104.3
196,Cyprus,2020,Sep,87.3
196,Cyprus,2020,Oct,100.8
196,Cyprus,2020,Nov,9.0
196,Cyprus,2020,Dec,9.7
196,Cyprus,2021,Jan,3.9
196,Cyprus,2021,Feb,5.0
196,Cyprus,2021,Mar,8.8
196,Cyprus,2021,Apr,38.2
196,Cyprus,2021,May,100.9
196,Cyprus,2021,Jun,184.2
196,Cyprus,2021,Jul,297.3
196,Cyprus,2021,Aug,321.9
196,Cyprus,2021,Sep,339.2
196,Cyprus,2021,Oct,391.6
196,Cyprus,2021,Nov,149.0
196,Cyprus,2021,Dec,96.9
196,Cyprus,2022,Jan,43.9
196,Cyprus,2022,Feb,71.9
196,Cyprus,2022,Mar,128.8
196,Cyprus,2022,Apr,289.3
196,Cyprus,2022,May,315.0
196,Cyprus,2022,Jun,372.3
196,Cyprus,2022,Jul,454.7
196,Cyprus,2022,Aug,451.1
196,Cyprus,2022,Sep,413.4
196,Cyprus,2022,Oct,400.6
196,Cyprus,2022,Nov,149.9
196,Cyprus,2022,Dec,110.0
196,Cyprus,2023,Jan,90.5
196,Cyprus,2023,Feb,119.1
196,Cyprus,2023,Mar,184.3
196,Cyprus,2023,Apr,342.7
196,Cyprus,2023,May,420.1
196,Cyprus,2023,Jun,457.0
196,Cyprus,2023,Jul,523.7
196,Cyprus,2023,Aug,511.4
196,Cyprus,2023,Sep,487.4
196,Cyprus,2023,Oct,426.3
196,Cyprus,2023,Nov,159.6
196,Cyprus,2023,Dec,123.6
196,Cyprus,2024,Jan,88.0
196,Cyprus,2024,Feb,125.0
196,Cyprus,2024,Mar,202.3
196,Cyprus,2024,Apr,333.6
196,Cyprus,2024,May,421.4
196,Cyprus,2024,Jun,482.3
196,Cyprus,2024,Jul,551.2
196,Cyprus,2024,Aug,554.9
196,Cyprus,2024,Sep,509.5
196,Cyprus,2024,Oct,459.1
196,Cyprus,2024,Nov,179.9
196,Cyprus,2024,Dec,133.1
196,Cyprus,2025,Jan,112.1
196,Cyprus,2025,Feb,133.8
196,Cyprus,2025,Mar,200.7
196,Cyprus,2025,Apr,418.7
196,Cyprus,2025,May,479.2
196,Cyprus,2025,Jun,498.5
196,Cyprus,2025,Jul,589.1
196,Cyprus,2025,Aug,602.0
196,Cyprus,2025,Sep,570.6
203,Czechia,2015,Feb,458.6
203,Czechia,2015,Mar,583.4
203,Czechia,2015,Apr,695.4
203,Czechia,2015,May,853.1
203,Czechia,2015,Jun,834.6
203,Czechia,2015,Jul,972.5
203,Czechia,2015,Aug,1015.0
203,Czechia,2015,Sep,838.6
203,Czechia,2015,Oct,774.5
203,Czechia,2015,Nov,576.6
203,Czechia,2015,Dec,655.9
203,Czechia,2016,Jan,480.5
203,Czechia,2016,Feb,515.0
203,Czechia,2016,Mar,677.5
203,Czechia,2016,Apr,703.1
203,Czechia,2016,May,882.5
203,Czechia,2016,Jun,843.6
203,Czechia,2016,Jul,1044.0
203,Czechia,2016,Aug,1054.0
203,Czechia,2016,Sep,899.3
203,Czechia,2016,Oct,859.7
203,Czechia,2016,Nov,626.6
203,Czechia,2016,Dec,735.4
203,Czechia,2017,Jan,549.8
203,Czechia,2017,Feb,561.6
203,Czechia,2017,Mar,696.3
203,Czechia,2017,Apr,867.7
203,Czechia,2017,May,941.8
203,Czechia,2017,Jun,978.4
203,Czechia,2017,Jul,1097.0
203,Czechia,2017,Aug,1113.0
203,Czechia,2017,Sep,957.8
203,Czechia,2017,Oct,926.9
203,Czechia,2017,Nov,684.7
203,Czechia,2017,Dec,785.7
203,Czechia,2018,Jan,596.2
203,Czechia,2018,Feb,622.4
203,Czechia,2018,Mar,798.0
203,Czechia,2018,Apr,856.1
203,Czechia,2018,May,988.4
203,Czechia,2018,Jun,974.3
203,Czechia,2018,Jul,1133.0
203,Czechia,2018,Aug,1155.0
203,Czechia,2018,Sep,979.6
203,Czechia,2018,Oct,946.0
203,Czechia,2018,Nov,737.5
203,Czechia,2018,Dec,824.9
203,Czechia,2019,Jan,606.3
203,Czechia,2019,Feb,640.3
203,Czechia,2019,Mar,760.1
203,Czechia,2019,Apr,903.7
203,Czechia,2019,May,1006.0
203,Czechia,2019,Jun,1038.0
203,Czechia,2019,Jul,1165.0
203,Czechia,2019,Aug,1193.0
203,Czechia,2019,Sep,973.3
203,Czechia,2019,Oct,987.0
203,Czechia,2019,Nov,756.0
203,Czechia,2019,Dec,862.5
203,Czechia,2020,Jan,668.1
203,Czechia,2020,Feb,645.7
203,Czechia,2020,Mar,194.6
203,Czechia,2020,Apr,1.8
203,Czechia,2020,May,7.2
203,Czechia,2020,Jun,119.5
203,Czechia,2020,Jul,365.7
203,Czechia,2020,Aug,442.7
203,Czechia,2020,Sep,235.4
203,Czechia,2020,Oct,54.8
203,Czechia,2020,Nov,21.7
203,Czechia,2020,Dec,27.0
203,Czechia,2021,Jan,20.4
203,Czechia,2021,Feb,17.6
203,Czechia,2021,Mar,17.3
203,Czechia,2021,Apr,20.9
203,Czechia,2021,May,47.1
203,Czechia,2021,Jun,154.7
203,Czechia,2021,Jul,366.5
203,Czechia,2021,Aug,483.1
203,Czechia,2021,Sep,409.6
203,Czechia,2021,Oct,448.2
203,Czechia,2021,Nov,324.4
203,Czechia,2021,Dec,259.8
203,Czechia,2022,Jan,215.5
203,Czechia,2022,Feb,293.8
203,Czechia,2022,Mar,377.6
203,Czechia,2022,Apr,558.9
203,Czechia,2022,May,649.4
203,Czechia,2022,Jun,733.3
203,Czechia,2022,Jul,862.0
203,Czechia,2022,Aug,914.5
203,Czechia,2022,Sep,740.6
203,Czechia,2022,Oct,751.9
203,Czechia,2022,Nov,550.1
203,Czechia,2022,Dec,695.9
203,Czechia,2023,Jan,518.8
203,Czechia,2023,Feb,522.9
203,Czechia,2023,Mar,603.4
203,Czechia,2023,Apr,799.7
203,Czechia,2023,May,856.5
203,Czechia,2023,Jun,875.7
203,Czechia,2023,Jul,1045.0
203,Czechia,2023,Aug,1079.0
203,Czechia,2023,Sep,920.0
203,Czechia,2023,Oct,857.9
203,Czechia,2023,Nov,643.1
203,Czechia,2023,Dec,837.5
203,Czechia,2024,Jan,568.3
203,Czechia,2024,Feb,611.8
203,Czechia,2024,Mar,754.6
203,Czechia,2024,Apr,795.7
203,Czechia,2024,May,1040.0
203,Czechia,2024,Jun,939.6
203,Czechia,2024,Jul,1102.0
203,Czechia,2024,Aug,1181.0
203,Czechia,2024,Sep,892.4
203,Czechia,2024,Oct,939.4
203,Czechia,2024,Nov,726.3
203,Czechia,2024,Dec,926.2
203,Czechia,2025,Jan,638.4
203,Czechia,2025,Feb,634.4
203,Czechia,2025,Mar,679.7
203,Czechia,2025,Apr,906.5
203,Czechia,2025,May,1005.0
203,Czechia,2025,Jun,1036.0
203,Czechia,2025,Jul,1109.0
203,Czechia,2025,Aug,1209.0
203,Czechia,2025,Sep,964.5
208,Denmark,2015,Feb,103.3
208,Denmark,2015,Mar,137.6
208,Denmark,2015,Apr,184.2
208,Denmark,2015,May,248.4
208,Denmark,2015,Jun,288.3
208,Denmark,2015,Jul,496.2
208,Denmark,2015,Aug,387.1
208,Denmark,2015,Sep,211.0
208,Denmark,2015,Oct,191.7
208,Denmark,2015,Nov,141.5
208,Denmark,2015,Dec,138.7
208,Denmark,2016,Jan,107.5
208,Denmark,2016,Feb,120.3
208,Denmark,2016,Mar,169.8
208,Denmark,2016,Apr,176.2
208,Denmark,2016,May,250.4
208,Denmark,2016,Jun,290.2
208,Denmark,2016,Jul,507.0
208,Denmark,2016,Aug,407.2
208,Denmark,2016,Sep,215.7
208,Denmark,2016,Oct,197.8
208,Denmark,2016,Nov,150.3
208,Denmark,2016,Dec,148.6
208,Denmark,2017,Jan,118.3
208,Denmark,2017,Feb,126.1
208,Denmark,2017,Mar,155.7
208,Denmark,2017,Apr,221.4
208,Denmark,2017,May,262.2
208,Denmark,2017,Jun,307.9
208,Denmark,2017,Jul,501.6
208,Denmark,2017,Aug,421.1
208,Denmark,2017,Sep,230.0
208,Denmark,2017,Oct,215.9
208,Denmark,2017,Nov,164.2
208,Denmark,2017,Dec,154.5
208,Denmark,2018,Jan,135.9
208,Denmark,2018,Feb,134.4
208,Denmark,2018,Mar,183.7
208,Denmark,2018,Apr,210.3
208,Denmark,2018,May,294.5
208,Denmark,2018,Jun,322.0
208,Denmark,2018,Jul,532.7
208,Denmark,2018,Aug,428.4
208,Denmark,2018,Sep,239.7
208,Denmark,2018,Oct,218.9
208,Denmark,2018,Nov,170.9
208,Denmark,2018,Dec,158.4
208,Denmark,2019,Jan,132.1
208,Denmark,2019,Feb,131.9
208,Denmark,2019,Mar,163.1
208,Denmark,2019,Apr,235.1
208,Denmark,2019,May,274.8
208,Denmark,2019,Jun,336.3
208,Denmark,2019,Jul,546.4
208,Denmark,2019,Aug,432.7
208,Denmark,2019,Sep,241.2
208,Denmark,2019,Oct,231.4
208,Denmark,2019,Nov,174.2
208,Denmark,2019,Dec,165.0
208,Denmark,2020,Jan,134.8
208,Denmark,2020,Feb,140.8
208,Denmark,2020,Mar,55.4
208,Denmark,2020,Apr,7.1
208,Denmark,2020,May,11.4
208,Denmark,2020,Jun,42.0
208,Denmark,2020,Jul,168.7
208,Denmark,2020,Aug,168.8
208,Denmark,2020,Sep,82.7
208,Denmark,2020,Oct,55.1
208,Denmark,2020,Nov,24.7
208,Denmark,2020,Dec,20.2
208,Denmark,2021,Jan,15.5
208,Denmark,2021,Mar,21.5
208,Denmark,2021,Apr,19.7
208,Denmark,2021,May,31.8
208,Denmark,2021,Jun,67.9
208,Denmark,2021,Jul,188.5
208,Denmark,2021,Aug,259.9
208,Denmark,2021,Sep,158.7
208,Denmark,2021,Oct,176.9
208,Denmark,2021,Nov,150.6
208,Denmark,2021,Dec,88.9
208,Denmark,2022,Jan,51.6
208,Denmark,2022,Feb,92.3
208,Denmark,2022,Mar,138.5
208,Denmark,2022,Apr,224.5
208,Denmark,2022,May,268.1
208,Denmark,2022,Jun,335.5
208,Denmark,2022,Jul,568.8
208,Denmark,2022,Aug,497.4
208,Denmark,2022,Sep,257.0
208,Denmark,2022,Oct,234.4
208,Denmark,2022,Nov,173.1
208,Denmark,2023,Jan,130.6
208,Denmark,2023,Feb,136.4
208,Denmark,2023,Mar,175.4
208,Denmark,2023,Apr,267.7
208,Denmark,2023,May,307.2
208,Denmark,2023,Jun,354.5
208,Denmark,2023,Jul,541.0
208,Denmark,2023,Aug,513.6
208,Denmark,2023,Sep,276.6
208,Denmark,2023,Oct,251.7
208,Denmark,2023,Nov,176.7
208,Denmark,2023,Dec,180.9
208,Denmark,2024,Jan,132.8
208,Denmark,2024,Feb,143.4
208,Denmark,2024,Mar,231.6
208,Denmark,2024,Apr,252.1
208,Denmark,2024,May,349.2
208,Denmark,2024,Jun,371.4
208,Denmark,2024,Jul,556.9
208,Denmark,2024,Aug,548.0
208,Denmark,2024,Sep,308.4
208,Denmark,2024,Oct,292.9
208,Denmark,2024,Nov,206.4
208,Denmark,2024,Dec,212.0
208,Denmark,2025,Jan,154.8
208,Denmark,2025,Feb,161.6
208,Denmark,2025,Mar,214.3
208,Denmark,2025,Apr,295.6
208,Denmark,2025,May,356.1
208,Denmark,2025,Jun,396.9
208,Denmark,2025,Jul,602.6
208,Denmark,2025,Aug,578.1
212,Dominica,2015,Feb,8.0
212,Dominica,2015,Mar,6.2
212,Dominica,2015,Apr,5.6
212,Dominica,2015,May,7.1
212,Dominica,2015,Jun,5.6
212,Dominica,2015,Jul,9.3
212,Dominica,2015,Aug,7.7
212,Dominica,2015,Sep,3.8
212,Dominica,2015,Oct,4.6
212,Dominica,2015,Nov,3.9
212,Dominica,2015,Dec,6.4
212,Dominica,2016,Jan,6.6
212,Dominica,2016,Feb,7.2
212,Dominica,2016,Mar,6.0
212,Dominica,2016,Apr,4.6
212,Dominica,2016,May,5.6
212,Dominica,2016,Jun,5.3
212,Dominica,2016,Jul,8.8
212,Dominica,2016,Aug,8.2
212,Dominica,2016,Sep,4.1
212,Dominica,2016,Oct,10.1
212,Dominica,2016,Nov,4.6
212,Dominica,2016,Dec,7.3
212,Dominica,2017,Jan,6.8
212,Dominica,2017,Feb,8.6
212,Dominica,2017,Mar,5.7
212,Dominica,2017,Apr,7.3
212,Dominica,2017,May,6.3
212,Dominica,2017,Jun,6.0
212,Dominica,2017,Jul,8.8
212,Dominica,2017,Aug,8.6
212,Dominica,2017,Sep,2.8
212,Dominica,2017,Oct,4.8
212,Dominica,2017,Nov,2.2
212,Dominica,2017,Dec,3.5
212,Dominica,2018,Jan,3.3
212,Dominica,2018,Feb,4.6
212,Dominica,2018,Mar,4.6
212,Dominica,2018,Apr,4.0
212,Dominica,2018,May,4.7
212,Dominica,2018,Jun,5.0
212,Dominica,2018,Jul,5.6
212,Dominica,2018,Aug,5.7
212,Dominica,2018,Sep,3.2
212,Dominica,2018,Oct,9.1
212,Dominica,2018,Nov,5.3
212,Dominica,2018,Dec,7.8
212,Dominica,2019,Jan,6.0
212,Dominica,2019,Feb,7.7
212,Dominica,2019,Mar,9.7
212,Dominica,2019,Apr,7.7
212,Dominica,2019,May,6.0
212,Dominica,2019,Jun,6.4
212,Dominica,2019,Jul,8.9
212,Dominica,2019,Aug,8.6
212,Dominica,2019,Sep,3.6
212,Dominica,2019,Oct,10.9
212,Dominica,2019,Nov,5.4
212,Dominica,2019,Dec,8.7
212,Dominica,2020,Jan,5.8
212,Dominica,2020,Feb,9.1
212,Dominica,2020,Mar,3.5
212,Dominica,2020,Apr,0.1
212,Dominica,2020,May,0.0
212,Dominica,2020,Jun,0.0
212,Dominica,2020,Jul,0.1
212,Dominica,2020,Aug,0.5
212,Dominica,2020,Sep,0.5
212,Dominica,2020,Oct,0.6
212,Dominica,2020,Nov,0.7
212,Dominica,2020,Dec,0.9
212,Dominica,2021,Jan,0.7
212,Dominica,2021,Feb,0.6
212,Dominica,2021,Mar,0.6
212,Dominica,2021,Apr,0.8
212,Dominica,2021,May,0.9
212,Dominica,2021,Jun,1.1
212,Dominica,2021,Jul,1.9
212,Dominica,2021,Aug,1.1
212,Dominica,2021,Sep,0.9
212,Dominica,2021,Oct,1.4
212,Dominica,2021,Nov,1.6
212,Dominica,2021,Dec,3.2
212,Dominica,2022,Jan,2.2
212,Dominica,2022,Feb,2.8
212,Dominica,2022,Mar,3.1
212,Dominica,2022,Apr,4.6
212,Dominica,2022,May,4.1
212,Dominica,2022,Jun,4.6
212,Dominica,2022,Jul,7.3
212,Dominica,2022,Aug,6.1
212,Dominica,2022,Sep,2.8
212,Dominica,2022,Oct,11.1
212,Dominica,2022,Nov,4.9
212,Dominica,2022,Dec,7.5
212,Dominica,2023,Jan,5.0
212,Dominica,2023,Feb,7.5
212,Dominica,2023,Mar,5.2
212,Dominica,2023,Apr,6.2
212,Dominica,2023,May,5.2
212,Dominica,2023,Jun,4.4
212,Dominica,2023,Jul,7.7
212,Dominica,2023,Aug,7.3
212,Dominica,2023,Sep,3.4
212,Dominica,2023,Oct,10.1
212,Dominica,2023,Nov,4.8
212,Dominica,2023,Dec,7.6
212,Dominica,2024,Jan,6.3
212,Dominica,2024,Feb,9.0
212,Dominica,2024,Mar,6.9
212,Dominica,2024,Apr,6.4
212,Dominica,2024,May,7.1
212,Dominica,2024,Jun,6.1
212,Dominica,2024,Jul,7.6
212,Dominica,2024,Aug,7.9
212,Dominica,2024,Sep,3.4
212,Dominica,2024,Oct,11.3
212,Dominica,2024,Nov,4.8
212,Dominica,2024,Dec,7.2
212,Dominica,2025,Jan,6.6
212,Dominica,2025,Feb,10.3
212,Dominica,2025,Mar,7.4
212,Dominica,2025,Apr,7.7
212,Dominica,2025,May,7.1
212,Dominica,2025,Jun,5.7
212,Dominica,2025,Jul,10.0
212,Dominica,2025,Aug,10.0
214,Dominican Rep.,2015,Feb,478.8
214,Dominican Rep.,2015,Mar,537.6
214,Dominican Rep.,2015,Apr,462.0
214,Dominican Rep.,2015,May,417.0
214,Dominican Rep.,2015,Jun,480.4
214,Dominican Rep.,2015,Jul,568.3
214,Dominican Rep.,2015,Aug,465.8
214,Dominican Rep.,2015,Sep,329.5
214,Dominican Rep.,2015,Oct,370.5
214,Dominican Rep.,2015,Nov,423.3
214,Dominican Rep.,2015,Dec,583.8
214,Dominican Rep.,2016,Jan,520.0
214,Dominican Rep.,2016,Feb,519.1
214,Dominican Rep.,2016,Mar,565.4
214,Dominican Rep.,2016,Apr,484.8
214,Dominican Rep.,2016,May,437.3
214,Dominican Rep.,2016,Jun,516.6
214,Dominican Rep.,2016,Jul,619.7
214,Dominican Rep.,2016,Aug,502.3
214,Dominican Rep.,2016,Sep,359.1
214,Dominican Rep.,2016,Oct,392.7
214,Dominican Rep.,2016,Nov,435.5
214,Dominican Rep.,2016,Dec,606.8
214,Dominican Rep.,2017,Jan,545.6
214,Dominican Rep.,2017,Feb,538.1
214,Dominican Rep.,2017,Mar,581.9
214,Dominican Rep.,2017,Apr,557.5
214,Dominican Rep.,2017,May,472.9
214,Dominican Rep.,2017,Jun,545.7
214,Dominican Rep.,2017,Jul,637.7
214,Dominican Rep.,2017,Aug,520.8
214,Dominican Rep.,2017,Sep,311.4
214,Dominican Rep.,2017,Oct,395.7
214,Dominican Rep.,2017,Nov,453.6
214,Dominican Rep.,2017,Dec,626.8
214,Dominican Rep.,2018,Jan,566.8
214,Dominican Rep.,2018,Feb,560.0
214,Dominican Rep.,2018,Mar,667.5
214,Dominican Rep.,2018,Apr,553.5
214,Dominican Rep.,2018,May,506.2
214,Dominican Rep.,2018,Jun,586.8
214,Dominican Rep.,2018,Jul,665.7
214,Dominican Rep.,2018,Aug,537.6
214,Dominican Rep.,2018,Sep,365.4
214,Dominican Rep.,2018,Oct,415.0
214,Dominican Rep.,2018,Nov,485.5
214,Dominican Rep.,2018,Dec,659.0
214,Dominican Rep.,2019,Jan,598.2
214,Dominican Rep.,2019,Feb,605.0
214,Dominican Rep.,2019,Mar,673.0
214,Dominican Rep.,2019,Apr,584.3
214,Dominican Rep.,2019,May,527.7
214,Dominican Rep.,2019,Jun,587.1
214,Dominican Rep.,2019,Jul,591.3
214,Dominican Rep.,2019,Aug,497.4
214,Dominican Rep.,2019,Sep,323.7
214,Dominican Rep.,2019,Oct,372.2
214,Dominican Rep.,2019,Nov,461.9
214,Dominican Rep.,2019,Dec,624.3
214,Dominican Rep.,2020,Jan,557.2
214,Dominican Rep.,2020,Feb,565.2
214,Dominican Rep.,2020,Mar,270.0
214,Dominican Rep.,2020,Apr,0.2
214,Dominican Rep.,2020,May,0.4
214,Dominican Rep.,2020,Jun,1.0
214,Dominican Rep.,2020,Jul,135.2
214,Dominican Rep.,2020,Aug,110.3
214,Dominican Rep.,2020,Sep,103.9
214,Dominican Rep.,2020,Oct,138.3
214,Dominican Rep.,2020,Nov,175.1
214,Dominican Rep.,2020,Dec,348.5
214,Dominican Rep.,2021,Jan,205.3
214,Dominican Rep.,2021,Feb,198.5
214,Dominican Rep.,2021,Mar,313.3
214,Dominican Rep.,2021,Apr,327.1
214,Dominican Rep.,2021,May,390.9
214,Dominican Rep.,2021,Jun,462.5
214,Dominican Rep.,2021,Jul,564.0
214,Dominican Rep.,2021,Aug,476.6
214,Dominican Rep.,2021,Sep,365.5
214,Dominican Rep.,2021,Oct,443.0
214,Dominican Rep.,2021,Nov,519.2
214,Dominican Rep.,2021,Dec,728.3
214,Dominican Rep.,2022,Jan,531.0
214,Dominican Rep.,2022,Feb,566.2
214,Dominican Rep.,2022,Mar,617.8
214,Dominican Rep.,2022,Apr,626.0
214,Dominican Rep.,2022,May,561.3
214,Dominican Rep.,2022,Jun,644.9
214,Dominican Rep.,2022,Jul,735.1
214,Dominican Rep.,2022,Aug,622.0
214,Dominican Rep.,2022,Sep,430.1
214,Dominican Rep.,2022,Oct,491.8
214,Dominican Rep.,2022,Nov,571.4
214,Dominican Rep.,2022,Dec,765.9
214,Dominican Rep.,2023,Jan,674.8
214,Dominican Rep.,2023,Feb,661.1
214,Dominican Rep.,2023,Mar,740.3
214,Dominican Rep.,2023,Apr,681.6
214,Dominican Rep.,2023,May,621.6
214,Dominican Rep.,2023,Jun,707.3
214,Dominican Rep.,2023,Jul,793.0
214,Dominican Rep.,2023,Aug,665.1
214,Dominican Rep.,2023,Sep,478.8
214,Dominican Rep.,2023,Oct,531.0
214,Dominican Rep.,2023,Nov,636.4
214,Dominican Rep.,2023,Dec,867.6
214,Dominican Rep.,2024,Jan,742.2
214,Dominican Rep.,2024,Feb,755.8
214,Dominican Rep.,2024,Mar,836.5
214,Dominican Rep.,2024,Apr,704.2
214,Dominican Rep.,2024,May,677.5
214,Dominican Rep.,2024,Jun,758.8
214,Dominican Rep.,2024,Jul,811.2
214,Dominican Rep.,2024,Aug,675.2
214,Dominican Rep.,2024,Sep,468.9
214,Dominican Rep.,2024,Oct,554.2
214,Dominican Rep.,2024,Nov,667.0
214,Dominican Rep.,2024,Dec,884.1
214,Dominican Rep.,2025,Jan,759.9
214,Dominican Rep.,2025,Feb,740.7
214,Dominican Rep.,2025,Mar,820.0
214,Dominican Rep.,2025,Apr,749.2
214,Dominican Rep.,2025,May,673.7
214,Dominican Rep.,2025,Jun,770.4
214,Dominican Rep.,2025,Jul,863.8
214,Dominican Rep.,2025,Aug,707.1
214,Dominican Rep.,2025,Sep,490.3
218,Ecuador,2015,Feb,252.1
218,Ecuador,2015,Mar,262.3
218,Ecuador,2015,Apr,227.9
218,Ecuador,2015,May,232.6
218,Ecuador,2015,Jun,281.0
218,Ecuador,2015,Jul,325.3
218,Ecuador,2015,Aug,267.7
218,Ecuador,2015,Sep,226.8
218,Ecuador,2015,Oct,242.2
218,Ecuador,2015,Nov,252.8
218,Ecuador,2015,Dec,305.7
218,Ecuador,2016,Jan,149.4
218,Ecuador,2016,Feb,128.8
218,Ecuador,2016,Mar,129.1
218,Ecuador,2016,Apr,98.8
218,Ecuador,2016,May,104.1
218,Ecuador,2016,Jun,136.6
218,Ecuador,2016,Jul,163.4
218,Ecuador,2016,Aug,128.6
218,Ecuador,2016,Sep,107.1
218,Ecuador,2016,Oct,130.7
218,Ecuador,2016,Nov,122.0
218,Ecuador,2016,Dec,170.6
218,Ecuador,2017,Jan,156.0
218,Ecuador,2017,Feb,136.1
218,Ecuador,2017,Mar,126.9
218,Ecuador,2017,Apr,120.6
218,Ecuador,2017,May,121.6
218,Ecuador,2017,Jun,160.6
218,Ecuador,2017,Jul,188.3
218,Ecuador,2017,Aug,150.5
218,Ecuador,2017,Sep,130.8
218,Ecuador,2017,Oct,146.8
218,Ecuador,2017,Nov,153.8
218,Ecuador,2017,Dec,213.6
218,Ecuador,2018,Jan,205.5
218,Ecuador,2018,Feb,197.6
218,Ecuador,2018,Mar,205.4
218,Ecuador,2018,Apr,183.4
218,Ecuador,2018,May,204.4
218,Ecuador,2018,Jun,230.5
218,Ecuador,2018,Jul,254.2
218,Ecuador,2018,Aug,221.4
218,Ecuador,2018,Sep,178.3
218,Ecuador,2018,Oct,218.8
218,Ecuador,2018,Nov,185.6
218,Ecuador,2018,Dec,250.2
218,Ecuador,2019,Jan,187.9
218,Ecuador,2019,Feb,161.4
218,Ecuador,2019,Mar,150.2
218,Ecuador,2019,Apr,192.2
218,Ecuador,2019,May,208.7
218,Ecuador,2019,Jun,243.4
218,Ecuador,2019,Jul,225.8
218,Ecuador,2019,Aug,226.3
218,Ecuador,2019,Sep,108.9
218,Ecuador,2019,Oct,101.7
218,Ecuador,2019,Nov,119.1
218,Ecuador,2019,Dec,182.1
218,Ecuador,2020,Jan,147.1
218,Ecuador,2020,Feb,143.8
218,Ecuador,2020,Mar,51.9
218,Ecuador,2020,Apr,1.4
218,Ecuador,2020,May,1.8
218,Ecuador,2020,Jun,4.3
218,Ecuador,2020,Jul,11.1
218,Ecuador,2020,Aug,14.4
218,Ecuador,2020,Sep,16.9
218,Ecuador,2020,Oct,26.3
218,Ecuador,2020,Nov,31.6
218,Ecuador,2020,Dec,56.7
218,Ecuador,2021,Jan,30.1
218,Ecuador,2021,Feb,32.4
218,Ecuador,2021,Mar,35.3
218,Ecuador,2021,Apr,31.0
218,Ecuador,2021,May,36.8
218,Ecuador,2021,Jun,56.0
218,Ecuador,2021,Jul,76.2
218,Ecuador,2021,Aug,66.8
218,Ecuador,2021,Sep,57.4
218,Ecuador,2021,Oct,66.3
218,Ecuador,2021,Nov,72.0
218,Ecuador,2021,Dec,109.1
218,Ecuador,2022,Jan,64.6
218,Ecuador,2022,Feb,81.0
218,Ecuador,2022,Mar,87.8
218,Ecuador,2022,Apr,96.7
218,Ecuador,2022,May,95.8
218,Ecuador,2022,Jun,104.2
218,Ecuador,2022,Jul,131.2
218,Ecuador,2022,Aug,113.0
218,Ecuador,2022,Sep,105.8
218,Ecuador,2022,Oct,128.5
218,Ecuador,2022,Nov,115.1
218,Ecuador,2022,Dec,141.2
218,Ecuador,2023,Jan,122.8
218,Ecuador,2023,Feb,120.2
218,Ecuador,2023,Mar,113.1
218,Ecuador,2023,Apr,104.3
218,Ecuador,2023,May,105.4
218,Ecuador,2023,Jun,133.2
218,Ecuador,2023,Jul,149.5
218,Ecuador,2023,Aug,116.0
218,Ecuador,2023,Sep,96.3
218,Ecuador,2023,Oct,109.1
218,Ecuador,2023,Nov,109.8
218,Ecuador,2023,Dec,146.8
218,Ecuador,2024,Jan,95.8
218,Ecuador,2024,Feb,90.3
218,Ecuador,2024,Mar,95.4
218,Ecuador,2024,Apr,88.7
218,Ecuador,2024,May,96.9
218,Ecuador,2024,Jun,122.1
218,Ecuador,2024,Jul,127.7
218,Ecuador,2024,Aug,110.8
218,Ecuador,2024,Sep,91.8
218,Ecuador,2024,Oct,103.1
218,Ecuador,2024,Nov,101.0
218,Ecuador,2024,Dec,139.2
218,Ecuador,2025,Jan,118.2
218,Ecuador,2025,Feb,110.1
218,Ecuador,2025,Mar,101.6
218,Ecuador,2025,Apr,102.3
218,Ecuador,2025,May,99.1
218,Ecuador,2025,Jun,118.7
218,Ecuador,2025,Jul,138.6
218,Ecuador,2025,Aug,117.9
218,Ecuador,2025,Sep,95.9
818,Egypt,2015,Feb,623.2
818,Egypt,2015,Mar,816.6
818,Egypt,2015,Apr,909.0
818,Egypt,2015,May,879.7
818,Egypt,2015,Jun,801.0
818,Egypt,2015,Jul,895.9
818,Egypt,2015,Aug,898.4
818,Egypt,2015,Sep,787.6
818,Egypt,2015,Oct,893.5
818,Egypt,2015,Nov,546.6
818,Egypt,2015,Dec,427.6
818,Egypt,2016,Jan,350.8
818,Egypt,2016,Feb,337.9
818,Egypt,2016,Mar,428.6
818,Egypt,2016,Apr,412.8
818,Egypt,2016,May,420.2
818,Egypt,2016,Jun,316.3
818,Egypt,2016,Jul,516.6
818,Egypt,2016,Aug,492.8
818,Egypt,2016,Sep,462.0
818,Egypt,2016,Oct,494.1
818,Egypt,2016,Nov,488.4
818,Egypt,2016,Dec,537.2
818,Egypt,2017,Jan,529.8
818,Egypt,2017,Feb,529.1
818,Egypt,2017,Mar,642.1
818,Egypt,2017,Apr,703.2
818,Egypt,2017,May,563.5
818,Egypt,2017,Jun,522.6
818,Egypt,2017,Jul,771.6
818,Egypt,2017,Aug,809.9
818,Egypt,2017,Sep,720.9
818,Egypt,2017,Oct,816.0
818,Egypt,2017,Nov,766.4
818,Egypt,2017,Dec,781.3
818,Egypt,2018,Jan,701.3
818,Egypt,2018,Feb,719.1
818,Egypt,2018,Mar,929.3
818,Egypt,2018,Apr,973.0
818,Egypt,2018,May,807.0
818,Egypt,2018,Jun,843.4
818,Egypt,2018,Jul,1090.0
818,Egypt,2018,Aug,1083.0
818,Egypt,2018,Sep,982.0
818,Egypt,2018,Oct,1065.0
818,Egypt,2018,Nov,981.6
818,Egypt,2018,Dec,1021.0
818,Egypt,2019,Jan,850.1
818,Egypt,2019,Feb,877.7
818,Egypt,2019,Mar,1087.0
818,Egypt,2019,Apr,1197.0
818,Egypt,2019,May,920.3
818,Egypt,2019,Jun,1073.0
818,Egypt,2019,Jul,1216.0
818,Egypt,2019,Aug,1208.0
818,Egypt,2019,Sep,1102.0
818,Egypt,2019,Oct,1208.0
818,Egypt,2019,Nov,1083.0
818,Egypt,2019,Dec,1053.0
818,Egypt,2020,Jan,933.9
818,Egypt,2020,Feb,930.8
818,Egypt,2020,Mar,387.8
818,Egypt,2020,Apr,0.6
818,Egypt,2020,May,1.8
818,Egypt,2020,Jun,3.8
818,Egypt,2020,Jul,86.6
818,Egypt,2020,Aug,219.2
818,Egypt,2020,Sep,211.6
818,Egypt,2020,Oct,294.1
818,Egypt,2020,Nov,264.1
818,Egypt,2020,Dec,284.2
818,Egypt,2021,Jan,262.3
818,Egypt,2021,Feb,299.1
818,Egypt,2021,Mar,475.2
818,Egypt,2021,Apr,522.8
818,Egypt,2021,May,506.4
818,Egypt,2021,Jun,560.9
818,Egypt,2021,Jul,699.4
818,Egypt,2021,Aug,734.7
818,Egypt,2021,Sep,793.4
818,Egypt,2021,Oct,1110.0
818,Egypt,2021,Nov,1079.0
818,Egypt,2021,Dec,924.3
818,Egypt,2022,Jan,730.0
818,Egypt,2022,Feb,709.0
818,Egypt,2022,Mar,767.0
818,Egypt,2022,Apr,839.0
818,Egypt,2022,May,919.0
818,Egypt,2022,Jun,922.0
818,Egypt,2022,Jul,1163.0
818,Egypt,2022,Aug,1194.0
818,Egypt,2022,Sep,1048.0
818,Egypt,2022,Oct,1245.0
818,Egypt,2022,Nov,1047.0
818,Egypt,2022,Dec,1081.0
818,Egypt,2023,Jan,937.0
818,Egypt,2023,Feb,1001.0
818,Egypt,2023,Mar,1216.0
818,Egypt,2023,Apr,1368.0
818,Egypt,2023,May,1344.0
818,Egypt,2023,Jun,1196.0
818,Egypt,2023,Jul,1418.0
818,Egypt,2023,Aug,1451.0
818,Egypt,2023,Sep,1325.0
818,Egypt,2023,Oct,1368.0
818,Egypt,2023,Nov,1152.0
818,Egypt,2023,Dec,1129.0
818,Egypt,2024,Jan,977.0
818,Egypt,2024,Feb,1112.0
818,Egypt,2024,Mar,1170.0
818,Egypt,2024,Apr,1351.0
818,Egypt,2024,May,1246.0
818,Egypt,2024,Jun,1229.0
818,Egypt,2024,Jul,1483.0
818,Egypt,2024,Aug,1460.0
818,Egypt,2024,Sep,1342.0
818,Egypt,2024,Oct,1527.0
818,Egypt,2024,Nov,1428.0
818,Egypt,2024,Dec,1456.0
818,Egypt,2025,Jan,1271.0
818,Egypt,2025,Feb,1300.0
818,Egypt,2025,Mar,1374.0
818,Egypt,2025,Apr,1749.0
818,Egypt,2025,May,1484.0
818,Egypt,2025,Jun,1500.0
818,Egypt,2025,Jul,1750.0
818,Egypt,2025,Aug,1753.0
818,Egypt,2025,Sep,1605.0
222,El Salvador,2015,Feb,106.6
222,El Salvador,2015,Mar,103.6
222,El Salvador,2015,Apr,114.8
222,El Salvador,2015,May,122.8
222,El Salvador,2015,Jun,126.0
222,El Salvador,2015,Jul,124.8
222,El Salvador,2015,Aug,129.2
222,El Salvador,2015,Sep,94.7
222,El Salvador,2015,Oct,90.8
222,El Salvador,2015,Nov,118.9
222,El Salvador,2015,Dec,164.2
222,El Salvador,2016,Jan,108.2
222,El Salvador,2016,Feb,109.9
222,El Salvador,2016,Mar,110.9
222,El Salvador,2016,Apr,107.4
222,El Salvador,2016,May,116.0
222,El Salvador,2016,Jun,125.6
222,El Salvador,2016,Jul,131.6
222,El Salvador,2016,Aug,133.9
222,El Salvador,2016,Sep,92.9
222,El Salvador,2016,Oct,102.9
222,El Salvador,2016,Nov,127.7
222,El Salvador,2016,Dec,166.7
222,El Salvador,2017,Jan,123.0
222,El Salvador,2017,Feb,103.2
222,El Salvador,2017,Mar,113.6
222,El Salvador,2017,Apr,127.7
222,El Salvador,2017,May,114.1
222,El Salvador,2017,Jun,136.1
222,El Salvador,2017,Jul,147.3
222,El Salvador,2017,Aug,147.9
222,El Salvador,2017,Sep,103.2
222,El Salvador,2017,Oct,112.9
222,El Salvador,2017,Nov,135.7
222,El Salvador,2017,Dec,191.4
222,El Salvador,2018,Jan,126.3
222,El Salvador,2018,Feb,115.9
222,El Salvador,2018,Mar,142.9
222,El Salvador,2018,Apr,124.4
222,El Salvador,2018,May,121.5
222,El Salvador,2018,Jun,153.0
222,El Salvador,2018,Jul,166.8
222,El Salvador,2018,Aug,172.8
222,El Salvador,2018,Sep,114.7
222,El Salvador,2018,Oct,118.1
222,El Salvador,2018,Nov,143.1
222,El Salvador,2018,Dec,177.9
222,El Salvador,2019,Jan,142.3
222,El Salvador,2019,Feb,118.8
222,El Salvador,2019,Mar,143.5
222,El Salvador,2019,Apr,152.7
222,El Salvador,2019,May,115.8
222,El Salvador,2019,Jun,150.5
222,El Salvador,2019,Jul,188.7
222,El Salvador,2019,Aug,162.6
222,El Salvador,2019,Sep,119.1
222,El Salvador,2019,Oct,132.2
222,El Salvador,2019,Nov,149.2
222,El Salvador,2019,Dec,190.1
222,El Salvador,2020,Jan,154.9
222,El Salvador,2020,Feb,135.2
222,El Salvador,2020,Mar,50.0
222,El Salvador,2020,Apr,0.0
222,El Salvador,2020,May,0.0
222,El Salvador,2020,Jun,0.0
222,El Salvador,2020,Jul,0.0
222,El Salvador,2020,Aug,0.0
222,El Salvador,2020,Sep,7.9
222,El Salvador,2020,Oct,46.8
222,El Salvador,2020,Nov,57.3
222,El Salvador,2020,Dec,96.6
222,El Salvador,2021,Jan,52.9
222,El Salvador,2021,Feb,48.7
222,El Salvador,2021,Mar,68.3
222,El Salvador,2021,Apr,73.0
222,El Salvador,2021,May,88.0
222,El Salvador,2021,Jun,113.9
222,El Salvador,2021,Jul,134.0
222,El Salvador,2021,Aug,109.5
222,El Salvador,2021,Sep,96.8
222,El Salvador,2021,Oct,118.1
222,El Salvador,2021,Nov,117.1
222,El Salvador,2021,Dec,198.8
222,El Salvador,2022,Jan,115.2
222,El Salvador,2022,Feb,124.1
222,El Salvador,2022,Mar,138.9
222,El Salvador,2022,Apr,151.3
222,El Salvador,2022,May,139.4
222,El Salvador,2022,Jun,157.8
222,El Salvador,2022,Jul,192.8
222,El Salvador,2022,Aug,164.9
222,El Salvador,2022,Sep,135.7
222,El Salvador,2022,Oct,170.7
222,El Salvador,2022,Nov,173.4
222,El Salvador,2022,Dec,227.1
222,El Salvador,2023,Jan,176.2
222,El Salvador,2023,Feb,153.9
222,El Salvador,2023,Mar,181.1
222,El Salvador,2023,Apr,189.9
222,El Salvador,2023,May,168.7
222,El Salvador,2023,Jun,205.1
222,El Salvador,2023,Jul,257.2
222,El Salvador,2023,Aug,224.8
222,El Salvador,2023,Sep,194.3
222,El Salvador,2023,Oct,199.5
222,El Salvador,2023,Nov,230.3
222,El Salvador,2023,Dec,298.2
222,El Salvador,2024,Jan,250.9
222,El Salvador,2024,Feb,229.9
222,El Salvador,2024,Mar,287.4
222,El Salvador,2024,Apr,254.7
222,El Salvador,2024,May,243.6
222,El Salvador,2024,Jun,276.9
222,El Salvador,2024,Jul,289.8
222,El Salvador,2024,Aug,267.4
222,El Salvador,2024,Sep,214.5
222,El Salvador,2024,Oct,249.0
222,El Salvador,2024,Nov,268.0
222,El Salvador,2024,Dec,355.0
222,El Salvador,2025,Jan,290.0
222,El Salvador,2025,Feb,231.8
222,El Salvador,2025,Mar,260.0
222,El Salvador,2025,Apr,286.1
222,El Salvador,2025,May,245.6
222,El Salvador,2025,Jun,281.6
222,El Salvador,2025,Jul,314.7
222,El Salvador,2025,Aug,286.3
222,El Salvador,2025,Sep,233.6
233,Estonia,2015,Feb,92.5
233,Estonia,2015,Mar,105.9
233,Estonia,2015,Apr,132.7
233,Estonia,2015,May,183.0
233,Estonia,2015,Jun,210.5
233,Estonia,2015,Jul,295.4
233,Estonia,2015,Aug,240.2
233,Estonia,2015,Sep,157.5
233,Estonia,2015,Oct,158.5
233,Estonia,2015,Nov,123.8
233,Estonia,2015,Dec,138.5
233,Estonia,2016,Jan,98.2
233,Estonia,2016,Feb,95.9
233,Estonia,2016,Mar,120.9
233,Estonia,2016,Apr,140.0
233,Estonia,2016,May,190.9
233,Estonia,2016,Jun,223.5
233,Estonia,2016,Jul,315.3
233,Estonia,2016,Aug,255.7
233,Estonia,2016,Sep,168.6
233,Estonia,2016,Oct,167.4
233,Estonia,2016,Nov,129.2
233,Estonia,2016,Dec,153.0
233,Estonia,2017,Jan,105.9
233,Estonia,2017,Feb,112.9
233,Estonia,2017,Mar,126.5
233,Estonia,2017,Apr,157.4
233,Estonia,2017,May,196.9
233,Estonia,2017,Jun,237.6
233,Estonia,2017,Jul,312.3
233,Estonia,2017,Aug,263.1
233,Estonia,2017,Sep,182.5
233,Estonia,2017,Oct,165.6
233,Estonia,2017,Nov,138.8
233,Estonia,2017,Dec,156.6
233,Estonia,2018,Jan,118.2
233,Estonia,2018,Feb,115.2
233,Estonia,2018,Mar,132.7
233,Estonia,2018,Apr,150.5
233,Estonia,2018,May,202.2
233,Estonia,2018,Jun,231.4
233,Estonia,2018,Jul,305.0
233,Estonia,2018,Aug,263.0
233,Estonia,2018,Sep,178.2
233,Estonia,2018,Oct,162.7
233,Estonia,2018,Nov,128.9
233,Estonia,2018,Dec,152.5
233,Estonia,2019,Jan,113.6
233,Estonia,2019,Feb,110.6
233,Estonia,2019,Mar,124.0
233,Estonia,2019,Apr,156.2
233,Estonia,2019,May,211.3
233,Estonia,2019,Jun,254.9
233,Estonia,2019,Jul,328.2
233,Estonia,2019,Aug,286.2
233,Estonia,2019,Sep,190.5
233,Estonia,2019,Oct,172.7
233,Estonia,2019,Nov,146.0
233,Estonia,2019,Dec,159.4
233,Estonia,2020,Jan,128.4
233,Estonia,2020,Feb,120.6
233,Estonia,2020,Mar,45.2
233,Estonia,2020,Apr,1.3
233,Estonia,2020,May,5.4
233,Estonia,2020,Jun,41.8
233,Estonia,2020,Jul,136.4
233,Estonia,2020,Aug,111.8
233,Estonia,2020,Sep,37.7
233,Estonia,2020,Oct,19.0
233,Estonia,2020,Nov,15.0
233,Estonia,2020,Dec,13.4
233,Estonia,2021,Jan,10.4
233,Estonia,2021,Feb,12.5
233,Estonia,2021,Mar,8.7
233,Estonia,2021,Apr,8.7
233,Estonia,2021,May,14.8
233,Estonia,2021,Jun,31.7
233,Estonia,2021,Jul,85.2
233,Estonia,2021,Aug,97.0
233,Estonia,2021,Sep,74.3
233,Estonia,2021,Oct,82.5
233,Estonia,2021,Nov,65.6
233,Estonia,2021,Dec,71.3
233,Estonia,2022,Jan,53.4
233,Estonia,2022,Feb,60.0
233,Estonia,2022,Mar,76.6
233,Estonia,2022,Apr,105.7
233,Estonia,2022,May,116.9
233,Estonia,2022,Jun,149.9
233,Estonia,2022,Jul,229.4
233,Estonia,2022,Aug,188.6
233,Estonia,2022,Sep,129.6
233,Estonia,2022,Oct,130.8
233,Estonia,2022,Nov,105.3
233,Estonia,2022,Dec,120.7
233,Estonia,2023,Jan,82.2
233,Estonia,2023,Feb,102.9
233,Estonia,2023,Mar,101.7
233,Estonia,2023,Apr,126.3
233,Estonia,2023,May,141.0
233,Estonia,2023,Jun,162.8
233,Estonia,2023,Jul,242.1
233,Estonia,2023,Aug,203.9
233,Estonia,2023,Sep,138.2
233,Estonia,2023,Oct,124.4
233,Estonia,2023,Nov,103.6
233,Estonia,2023,Dec,140.6
233,Estonia,2024,Jan,83.1
233,Estonia,2024,Feb,107.4
233,Estonia,2024,Mar,115.7
233,Estonia,2024,Apr,115.7
233,Estonia,2024,May,163.2
233,Estonia,2024,Jun,203.7
233,Estonia,2024,Jul,272.5
233,Estonia,2024,Aug,231.8
233,Estonia,2024,Sep,152.9
233,Estonia,2024,Oct,142.8
233,Estonia,2024,Nov,118.7
233,Estonia,2024,Dec,147.6
233,Estonia,2025,Jan,95.4
233,Estonia,2025,Feb,110.5
233,Estonia,2025,Mar,108.1
233,Estonia,2025,Apr,133.8
233,Estonia,2025,May,169.3
233,Estonia,2025,Jun,214.6
233,Estonia,2025,Jul,278.2
233,Estonia,2025,Aug,240.7
233,Estonia,2025,Sep,157.5
748,Eswatini,2015,Feb,89.9
748,Eswatini,2015,Mar,100.0
748,Eswatini,2015,Apr,115.2
748,Eswatini,2015,May,92.6
748,Eswatini,2015,Jun,86.0
748,Eswatini,2015,Jul,104.3
748,Eswatini,2015,Aug,115.0
748,Eswatini,2015,Sep,100.0
748,Eswatini,2015,Oct,107.0
748,Eswatini,2015,Nov,101.5
748,Eswatini,2015,Dec,116.9
748,Eswatini,2016,Jan,113.6
748,Eswatini,2016,Feb,85.3
748,Eswatini,2016,Mar,109.3
748,Eswatini,2016,Apr,93.0
748,Eswatini,2016,May,106.2
748,Eswatini,2016,Jun,91.7
748,Eswatini,2016,Jul,113.7
748,Eswatini,2016,Aug,116.0
748,Eswatini,2016,Sep,102.9
748,Eswatini,2016,Oct,114.0
748,Eswatini,2016,Nov,99.5
748,Eswatini,2016,Dec,133.2
748,Eswatini,2017,Jan,116.5
748,Eswatini,2017,Feb,82.2
748,Eswatini,2017,Mar,93.8
748,Eswatini,2017,Apr,116.0
748,Eswatini,2017,May,105.3
748,Eswatini,2017,Jun,109.5
748,Eswatini,2017,Jul,122.7
748,Eswatini,2017,Aug,116.9
748,Eswatini,2017,Sep,117.2
748,Eswatini,2017,Oct,119.1
748,Eswatini,2017,Nov,105.9
748,Eswatini,2017,Dec,137.4
748,Eswatini,2018,Jan,114.1
748,Eswatini,2018,Feb,89.2
748,Eswatini,2018,Mar,98.4
748,Eswatini,2018,Apr,115.0
748,Eswatini,2018,May,99.4
748,Eswatini,2018,Jun,92.0
748,Eswatini,2018,Jul,114.2
748,Eswatini,2018,Aug,112.4
748,Eswatini,2018,Sep,115.0
748,Eswatini,2018,Oct,105.4
748,Eswatini,2018,Nov,98.1
748,Eswatini,2018,Dec,124.0
748,Eswatini,2019,Jan,91.9
748,Eswatini,2019,Feb,72.9
748,Eswatini,2019,Mar,98.3
748,Eswatini,2019,Apr,102.1
748,Eswatini,2019,May,97.4
748,Eswatini,2019,Jun,95.5
748,Eswatini,2019,Jul,102.4
748,Eswatini,2019,Aug,108.7
748,Eswatini,2019,Sep,114.2
748,Eswatini,2019,Oct,102.9
748,Eswatini,2019,Nov,87.4
748,Eswatini,2019,Dec,112.3
748,Eswatini,2020,Jan,93.6
748,Eswatini,2020,Feb,76.0
748,Eswatini,2020,Mar,75.6
748,Eswatini,2020,Apr,3.4
748,Eswatini,2020,May,5.7
748,Eswatini,2020,Jun,7.6
748,Eswatini,2020,Jul,7.7
748,Eswatini,2020,Aug,8.6
748,Eswatini,2020,Sep,9.0
748,Eswatini,2020,Oct,15.3
748,Eswatini,2020,Nov,20.2
748,Eswatini,2020,Dec,22.8
748,Eswatini,2021,Jan,16.7
748,Eswatini,2021,Feb,9.8
748,Eswatini,2021,Mar,14.8
748,Eswatini,2021,Apr,18.0
748,Eswatini,2021,May,19.3
748,Eswatini,2021,Jun,18.1
748,Eswatini,2021,Jul,11.5
748,Eswatini,2021,Aug,16.4
748,Eswatini,2021,Sep,20.9
748,Eswatini,2021,Oct,19.3
748,Eswatini,2021,Nov,20.6
748,Eswatini,2021,Dec,25.3
748,Eswatini,2022,Jan,25.1
748,Eswatini,2022,Feb,22.6
748,Eswatini,2022,Mar,27.1
748,Eswatini,2022,Apr,32.7
748,Eswatini,2022,May,39.0
748,Eswatini,2022,Jun,37.9
748,Eswatini,2022,Jul,46.7
748,Eswatini,2022,Aug,54.5
748,Eswatini,2022,Sep,50.4
748,Eswatini,2022,Oct,57.3
748,Eswatini,2022,Nov,32.5
748,Eswatini,2022,Dec,76.7
748,Eswatini,2023,Jan,69.1
748,Eswatini,2023,Feb,47.8
748,Eswatini,2023,Mar,61.9
748,Eswatini,2023,Apr,71.9
748,Eswatini,2023,May,68.7
748,Eswatini,2023,Jun,61.5
748,Eswatini,2023,Jul,82.6
748,Eswatini,2023,Aug,76.3
748,Eswatini,2023,Sep,76.2
748,Eswatini,2023,Oct,80.1
748,Eswatini,2023,Nov,67.4
748,Eswatini,2023,Dec,79.1
748,Eswatini,2024,Jan,84.7
748,Eswatini,2024,Feb,65.9
748,Eswatini,2024,Mar,76.4
748,Eswatini,2024,Apr,64.5
748,Eswatini,2024,May,72.5
748,Eswatini,2024,Jun,83.9
748,Eswatini,2024,Jul,81.1
748,Eswatini,2024,Aug,86.1
748,Eswatini,2024,Sep,90.1
748,Eswatini,2024,Oct,75.2
748,Eswatini,2024,Nov,72.7
748,Eswatini,2024,Dec,111.2
748,Eswatini,2025,Jan,85.7
748,Eswatini,2025,Feb,72.9
748,Eswatini,2025,Mar,85.5
748,Eswatini,2025,Apr,90.7
748,Eswatini,2025,May,87.2
748,Eswatini,2025,Jun,97.7
748,Eswatini,2025,Jul,88.7
748,Eswatini,2025,Aug,92.6
748,Eswatini,2025,Sep,90.8
231,Ethiopia,2020,Jan,67.1
231,Ethiopia,2020,Feb,19.4
231,Ethiopia,2020,Mar,33.7
231,Ethiopia,2020,Apr,1.6
231,Ethiopia,2020,May,1.8
231,Ethiopia,2020,Jun,3.5
231,Ethiopia,2020,Jul,8.1
231,Ethiopia,2020,Aug,17.2
231,Ethiopia,2020,Sep,21.3
231,Ethiopia,2020,Oct,30.2
231,Ethiopia,2020,Nov,29.4
231,Ethiopia,2020,Dec,37.4
231,Ethiopia,2021,Jan,38.5
231,Ethiopia,2021,Feb,28.6
231,Ethiopia,2021,Mar,32.7
231,Ethiopia,2021,Apr,34.8
231,Ethiopia,2021,May,38.2
231,Ethiopia,2021,Jun,39.3
231,Ethiopia,2021,Jul,41.8
231,Ethiopia,2021,Aug,39.4
231,Ethiopia,2021,Sep,37.7
231,Ethiopia,2021,Oct,66.7
231,Ethiopia,2021,Nov,56.9
231,Ethiopia,2021,Dec,63.6
231,Ethiopia,2022,Jan,65.9
231,Ethiopia,2022,Feb,55.5
231,Ethiopia,2022,Mar,75.3
231,Ethiopia,2022,Apr,80.7
231,Ethiopia,2022,May,79.9
231,Ethiopia,2022,Jun,84.4
231,Ethiopia,2022,Jul,87.2
231,Ethiopia,2022,Aug,94.0
231,Ethiopia,2022,Sep,79.5
231,Ethiopia,2022,Oct,38.1
231,Ethiopia,2022,Nov,35.6
231,Ethiopia,2022,Dec,63.8
231,Ethiopia,2023,Jan,97.0
231,Ethiopia,2023,Feb,82.8
231,Ethiopia,2023,Mar,89.4
231,Ethiopia,2023,Apr,81.3
231,Ethiopia,2023,May,80.6
231,Ethiopia,2023,Jun,80.6
231,Ethiopia,2023,Jul,86.0
231,Ethiopia,2023,Aug,87.2
231,Ethiopia,2023,Sep,87.3
231,Ethiopia,2023,Oct,94.4
231,Ethiopia,2023,Nov,102.9
231,Ethiopia,2023,Dec,108.3
231,Ethiopia,2024,Jan,91.4
231,Ethiopia,2024,Feb,88.8
231,Ethiopia,2024,Mar,82.5
231,Ethiopia,2024,Apr,79.0
231,Ethiopia,2024,May,102.4
231,Ethiopia,2024,Jun,94.6
231,Ethiopia,2024,Jul,103.6
231,Ethiopia,2024,Aug,97.4
231,Ethiopia,2024,Sep,77.4
231,Ethiopia,2024,Oct,101.1
231,Ethiopia,2024,Nov,105.1
231,Ethiopia,2024,Dec,115.4
231,Ethiopia,2025,Jan,114.6
231,Ethiopia,2025,Feb,82.2
231,Ethiopia,2025,Mar,83.7
231,Ethiopia,2025,Apr,98.3
231,Ethiopia,2025,May,100.8
231,Ethiopia,2025,Jun,110.2
231,Ethiopia,2025,Jul,136.8
231,Ethiopia,2025,Aug,125.3
231,Ethiopia,2025,Sep,114.5
242,Fiji,2015,Feb,42.2
242,Fiji,2015,Mar,51.0
242,Fiji,2015,Apr,59.0
242,Fiji,2015,May,60.5
242,Fiji,2015,Jun,72.5
242,Fiji,2015,Jul,79.5
242,Fiji,2015,Aug,73.3
242,Fiji,2015,Sep,71.8
242,Fiji,2015,Oct,69.1
242,Fiji,2015,Nov,59.6
242,Fiji,2015,Dec,66.0
242,Fiji,2016,Jan,57.7
242,Fiji,2016,Feb,44.3
242,Fiji,2016,Mar,56.0
242,Fiji,2016,Apr,58.2
242,Fiji,2016,May,60.4
242,Fiji,2016,Jun,73.1
242,Fiji,2016,Jul,85.7
242,Fiji,2016,Aug,76.3
242,Fiji,2016,Sep,71.8
242,Fiji,2016,Oct,73.6
242,Fiji,2016,Nov,62.5
242,Fiji,2016,Dec,72.7
242,Fiji,2017,Jan,64.9
242,Fiji,2017,Feb,43.9
242,Fiji,2017,Mar,54.4
242,Fiji,2017,Apr,68.5
242,Fiji,2017,May,64.4
242,Fiji,2017,Jun,76.6
242,Fiji,2017,Jul,90.1
242,Fiji,2017,Aug,82.3
242,Fiji,2017,Sep,77.0
242,Fiji,2017,Oct,78.2
242,Fiji,2017,Nov,65.2
242,Fiji,2017,Dec,77.4
242,Fiji,2018,Jan,62.6
242,Fiji,2018,Feb,48.8
242,Fiji,2018,Mar,60.1
242,Fiji,2018,Apr,63.5
242,Fiji,2018,May,67.3
242,Fiji,2018,Jun,81.7
242,Fiji,2018,Jul,95.1
242,Fiji,2018,Aug,88.7
242,Fiji,2018,Sep,81.4
242,Fiji,2018,Oct,79.1
242,Fiji,2018,Nov,65.0
242,Fiji,2018,Dec,77.1
242,Fiji,2019,Jan,63.8
242,Fiji,2019,Feb,48.7
242,Fiji,2019,Mar,59.3
242,Fiji,2019,Apr,76.8
242,Fiji,2019,May,73.2
242,Fiji,2019,Jun,85.7
242,Fiji,2019,Jul,96.4
242,Fiji,2019,Aug,88.8
242,Fiji,2019,Sep,81.4
242,Fiji,2019,Oct,77.5
242,Fiji,2019,Nov,69.1
242,Fiji,2019,Dec,73.7
242,Fiji,2020,Jan,65.4
242,Fiji,2020,Feb,46.3
242,Fiji,2020,Mar,28.0
242,Fiji,2020,Apr,0.7
242,Fiji,2020,May,0.7
242,Fiji,2020,Jun,0.4
242,Fiji,2020,Jul,0.7
242,Fiji,2020,Aug,1.0
242,Fiji,2020,Sep,1.0
242,Fiji,2020,Oct,1.1
242,Fiji,2020,Nov,0.9
242,Fiji,2020,Dec,0.7
242,Fiji,2021,Jan,1.0
242,Fiji,2021,Feb,1.3
242,Fiji,2021,Mar,2.0
242,Fiji,2021,Apr,0.8
242,Fiji,2021,May,0.4
242,Fiji,2021,Jun,0.3
242,Fiji,2021,Jul,0.5
242,Fiji,2021,Aug,0.4
242,Fiji,2021,Sep,0.5
242,Fiji,2021,Oct,0.6
242,Fiji,2021,Nov,0.7
242,Fiji,2021,Dec,23.2
242,Fiji,2022,Jan,16.5
242,Fiji,2022,Feb,11.0
242,Fiji,2022,Mar,21.4
242,Fiji,2022,Apr,46.7
242,Fiji,2022,May,47.8
242,Fiji,2022,Jun,62.1
242,Fiji,2022,Jul,78.6
242,Fiji,2022,Aug,70.1
242,Fiji,2022,Sep,72.7
242,Fiji,2022,Oct,70.2
242,Fiji,2022,Nov,63.6
242,Fiji,2022,Dec,75.6
242,Fiji,2023,Jan,67.5
242,Fiji,2023,Feb,47.2
242,Fiji,2023,Mar,60.5
242,Fiji,2023,Apr,77.0
242,Fiji,2023,May,75.1
242,Fiji,2023,Jun,90.5
242,Fiji,2023,Jul,93.5
242,Fiji,2023,Aug,87.4
242,Fiji,2023,Sep,90.4
242,Fiji,2023,Oct,83.0
242,Fiji,2023,Nov,74.7
242,Fiji,2023,Dec,82.8
242,Fiji,2024,Jan,70.3
242,Fiji,2024,Feb,54.7
242,Fiji,2024,Mar,69.3
242,Fiji,2024,Apr,77.3
242,Fiji,2024,May,82.9
242,Fiji,2024,Jun,92.6
242,Fiji,2024,Jul,98.3
242,Fiji,2024,Aug,94.8
242,Fiji,2024,Sep,92.6
242,Fiji,2024,Oct,89.4
242,Fiji,2024,Nov,76.8
242,Fiji,2024,Dec,83.8
242,Fiji,2025,Jan,70.8
242,Fiji,2025,Feb,49.5
242,Fiji,2025,Mar,63.8
242,Fiji,2025,Apr,80.4
242,Fiji,2025,May,86.6
242,Fiji,2025,Jun,92.7
242,Fiji,2025,Jul,99.3
242,Fiji,2025,Aug,99.7
242,Fiji,2025,Sep,92.3
246,Finland,2015,Feb,167.5
246,Finland,2015,Mar,178.9
246,Finland,2015,Apr,142.3
246,Finland,2015,May,190.9
246,Finland,2015,Jun,285.0
246,Finland,2015,Jul,377.6
246,Finland,2015,Aug,334.9
246,Finland,2015,Sep,201.2
246,Finland,2015,Oct,164.1
246,Finland,2015,Nov,163.3
246,Finland,2015,Dec,231.3
246,Finland,2016,Jan,202.5
246,Finland,2016,Feb,198.9
246,Finland,2016,Mar,182.8
246,Finland,2016,Apr,146.3
246,Finland,2016,May,198.6
246,Finland,2016,Jun,298.9
246,Finland,2016,Jul,375.5
246,Finland,2016,Aug,345.1
246,Finland,2016,Sep,215.4
246,Finland,2016,Oct,166.3
246,Finland,2016,Nov,179.2
246,Finland,2016,Dec,279.5
246,Finland,2017,Jan,240.4
246,Finland,2017,Feb,231.4
246,Finland,2017,Mar,221.8
246,Finland,2017,Apr,169.2
246,Finland,2017,May,217.6
246,Finland,2017,Jun,343.9
246,Finland,2017,Jul,423.2
246,Finland,2017,Aug,391.8
246,Finland,2017,Sep,238.2
246,Finland,2017,Oct,182.6
246,Finland,2017,Nov,202.5
246,Finland,2017,Dec,317.7
246,Finland,2018,Jan,260.6
246,Finland,2018,Feb,247.0
246,Finland,2018,Mar,241.2
246,Finland,2018,Apr,174.8
246,Finland,2018,May,213.1
246,Finland,2018,Jun,330.3
246,Finland,2018,Jul,396.8
246,Finland,2018,Aug,382.4
246,Finland,2018,Sep,234.7
246,Finland,2018,Oct,198.6
246,Finland,2018,Nov,205.4
246,Finland,2018,Dec,339.3
246,Finland,2019,Jan,264.2
246,Finland,2019,Feb,254.8
246,Finland,2019,Mar,243.8
246,Finland,2019,Apr,170.7
246,Finland,2019,May,229.8
246,Finland,2019,Jun,333.7
246,Finland,2019,Jul,396.3
246,Finland,2019,Aug,388.4
246,Finland,2019,Sep,252.7
246,Finland,2019,Oct,209.7
246,Finland,2019,Nov,207.2
246,Finland,2019,Dec,338.9
246,Finland,2020,Jan,288.0
246,Finland,2020,Feb,249.5
246,Finland,2020,Mar,102.3
246,Finland,2020,Apr,3.6
246,Finland,2020,May,4.9
246,Finland,2020,Jun,20.9
246,Finland,2020,Jul,62.9
246,Finland,2020,Aug,66.9
246,Finland,2020,Sep,30.6
246,Finland,2020,Oct,23.4
246,Finland,2020,Nov,22.3
246,Finland,2020,Dec,20.5
246,Finland,2021,Jan,18.8
246,Finland,2021,Feb,17.6
246,Finland,2021,Mar,13.9
246,Finland,2021,Apr,14.9
246,Finland,2021,May,21.5
246,Finland,2021,Jun,33.4
246,Finland,2021,Jul,83.0
246,Finland,2021,Aug,116.5
246,Finland,2021,Sep,86.2
246,Finland,2021,Oct,83.1
246,Finland,2021,Nov,112.5
246,Finland,2021,Dec,205.7
246,Finland,2022,Jan,107.2
246,Finland,2022,Feb,120.2
246,Finland,2022,Mar,138.7
246,Finland,2022,Apr,96.9
246,Finland,2022,May,139.3
246,Finland,2022,Jun,199.5
246,Finland,2022,Jul,271.0
246,Finland,2022,Aug,271.4
246,Finland,2022,Sep,196.9
246,Finland,2022,Oct,139.5
246,Finland,2022,Nov,163.8
246,Finland,2022,Dec,283.1
246,Finland,2023,Jan,201.9
246,Finland,2023,Feb,201.9
246,Finland,2023,Mar,195.4
246,Finland,2023,Apr,124.9
246,Finland,2023,May,173.2
246,Finland,2023,Jun,234.2
246,Finland,2023,Jul,296.3
246,Finland,2023,Aug,295.5
246,Finland,2023,Sep,189.7
246,Finland,2023,Oct,148.2
246,Finland,2023,Nov,186.1
246,Finland,2023,Dec,313.3
246,Finland,2024,Jan,227.8
246,Finland,2024,Feb,246.9
246,Finland,2024,Mar,220.9
246,Finland,2024,Apr,129.5
246,Finland,2024,May,167.4
246,Finland,2024,Jun,265.7
246,Finland,2024,Jul,336.3
246,Finland,2024,Aug,328.0
246,Finland,2024,Sep,205.8
246,Finland,2024,Oct,174.1
246,Finland,2024,Nov,223.5
246,Finland,2024,Dec,378.1
246,Finland,2025,Jan,274.9
246,Finland,2025,Feb,274.0
246,Finland,2025,Mar,261.0
246,Finland,2025,Apr,149.7
246,Finland,2025,May,208.7
246,Finland,2025,Jun,302.1
246,Finland,2025,Jul,367.6
246,Finland,2025,Aug,376.4
246,Finland,2025,Sep,239.5
250,France,2015,Feb,2011.0
250,France,2015,Mar,2491.0
250,France,2015,Apr,3241.0
250,France,2015,May,4501.0
250,France,2015,Jun,5230.0
250,France,2015,Jul,7918.0
250,France,2015,Aug,7713.0
250,France,2015,Sep,4849.0
250,France,2015,Oct,3128.0
250,France,2015,Nov,1879.0
250,France,2015,Dec,1994.0
250,France,2016,Jan,1748.0
250,France,2016,Feb,1916.0
250,France,2016,Mar,2756.0
250,France,2016,Apr,2746.0
250,France,2016,May,4222.0
250,France,2016,Jun,5134.0
250,France,2016,Jul,7569.0
250,France,2016,Aug,7019.0
250,France,2016,Sep,4592.0
250,France,2016,Oct,2980.0
250,France,2016,Nov,2010.0
250,France,2016,Dec,2309.0
250,France,2017,Jan,2025.0
250,France,2017,Feb,2053.0
250,France,2017,Mar,2581.0
250,France,2017,Apr,3994.0
250,France,2017,May,4094.0
250,France,2017,Jun,5466.0
250,France,2017,Jul,7834.0
250,France,2017,Aug,7590.0
250,France,2017,Sep,5122.0
250,France,2017,Oct,3296.0
250,France,2017,Nov,2213.0
250,France,2017,Dec,2653.0
250,France,2018,Jan,2199.0
250,France,2018,Feb,2335.0
250,France,2018,Mar,3262.0
250,France,2018,Apr,3797.0
250,France,2018,May,4738.0
250,France,2018,Jun,5729.0
250,France,2018,Jul,8273.0
250,France,2018,Aug,8110.0
250,France,2018,Sep,5428.0
250,France,2018,Oct,3577.0
250,France,2018,Nov,2429.0
250,France,2018,Dec,2629.0
250,France,2019,Jan,2191.0
250,France,2019,Feb,2247.0
250,France,2019,Mar,2927.0
250,France,2019,Apr,4288.0
250,France,2019,May,4452.0
250,France,2019,Jun,5935.0
250,France,2019,Jul,7982.0
250,France,2019,Aug,7912.0
250,France,2019,Sep,6563.0
250,France,2019,Oct,3381.0
250,France,2019,Nov,3028.0
250,France,2019,Dec,2615.0
250,France,2020,Jan,2323.0
250,France,2020,Feb,2240.0
250,France,2020,Mar,1016.0
250,France,2020,Apr,0.0
250,France,2020,May,0.0
250,France,2020,Jun,645.9
250,France,2020,Jul,3508.0
250,France,2020,Aug,3371.0
250,France,2020,Sep,1346.0
250,France,2020,Oct,507.9
250,France,2020,Nov,253.1
250,France,2021,Jan,332.1
250,France,2021,Feb,315.6
250,France,2021,Mar,384.4
250,France,2021,Apr,355.9
250,France,2021,May,485.3
250,France,2021,Jul,4161.0
250,France,2021,Aug,4461.0
250,France,2021,Sep,3217.0
250,France,2021,Oct,2191.0
250,France,2021,Nov,1519.0
250,France,2021,Dec,1628.0
250,France,2022,Jan,1255.0
250,France,2022,Feb,1473.0
250,France,2022,Mar,2024.0
250,France,2022,Apr,3478.0
250,France,2022,May,3895.0
250,France,2022,Jun,5217.0
250,France,2022,Jul,7812.0
250,France,2022,Aug,7450.0
250,France,2022,Sep,5046.0
250,France,2022,Oct,3177.0
250,France,2022,Nov,2088.0
250,France,2022,Dec,2758.0
250,France,2023,Jan,2299.0
250,France,2023,Feb,2192.0
250,France,2023,Mar,2640.0
250,France,2023,Apr,4141.0
250,France,2023,May,4743.0
250,France,2023,Jun,5936.0
250,France,2023,Jul,8263.0
250,France,2023,Aug,8088.0
250,France,2023,Sep,5850.0
250,France,2023,Oct,3449.0
250,France,2023,Nov,2214.0
250,France,2023,Dec,2897.0
250,France,2024,Jan,2369.0
250,France,2024,Feb,2519.0
250,France,2024,Mar,3559.0
250,France,2024,Apr,3769.0
250,France,2024,May,5198.0
250,France,2024,Jun,5843.0
250,France,2024,Jul,8074.0
250,France,2024,Aug,8124.0
250,France,2024,Sep,5594.0
250,France,2024,Oct,3912.0
250,France,2024,Nov,2459.0
250,France,2024,Dec,3143.0
250,France,2025,Jan,2573.0
250,France,2025,Feb,2515.0
250,France,2025,Mar,3169.0
250,France,2025,Apr,4649.0
250,France,2025,May,5283.0
250,France,2025,Jun,6641.0
250,France,2025,Jul,8890.0
250,France,2025,Aug,8808.0
258,French Polynesia,2015,Feb,12.9
258,French Polynesia,2015,Mar,14.5
258,French Polynesia,2015,Apr,14.0
258,French Polynesia,2015,May,14.8
258,French Polynesia,2015,Jun,16.2
258,French Polynesia,2015,Jul,18.1
258,French Polynesia,2015,Aug,16.5
258,French Polynesia,2015,Sep,16.9
258,French Polynesia,2015,Oct,17.6
258,French Polynesia,2015,Nov,15.7
258,French Polynesia,2015,Dec,14.4
258,French Polynesia,2016,Jan,12.3
258,French Polynesia,2016,Feb,14.4
258,French Polynesia,2016,Mar,15.2
258,French Polynesia,2016,Apr,17.0
258,French Polynesia,2016,May,15.7
258,French Polynesia,2016,Jun,16.8
258,French Polynesia,2016,Jul,19.5
258,French Polynesia,2016,Aug,17.7
258,French Polynesia,2016,Sep,17.1
258,French Polynesia,2016,Oct,17.5
258,French Polynesia,2016,Nov,14.3
258,French Polynesia,2016,Dec,14.9
258,French Polynesia,2017,Jan,11.9
258,French Polynesia,2017,Feb,13.6
258,French Polynesia,2017,Mar,16.3
258,French Polynesia,2017,Apr,15.5
258,French Polynesia,2017,May,16.8
258,French Polynesia,2017,Jun,17.6
258,French Polynesia,2017,Jul,21.4
258,French Polynesia,2017,Aug,18.6
258,French Polynesia,2017,Sep,18.5
258,French Polynesia,2017,Oct,18.3
258,French Polynesia,2017,Nov,15.4
258,French Polynesia,2017,Dec,15.0
258,French Polynesia,2018,Jan,11.5
258,French Polynesia,2018,Feb,15.7
258,French Polynesia,2018,Mar,17.5
258,French Polynesia,2018,Apr,16.0
258,French Polynesia,2018,May,16.6
258,French Polynesia,2018,Jun,19.4
258,French Polynesia,2018,Jul,24.2
258,French Polynesia,2018,Aug,20.1
258,French Polynesia,2018,Sep,19.8
258,French Polynesia,2018,Oct,20.7
258,French Polynesia,2018,Nov,17.2
258,French Polynesia,2018,Dec,17.7
258,French Polynesia,2019,Jan,15.0
258,French Polynesia,2019,Feb,16.8
258,French Polynesia,2019,Mar,18.7
258,French Polynesia,2019,Apr,19.2
258,French Polynesia,2019,May,18.7
258,French Polynesia,2019,Jun,21.5
258,French Polynesia,2019,Jul,25.4
258,French Polynesia,2019,Aug,21.9
258,French Polynesia,2019,Sep,20.3
258,French Polynesia,2019,Oct,21.2
258,French Polynesia,2019,Nov,19.2
258,French Polynesia,2019,Dec,18.8
258,French Polynesia,2020,Jan,13.9
258,French Polynesia,2020,Feb,15.5
258,French Polynesia,2020,Mar,7.5
258,French Polynesia,2020,Apr,0.0
258,French Polynesia,2020,May,0.0
258,French Polynesia,2020,Jun,0.0
258,French Polynesia,2020,Jul,4.6
258,French Polynesia,2020,Aug,7.8
258,French Polynesia,2020,Sep,7.7
258,French Polynesia,2020,Oct,9.0
258,French Polynesia,2020,Nov,4.5
258,French Polynesia,2020,Dec,6.5
258,French Polynesia,2021,Jan,3.9
258,French Polynesia,2021,Feb,0.5
258,French Polynesia,2021,Mar,0.3
258,French Polynesia,2021,Apr,0.3
258,French Polynesia,2021,May,3.4
258,French Polynesia,2021,Jun,8.6
258,French Polynesia,2021,Jul,14.3
258,French Polynesia,2021,Aug,9.5
258,French Polynesia,2021,Sep,6.7
258,French Polynesia,2021,Oct,12.3
258,French Polynesia,2021,Nov,10.3
258,French Polynesia,2021,Dec,12.3
258,French Polynesia,2022,Jan,6.3
258,French Polynesia,2022,Feb,9.0
258,French Polynesia,2022,Mar,14.9
258,French Polynesia,2022,Apr,18.2
258,French Polynesia,2022,May,18.9
258,French Polynesia,2022,Jun,19.5
258,French Polynesia,2022,Jul,24.4
258,French Polynesia,2022,Aug,19.8
258,French Polynesia,2022,Sep,21.9
258,French Polynesia,2022,Oct,23.6
258,French Polynesia,2022,Nov,20.2
258,French Polynesia,2022,Dec,22.2
258,French Polynesia,2023,Jan,15.2
258,French Polynesia,2023,Feb,17.5
258,French Polynesia,2023,Mar,22.5
258,French Polynesia,2023,Apr,23.3
258,French Polynesia,2023,May,20.1
258,French Polynesia,2023,Jun,24.0
258,French Polynesia,2023,Jul,26.5
258,French Polynesia,2023,Aug,21.8
258,French Polynesia,2023,Sep,24.5
258,French Polynesia,2023,Oct,23.2
258,French Polynesia,2023,Nov,20.1
258,French Polynesia,2023,Dec,23.1
258,French Polynesia,2024,Jan,14.6
258,French Polynesia,2024,Feb,18.3
258,French Polynesia,2024,Mar,23.1
258,French Polynesia,2024,Apr,23.4
258,French Polynesia,2024,May,20.4
258,French Polynesia,2024,Jun,23.4
258,French Polynesia,2024,Jul,26.5
258,French Polynesia,2024,Aug,23.3
258,French Polynesia,2024,Sep,23.6
258,French Polynesia,2024,Oct,24.1
258,French Polynesia,2024,Nov,20.8
258,French Polynesia,2024,Dec,22.2
258,French Polynesia,2025,Jan,14.1
258,French Polynesia,2025,Feb,17.3
258,French Polynesia,2025,Mar,23.0
258,French Polynesia,2025,Apr,25.1
258,French Polynesia,2025,May,24.3
258,French Polynesia,2025,Jun,26.1
258,French Polynesia,2025,Jul,31.0
258,French Polynesia,2025,Aug,25.1
270,Gambia,2015,Feb,13.0
270,Gambia,2015,Mar,13.4
270,Gambia,2015,Apr,9.2
270,Gambia,2015,May,6.5
270,Gambia,2015,Jun,6.3
270,Gambia,2015,Jul,6.8
270,Gambia,2015,Aug,6.2
270,Gambia,2015,Sep,7.7
270,Gambia,2015,Oct,9.5
270,Gambia,2015,Nov,18.9
270,Gambia,2015,Dec,22.6
270,Gambia,2016,Jan,21.8
270,Gambia,2016,Feb,20.0
270,Gambia,2016,Mar,17.8
270,Gambia,2016,Apr,11.9
270,Gambia,2016,May,7.0
270,Gambia,2016,Jun,6.5
270,Gambia,2016,Jul,7.3
270,Gambia,2016,Aug,6.7
270,Gambia,2016,Sep,8.4
270,Gambia,2016,Oct,10.8
270,Gambia,2016,Nov,19.3
270,Gambia,2016,Dec,23.5
270,Gambia,2017,Jan,13.4
270,Gambia,2017,Feb,17.7
270,Gambia,2017,Mar,16.3
270,Gambia,2017,Apr,11.1
270,Gambia,2017,May,7.7
270,Gambia,2017,Jun,7.3
270,Gambia,2017,Jul,8.7
270,Gambia,2017,Aug,8.2
270,Gambia,2017,Sep,9.2
270,Gambia,2017,Oct,11.4
270,Gambia,2017,Nov,22.8
270,Gambia,2017,Dec,28.3
270,Gambia,2018,Jan,28.5
270,Gambia,2018,Feb,24.4
270,Gambia,2018,Mar,23.3
270,Gambia,2018,Apr,13.0
270,Gambia,2018,May,7.5
270,Gambia,2018,Jun,8.4
270,Gambia,2018,Jul,9.0
270,Gambia,2018,Aug,9.2
270,Gambia,2018,Sep,8.5
270,Gambia,2018,Oct,13.3
270,Gambia,2018,Nov,27.2
270,Gambia,2018,Dec,31.4
270,Gambia,2019,Jan,30.2
270,Gambia,2019,Feb,26.8
270,Gambia,2019,Mar,25.8
270,Gambia,2019,Apr,17.5
270,Gambia,2019,May,11.7
270,Gambia,2019,Jun,11.4
270,Gambia,2019,Jul,13.3
270,Gambia,2019,Aug,13.3
270,Gambia,2019,Sep,11.4
270,Gambia,2019,Oct,16.6
270,Gambia,2019,Nov,25.5
270,Gambia,2019,Dec,32.2
270,Gambia,2020,Jan,31.1
270,Gambia,2020,Feb,28.9
270,Gambia,2020,Mar,13.3
270,Gambia,2020,Apr,0.0
270,Gambia,2020,May,0.2
270,Gambia,2020,Jun,0.6
270,Gambia,2020,Jul,0.4
270,Gambia,2020,Aug,1.0
270,Gambia,2020,Sep,1.6
270,Gambia,2020,Oct,4.5
270,Gambia,2020,Nov,7.7
270,Gambia,2020,Dec,6.7
270,Gambia,2021,Jan,5.7
270,Gambia,2021,Feb,6.0
270,Gambia,2021,Mar,4.4
270,Gambia,2021,Apr,6.0
270,Gambia,2021,May,7.4
270,Gambia,2021,Jun,9.7
270,Gambia,2021,Jul,6.5
270,Gambia,2021,Aug,7.1
270,Gambia,2021,Sep,9.2
270,Gambia,2021,Oct,14.2
270,Gambia,2021,Nov,19.5
270,Gambia,2021,Dec,16.1
270,Gambia,2022,Jan,15.4
270,Gambia,2022,Feb,15.8
270,Gambia,2022,Mar,12.6
270,Gambia,2022,Apr,10.2
270,Gambia,2022,May,11.8
270,Gambia,2022,Jun,15.2
270,Gambia,2022,Jul,9.6
270,Gambia,2022,Aug,7.7
270,Gambia,2022,Sep,13.0
270,Gambia,2022,Oct,25.9
270,Gambia,2022,Nov,27.6
270,Gambia,2022,Dec,25.3
270,Gambia,2023,Jan,25.3
270,Gambia,2023,Feb,21.0
270,Gambia,2023,Mar,18.6
270,Gambia,2023,Apr,12.2
270,Gambia,2023,May,11.7
270,Gambia,2023,Jun,13.7
270,Gambia,2023,Jul,14.1
270,Gambia,2023,Aug,9.7
270,Gambia,2023,Sep,10.9
270,Gambia,2023,Oct,14.3
270,Gambia,2023,Nov,24.3
270,Gambia,2023,Dec,31.1
270,Gambia,2024,Jan,29.7
270,Gambia,2024,Feb,26.3
270,Gambia,2024,Mar,19.9
270,Gambia,2024,Apr,15.5
270,Gambia,2024,May,12.9
270,Gambia,2024,Jun,16.1
270,Gambia,2024,Jul,13.2
270,Gambia,2024,Aug,11.0
270,Gambia,2024,Sep,10.7
270,Gambia,2024,Oct,14.6
270,Gambia,2024,Nov,24.8
270,Gambia,2024,Dec,32.8
270,Gambia,2025,Jan,30.4
270,Gambia,2025,Feb,23.7
270,Gambia,2025,Mar,19.1
270,Gambia,2025,Apr,16.4
270,Gambia,2025,May,14.3
270,Gambia,2025,Jun,16.9
270,Gambia,2025,Jul,13.2
270,Gambia,2025,Aug,12.0
268,Georgia,2015,Feb,435.0
268,Georgia,2015,Mar,557.3
268,Georgia,2015,Apr,553.9
268,Georgia,2015,May,644.1
268,Georgia,2015,Jun,647.7
268,Georgia,2015,Jul,918.8
268,Georgia,2015,Aug,1266.0
268,Georgia,2015,Sep,855.6
268,Georgia,2015,Oct,721.2
268,Georgia,2015,Nov,598.4
268,Georgia,2015,Dec,558.2
268,Georgia,2016,Jan,492.9
268,Georgia,2016,Feb,477.8
268,Georgia,2016,Mar,599.5
268,Georgia,2016,Apr,595.8
268,Georgia,2016,May,742.3
268,Georgia,2016,Jun,663.3
268,Georgia,2016,Jul,943.0
268,Georgia,2016,Aug,1261.0
268,Georgia,2016,Sep,986.0
268,Georgia,2016,Oct,769.9
268,Georgia,2016,Nov,604.6
268,Georgia,2016,Dec,554.5
268,Georgia,2017,Jan,588.3
268,Georgia,2017,Feb,502.2
268,Georgia,2017,Mar,676.2
268,Georgia,2017,Apr,714.1
268,Georgia,2017,May,806.5
268,Georgia,2017,Jun,862.7
268,Georgia,2017,Jul,1255.0
268,Georgia,2017,Aug,1587.0
268,Georgia,2017,Sep,1214.0
268,Georgia,2017,Oct,917.0
268,Georgia,2017,Nov,728.5
268,Georgia,2017,Dec,700.9
268,Georgia,2018,Jan,728.8
268,Georgia,2018,Feb,629.8
268,Georgia,2018,Mar,799.9
268,Georgia,2018,Apr,864.4
268,Georgia,2018,May,901.5
268,Georgia,2018,Jun,1007.0
268,Georgia,2018,Jul,1411.0
268,Georgia,2018,Aug,1778.0
268,Georgia,2018,Sep,1300.0
268,Georgia,2018,Oct,1018.0
268,Georgia,2018,Nov,792.6
268,Georgia,2018,Dec,730.0
268,Georgia,2019,Jan,743.2
268,Georgia,2019,Feb,636.9
268,Georgia,2019,Mar,835.6
268,Georgia,2019,Apr,898.3
268,Georgia,2019,May,1043.0
268,Georgia,2019,Jun,1200.0
268,Georgia,2019,Jul,1453.0
268,Georgia,2019,Aug,1840.0
268,Georgia,2019,Sep,1324.0
268,Georgia,2019,Oct,1104.0
268,Georgia,2019,Nov,882.0
268,Georgia,2019,Dec,312.0
268,Georgia,2020,Jan,363.6
268,Georgia,2020,Feb,257.5
268,Georgia,2020,Mar,144.2
268,Georgia,2020,Apr,26.9
268,Georgia,2020,May,26.5
268,Georgia,2020,Jun,28.9
268,Georgia,2020,Jul,37.2
268,Georgia,2020,Aug,34.6
268,Georgia,2020,Sep,41.8
268,Georgia,2020,Oct,43.7
268,Georgia,2020,Nov,39.5
268,Georgia,2020,Dec,42.6
268,Georgia,2021,Jan,29.4
268,Georgia,2021,Feb,35.9
268,Georgia,2021,Mar,51.3
268,Georgia,2021,Apr,75.8
268,Georgia,2021,May,96.5
268,Georgia,2021,Jun,133.5
268,Georgia,2021,Jul,213.5
268,Georgia,2021,Aug,247.2
268,Georgia,2021,Sep,209.6
268,Georgia,2021,Oct,188.8
268,Georgia,2021,Nov,151.4
268,Georgia,2021,Dec,144.6
268,Georgia,2022,Jan,163.6
268,Georgia,2022,Feb,137.1
268,Georgia,2022,Mar,159.2
268,Georgia,2022,Apr,182.4
268,Georgia,2022,May,264.3
268,Georgia,2022,Jun,302.6
268,Georgia,2022,Jul,459.7
268,Georgia,2022,Aug,583.0
268,Georgia,2022,Sep,452.2
268,Georgia,2022,Oct,344.6
268,Georgia,2022,Nov,299.6
268,Georgia,2022,Dec,304.6
276,Germany,2015,Feb,2110.0
276,Germany,2015,Mar,2264.0
276,Germany,2015,Apr,2650.0
276,Germany,2015,May,3179.0
276,Germany,2015,Jun,3318.0
276,Germany,2015,Jul,4429.0
276,Germany,2015,Aug,4011.0
276,Germany,2015,Sep,3340.0
276,Germany,2015,Oct,3077.0
276,Germany,2015,Nov,2354.0
276,Germany,2015,Dec,2460.0
276,Germany,2016,Jan,1865.0
276,Germany,2016,Feb,2221.0
276,Germany,2016,Mar,2433.0
276,Germany,2016,Apr,2834.0
276,Germany,2016,May,3105.0
276,Germany,2016,Jun,3289.0
276,Germany,2016,Jul,4406.0
276,Germany,2016,Aug,3908.0
276,Germany,2016,Sep,3493.0
276,Germany,2016,Oct,3080.0
276,Germany,2016,Nov,2431.0
276,Germany,2016,Dec,2528.0
276,Germany,2017,Jan,2029.0
276,Germany,2017,Feb,2290.0
276,Germany,2017,Mar,2529.0
276,Germany,2017,Apr,2994.0
276,Germany,2017,May,3360.0
276,Germany,2017,Jun,3464.0
276,Germany,2017,Jul,4579.0
276,Germany,2017,Aug,4198.0
276,Germany,2017,Sep,3637.0
276,Germany,2017,Oct,3152.0
276,Germany,2017,Nov,2530.0
276,Germany,2017,Dec,2690.0
276,Germany,2018,Jan,2155.0
276,Germany,2018,Feb,2354.0
276,Germany,2018,Mar,2673.0
276,Germany,2018,Apr,3085.0
276,Germany,2018,May,3358.0
276,Germany,2018,Jun,3670.0
276,Germany,2018,Jul,4709.0
276,Germany,2018,Aug,4453.0
276,Germany,2018,Sep,3695.0
276,Germany,2018,Oct,3341.0
276,Germany,2018,Nov,2608.0
276,Germany,2018,Dec,2779.0
276,Germany,2019,Jan,2171.0
276,Germany,2019,Feb,2404.0
276,Germany,2019,Mar,2649.0
276,Germany,2019,Apr,3208.0
276,Germany,2019,May,3503.0
276,Germany,2019,Jun,3687.0
276,Germany,2019,Jul,4846.0
276,Germany,2019,Aug,4485.0
276,Germany,2019,Sep,3635.0
276,Germany,2019,Oct,3375.0
276,Germany,2019,Nov,2720.0
276,Germany,2019,Dec,2881.0
276,Germany,2020,Jan,2222.0
276,Germany,2020,Feb,2427.0
276,Germany,2020,Mar,767.9
276,Germany,2020,Apr,85.2
276,Germany,2020,May,164.3
276,Germany,2020,Jun,616.7
276,Germany,2020,Jul,1851.0
276,Germany,2020,Aug,1791.0
276,Germany,2020,Sep,1351.0
276,Germany,2020,Oct,776.5
276,Germany,2020,Nov,224.1
276,Germany,2020,Dec,172.0
276,Germany,2021,Jan,170.5
276,Germany,2021,Feb,181.8
276,Germany,2021,Mar,230.9
276,Germany,2021,Apr,219.8
276,Germany,2021,May,292.2
276,Germany,2021,Jun,672.3
276,Germany,2021,Jul,1861.0
276,Germany,2021,Aug,2048.0
276,Germany,2021,Sep,1796.0
276,Germany,2021,Oct,1890.0
276,Germany,2021,Nov,1354.0
276,Germany,2021,Dec,971.1
276,Germany,2022,Jan,703.3
276,Germany,2022,Feb,1010.0
276,Germany,2022,Mar,1286.0
276,Germany,2022,Apr,2013.0
276,Germany,2022,May,2524.0
276,Germany,2022,Jun,2781.0
276,Germany,2022,Jul,4082.0
276,Germany,2022,Aug,3696.0
276,Germany,2022,Sep,3052.0
276,Germany,2022,Oct,2794.0
276,Germany,2022,Nov,2122.0
276,Germany,2022,Dec,2401.0
276,Germany,2023,Jan,1641.0
276,Germany,2023,Feb,1996.0
276,Germany,2023,Mar,2134.0
276,Germany,2023,Apr,2711.0
276,Germany,2023,May,3113.0
276,Germany,2023,Jun,3309.0
276,Germany,2023,Jul,4485.0
276,Germany,2023,Aug,3983.0
276,Germany,2023,Sep,3378.0
276,Germany,2023,Oct,2945.0
276,Germany,2023,Nov,2374.0
276,Germany,2023,Dec,2733.0
276,Germany,2024,Jan,1856.0
276,Germany,2024,Feb,2165.0
276,Germany,2024,Mar,2390.0
276,Germany,2024,Apr,2790.0
276,Germany,2024,May,3252.0
276,Germany,2024,Jun,3957.0
276,Germany,2024,Jul,4788.0
276,Germany,2024,Aug,4369.0
276,Germany,2024,Sep,3470.0
276,Germany,2024,Oct,3036.0
276,Germany,2024,Nov,2514.0
276,Germany,2024,Dec,2917.0
276,Germany,2025,Jan,1877.0
276,Germany,2025,Feb,2189.0
276,Germany,2025,Mar,2306.0
276,Germany,2025,Apr,2911.0
276,Germany,2025,May,3343.0
276,Germany,2025,Jun,3462.0
276,Germany,2025,Jul,4696.0
276,Germany,2025,Aug,4245.0
276,Germany,2025,Sep,3479.0
300,Greece,2015,Feb,509.2
300,Greece,2015,Mar,613.1
300,Greece,2015,Apr,934.2
300,Greece,2015,May,1870.0
300,Greece,2015,Jun,3033.0
300,Greece,2015,Jul,4409.0
300,Greece,2015,Aug,4993.0
300,Greece,2015,Sep,3650.0
300,Greece,2015,Oct,1853.0
300,Greece,2015,Nov,641.5
300,Greece,2015,Dec,487.9
300,Greece,2016,Jan,559.1
300,Greece,2016,Feb,433.2
300,Greece,2016,Mar,628.7
300,Greece,2016,Apr,901.6
300,Greece,2016,May,1953.0
300,Greece,2016,Jun,2971.0
300,Greece,2016,Jul,4664.0
300,Greece,2016,Aug,5084.0
300,Greece,2016,Sep,4150.0
300,Greece,2016,Oct,2174.0
300,Greece,2016,Nov,716.8
300,Greece,2016,Dec,564.0
300,Greece,2017,Jan,520.4
300,Greece,2017,Feb,444.4
300,Greece,2017,Mar,627.6
300,Greece,2017,Apr,1010.0
300,Greece,2017,May,1982.0
300,Greece,2017,Jun,3356.0
300,Greece,2017,Jul,5142.0
300,Greece,2017,Aug,5813.0
300,Greece,2017,Sep,4640.0
300,Greece,2017,Oct,2356.0
300,Greece,2017,Nov,740.5
300,Greece,2017,Dec,562.5
300,Greece,2018,Jan,603.5
300,Greece,2018,Feb,484.1
300,Greece,2018,Mar,708.2
300,Greece,2018,Apr,1107.0
300,Greece,2018,May,2450.0
300,Greece,2018,Jun,4104.0
300,Greece,2018,Jul,5539.0
300,Greece,2018,Aug,6093.0
300,Greece,2018,Sep,4869.0
300,Greece,2018,Oct,2722.0
300,Greece,2018,Nov,786.2
300,Greece,2018,Dec,657.0
300,Greece,2019,Jan,660.0
300,Greece,2019,Feb,503.5
300,Greece,2019,Mar,772.5
300,Greece,2019,Apr,982.1
300,Greece,2019,May,2387.0
300,Greece,2019,Jun,4102.0
300,Greece,2019,Jul,5673.0
300,Greece,2019,Aug,6762.0
300,Greece,2019,Sep,5111.0
300,Greece,2019,Oct,2773.0
300,Greece,2019,Nov,929.5
300,Greece,2019,Dec,692.2
300,Greece,2020,Jan,790.0
300,Greece,2020,Feb,627.3
300,Greece,2020,Mar,410.8
300,Greece,2020,Apr,37.6
300,Greece,2020,May,55.6
300,Greece,2020,Jun,256.2
300,Greece,2020,Jul,828.2
300,Greece,2020,Aug,1807.0
300,Greece,2020,Sep,1335.0
300,Greece,2020,Oct,954.8
300,Greece,2020,Nov,175.7
300,Greece,2020,Dec,96.6
300,Greece,2021,Jan,95.7
300,Greece,2021,Feb,76.4
300,Greece,2021,Mar,98.9
300,Greece,2021,Apr,107.3
300,Greece,2021,May,285.4
300,Greece,2021,Jun,1069.0
300,Greece,2021,Jul,2817.0
300,Greece,2021,Aug,4074.0
300,Greece,2021,Sep,2995.0
300,Greece,2021,Oct,2144.0
300,Greece,2021,Nov,561.2
300,Greece,2021,Dec,380.5
300,Greece,2022,Jan,341.4
300,Greece,2022,Feb,317.0
300,Greece,2022,Mar,414.3
300,Greece,2022,Apr,1056.0
300,Greece,2022,May,2205.0
300,Greece,2022,Jun,3649.0
300,Greece,2022,Jul,5277.0
300,Greece,2022,Aug,5866.0
300,Greece,2022,Sep,4560.0
300,Greece,2022,Oct,2756.0
300,Greece,2022,Nov,812.4
300,Greece,2022,Dec,580.1
300,Greece,2023,Jan,635.5
300,Greece,2023,Feb,572.6
300,Greece,2023,Mar,666.1
300,Greece,2023,Apr,1373.0
300,Greece,2023,May,2513.0
300,Greece,2023,Jun,4302.0
300,Greece,2023,Jul,6109.0
300,Greece,2023,Aug,6479.0
300,Greece,2023,Sep,5141.0
300,Greece,2023,Oct,3143.0
300,Greece,2023,Nov,1036.0
300,Greece,2023,Dec,765.5
300,Greece,2024,Jan,737.3
300,Greece,2024,Feb,721.3
300,Greece,2024,Mar,874.0
300,Greece,2024,Apr,1563.0
300,Greece,2024,May,3048.0
300,Greece,2024,Jun,4682.0
300,Greece,2024,Jul,6357.0
300,Greece,2024,Aug,6908.0
300,Greece,2024,Sep,5483.0
300,Greece,2024,Oct,3414.0
300,Greece,2024,Nov,1281.0
300,Greece,2024,Dec,882.4
300,Greece,2025,Jan,821.6
300,Greece,2025,Feb,715.9
300,Greece,2025,Mar,921.5
300,Greece,2025,Apr,1663.0
300,Greece,2025,May,2967.0
300,Greece,2025,Jun,4603.0
300,Greece,2025,Jul,6763.0
300,Greece,2025,Aug,7466.0
300,Greece,2025,Sep,5680.0
308,Grenada,2015,Feb,10.6
308,Grenada,2015,Mar,12.5
308,Grenada,2015,Apr,11.3
308,Grenada,2015,May,9.0
308,Grenada,2015,Jun,11.1
308,Grenada,2015,Jul,14.2
308,Grenada,2015,Aug,15.7
308,Grenada,2015,Sep,7.9
308,Grenada,2015,Oct,9.6
308,Grenada,2015,Nov,10.3
308,Grenada,2015,Dec,13.6
308,Grenada,2016,Jan,12.0
308,Grenada,2016,Feb,12.9
308,Grenada,2016,Mar,13.8
308,Grenada,2016,Apr,10.3
308,Grenada,2016,May,9.1
308,Grenada,2016,Jun,9.9
308,Grenada,2016,Jul,14.4
308,Grenada,2016,Aug,12.1
308,Grenada,2016,Sep,7.6
308,Grenada,2016,Oct,10.0
308,Grenada,2016,Nov,9.7
308,Grenada,2016,Dec,13.5
308,Grenada,2017,Jan,12.2
308,Grenada,2017,Feb,12.6
308,Grenada,2017,Mar,12.6
308,Grenada,2017,Apr,12.4
308,Grenada,2017,May,10.4
308,Grenada,2017,Jun,11.5
308,Grenada,2017,Jul,15.0
308,Grenada,2017,Aug,14.2
308,Grenada,2017,Sep,8.5
308,Grenada,2017,Oct,11.3
308,Grenada,2017,Nov,11.2
308,Grenada,2017,Dec,14.5
308,Grenada,2018,Jan,13.8
308,Grenada,2018,Feb,13.8
308,Grenada,2018,Mar,15.4
308,Grenada,2018,Apr,12.1
308,Grenada,2018,May,11.6
308,Grenada,2018,Jun,12.6
308,Grenada,2018,Jul,15.8
308,Grenada,2018,Aug,16.3
308,Grenada,2018,Sep,9.0
308,Grenada,2018,Oct,11.0
308,Grenada,2018,Nov,12.5
308,Grenada,2018,Dec,17.0
308,Grenada,2019,Jan,14.3
308,Grenada,2019,Feb,15.4
308,Grenada,2019,Mar,15.5
308,Grenada,2019,Apr,13.0
308,Grenada,2019,May,11.9
308,Grenada,2019,Jun,12.3
308,Grenada,2019,Jul,15.2
308,Grenada,2019,Aug,17.8
308,Grenada,2019,Sep,8.7
308,Grenada,2019,Oct,11.0
308,Grenada,2019,Nov,12.2
308,Grenada,2019,Dec,15.6
308,Grenada,2020,Jan,14.6
308,Grenada,2020,Feb,15.7
308,Grenada,2020,Mar,7.0
308,Grenada,2020,Apr,0.0
308,Grenada,2020,May,0.0
308,Grenada,2020,Jun,0.0
308,Grenada,2020,Jul,0.1
308,Grenada,2020,Aug,0.5
308,Grenada,2020,Sep,0.4
308,Grenada,2020,Oct,1.7
308,Grenada,2020,Nov,1.8
308,Grenada,2020,Dec,2.0
308,Grenada,2021,Jan,0.8
308,Grenada,2021,Feb,0.5
308,Grenada,2021,Mar,0.9
308,Grenada,2021,Apr,1.0
308,Grenada,2021,May,2.6
308,Grenada,2021,Jun,4.2
308,Grenada,2021,Jul,5.1
308,Grenada,2021,Aug,4.4
308,Grenada,2021,Sep,3.0
308,Grenada,2021,Oct,4.0
308,Grenada,2021,Nov,6.0
308,Grenada,2021,Dec,9.6
308,Grenada,2022,Jan,6.8
308,Grenada,2022,Feb,8.0
308,Grenada,2022,Mar,10.4
308,Grenada,2022,Apr,10.7
308,Grenada,2022,May,10.1
308,Grenada,2022,Jun,11.0
308,Grenada,2022,Jul,12.5
308,Grenada,2022,Aug,12.3
308,Grenada,2022,Sep,9.7
308,Grenada,2022,Oct,11.6
308,Grenada,2022,Nov,14.2
308,Grenada,2022,Dec,15.8
308,Grenada,2023,Jan,14.6
308,Grenada,2023,Feb,14.9
308,Grenada,2023,Mar,16.4
308,Grenada,2023,Apr,15.2
308,Grenada,2023,May,12.5
308,Grenada,2023,Jun,13.2
308,Grenada,2023,Jul,15.9
308,Grenada,2023,Aug,16.4
308,Grenada,2023,Sep,10.5
308,Grenada,2023,Oct,12.7
308,Grenada,2023,Nov,15.8
308,Grenada,2023,Dec,20.0
308,Grenada,2024,Jan,17.1
308,Grenada,2024,Feb,19.6
308,Grenada,2024,Mar,22.2
308,Grenada,2024,Apr,16.2
308,Grenada,2024,May,13.6
308,Grenada,2024,Jun,14.3
308,Grenada,2024,Jul,16.9
308,Grenada,2024,Aug,18.5
308,Grenada,2024,Sep,10.5
308,Grenada,2024,Oct,13.5
308,Grenada,2024,Nov,14.4
308,Grenada,2024,Dec,18.3
308,Grenada,2025,Jan,15.4
308,Grenada,2025,Feb,15.9
308,Grenada,2025,Mar,17.4
308,Grenada,2025,Apr,15.5
308,Grenada,2025,May,13.3
308,Grenada,2025,Jun,14.7
308,Grenada,2025,Jul,16.4
316,Guam,2015,Feb,126.1
316,Guam,2015,Mar,132.3
316,Guam,2015,Apr,96.2
316,Guam,2015,May,96.9
316,Guam,2015,Jun,101.0
316,Guam,2015,Jul,115.1
316,Guam,2015,Aug,135.5
316,Guam,2015,Sep,120.9
316,Guam,2015,Oct,112.3
316,Guam,2015,Nov,113.7
316,Guam,2015,Dec,140.4
316,Guam,2016,Jan,129.3
316,Guam,2016,Feb,142.3
316,Guam,2016,Mar,133.3
316,Guam,2016,Apr,105.4
316,Guam,2016,May,114.4
316,Guam,2016,Jun,118.4
316,Guam,2016,Jul,123.0
316,Guam,2016,Aug,144.8
316,Guam,2016,Sep,133.8
316,Guam,2016,Oct,122.5
316,Guam,2016,Nov,125.7
316,Guam,2016,Dec,142.6
316,Guam,2017,Jan,136.0
316,Guam,2017,Feb,133.4
316,Guam,2017,Mar,140.7
316,Guam,2017,Apr,122.6
316,Guam,2017,May,118.9
316,Guam,2017,Jun,122.7
316,Guam,2017,Jul,133.0
316,Guam,2017,Aug,144.0
316,Guam,2017,Sep,117.2
316,Guam,2017,Oct,113.5
316,Guam,2017,Nov,122.4
316,Guam,2017,Dec,139.6
316,Guam,2018,Jan,134.9
316,Guam,2018,Feb,127.2
316,Guam,2018,Mar,137.7
316,Guam,2018,Apr,117.7
316,Guam,2018,May,114.0
316,Guam,2018,Jun,126.4
316,Guam,2018,Jul,131.6
316,Guam,2018,Aug,145.8
316,Guam,2018,Sep,113.1
316,Guam,2018,Oct,121.7
316,Guam,2018,Nov,132.9
316,Guam,2018,Dec,146.1
316,Guam,2019,Jan,147.5
316,Guam,2019,Feb,137.2
316,Guam,2019,Mar,144.1
316,Guam,2019,Apr,121.6
316,Guam,2019,May,119.3
316,Guam,2019,Jun,124.9
316,Guam,2019,Jul,138.3
316,Guam,2019,Aug,159.9
316,Guam,2019,Sep,135.2
316,Guam,2019,Oct,134.8
316,Guam,2019,Nov,144.0
316,Guam,2019,Dec,155.7
316,Guam,2020,Jan,157.5
316,Guam,2020,Feb,116.7
316,Guam,2020,Mar,35.3
316,Guam,2020,Apr,1.6
316,Guam,2020,May,1.5
316,Guam,2020,Jun,2.2
316,Guam,2020,Jul,1.4
316,Guam,2020,Aug,2.0
316,Guam,2020,Sep,2.9
316,Guam,2020,Oct,2.3
316,Guam,2020,Nov,2.6
316,Guam,2020,Dec,2.1
316,Guam,2021,Jan,4.5
316,Guam,2021,Feb,3.5
316,Guam,2021,Mar,3.7
316,Guam,2021,Apr,3.8
316,Guam,2021,May,4.4
316,Guam,2021,Jun,7.4
316,Guam,2021,Jul,12.9
316,Guam,2021,Aug,8.7
316,Guam,2021,Sep,5.7
316,Guam,2021,Oct,6.4
316,Guam,2021,Nov,9.6
316,Guam,2021,Dec,8.8
316,Guam,2022,Jan,9.1
316,Guam,2022,Feb,7.1
316,Guam,2022,Mar,9.4
316,Guam,2022,Apr,11.3
316,Guam,2022,May,20.0
316,Guam,2022,Jun,28.3
316,Guam,2022,Jul,41.1
316,Guam,2022,Aug,37.8
316,Guam,2022,Sep,28.0
316,Guam,2022,Oct,40.9
316,Guam,2022,Nov,39.9
316,Guam,2022,Dec,55.1
316,Guam,2023,Jan,56.7
316,Guam,2023,Feb,56.3
316,Guam,2023,Mar,65.6
316,Guam,2023,Apr,55.4
316,Guam,2023,May,44.3
316,Guam,2023,Jun,17.3
316,Guam,2023,Jul,52.2
316,Guam,2023,Aug,67.8
316,Guam,2023,Sep,52.3
316,Guam,2023,Oct,54.1
316,Guam,2023,Nov,60.9
316,Guam,2023,Dec,73.2
316,Guam,2024,Jan,82.7
316,Guam,2024,Feb,74.2
316,Guam,2024,Mar,68.6
316,Guam,2024,Apr,56.8
316,Guam,2024,May,51.4
316,Guam,2024,Jun,52.0
316,Guam,2024,Jul,59.9
316,Guam,2024,Aug,66.9
316,Guam,2024,Sep,50.5
316,Guam,2024,Oct,53.1
316,Guam,2024,Nov,54.2
316,Guam,2024,Dec,67.2
316,Guam,2025,Jan,67.3
316,Guam,2025,Feb,61.0
316,Guam,2025,Mar,62.1
316,Guam,2025,Apr,51.1
316,Guam,2025,May,50.2
316,Guam,2025,Jun,54.1
316,Guam,2025,Jul,71.0
316,Guam,2025,Aug,78.9
316,Guam,2025,Sep,57.0
320,Guatemala,2015,Feb,105.0
320,Guatemala,2015,Mar,140.0
320,Guatemala,2015,Apr,131.6
320,Guatemala,2015,May,111.5
320,Guatemala,2015,Jun,116.2
320,Guatemala,2015,Jul,128.6
320,Guatemala,2015,Aug,128.8
320,Guatemala,2015,Sep,98.0
320,Guatemala,2015,Oct,113.6
320,Guatemala,2015,Nov,121.6
320,Guatemala,2015,Dec,161.5
320,Guatemala,2016,Jan,134.3
320,Guatemala,2016,Feb,118.4
320,Guatemala,2016,Mar,168.7
320,Guatemala,2016,Apr,109.8
320,Guatemala,2016,May,106.8
320,Guatemala,2016,Jun,122.0
320,Guatemala,2016,Jul,146.0
320,Guatemala,2016,Aug,142.1
320,Guatemala,2016,Sep,98.0
320,Guatemala,2016,Oct,132.9
320,Guatemala,2016,Nov,131.3
320,Guatemala,2016,Dec,174.9
320,Guatemala,2017,Jan,145.5
320,Guatemala,2017,Feb,136.5
320,Guatemala,2017,Mar,158.2
320,Guatemala,2017,Apr,177.8
320,Guatemala,2017,May,117.8
320,Guatemala,2017,Jun,122.5
320,Guatemala,2017,Jul,153.9
320,Guatemala,2017,Aug,139.1
320,Guatemala,2017,Sep,98.0
320,Guatemala,2017,Oct,115.3
320,Guatemala,2017,Nov,133.1
320,Guatemala,2017,Dec,162.0
320,Guatemala,2018,Jan,147.6
320,Guatemala,2018,Feb,130.1
320,Guatemala,2018,Mar,189.7
320,Guatemala,2018,Apr,135.4
320,Guatemala,2018,May,125.0
320,Guatemala,2018,Jun,140.0
320,Guatemala,2018,Jul,169.0
320,Guatemala,2018,Aug,167.4
320,Guatemala,2018,Sep,112.8
320,Guatemala,2018,Oct,129.1
320,Guatemala,2018,Nov,151.3
320,Guatemala,2018,Dec,183.1
320,Guatemala,2019,Jan,160.5
320,Guatemala,2019,Feb,122.2
320,Guatemala,2019,Mar,167.4
320,Guatemala,2019,Apr,171.9
320,Guatemala,2019,May,128.5
320,Guatemala,2019,Jun,138.1
320,Guatemala,2019,Jul,156.4
320,Guatemala,2019,Aug,148.4
320,Guatemala,2019,Sep,113.8
320,Guatemala,2019,Oct,120.7
320,Guatemala,2019,Nov,142.1
320,Guatemala,2019,Dec,182.4
320,Guatemala,2020,Jan,155.0
320,Guatemala,2020,Feb,130.7
320,Guatemala,2020,Mar,57.0
320,Guatemala,2020,Apr,0.0
320,Guatemala,2020,May,0.0
320,Guatemala,2020,Jun,0.0
320,Guatemala,2020,Jul,0.0
320,Guatemala,2020,Aug,0.0
320,Guatemala,2020,Sep,1.8
320,Guatemala,2020,Oct,5.1
320,Guatemala,2020,Nov,28.3
320,Guatemala,2020,Dec,17.9
320,Guatemala,2021,Jan,39.6
320,Guatemala,2021,Feb,21.5
320,Guatemala,2021,Mar,54.1
320,Guatemala,2021,Apr,38.6
320,Guatemala,2021,May,35.9
320,Guatemala,2021,Jun,52.4
320,Guatemala,2021,Jul,54.8
320,Guatemala,2021,Aug,38.5
320,Guatemala,2021,Sep,35.1
320,Guatemala,2021,Oct,41.9
320,Guatemala,2021,Nov,53.8
320,Guatemala,2021,Dec,135.8
320,Guatemala,2022,Jan,71.8
320,Guatemala,2022,Feb,91.8
320,Guatemala,2022,Mar,123.0
320,Guatemala,2022,Apr,132.2
320,Guatemala,2022,May,110.1
320,Guatemala,2022,Jun,127.3
320,Guatemala,2022,Jul,142.8
320,Guatemala,2022,Aug,136.7
320,Guatemala,2022,Sep,109.1
320,Guatemala,2022,Oct,121.6
320,Guatemala,2022,Nov,145.2
320,Guatemala,2022,Dec,182.6
320,Guatemala,2023,Jan,174.4
320,Guatemala,2023,Feb,154.0
320,Guatemala,2023,Mar,183.3
320,Guatemala,2023,Apr,182.8
320,Guatemala,2023,May,136.3
320,Guatemala,2023,Jun,154.1
320,Guatemala,2023,Jul,186.8
320,Guatemala,2023,Aug,189.5
320,Guatemala,2023,Sep,148.5
320,Guatemala,2023,Oct,105.9
320,Guatemala,2023,Nov,182.0
320,Guatemala,2023,Dec,223.1
320,Guatemala,2024,Jan,207.9
320,Guatemala,2024,Feb,191.2
320,Guatemala,2024,Mar,234.6
320,Guatemala,2024,Apr,171.1
320,Guatemala,2024,May,162.1
320,Guatemala,2024,Jun,170.9
320,Guatemala,2024,Jul,203.0
320,Guatemala,2024,Aug,213.3
320,Guatemala,2024,Sep,158.0
320,Guatemala,2024,Oct,172.7
320,Guatemala,2024,Nov,203.2
320,Guatemala,2024,Dec,249.6
320,Guatemala,2025,Jan,212.9
320,Guatemala,2025,Feb,193.4
320,Guatemala,2025,Mar,217.3
320,Guatemala,2025,Apr,226.1
320,Guatemala,2025,May,187.3
320,Guatemala,2025,Jun,192.4
320,Guatemala,2025,Jul,221.2
320,Guatemala,2025,Aug,215.0
320,Guatemala,2025,Sep,159.4
328,Guyana,2015,Feb,14.0
328,Guyana,2015,Mar,18.5
328,Guyana,2015,Apr,20.1
328,Guyana,2015,May,12.4
328,Guyana,2015,Jun,14.6
328,Guyana,2015,Jul,23.0
328,Guyana,2015,Aug,21.7
328,Guyana,2015,Sep,15.2
328,Guyana,2015,Oct,15.2
328,Guyana,2015,Nov,15.7
328,Guyana,2015,Dec,22.6
328,Guyana,2016,Jan,14.4
328,Guyana,2016,Feb,15.1
328,Guyana,2016,Mar,20.2
328,Guyana,2016,Apr,17.3
328,Guyana,2016,May,25.0
328,Guyana,2016,Jun,16.2
328,Guyana,2016,Jul,25.0
328,Guyana,2016,Aug,21.9
328,Guyana,2016,Sep,15.3
328,Guyana,2016,Oct,17.5
328,Guyana,2016,Nov,19.8
328,Guyana,2016,Dec,27.7
328,Guyana,2017,Jan,17.0
328,Guyana,2017,Feb,16.3
328,Guyana,2017,Mar,19.6
328,Guyana,2017,Apr,24.9
328,Guyana,2017,May,18.3
328,Guyana,2017,Jun,17.5
328,Guyana,2017,Jul,24.8
328,Guyana,2017,Aug,25.7
328,Guyana,2017,Sep,16.0
328,Guyana,2017,Oct,19.4
328,Guyana,2017,Nov,21.0
328,Guyana,2017,Dec,26.8
328,Guyana,2018,Jan,19.6
328,Guyana,2018,Feb,20.5
328,Guyana,2018,Mar,26.5
328,Guyana,2018,Apr,22.5
328,Guyana,2018,May,23.4
328,Guyana,2018,Jun,21.8
328,Guyana,2018,Jul,28.1
328,Guyana,2018,Aug,26.6
328,Guyana,2018,Sep,22.4
328,Guyana,2018,Oct,22.9
328,Guyana,2018,Nov,23.3
328,Guyana,2018,Dec,29.1
328,Guyana,2019,Jan,22.0
328,Guyana,2019,Feb,20.8
328,Guyana,2019,Mar,23.9
328,Guyana,2019,Apr,27.5
328,Guyana,2019,May,29.6
328,Guyana,2019,Jun,24.9
328,Guyana,2019,Jul,29.5
328,Guyana,2019,Aug,27.3
328,Guyana,2019,Sep,23.5
328,Guyana,2019,Oct,26.7
328,Guyana,2019,Nov,26.4
328,Guyana,2019,Dec,32.5
328,Guyana,2020,Jan,24.2
328,Guyana,2020,Feb,26.0
328,Guyana,2020,Mar,11.2
328,Guyana,2020,Apr,0.1
328,Guyana,2020,May,0.4
328,Guyana,2020,Jun,0.4
328,Guyana,2020,Jul,0.9
328,Guyana,2020,Aug,1.1
328,Guyana,2020,Sep,2.3
328,Guyana,2020,Oct,2.7
328,Guyana,2020,Nov,6.4
328,Guyana,2020,Dec,10.9
328,Guyana,2021,Jan,7.1
328,Guyana,2021,Feb,6.5
328,Guyana,2021,Mar,11.7
328,Guyana,2021,Apr,11.5
328,Guyana,2021,May,11.8
328,Guyana,2021,Jun,13.7
328,Guyana,2021,Jul,17.1
328,Guyana,2021,Aug,15.1
328,Guyana,2021,Sep,11.8
328,Guyana,2021,Oct,13.2
328,Guyana,2021,Nov,14.7
328,Guyana,2021,Dec,23.0
328,Guyana,2022,Jan,16.3
328,Guyana,2022,Feb,19.2
328,Guyana,2022,Mar,22.1
328,Guyana,2022,Apr,25.0
328,Guyana,2022,May,23.4
328,Guyana,2022,Jun,22.4
328,Guyana,2022,Jul,28.3
328,Guyana,2022,Aug,25.6
328,Guyana,2022,Sep,26.1
328,Guyana,2022,Oct,24.3
328,Guyana,2022,Nov,26.5
328,Guyana,2022,Dec,29.3
328,Guyana,2023,Jan,20.8
328,Guyana,2023,Feb,23.7
328,Guyana,2023,Mar,27.4
328,Guyana,2023,Apr,28.5
328,Guyana,2023,May,24.7
328,Guyana,2023,Jun,24.0
328,Guyana,2023,Jul,30.4
328,Guyana,2023,Aug,26.9
328,Guyana,2023,Sep,27.9
328,Guyana,2023,Oct,26.7
328,Guyana,2023,Nov,27.1
328,Guyana,2023,Dec,31.1
328,Guyana,2024,Jan,24.3
328,Guyana,2024,Feb,26.7
328,Guyana,2024,Mar,31.8
328,Guyana,2024,Apr,30.1
328,Guyana,2024,May,28.3
328,Guyana,2024,Jun,29.7
328,Guyana,2024,Jul,34.8
328,Guyana,2024,Aug,32.0
328,Guyana,2024,Sep,29.6
328,Guyana,2024,Oct,32.8
328,Guyana,2024,Nov,32.2
328,Guyana,2024,Dec,39.0
328,Guyana,2025,Jan,29.8
328,Guyana,2025,Feb,31.2
328,Guyana,2025,Mar,34.8
328,Guyana,2025,Apr,38.6
328,Guyana,2025,May,33.3
328,Guyana,2025,Jun,34.3
328,Guyana,2025,Jul,40.6
332,Haiti,2015,Feb,39.4
332,Haiti,2015,Mar,48.0
332,Haiti,2015,Apr,39.6
332,Haiti,2015,May,38.7
332,Haiti,2015,Jun,50.7
332,Haiti,2015,Jul,68.5
332,Haiti,2015,Aug,48.2
332,Haiti,2015,Sep,34.3
332,Haiti,2015,Oct,31.6
332,Haiti,2015,Nov,30.4
332,Haiti,2015,Dec,47.4
332,Haiti,2016,Jan,35.0
332,Haiti,2016,Feb,32.1
332,Haiti,2016,Mar,45.3
332,Haiti,2016,Apr,37.0
332,Haiti,2016,May,34.7
332,Haiti,2016,Jun,42.4
332,Haiti,2016,Jul,38.9
332,Haiti,2016,Aug,31.8
332,Haiti,2016,Sep,22.7
332,Haiti,2016,Oct,30.2
332,Haiti,2016,Nov,33.4
332,Haiti,2016,Dec,61.4
332,Haiti,2017,Jan,41.8
332,Haiti,2017,Feb,27.1
332,Haiti,2017,Mar,34.2
332,Haiti,2017,Apr,29.3
332,Haiti,2017,May,34.8
332,Haiti,2017,Jun,28.2
332,Haiti,2017,Jul,58.3
332,Haiti,2017,Aug,55.9
332,Haiti,2017,Sep,25.2
332,Haiti,2017,Oct,30.5
332,Haiti,2017,Nov,32.7
332,Haiti,2017,Dec,68.9
332,Haiti,2018,Jan,39.1
332,Haiti,2018,Feb,19.6
332,Haiti,2018,Mar,47.4
332,Haiti,2018,Apr,35.3
332,Haiti,2018,May,36.1
332,Haiti,2018,Jun,55.0
332,Haiti,2018,Jul,55.3
332,Haiti,2018,Aug,52.4
332,Haiti,2018,Sep,13.0
332,Haiti,2018,Oct,22.3
332,Haiti,2018,Nov,29.9
332,Haiti,2018,Dec,42.0
332,Haiti,2019,Jan,33.1
332,Haiti,2019,Feb,21.9
332,Haiti,2019,Mar,22.0
332,Haiti,2019,Apr,24.1
332,Haiti,2019,May,18.1
332,Haiti,2019,Jun,29.3
332,Haiti,2019,Jul,37.8
332,Haiti,2019,Aug,42.0
332,Haiti,2019,Sep,23.5
332,Haiti,2019,Oct,8.8
332,Haiti,2019,Nov,5.3
332,Haiti,2019,Dec,20.0
332,Haiti,2020,Jan,47.9
332,Haiti,2020,Feb,21.0
332,Haiti,2020,Mar,11.7
332,Haiti,2020,Apr,0.0
332,Haiti,2020,May,0.0
332,Haiti,2020,Jun,0.0
332,Haiti,2020,Jul,15.8
332,Haiti,2020,Aug,20.6
332,Haiti,2020,Sep,17.9
332,Haiti,2020,Oct,22.7
332,Haiti,2020,Nov,14.5
332,Haiti,2020,Dec,30.6
332,Haiti,2021,Jan,18.0
332,Haiti,2021,Feb,4.4
332,Haiti,2021,Mar,10.8
332,Haiti,2021,Apr,10.8
332,Haiti,2021,May,17.8
332,Haiti,2021,Jun,12.4
332,Haiti,2021,Jul,11.4
332,Haiti,2021,Aug,17.3
332,Haiti,2021,Sep,11.4
332,Haiti,2021,Oct,6.9
332,Haiti,2021,Nov,10.0
332,Haiti,2021,Dec,28.3
332,Haiti,2022,Jan,12.1
332,Haiti,2022,Feb,9.4
332,Haiti,2022,Mar,8.1
332,Haiti,2022,Apr,12.3
332,Haiti,2022,May,10.7
332,Haiti,2022,Jun,11.6
332,Haiti,2022,Jul,16.8
332,Haiti,2022,Aug,11.6
332,Haiti,2022,Sep,0.6
340,Honduras,2015,Feb,74.8
340,Honduras,2015,Mar,85.6
340,Honduras,2015,Apr,69.3
340,Honduras,2015,May,60.6
340,Honduras,2015,Jun,75.9
340,Honduras,2015,Jul,76.1
340,Honduras,2015,Aug,90.2
340,Honduras,2015,Sep,58.9
340,Honduras,2015,Oct,56.9
340,Honduras,2015,Nov,74.3
340,Honduras,2015,Dec,74.0
340,Honduras,2016,Jan,170.1
340,Honduras,2016,Feb,146.0
340,Honduras,2016,Mar,175.0
340,Honduras,2016,Apr,144.3
340,Honduras,2016,May,128.4
340,Honduras,2016,Jun,156.7
340,Honduras,2016,Jul,156.9
340,Honduras,2016,Aug,172.7
340,Honduras,2016,Sep,120.9
340,Honduras,2016,Oct,120.7
340,Honduras,2016,Nov,122.6
340,Honduras,2016,Dec,131.0
340,Honduras,2017,Jan,182.9
340,Honduras,2017,Feb,158.4
340,Honduras,2017,Mar,173.6
340,Honduras,2017,Apr,162.2
340,Honduras,2017,May,132.3
340,Honduras,2017,Jun,157.7
340,Honduras,2017,Jul,172.3
340,Honduras,2017,Aug,165.3
340,Honduras,2017,Sep,118.3
340,Honduras,2017,Oct,118.0
340,Honduras,2017,Nov,121.6
340,Honduras,2017,Dec,123.3
340,Honduras,2018,Jan,160.8
340,Honduras,2018,Feb,150.8
340,Honduras,2018,Mar,173.4
340,Honduras,2018,Apr,156.1
340,Honduras,2018,May,59.6
340,Honduras,2018,Jun,89.0
340,Honduras,2018,Jul,82.0
340,Honduras,2018,Aug,82.8
340,Honduras,2018,Sep,62.1
340,Honduras,2018,Oct,62.1
340,Honduras,2018,Nov,66.2
340,Honduras,2018,Dec,77.3
340,Honduras,2019,Jan,54.0
340,Honduras,2019,Feb,55.8
340,Honduras,2019,Mar,59.2
340,Honduras,2019,Apr,66.2
340,Honduras,2019,May,52.0
340,Honduras,2019,Jun,68.9
340,Honduras,2019,Jul,70.2
340,Honduras,2019,Aug,64.8
340,Honduras,2019,Sep,45.1
340,Honduras,2019,Oct,47.1
340,Honduras,2019,Nov,56.8
340,Honduras,2019,Dec,84.0
340,Honduras,2020,Jan,62.8
340,Honduras,2020,Feb,64.5
340,Honduras,2020,Mar,28.6
340,Honduras,2020,Apr,0.0
340,Honduras,2020,May,0.0
340,Honduras,2020,Jun,0.0
340,Honduras,2020,Jul,0.0
340,Honduras,2020,Aug,2.7
340,Honduras,2020,Sep,6.3
340,Honduras,2020,Oct,10.8
340,Honduras,2020,Nov,8.1
340,Honduras,2020,Dec,20.5
340,Honduras,2021,Jan,16.0
340,Honduras,2021,Feb,16.6
340,Honduras,2021,Mar,29.6
340,Honduras,2021,Apr,26.0
340,Honduras,2021,May,31.9
340,Honduras,2021,Jun,44.5
340,Honduras,2021,Jul,53.4
340,Honduras,2021,Aug,43.6
340,Honduras,2021,Sep,35.9
340,Honduras,2021,Oct,40.0
340,Honduras,2021,Nov,44.6
340,Honduras,2021,Dec,77.1
340,Honduras,2022,Jan,43.9
340,Honduras,2022,Feb,51.1
340,Honduras,2022,Mar,71.2
340,Honduras,2022,Apr,85.5
340,Honduras,2022,May,68.6
340,Honduras,2022,Jun,81.0
340,Honduras,2022,Jul,84.6
340,Honduras,2022,Aug,74.8
340,Honduras,2022,Sep,53.6
340,Honduras,2022,Oct,62.6
340,Honduras,2022,Nov,71.3
340,Honduras,2022,Dec,96.1
340,Honduras,2023,Jan,61.9
340,Honduras,2023,Feb,57.3
340,Honduras,2023,Mar,72.0
340,Honduras,2023,Apr,68.5
340,Honduras,2023,May,66.3
340,Honduras,2023,Jun,84.3
340,Honduras,2023,Jul,89.6
340,Honduras,2023,Aug,73.8
340,Honduras,2023,Sep,51.3
340,Honduras,2023,Oct,38.8
340,Honduras,2023,Nov,52.4
340,Honduras,2023,Dec,133.9
340,Honduras,2024,Jan,71.4
340,Honduras,2024,Feb,67.6
340,Honduras,2024,Mar,82.8
340,Honduras,2024,Apr,56.1
340,Honduras,2024,May,65.5
340,Honduras,2024,Jun,91.9
340,Honduras,2024,Jul,84.4
340,Honduras,2024,Aug,76.9
340,Honduras,2024,Sep,48.6
340,Honduras,2024,Oct,50.2
340,Honduras,2024,Nov,58.8
340,Honduras,2024,Dec,86.4
340,Honduras,2025,Jan,60.2
340,Honduras,2025,Feb,61.7
340,Honduras,2025,Mar,71.0
340,Honduras,2025,Apr,69.2
340,Honduras,2025,May,70.7
340,Honduras,2025,Jun,89.1
340,Honduras,2025,Jul,92.1
340,Honduras,2025,Aug,90.7
340,Honduras,2025,Sep,72.8
344,Hong Kong (China),2015,Feb,2324.0
344,Hong Kong (China),2015,Mar,1928.0
344,Hong Kong (China),2015,Apr,2116.0
344,Hong Kong (China),2015,May,2103.0
344,Hong Kong (China),2015,Jun,1935.0
344,Hong Kong (China),2015,Jul,2326.0
344,Hong Kong (China),2015,Aug,2666.0
344,Hong Kong (China),2015,Sep,2018.0
344,Hong Kong (China),2015,Oct,2374.0
344,Hong Kong (China),2015,Nov,2203.0
344,Hong Kong (China),2015,Dec,2403.0
344,Hong Kong (China),2016,Jan,2212.0
344,Hong Kong (China),2016,Feb,1993.0
344,Hong Kong (China),2016,Mar,1960.0
344,Hong Kong (China),2016,Apr,2204.0
344,Hong Kong (China),2016,May,2045.0
344,Hong Kong (China),2016,Jun,2014.0
344,Hong Kong (China),2016,Jul,2453.0
344,Hong Kong (China),2016,Aug,2494.0
344,Hong Kong (China),2016,Sep,2031.0
344,Hong Kong (China),2016,Oct,2354.0
344,Hong Kong (China),2016,Nov,2244.0
344,Hong Kong (China),2016,Dec,2550.0
344,Hong Kong (China),2017,Jan,2400.0
344,Hong Kong (China),2017,Feb,1993.0
344,Hong Kong (China),2017,Mar,2162.0
344,Hong Kong (China),2017,Apr,2268.0
344,Hong Kong (China),2017,May,2182.0
344,Hong Kong (China),2017,Jun,2048.0
344,Hong Kong (China),2017,Jul,2556.0
344,Hong Kong (China),2017,Aug,2554.0
344,Hong Kong (China),2017,Sep,2086.0
344,Hong Kong (China),2017,Oct,2526.0
344,Hong Kong (China),2017,Nov,2435.0
344,Hong Kong (China),2017,Dec,2676.0
344,Hong Kong (China),2018,Jan,2421.0
344,Hong Kong (China),2018,Feb,2301.0
344,Hong Kong (China),2018,Mar,2303.0
344,Hong Kong (China),2018,Apr,2397.0
344,Hong Kong (China),2018,May,2241.0
344,Hong Kong (China),2018,Jun,2193.0
344,Hong Kong (China),2018,Jul,2512.0
344,Hong Kong (China),2018,Aug,2845.0
344,Hong Kong (China),2018,Sep,2041.0
344,Hong Kong (China),2018,Oct,2534.0
344,Hong Kong (China),2018,Nov,2564.0
344,Hong Kong (China),2018,Dec,2911.0
344,Hong Kong (China),2019,Jan,2733.0
344,Hong Kong (China),2019,Feb,2535.0
344,Hong Kong (China),2019,Mar,2508.0
344,Hong Kong (China),2019,Apr,2448.0
344,Hong Kong (China),2019,May,2477.0
344,Hong Kong (China),2019,Jun,2219.0
344,Hong Kong (China),2019,Jul,2378.0
344,Hong Kong (China),2019,Aug,1538.0
344,Hong Kong (China),2019,Sep,1192.0
344,Hong Kong (China),2019,Oct,1364.0
344,Hong Kong (China),2019,Nov,1114.0
344,Hong Kong (China),2019,Dec,1245.0
344,Hong Kong (China),2020,Jan,1154.0
344,Hong Kong (China),2020,Feb,90.4
344,Hong Kong (China),2020,Mar,37.0
344,Hong Kong (China),2020,Apr,4.0
344,Hong Kong (China),2020,May,8.0
344,Hong Kong (China),2020,Jun,14.5
344,Hong Kong (China),2020,Jul,20.5
344,Hong Kong (China),2020,Aug,4.3
344,Hong Kong (China),2020,Sep,9.0
344,Hong Kong (China),2020,Oct,7.6
344,Hong Kong (China),2020,Nov,5.8
344,Hong Kong (China),2020,Dec,4.7
344,Hong Kong (China),2021,Jan,4.3
344,Hong Kong (China),2021,Feb,5.3
344,Hong Kong (China),2021,Mar,6.6
344,Hong Kong (China),2021,Apr,5.6
344,Hong Kong (China),2021,May,5.2
344,Hong Kong (China),2021,Jun,6.2
344,Hong Kong (China),2021,Jul,8.6
344,Hong Kong (China),2021,Aug,10.8
344,Hong Kong (China),2021,Sep,9.6
344,Hong Kong (China),2021,Oct,8.8
344,Hong Kong (China),2021,Nov,9.1
344,Hong Kong (China),2021,Dec,9.0
344,Hong Kong (China),2022,Jan,6.7
344,Hong Kong (China),2022,Feb,2.4
344,Hong Kong (China),2022,Mar,1.6
344,Hong Kong (China),2022,Apr,4.4
344,Hong Kong (China),2022,May,18.0
344,Hong Kong (China),2022,Jun,40.3
344,Hong Kong (China),2022,Jul,46.0
344,Hong Kong (China),2022,Aug,56.5
344,Hong Kong (China),2022,Sep,62.1
344,Hong Kong (China),2022,Oct,76.2
344,Hong Kong (China),2022,Nov,107.7
344,Hong Kong (China),2022,Dec,145.9
344,Hong Kong (China),2023,Jan,343.2
344,Hong Kong (China),2023,Feb,774.9
344,Hong Kong (China),2023,Mar,1222.0
344,Hong Kong (China),2023,Apr,1445.0
344,Hong Kong (China),2023,May,1390.0
344,Hong Kong (China),2023,Jun,1402.0
344,Hong Kong (China),2023,Jul,1835.0
344,Hong Kong (China),2023,Aug,2030.0
344,Hong Kong (China),2023,Sep,1403.0
344,Hong Kong (China),2023,Oct,1679.0
344,Hong Kong (China),2023,Nov,1664.0
344,Hong Kong (China),2023,Dec,1971.0
344,Hong Kong (China),2024,Jan,1905.0
344,Hong Kong (China),2024,Feb,1990.0
344,Hong Kong (China),2024,Mar,1719.0
344,Hong Kong (China),2024,Apr,1713.0
344,Hong Kong (China),2024,May,1645.0
344,Hong Kong (China),2024,Jun,1571.0
344,Hong Kong (China),2024,Jul,2003.0
344,Hong Kong (China),2024,Aug,2173.0
344,Hong Kong (China),2024,Sep,1481.0
344,Hong Kong (China),2024,Oct,1885.0
344,Hong Kong (China),2024,Nov,1783.0
344,Hong Kong (China),2024,Dec,2076.0
344,Hong Kong (China),2025,Jan,2233.0
344,Hong Kong (China),2025,Feb,1775.0
344,Hong Kong (China),2025,Mar,1880.0
344,Hong Kong (China),2025,Apr,1877.0
344,Hong Kong (China),2025,May,1873.0
344,Hong Kong (China),2025,Jun,1646.0
344,Hong Kong (China),2025,Jul,2054.0
344,Hong Kong (China),2025,Aug,2294.0
344,Hong Kong (China),2025,Sep,1489.0
352,Iceland,2015,Feb,195.0
352,Iceland,2015,Mar,235.7
352,Iceland,2015,Apr,195.4
352,Iceland,2015,May,331.9
352,Iceland,2015,Jun,639.0
352,Iceland,2015,Jul,953.4
352,Iceland,2015,Aug,879.7
352,Iceland,2015,Sep,429.5
352,Iceland,2015,Oct,288.8
352,Iceland,2015,Nov,205.6
352,Iceland,2015,Dec,187.9
352,Iceland,2016,Jan,178.3
352,Iceland,2016,Feb,271.8
352,Iceland,2016,Mar,322.2
352,Iceland,2016,Apr,242.5
352,Iceland,2016,May,410.2
352,Iceland,2016,Jun,735.9
352,Iceland,2016,Jul,1043.0
352,Iceland,2016,Aug,996.0
352,Iceland,2016,Sep,597.8
352,Iceland,2016,Oct,411.3
352,Iceland,2016,Nov,326.4
352,Iceland,2016,Dec,311.1
352,Iceland,2017,Jan,305.5
352,Iceland,2017,Feb,381.1
352,Iceland,2017,Mar,429.6
352,Iceland,2017,Apr,365.4
352,Iceland,2017,May,447.1
352,Iceland,2017,Jun,795.9
352,Iceland,2017,Jul,1049.0
352,Iceland,2017,Aug,990.0
352,Iceland,2017,Sep,646.7
352,Iceland,2017,Oct,468.0
352,Iceland,2017,Nov,347.4
352,Iceland,2017,Dec,323.8
352,Iceland,2018,Jan,316.1
352,Iceland,2018,Feb,426.7
352,Iceland,2018,Mar,474.9
352,Iceland,2018,Apr,329.9
352,Iceland,2018,May,490.7
352,Iceland,2018,Jun,779.7
352,Iceland,2018,Jul,1028.0
352,Iceland,2018,Aug,1054.0
352,Iceland,2018,Sep,755.2
352,Iceland,2018,Oct,546.2
352,Iceland,2018,Nov,357.4
352,Iceland,2018,Dec,345.6
352,Iceland,2019,Jan,299.0
352,Iceland,2019,Feb,428.1
352,Iceland,2019,Mar,481.0
352,Iceland,2019,Apr,357.0
352,Iceland,2019,May,464.2
352,Iceland,2019,Jun,780.0
352,Iceland,2019,Jul,1044.0
352,Iceland,2019,Aug,1061.0
352,Iceland,2019,Sep,744.1
352,Iceland,2019,Oct,578.6
352,Iceland,2019,Nov,367.1
352,Iceland,2019,Dec,353.5
352,Iceland,2020,Jan,191.8
352,Iceland,2020,Feb,215.3
352,Iceland,2020,Mar,124.0
352,Iceland,2020,Apr,6.6
352,Iceland,2020,May,13.4
352,Iceland,2020,Jun,43.8
352,Iceland,2020,Jul,202.1
352,Iceland,2020,Aug,183.9
352,Iceland,2020,Sep,30.0
352,Iceland,2020,Oct,14.8
352,Iceland,2020,Nov,7.4
352,Iceland,2020,Dec,7.8
352,Iceland,2021,Jan,7.9
352,Iceland,2021,Feb,8.9
352,Iceland,2021,Mar,11.2
352,Iceland,2021,Apr,13.7
352,Iceland,2021,May,46.6
352,Iceland,2021,Jun,156.0
352,Iceland,2021,Jul,390.7
352,Iceland,2021,Aug,482.5
352,Iceland,2021,Sep,328.4
352,Iceland,2021,Oct,222.1
352,Iceland,2021,Nov,133.2
352,Iceland,2021,Dec,101.6
352,Iceland,2022,Jan,78.8
352,Iceland,2022,Feb,131.7
352,Iceland,2022,Mar,181.2
352,Iceland,2022,Apr,178.5
352,Iceland,2022,May,269.5
352,Iceland,2022,Jun,512.2
352,Iceland,2022,Jul,770.1
352,Iceland,2022,Aug,739.8
352,Iceland,2022,Sep,507.6
352,Iceland,2022,Oct,331.2
352,Iceland,2022,Nov,206.5
352,Iceland,2022,Dec,169.4
352,Iceland,2023,Jan,161.0
352,Iceland,2023,Feb,215.8
352,Iceland,2023,Mar,270.7
352,Iceland,2023,Apr,261.1
352,Iceland,2023,May,380.5
352,Iceland,2023,Jun,587.6
352,Iceland,2023,Jul,801.6
352,Iceland,2023,Aug,795.6
352,Iceland,2023,Sep,551.7
352,Iceland,2023,Oct,393.0
352,Iceland,2023,Nov,226.8
352,Iceland,2023,Dec,169.6
352,Iceland,2024,Jan,156.3
352,Iceland,2024,Feb,249.0
352,Iceland,2024,Mar,302.2
352,Iceland,2024,Apr,229.9
352,Iceland,2024,May,307.1
352,Iceland,2024,Jun,581.2
352,Iceland,2024,Jul,783.2
352,Iceland,2024,Aug,825.4
352,Iceland,2024,Sep,607.0
356,India,2015,Feb,761.0
356,India,2015,Mar,729.2
356,India,2015,Apr,541.6
356,India,2015,May,509.9
356,India,2015,Jun,512.3
356,India,2015,Jul,628.3
356,India,2015,Aug,599.5
356,India,2015,Sep,542.6
356,India,2015,Oct,683.3
356,India,2015,Nov,815.9
356,India,2015,Dec,912.7
356,India,2016,Jan,844.5
356,India,2016,Feb,848.8
356,India,2016,Mar,809.1
356,India,2016,Apr,592.0
356,India,2016,May,527.5
356,India,2016,Jun,547.0
356,India,2016,Jul,733.8
356,India,2016,Aug,652.1
356,India,2016,Sep,608.2
356,India,2016,Oct,741.8
356,India,2016,Nov,878.3
356,India,2016,Dec,1021.0
356,India,2017,Jan,964.1
356,India,2017,Feb,931.0
356,India,2017,Mar,885.9
356,India,2017,Apr,717.9
356,India,2017,May,622.4
356,India,2017,Jun,663.5
356,India,2017,Jul,779.3
356,India,2017,Aug,719.1
356,India,2017,Sep,720.0
356,India,2017,Oct,867.0
356,India,2017,Nov,997.7
356,India,2017,Dec,1168.0
356,India,2018,Jan,1045.0
356,India,2018,Feb,1049.0
356,India,2018,Mar,1022.0
356,India,2018,Apr,745.0
356,India,2018,May,606.5
356,India,2018,Jun,683.9
356,India,2018,Jul,806.5
356,India,2018,Aug,786.0
356,India,2018,Sep,719.9
356,India,2018,Oct,890.2
356,India,2018,Nov,1013.0
356,India,2018,Dec,1191.0
356,India,2019,Jan,1111.0
356,India,2019,Feb,1091.0
356,India,2019,Mar,976.5
356,India,2019,Apr,774.7
356,India,2019,May,615.1
356,India,2019,Jun,726.4
356,India,2019,Jul,818.1
356,India,2019,Aug,800.8
356,India,2019,Sep,751.5
356,India,2019,Oct,945.0
356,India,2019,Nov,1092.0
356,India,2019,Dec,1226.0
356,India,2020,Jan,1119.0
356,India,2020,Feb,1018.0
356,India,2020,Mar,328.3
356,India,2020,Apr,2.8
356,India,2020,May,3.8
356,India,2020,Jun,8.6
356,India,2020,Jul,12.7
356,India,2020,Aug,19.8
356,India,2020,Sep,28.2
356,India,2020,Oct,41.5
356,India,2020,Nov,71.0
356,India,2020,Dec,90.5
356,India,2021,Jan,83.8
356,India,2021,Feb,99.6
356,India,2021,Mar,123.2
356,India,2021,Apr,110.8
356,India,2021,May,19.8
356,India,2021,Jun,36.1
356,India,2021,Jul,72.5
356,India,2021,Aug,92.7
356,India,2021,Sep,115.7
356,India,2021,Oct,191.4
356,India,2021,Nov,263.9
356,India,2021,Dec,317.6
356,India,2022,Jan,201.5
356,India,2022,Feb,240.9
356,India,2022,Mar,342.3
356,India,2022,Apr,392.9
356,India,2022,May,423.7
356,India,2022,Jun,522.7
356,India,2022,Jul,777.7
356,India,2022,Aug,524.8
356,India,2022,Sep,551.6
356,India,2022,Oct,677.1
356,India,2022,Nov,789.3
356,India,2022,Dec,993.0
356,India,2023,Jan,868.2
356,India,2023,Feb,865.8
356,India,2023,Mar,795.8
356,India,2023,Apr,604.0
356,India,2023,May,598.5
356,India,2023,Jun,648.0
356,India,2023,Jul,926.8
356,India,2023,Aug,664.2
356,India,2023,Sep,666.9
356,India,2023,Oct,832.2
356,India,2023,Nov,948.6
356,India,2023,Dec,1102.0
356,India,2024,Jan,958.7
356,India,2024,Feb,1003.0
356,India,2024,Mar,859.7
356,India,2024,Apr,650.7
356,India,2024,May,600.5
356,India,2024,Jun,706.0
356,India,2024,Jul,776.1
356,India,2024,Aug,636.3
356,India,2024,Sep,669.6
356,India,2024,Oct,820.3
356,India,2024,Nov,947.6
356,India,2024,Dec,1029.0
356,India,2025,Jan,957.0
356,India,2025,Feb,915.7
356,India,2025,Mar,742.1
356,India,2025,Apr,625.9
356,India,2025,May,474.3
356,India,2025,Jun,547.9
356,India,2025,Jul,668.6
356,India,2025,Aug,627.6
356,India,2025,Sep,623.8
360,Indonesia,2015,Feb,843.9
360,Indonesia,2015,Mar,841.1
360,Indonesia,2015,Apr,801.9
360,Indonesia,2015,May,852.4
360,Indonesia,2015,Jun,872.4
360,Indonesia,2015,Jul,877.6
360,Indonesia,2015,Aug,911.7
360,Indonesia,2015,Sep,920.1
360,Indonesia,2015,Oct,877.8
360,Indonesia,2015,Nov,835.4
360,Indonesia,2015,Dec,986.5
360,Indonesia,2016,Jan,814.3
360,Indonesia,2016,Feb,888.3
360,Indonesia,2016,Mar,915.0
360,Indonesia,2016,Apr,901.1
360,Indonesia,2016,May,915.2
360,Indonesia,2016,Jun,857.7
360,Indonesia,2016,Jul,1033.0
360,Indonesia,2016,Aug,1032.0
360,Indonesia,2016,Sep,1007.0
360,Indonesia,2016,Oct,1041.0
360,Indonesia,2016,Nov,1002.0
360,Indonesia,2016,Dec,1113.0
360,Indonesia,2017,Jan,1108.0
360,Indonesia,2017,Feb,1023.0
360,Indonesia,2017,Mar,1060.0
360,Indonesia,2017,Apr,1171.0
360,Indonesia,2017,May,1149.0
360,Indonesia,2017,Jun,1144.0
360,Indonesia,2017,Jul,1371.0
360,Indonesia,2017,Aug,1393.0
360,Indonesia,2017,Sep,1250.0
360,Indonesia,2017,Oct,1162.0
360,Indonesia,2017,Nov,1062.0
360,Indonesia,2017,Dec,1147.0
360,Indonesia,2018,Jan,1098.0
360,Indonesia,2018,Feb,1198.0
360,Indonesia,2018,Mar,1363.0
360,Indonesia,2018,Apr,1302.0
360,Indonesia,2018,May,1243.0
360,Indonesia,2018,Jun,1323.0
360,Indonesia,2018,Jul,1547.0
360,Indonesia,2018,Aug,1511.0
360,Indonesia,2018,Sep,1371.0
360,Indonesia,2018,Oct,1292.0
360,Indonesia,2018,Nov,1157.0
360,Indonesia,2018,Dec,1406.0
360,Indonesia,2019,Jan,1202.0
360,Indonesia,2019,Feb,1244.0
360,Indonesia,2019,Mar,1312.0
360,Indonesia,2019,Apr,1274.0
360,Indonesia,2019,May,1250.0
360,Indonesia,2019,Jun,1434.0
360,Indonesia,2019,Jul,1468.0
360,Indonesia,2019,Aug,1530.0
360,Indonesia,2019,Sep,1389.0
360,Indonesia,2019,Oct,1346.0
360,Indonesia,2019,Nov,1281.0
360,Indonesia,2019,Dec,1377.0
360,Indonesia,2020,Jan,1290.0
360,Indonesia,2020,Feb,872.8
360,Indonesia,2020,Mar,486.2
360,Indonesia,2020,Apr,158.1
360,Indonesia,2020,May,161.8
360,Indonesia,2020,Jun,156.6
360,Indonesia,2020,Jul,155.7
360,Indonesia,2020,Aug,161.5
360,Indonesia,2020,Sep,149.0
360,Indonesia,2020,Oct,152.3
360,Indonesia,2020,Nov,144.5
360,Indonesia,2020,Dec,164.1
360,Indonesia,2021,Jan,126.5
360,Indonesia,2021,Feb,105.8
360,Indonesia,2021,Mar,120.0
360,Indonesia,2021,Apr,112.8
360,Indonesia,2021,May,139.4
360,Indonesia,2021,Jun,126.8
360,Indonesia,2021,Jul,127.2
360,Indonesia,2021,Aug,118.5
360,Indonesia,2021,Sep,120.1
360,Indonesia,2021,Oct,146.1
360,Indonesia,2021,Nov,150.6
360,Indonesia,2021,Dec,163.6
360,Indonesia,2022,Jan,136.3
360,Indonesia,2022,Feb,117.5
360,Indonesia,2022,Mar,158.6
360,Indonesia,2022,Apr,230.1
360,Indonesia,2022,May,354.9
360,Indonesia,2022,Jun,483.9
360,Indonesia,2022,Jul,645.1
360,Indonesia,2022,Aug,670.5
360,Indonesia,2022,Sep,700.6
360,Indonesia,2022,Oct,734.2
360,Indonesia,2022,Nov,704.8
360,Indonesia,2022,Dec,952.5
360,Indonesia,2023,Jan,798.5
360,Indonesia,2023,Feb,749.4
360,Indonesia,2023,Mar,869.2
360,Indonesia,2023,Apr,865.8
360,Indonesia,2023,May,953.7
360,Indonesia,2023,Jun,1063.0
360,Indonesia,2023,Jul,1121.0
360,Indonesia,2023,Aug,1133.0
360,Indonesia,2023,Sep,1070.0
360,Indonesia,2023,Oct,978.5
360,Indonesia,2023,Nov,931.2
360,Indonesia,2023,Dec,1145.0
360,Indonesia,2024,Jan,927.7
360,Indonesia,2024,Feb,1062.0
360,Indonesia,2024,Mar,1042.0
360,Indonesia,2024,Apr,1067.0
360,Indonesia,2024,May,1145.0
360,Indonesia,2024,Jun,1198.0
360,Indonesia,2024,Jul,1311.0
360,Indonesia,2024,Aug,1340.0
360,Indonesia,2024,Sep,1279.0
360,Indonesia,2024,Oct,1194.0
360,Indonesia,2024,Nov,1092.0
360,Indonesia,2024,Dec,1229.0
360,Indonesia,2025,Jan,1156.0
360,Indonesia,2025,Feb,1023.0
360,Indonesia,2025,Mar,984.8
360,Indonesia,2025,Apr,1165.0
360,Indonesia,2025,May,1306.0
360,Indonesia,2025,Jun,1416.0
360,Indonesia,2025,Jul,1481.0
360,Indonesia,2025,Aug,1505.0
360,Indonesia,2025,Sep,1395.0
364,Iran,2017,Jan,298.0
364,Iran,2017,Feb,346.4
364,Iran,2017,Mar,329.2
364,Iran,2017,Apr,375.4
364,Iran,2017,May,433.8
364,Iran,2017,Jun,295.7
364,Iran,2017,Jul,490.6
364,Iran,2017,Aug,564.4
364,Iran,2017,Sep,459.4
364,Iran,2017,Oct,387.2
364,Iran,2017,Nov,500.9
364,Iran,2017,Dec,385.9
364,Iran,2018,Jan,377.1
364,Iran,2018,Feb,416.9
364,Iran,2018,Mar,426.3
364,Iran,2018,Apr,448.6
364,Iran,2018,May,525.4
364,Iran,2018,Jun,469.5
364,Iran,2018,Jul,752.8
364,Iran,2018,Aug,943.7
364,Iran,2018,Sep,816.1
364,Iran,2018,Oct,783.3
364,Iran,2018,Nov,782.3
364,Iran,2018,Dec,552.9
364,Iran,2019,Jan,598.8
364,Iran,2019,Feb,704.5
364,Iran,2019,Mar,727.3
364,Iran,2019,Apr,1047.0
364,Iran,2019,May,1021.0
364,Iran,2019,Jun,899.9
364,Iran,2019,Jul,892.7
364,Iran,2019,Aug,843.5
364,Iran,2019,Sep,643.2
364,Iran,2019,Oct,497.8
364,Iran,2019,Nov,606.2
364,Iran,2019,Dec,625.5
364,Iran,2020,Jan,619.4
364,Iran,2020,Feb,512.5
364,Iran,2020,Mar,31.5
364,Iran,2020,Apr,18.2
364,Iran,2020,May,23.6
364,Iran,2020,Jun,34.9
364,Iran,2020,Jul,39.6
364,Iran,2020,Aug,45.3
364,Iran,2020,Sep,59.3
364,Iran,2020,Oct,66.3
364,Iran,2020,Nov,59.3
364,Iran,2020,Dec,39.5
364,Iran,2021,Jan,55.3
364,Iran,2021,Feb,48.8
364,Iran,2021,Mar,46.8
364,Iran,2021,Apr,49.6
364,Iran,2021,May,44.0
364,Iran,2021,Jun,58.1
364,Iran,2021,Jul,75.5
364,Iran,2021,Aug,69.9
364,Iran,2021,Sep,66.1
364,Iran,2021,Oct,98.0
364,Iran,2021,Nov,190.2
364,Iran,2021,Dec,187.2
364,Iran,2022,Jan,198.3
364,Iran,2022,Feb,279.2
364,Iran,2022,Mar,267.3
364,Iran,2022,Apr,226.2
364,Iran,2022,May,371.2
364,Iran,2022,Jun,470.6
364,Iran,2022,Jul,550.3
364,Iran,2022,Aug,448.2
364,Iran,2022,Sep,369.2
364,Iran,2022,Oct,261.1
364,Iran,2022,Nov,309.8
364,Iran,2022,Dec,357.1
364,Iran,2023,Jan,181.4
364,Iran,2023,Feb,327.8
364,Iran,2023,Mar,363.5
364,Iran,2023,Apr,381.8
364,Iran,2023,May,551.1
364,Iran,2023,Jun,573.8
364,Iran,2023,Jul,590.4
364,Iran,2023,Aug,652.0
364,Iran,2023,Sep,667.4
364,Iran,2023,Oct,526.3
364,Iran,2023,Nov,504.1
364,Iran,2023,Dec,548.9
364,Iran,2024,Jan,494.7
364,Iran,2024,Feb,506.3
364,Iran,2024,Mar,396.8
364,Iran,2024,Apr,497.5
364,Iran,2024,May,443.3
364,Iran,2024,Jun,790.9
364,Iran,2024,Jul,744.5
364,Iran,2024,Aug,766.2
364,Iran,2024,Sep,790.5
364,Iran,2024,Oct,513.0
364,Iran,2024,Nov,517.6
364,Iran,2024,Dec,583.8
364,Iran,2025,Jan,630.6
364,Iran,2025,Feb,539.1
364,Iran,2025,Mar,430.5
364,Iran,2025,Apr,657.4
364,Iran,2025,May,710.9
364,Iran,2025,Jun,452.5
364,Iran,2025,Jul,412.8
364,Iran,2025,Aug,645.5
364,Iran,2025,Sep,677.5
372,Ireland,2015,Feb,440.1
372,Ireland,2015,Mar,644.5
372,Ireland,2015,Apr,694.0
372,Ireland,2015,May,821.2
372,Ireland,2015,Jun,829.7
372,Ireland,2015,Jul,938.4
372,Ireland,2015,Aug,1020.0
372,Ireland,2015,Sep,812.9
372,Ireland,2015,Oct,772.3
372,Ireland,2015,Nov,615.9
372,Ireland,2015,Dec,607.7
372,Ireland,2016,Jan,521.0
372,Ireland,2016,Feb,561.0
372,Ireland,2016,Mar,702.7
372,Ireland,2016,Apr,798.8
372,Ireland,2016,May,881.3
372,Ireland,2016,Jun,918.8
372,Ireland,2016,Jul,1043.0
372,Ireland,2016,Aug,1126.0
372,Ireland,2016,Sep,892.4
372,Ireland,2016,Oct,832.3
372,Ireland,2016,Nov,642.2
372,Ireland,2016,Dec,664.8
372,Ireland,2017,Jan,564.1
372,Ireland,2017,Feb,512.0
372,Ireland,2017,Mar,720.0
372,Ireland,2017,Apr,833.3
372,Ireland,2017,May,943.4
372,Ireland,2017,Jun,992.7
372,Ireland,2017,Jul,1032.0
372,Ireland,2017,Aug,1118.0
372,Ireland,2017,Sep,946.6
372,Ireland,2017,Oct,870.3
372,Ireland,2017,Nov,718.2
372,Ireland,2017,Dec,682.4
372,Ireland,2018,Jan,585.5
372,Ireland,2018,Feb,575.3
372,Ireland,2018,Mar,759.8
372,Ireland,2018,Apr,899.9
372,Ireland,2018,May,1026.0
372,Ireland,2018,Jun,1026.0
372,Ireland,2018,Jul,1161.0
372,Ireland,2018,Aug,1202.0
372,Ireland,2018,Sep,968.2
372,Ireland,2018,Oct,933.5
372,Ireland,2018,Nov,741.0
372,Ireland,2018,Dec,738.3
372,Ireland,2019,Jan,651.3
372,Ireland,2019,Feb,590.7
372,Ireland,2019,Mar,784.7
372,Ireland,2019,Apr,938.3
372,Ireland,2019,May,1022.0
372,Ireland,2019,Jun,1062.0
372,Ireland,2019,Jul,1155.0
372,Ireland,2019,Aug,1191.0
372,Ireland,2019,Sep,988.7
372,Ireland,2019,Oct,956.8
372,Ireland,2019,Nov,688.6
372,Ireland,2019,Dec,779.2
372,Ireland,2020,Jan,654.5
372,Ireland,2020,Feb,615.2
372,Ireland,2023,Apr,461.9
372,Ireland,2023,May,573.3
372,Ireland,2023,Jun,619.9
372,Ireland,2023,Jul,650.2
372,Ireland,2023,Aug,737.6
372,Ireland,2023,Sep,582.1
372,Ireland,2023,Oct,577.4
372,Ireland,2023,Nov,447.5
372,Ireland,2023,Dec,445.2
372,Ireland,2024,Jan,451.9
372,Ireland,2024,Feb,433.3
372,Ireland,2024,Mar,521.8
372,Ireland,2024,Apr,549.1
372,Ireland,2024,May,622.3
372,Ireland,2024,Jun,669.5
372,Ireland,2024,Jul,655.4
372,Ireland,2024,Aug,763.6
372,Ireland,2024,Sep,578.1
372,Ireland,2024,Oct,548.1
372,Ireland,2024,Nov,407.7
372,Ireland,2024,Dec,390.7
372,Ireland,2025,Jan,338.9
372,Ireland,2025,Feb,304.3
372,Ireland,2025,Mar,441.2
372,Ireland,2025,Apr,528.1
372,Ireland,2025,May,560.5
372,Ireland,2025,Jun,654.0
372,Ireland,2025,Jul,646.4
372,Ireland,2025,Aug,772.8
372,Ireland,2025,Sep,604.5
376,Israel,2015,Feb,187.0
376,Israel,2015,Mar,238.8
376,Israel,2015,Apr,288.7
376,Israel,2015,May,281.5
376,Israel,2015,Jun,237.5
376,Israel,2015,Jul,245.0
376,Israel,2015,Aug,232.9
376,Israel,2015,Sep,224.5
376,Israel,2015,Oct,289.7
376,Israel,2015,Nov,209.1
376,Israel,2015,Dec,197.2
376,Israel,2016,Jan,164.8
376,Israel,2016,Feb,191.2
376,Israel,2016,Mar,240.4
376,Israel,2016,Apr,253.0
376,Israel,2016,May,297.3
376,Israel,2016,Jun,236.3
376,Israel,2016,Jul,231.8
376,Israel,2016,Aug,211.4
376,Israel,2016,Sep,265.5
376,Israel,2016,Oct,271.7
376,Israel,2016,Nov,287.9
376,Israel,2016,Dec,248.6
376,Israel,2017,Jan,211.9
376,Israel,2017,Feb,233.7
376,Israel,2017,Mar,293.0
376,Israel,2017,Apr,349.2
376,Israel,2017,May,346.9
376,Israel,2017,Jun,303.1
376,Israel,2017,Jul,271.0
376,Israel,2017,Aug,253.7
376,Israel,2017,Sep,278.4
376,Israel,2017,Oct,426.3
376,Israel,2017,Nov,355.9
376,Israel,2017,Dec,290.1
376,Israel,2018,Jan,257.1
376,Israel,2018,Feb,299.6
376,Israel,2018,Mar,393.1
376,Israel,2018,Apr,408.9
376,Israel,2018,May,396.1
376,Israel,2018,Jun,310.8
376,Israel,2018,Jul,293.9
376,Israel,2018,Aug,279.2
376,Israel,2018,Sep,282.0
376,Israel,2018,Oct,485.7
376,Israel,2018,Nov,388.8
376,Israel,2018,Dec,325.6
376,Israel,2019,Jan,284.8
376,Israel,2019,Feb,342.1
376,Israel,2019,Mar,425.8
376,Israel,2019,Apr,404.9
376,Israel,2019,May,439.9
376,Israel,2019,Jun,365.1
376,Israel,2019,Jul,322.8
376,Israel,2019,Aug,304.6
376,Israel,2019,Sep,405.0
376,Israel,2019,Oct,447.1
376,Israel,2019,Nov,451.2
376,Israel,2019,Dec,358.3
376,Israel,2020,Jan,308.5
376,Israel,2020,Feb,343.8
376,Israel,2020,Mar,80.7
376,Israel,2020,Apr,0.6
376,Israel,2020,May,2.2
376,Israel,2020,Jun,5.8
376,Israel,2020,Jul,6.0
376,Israel,2020,Aug,20.1
376,Israel,2020,Sep,15.1
376,Israel,2020,Oct,20.3
376,Israel,2020,Nov,15.0
376,Israel,2020,Dec,13.3
376,Israel,2021,Jan,7.5
376,Israel,2021,Feb,2.6
376,Israel,2021,Mar,6.7
376,Israel,2021,Apr,30.2
376,Israel,2021,May,21.5
376,Israel,2021,Jun,38.5
376,Israel,2021,Jul,49.2
376,Israel,2021,Aug,52.9
376,Israel,2021,Sep,34.5
376,Israel,2021,Oct,57.0
376,Israel,2021,Nov,75.6
376,Israel,2021,Dec,20.5
376,Israel,2022,Jan,46.2
376,Israel,2022,Feb,89.9
376,Israel,2022,Mar,170.7
376,Israel,2022,Apr,209.9
376,Israel,2022,May,249.2
376,Israel,2022,Jun,244.5
376,Israel,2022,Jul,249.9
376,Israel,2022,Aug,234.4
376,Israel,2022,Sep,249.8
376,Israel,2022,Oct,333.5
376,Israel,2022,Nov,330.7
376,Israel,2022,Dec,266.2
376,Israel,2023,Jan,257.4
376,Israel,2023,Feb,307.0
376,Israel,2023,Mar,351.9
376,Israel,2023,Apr,355.2
376,Israel,2023,May,376.4
376,Israel,2023,Jun,322.9
376,Israel,2023,Jul,270.2
376,Israel,2023,Aug,284.2
376,Israel,2023,Sep,304.1
376,Israel,2023,Oct,89.7
376,Israel,2023,Nov,38.3
376,Israel,2023,Dec,52.8
376,Israel,2024,Jan,58.6
376,Israel,2024,Feb,67.5
376,Israel,2024,Mar,78.6
376,Israel,2024,Apr,80.1
376,Israel,2024,May,114.0
376,Israel,2024,Jun,96.0
376,Israel,2024,Jul,108.3
376,Israel,2024,Aug,68.8
376,Israel,2024,Sep,85.1
376,Israel,2024,Oct,66.8
376,Israel,2024,Nov,61.5
376,Israel,2024,Dec,75.9
376,Israel,2025,Jan,78.8
376,Israel,2025,Feb,88.2
376,Israel,2025,Mar,100.7
376,Israel,2025,Apr,164.0
376,Israel,2025,May,124.0
376,Israel,2025,Jun,55.3
376,Israel,2025,Jul,85.0
376,Israel,2025,Aug,118.2
376,Israel,2025,Sep,113.7
380,Italy,2015,Feb,2440.0
380,Italy,2015,Mar,3245.0
380,Italy,2015,Apr,3828.0
380,Italy,2015,May,5096.0
380,Italy,2015,Jun,5477.0
380,Italy,2015,Jul,6406.0
380,Italy,2015,Aug,6177.0
380,Italy,2015,Sep,4877.0
380,Italy,2015,Oct,4676.0
380,Italy,2015,Nov,2975.0
380,Italy,2015,Dec,2711.0
380,Italy,2016,Jan,3085.0
380,Italy,2016,Feb,2560.0
380,Italy,2016,Mar,3362.0
380,Italy,2016,Apr,3916.0
380,Italy,2016,May,5022.0
380,Italy,2016,Jun,6002.0
380,Italy,2016,Jul,6491.0
380,Italy,2016,Aug,6417.0
380,Italy,2016,Sep,5128.0
380,Italy,2016,Oct,4545.0
380,Italy,2016,Nov,3026.0
380,Italy,2016,Dec,2818.0
380,Italy,2017,Jan,3136.0
380,Italy,2017,Feb,2840.0
380,Italy,2017,Mar,3663.0
380,Italy,2017,Apr,4447.0
380,Italy,2017,May,5676.0
380,Italy,2017,Jun,6114.0
380,Italy,2017,Jul,7260.0
380,Italy,2017,Aug,7256.0
380,Italy,2017,Sep,6504.0
380,Italy,2017,Oct,4685.0
380,Italy,2017,Nov,3330.0
380,Italy,2017,Dec,3341.0
380,Italy,2018,Jan,3154.0
380,Italy,2018,Feb,2877.0
380,Italy,2018,Mar,3683.0
380,Italy,2018,Apr,4708.0
380,Italy,2018,May,5763.0
380,Italy,2018,Jun,6433.0
380,Italy,2018,Jul,7900.0
380,Italy,2018,Aug,7913.0
380,Italy,2018,Sep,6723.0
380,Italy,2018,Oct,5193.0
380,Italy,2018,Nov,3549.0
380,Italy,2018,Dec,3671.0
380,Italy,2019,Jan,3226.0
380,Italy,2019,Feb,3003.0
380,Italy,2019,Mar,4121.0
380,Italy,2019,Apr,4974.0
380,Italy,2019,May,6201.0
380,Italy,2019,Jun,6654.0
380,Italy,2019,Jul,8417.0
380,Italy,2019,Aug,7941.0
380,Italy,2019,Sep,6906.0
380,Italy,2019,Oct,5576.0
380,Italy,2019,Nov,3703.0
380,Italy,2019,Dec,3791.0
380,Italy,2020,Jan,3362.0
380,Italy,2020,Feb,2799.0
380,Italy,2020,Mar,667.4
380,Italy,2020,Apr,471.3
380,Italy,2020,May,988.7
380,Italy,2020,Jun,1838.0
380,Italy,2020,Jul,3626.0
380,Italy,2020,Aug,4388.0
380,Italy,2020,Sep,3636.0
380,Italy,2020,Oct,1948.0
380,Italy,2020,Nov,752.2
380,Italy,2020,Dec,713.0
380,Italy,2021,Jan,700.1
380,Italy,2021,Feb,705.0
380,Italy,2021,Mar,692.2
380,Italy,2021,Apr,621.4
380,Italy,2021,May,1074.0
380,Italy,2021,Jun,1889.0
380,Italy,2021,Jul,3203.0
380,Italy,2021,Aug,5099.0
380,Italy,2021,Sep,4805.0
380,Italy,2021,Oct,3715.0
380,Italy,2021,Nov,2397.0
380,Italy,2021,Dec,1988.0
380,Italy,2022,Jan,1526.0
380,Italy,2022,Feb,1875.0
380,Italy,2022,Mar,2723.0
380,Italy,2022,Apr,3855.0
380,Italy,2022,May,4702.0
380,Italy,2022,Jun,5564.0
380,Italy,2022,Jul,6503.0
380,Italy,2022,Aug,6604.0
380,Italy,2022,Sep,6030.0
380,Italy,2022,Oct,5000.0
380,Italy,2022,Nov,2923.0
380,Italy,2022,Dec,2504.0
380,Italy,2023,Jan,2917.0
380,Italy,2023,Feb,2800.0
380,Italy,2023,Mar,3452.0
380,Italy,2023,Apr,4578.0
380,Italy,2023,May,5102.0
380,Italy,2023,Jun,5920.0
380,Italy,2023,Jul,7384.0
380,Italy,2023,Aug,6911.0
380,Italy,2023,Sep,6193.0
380,Italy,2023,Oct,5162.0
380,Italy,2023,Nov,3222.0
380,Italy,2023,Dec,3608.0
380,Italy,2024,Jan,3022.0
380,Italy,2024,Feb,3101.0
380,Italy,2024,Mar,3688.0
380,Italy,2024,Apr,4676.0
380,Italy,2024,May,5768.0
380,Italy,2024,Jun,6441.0
380,Italy,2024,Jul,7321.0
380,Italy,2024,Aug,6679.0
380,Italy,2024,Sep,5758.0
380,Italy,2024,Oct,4935.0
380,Italy,2024,Nov,3182.0
380,Italy,2024,Dec,3154.0
380,Italy,2025,Jan,3073.0
380,Italy,2025,Feb,3269.0
380,Italy,2025,Mar,3808.0
380,Italy,2025,Apr,4977.0
380,Italy,2025,May,6090.0
380,Italy,2025,Jun,6771.0
380,Italy,2025,Jul,7768.0
380,Italy,2025,Aug,7209.0
388,Jamaica,2015,Feb,177.8
388,Jamaica,2015,Mar,212.1
388,Jamaica,2015,Apr,189.9
388,Jamaica,2015,May,168.3
388,Jamaica,2015,Jun,182.4
388,Jamaica,2015,Jul,220.7
388,Jamaica,2015,Aug,169.1
388,Jamaica,2015,Sep,114.3
388,Jamaica,2015,Oct,134.3
388,Jamaica,2015,Nov,158.5
388,Jamaica,2015,Dec,219.1
388,Jamaica,2016,Jan,179.6
388,Jamaica,2016,Feb,185.3
388,Jamaica,2016,Mar,219.7
388,Jamaica,2016,Apr,188.6
388,Jamaica,2016,May,167.9
388,Jamaica,2016,Jun,194.1
388,Jamaica,2016,Jul,228.2
388,Jamaica,2016,Aug,169.0
388,Jamaica,2016,Sep,120.3
388,Jamaica,2016,Oct,135.5
388,Jamaica,2016,Nov,163.2
388,Jamaica,2016,Dec,230.5
388,Jamaica,2017,Jan,185.9
388,Jamaica,2017,Feb,186.7
388,Jamaica,2017,Mar,212.6
388,Jamaica,2017,Apr,205.8
388,Jamaica,2017,May,181.7
388,Jamaica,2017,Jun,211.1
388,Jamaica,2017,Jul,248.6
388,Jamaica,2017,Aug,192.9
388,Jamaica,2017,Sep,131.4
388,Jamaica,2017,Oct,157.4
388,Jamaica,2017,Nov,187.1
388,Jamaica,2017,Dec,251.8
388,Jamaica,2018,Jan,194.6
388,Jamaica,2018,Feb,193.6
388,Jamaica,2018,Mar,236.8
388,Jamaica,2018,Apr,204.7
388,Jamaica,2018,May,195.5
388,Jamaica,2018,Jun,229.3
388,Jamaica,2018,Jul,257.1
388,Jamaica,2018,Aug,206.0
388,Jamaica,2018,Sep,134.9
388,Jamaica,2018,Oct,162.6
388,Jamaica,2018,Nov,196.5
388,Jamaica,2018,Dec,261.1
388,Jamaica,2019,Jan,216.5
388,Jamaica,2019,Feb,220.0
388,Jamaica,2019,Mar,271.7
388,Jamaica,2019,Apr,232.8
388,Jamaica,2019,May,210.7
388,Jamaica,2019,Jun,238.9
388,Jamaica,2019,Jul,270.5
388,Jamaica,2019,Aug,214.8
388,Jamaica,2019,Sep,144.6
388,Jamaica,2019,Oct,176.5
388,Jamaica,2019,Nov,202.8
388,Jamaica,2019,Dec,281.1
388,Jamaica,2020,Jan,227.2
388,Jamaica,2020,Feb,235.7
388,Jamaica,2020,Mar,111.2
388,Jamaica,2020,Apr,0.0
388,Jamaica,2020,May,0.0
388,Jamaica,2020,Jun,7.2
388,Jamaica,2020,Jul,41.9
388,Jamaica,2020,Aug,43.8
388,Jamaica,2020,Sep,28.6
388,Jamaica,2020,Oct,45.1
388,Jamaica,2020,Nov,49.4
388,Jamaica,2020,Dec,90.2
388,Jamaica,2021,Jan,43.8
388,Jamaica,2021,Feb,43.8
388,Jamaica,2021,Mar,73.6
388,Jamaica,2021,Apr,82.7
388,Jamaica,2021,May,122.5
388,Jamaica,2021,Jun,166.0
388,Jamaica,2021,Jul,183.7
388,Jamaica,2021,Aug,153.6
388,Jamaica,2021,Sep,100.7
388,Jamaica,2021,Oct,118.5
388,Jamaica,2021,Nov,152.1
388,Jamaica,2021,Dec,223.3
388,Jamaica,2022,Jan,131.7
388,Jamaica,2022,Feb,162.9
388,Jamaica,2022,Mar,215.8
388,Jamaica,2022,Apr,222.8
388,Jamaica,2022,May,204.0
388,Jamaica,2022,Jun,233.3
388,Jamaica,2022,Jul,259.9
388,Jamaica,2022,Aug,218.8
388,Jamaica,2022,Sep,168.5
388,Jamaica,2022,Oct,182.0
388,Jamaica,2022,Nov,207.2
388,Jamaica,2022,Dec,271.5
388,Jamaica,2023,Jan,229.5
388,Jamaica,2023,Feb,228.5
388,Jamaica,2023,Mar,276.0
388,Jamaica,2023,Apr,253.7
388,Jamaica,2023,May,227.9
388,Jamaica,2023,Jun,268.2
388,Jamaica,2023,Jul,291.6
388,Jamaica,2023,Aug,244.4
388,Jamaica,2023,Sep,178.2
388,Jamaica,2023,Oct,197.0
388,Jamaica,2023,Nov,222.5
388,Jamaica,2023,Dec,298.6
388,Jamaica,2024,Jan,246.8
388,Jamaica,2024,Feb,242.8
388,Jamaica,2024,Mar,291.4
388,Jamaica,2024,Apr,239.2
388,Jamaica,2024,May,229.4
388,Jamaica,2024,Jun,263.1
388,Jamaica,2024,Jul,258.3
388,Jamaica,2024,Aug,242.1
388,Jamaica,2024,Sep,167.8
388,Jamaica,2024,Oct,197.9
388,Jamaica,2024,Nov,218.9
388,Jamaica,2024,Dec,302.6
388,Jamaica,2025,Jan,238.6
388,Jamaica,2025,Feb,229.7
388,Jamaica,2025,Mar,269.1
388,Jamaica,2025,Apr,249.0
388,Jamaica,2025,May,226.8
388,Jamaica,2025,Jun,264.9
388,Jamaica,2025,Jul,298.4
388,Jamaica,2025,Aug,250.8
392,Japan,2015,Feb,1387.0
392,Japan,2015,Mar,1526.0
392,Japan,2015,Apr,1765.0
392,Japan,2015,May,1642.0
392,Japan,2015,Jun,1602.0
392,Japan,2015,Jul,1918.0
392,Japan,2015,Aug,1817.0
392,Japan,2015,Sep,1612.0
392,Japan,2015,Oct,1829.0
392,Japan,2015,Nov,1648.0
392,Japan,2015,Dec,1773.0
392,Japan,2016,Jan,1852.0
392,Japan,2016,Feb,1891.0
392,Japan,2016,Mar,2010.0
392,Japan,2016,Apr,2082.0
392,Japan,2016,May,1894.0
392,Japan,2016,Jun,1986.0
392,Japan,2016,Jul,2296.0
392,Japan,2016,Aug,2049.0
392,Japan,2016,Sep,1918.0
392,Japan,2016,Oct,2136.0
392,Japan,2016,Nov,1875.0
392,Japan,2016,Dec,2051.0
392,Japan,2017,Jan,2296.0
392,Japan,2017,Feb,2036.0
392,Japan,2017,Mar,2206.0
392,Japan,2017,Apr,2579.0
392,Japan,2017,May,2295.0
392,Japan,2017,Jun,2346.0
392,Japan,2017,Jul,2682.0
392,Japan,2017,Aug,2477.0
392,Japan,2017,Sep,2280.0
392,Japan,2017,Oct,2595.0
392,Japan,2017,Nov,2378.0
392,Japan,2017,Dec,2521.0
392,Japan,2018,Jan,2501.0
392,Japan,2018,Feb,2509.0
392,Japan,2018,Mar,2608.0
392,Japan,2018,Apr,2901.0
392,Japan,2018,May,2675.0
392,Japan,2018,Jun,2705.0
392,Japan,2018,Jul,2832.0
392,Japan,2018,Aug,2578.0
392,Japan,2018,Sep,2160.0
392,Japan,2018,Oct,2641.0
392,Japan,2018,Nov,2451.0
392,Japan,2018,Dec,2632.0
392,Japan,2019,Jan,2689.0
392,Japan,2019,Feb,2604.0
392,Japan,2019,Mar,2760.0
392,Japan,2019,Apr,2927.0
392,Japan,2019,May,2773.0
392,Japan,2019,Jun,2880.0
392,Japan,2019,Jul,2991.0
392,Japan,2019,Aug,2520.0
392,Japan,2019,Sep,2273.0
392,Japan,2019,Oct,2497.0
392,Japan,2019,Nov,2441.0
392,Japan,2019,Dec,2526.0
392,Japan,2020,Jan,2661.0
392,Japan,2020,Feb,1085.0
392,Japan,2020,Mar,193.7
392,Japan,2020,Apr,2.9
392,Japan,2020,May,1.7
392,Japan,2020,Jun,2.6
392,Japan,2020,Jul,3.8
392,Japan,2020,Aug,8.7
392,Japan,2020,Sep,13.7
392,Japan,2020,Oct,27.4
392,Japan,2020,Nov,56.7
392,Japan,2020,Dec,58.7
392,Japan,2021,Jan,46.5
392,Japan,2021,Feb,7.4
392,Japan,2021,Mar,12.3
392,Japan,2021,Apr,10.9
392,Japan,2021,May,10.0
392,Japan,2021,Jun,9.3
392,Japan,2021,Jul,51.1
392,Japan,2021,Aug,25.9
392,Japan,2021,Sep,17.7
392,Japan,2021,Oct,22.1
392,Japan,2021,Nov,20.7
392,Japan,2021,Dec,12.1
392,Japan,2022,Jan,17.8
392,Japan,2022,Feb,16.7
392,Japan,2022,Mar,66.1
392,Japan,2022,Apr,139.5
392,Japan,2022,May,147.0
392,Japan,2022,Jun,120.4
392,Japan,2022,Jul,144.6
392,Japan,2022,Aug,169.9
392,Japan,2022,Sep,206.6
392,Japan,2022,Oct,498.6
392,Japan,2022,Nov,934.6
392,Japan,2022,Dec,1370.0
392,Japan,2023,Jan,1497.0
392,Japan,2023,Feb,1475.0
392,Japan,2023,Mar,1818.0
392,Japan,2023,Apr,1949.0
392,Japan,2023,May,1899.0
392,Japan,2023,Jun,2073.0
392,Japan,2023,Jul,2321.0
392,Japan,2023,Aug,2157.0
392,Japan,2023,Sep,2184.0
392,Japan,2023,Oct,2517.0
392,Japan,2023,Nov,2441.0
392,Japan,2023,Dec,2734.0
392,Japan,2024,Jan,2688.0
392,Japan,2024,Feb,2788.0
392,Japan,2024,Mar,3082.0
392,Japan,2024,Apr,3043.0
392,Japan,2024,May,3040.0
392,Japan,2024,Jun,3141.0
392,Japan,2024,Jul,3293.0
392,Japan,2024,Aug,2933.0
392,Japan,2024,Sep,2872.0
392,Japan,2024,Oct,3312.0
392,Japan,2024,Nov,3187.0
392,Japan,2024,Dec,3490.0
392,Japan,2025,Jan,3782.0
392,Japan,2025,Feb,3258.0
392,Japan,2025,Mar,3498.0
392,Japan,2025,Apr,3909.0
392,Japan,2025,May,3694.0
392,Japan,2025,Jun,3378.0
392,Japan,2025,Jul,3437.0
392,Japan,2025,Aug,3428.0
392,Japan,2025,Sep,3267.0
400,Jordan,2015,Feb,225.9
400,Jordan,2015,Mar,289.1
400,Jordan,2015,Apr,316.4
400,Jordan,2015,May,300.3
400,Jordan,2015,Jun,310.0
400,Jordan,2015,Jul,336.6
400,Jordan,2015,Aug,483.1
400,Jordan,2015,Sep,350.7
400,Jordan,2015,Oct,306.0
400,Jordan,2015,Nov,248.0
400,Jordan,2015,Dec,266.3
400,Jordan,2016,Jan,308.7
400,Jordan,2016,Feb,213.8
400,Jordan,2016,Mar,278.4
400,Jordan,2016,Apr,295.7
400,Jordan,2016,May,297.5
400,Jordan,2016,Jun,238.8
400,Jordan,2016,Jul,343.7
400,Jordan,2016,Aug,428.8
400,Jordan,2016,Sep,394.2
400,Jordan,2016,Oct,258.6
400,Jordan,2016,Nov,256.6
400,Jordan,2016,Dec,252.4
400,Jordan,2017,Jan,317.1
400,Jordan,2017,Feb,248.4
400,Jordan,2017,Mar,281.3
400,Jordan,2017,Apr,376.7
400,Jordan,2017,May,302.2
400,Jordan,2017,Jun,251.2
400,Jordan,2017,Jul,371.7
400,Jordan,2017,Aug,460.7
400,Jordan,2017,Sep,409.1
400,Jordan,2017,Oct,286.1
400,Jordan,2017,Nov,272.7
400,Jordan,2017,Dec,266.4
400,Jordan,2018,Jan,344.6
400,Jordan,2018,Feb,250.7
400,Jordan,2018,Mar,356.9
400,Jordan,2018,Apr,375.1
400,Jordan,2018,May,291.1
400,Jordan,2018,Jun,311.6
400,Jordan,2018,Jul,423.5
400,Jordan,2018,Aug,540.3
400,Jordan,2018,Sep,355.7
400,Jordan,2018,Oct,312.2
400,Jordan,2018,Nov,298.3
400,Jordan,2018,Dec,290.0
400,Jordan,2019,Jan,364.2
400,Jordan,2019,Feb,269.0
400,Jordan,2019,Mar,333.2
400,Jordan,2019,Apr,388.9
400,Jordan,2019,May,282.2
400,Jordan,2019,Jun,393.8
400,Jordan,2019,Jul,453.5
400,Jordan,2019,Aug,602.0
400,Jordan,2019,Sep,375.3
400,Jordan,2019,Oct,354.6
400,Jordan,2019,Nov,343.1
400,Jordan,2019,Dec,328.7
400,Jordan,2020,Jan,408.5
400,Jordan,2020,Feb,311.8
400,Jordan,2020,Mar,136.0
400,Jordan,2020,Apr,0.0
400,Jordan,2020,May,0.0
400,Jordan,2020,Jun,14.5
400,Jordan,2020,Jul,18.0
400,Jordan,2020,Aug,19.6
400,Jordan,2020,Sep,26.3
400,Jordan,2020,Oct,37.0
400,Jordan,2020,Nov,43.5
400,Jordan,2020,Dec,51.8
400,Jordan,2021,Jan,60.4
400,Jordan,2021,Feb,50.1
400,Jordan,2021,Mar,64.4
400,Jordan,2021,Apr,62.3
400,Jordan,2021,May,84.5
400,Jordan,2021,Jun,140.6
400,Jordan,2021,Jul,231.1
400,Jordan,2021,Aug,339.4
400,Jordan,2021,Sep,259.2
400,Jordan,2021,Oct,260.5
400,Jordan,2021,Nov,245.2
400,Jordan,2021,Dec,213.9
400,Jordan,2022,Jan,185.6
400,Jordan,2022,Feb,163.1
400,Jordan,2022,Mar,317.1
400,Jordan,2022,Apr,228.3
400,Jordan,2022,May,364.3
400,Jordan,2022,Jun,355.2
400,Jordan,2022,Jul,485.2
400,Jordan,2022,Aug,612.8
400,Jordan,2022,Sep,416.4
400,Jordan,2022,Oct,404.6
400,Jordan,2022,Nov,369.3
400,Jordan,2022,Dec,374.7
400,Jordan,2023,Jan,409.0
400,Jordan,2023,Feb,356.3
400,Jordan,2023,Mar,439.1
400,Jordan,2023,Apr,393.1
400,Jordan,2023,May,446.5
400,Jordan,2023,Jun,448.3
400,Jordan,2023,Jul,593.2
400,Jordan,2023,Aug,671.4
400,Jordan,2023,Sep,473.1
400,Jordan,2023,Oct,427.2
400,Jordan,2023,Nov,328.4
400,Jordan,2023,Dec,359.8
400,Jordan,2024,Jan,405.7
400,Jordan,2024,Feb,398.6
400,Jordan,2024,Mar,341.0
400,Jordan,2024,Apr,385.7
400,Jordan,2024,May,388.2
400,Jordan,2024,Jun,456.3
400,Jordan,2024,Jul,562.8
400,Jordan,2024,Aug,654.0
400,Jordan,2024,Sep,429.2
400,Jordan,2024,Oct,417.9
400,Jordan,2024,Nov,386.6
400,Jordan,2024,Dec,391.2
400,Jordan,2025,Jan,502.4
400,Jordan,2025,Feb,435.2
400,Jordan,2025,Mar,307.6
400,Jordan,2025,Apr,519.6
400,Jordan,2025,May,468.9
400,Jordan,2025,Jun,482.9
400,Jordan,2025,Jul,565.2
400,Jordan,2025,Aug,713.4
400,Jordan,2025,Sep,463.0
404,Kenya,2015,Feb,53.1
404,Kenya,2015,Mar,73.1
404,Kenya,2015,Apr,54.0
404,Kenya,2015,May,53.3
404,Kenya,2015,Jun,63.1
404,Kenya,2015,Jul,78.2
404,Kenya,2015,Aug,70.9
404,Kenya,2015,Sep,59.3
404,Kenya,2015,Oct,72.5
404,Kenya,2015,Nov,61.3
404,Kenya,2015,Dec,59.1
404,Kenya,2016,Jan,74.8
404,Kenya,2016,Feb,72.8
404,Kenya,2016,Mar,58.5
404,Kenya,2016,Apr,55.2
404,Kenya,2016,May,62.9
404,Kenya,2016,Jun,68.6
404,Kenya,2016,Jul,89.6
404,Kenya,2016,Aug,97.0
404,Kenya,2016,Sep,75.6
404,Kenya,2016,Oct,72.2
404,Kenya,2016,Nov,69.2
404,Kenya,2016,Dec,77.9
404,Kenya,2017,Jan,108.6
404,Kenya,2017,Feb,100.3
404,Kenya,2017,Mar,97.3
404,Kenya,2017,Apr,99.6
404,Kenya,2017,May,94.0
404,Kenya,2017,Jun,108.3
404,Kenya,2017,Jul,136.8
404,Kenya,2017,Aug,120.7
404,Kenya,2017,Sep,111.4
404,Kenya,2017,Oct,98.6
404,Kenya,2017,Nov,99.8
404,Kenya,2017,Dec,120.8
404,Kenya,2018,Jan,119.8
404,Kenya,2018,Feb,111.3
404,Kenya,2018,Mar,111.5
404,Kenya,2018,Apr,99.4
404,Kenya,2018,May,98.5
404,Kenya,2018,Jun,119.3
404,Kenya,2018,Jul,150.8
404,Kenya,2018,Aug,154.8
404,Kenya,2018,Sep,124.5
404,Kenya,2018,Oct,124.9
404,Kenya,2018,Nov,111.6
404,Kenya,2018,Dec,134.3
404,Kenya,2019,Jan,129.1
404,Kenya,2019,Feb,119.9
404,Kenya,2019,Mar,115.7
404,Kenya,2019,Apr,109.5
404,Kenya,2019,May,102.5
404,Kenya,2019,Jun,129.3
404,Kenya,2019,Jul,158.9
404,Kenya,2019,Aug,161.7
404,Kenya,2019,Sep,133.2
404,Kenya,2019,Oct,126.8
404,Kenya,2019,Nov,123.9
404,Kenya,2019,Dec,134.3
404,Kenya,2020,Jan,125.3
404,Kenya,2020,Feb,117.4
404,Kenya,2020,Mar,47.3
404,Kenya,2020,Apr,0.0
404,Kenya,2020,May,0.1
404,Kenya,2020,Jun,0.4
404,Kenya,2020,Jul,0.5
404,Kenya,2020,Aug,16.8
404,Kenya,2020,Sep,19.7
404,Kenya,2020,Oct,29.0
404,Kenya,2020,Nov,31.2
404,Kenya,2020,Dec,46.3
404,Kenya,2021,Jan,46.3
404,Kenya,2021,Feb,35.1
404,Kenya,2021,Mar,40.4
404,Kenya,2021,Apr,30.9
404,Kenya,2021,May,33.9
404,Kenya,2021,Jun,48.5
404,Kenya,2021,Jul,69.0
404,Kenya,2021,Aug,78.5
404,Kenya,2021,Sep,70.3
404,Kenya,2021,Oct,72.8
404,Kenya,2021,Nov,76.7
404,Kenya,2021,Dec,90.5
404,Kenya,2022,Jan,69.9
404,Kenya,2022,Feb,74.0
404,Kenya,2022,Mar,81.4
404,Kenya,2022,Apr,81.3
404,Kenya,2022,May,90.5
404,Kenya,2022,Jun,108.2
404,Kenya,2022,Jul,124.9
404,Kenya,2022,Aug,111.1
404,Kenya,2022,Sep,106.9
404,Kenya,2022,Oct,114.0
404,Kenya,2022,Nov,107.9
404,Kenya,2022,Dec,128.7
404,Kenya,2023,Jan,128.8
404,Kenya,2023,Feb,123.1
404,Kenya,2023,Mar,118.7
404,Kenya,2023,Apr,100.1
404,Kenya,2023,May,106.9
404,Kenya,2023,Jun,141.6
404,Kenya,2023,Jul,168.4
404,Kenya,2023,Aug,172.1
404,Kenya,2023,Sep,145.7
404,Kenya,2023,Oct,142.2
404,Kenya,2023,Nov,133.6
404,Kenya,2023,Dec,154.3
404,Kenya,2024,Jan,150.7
404,Kenya,2024,Feb,155.6
404,Kenya,2024,Mar,138.3
404,Kenya,2024,Apr,115.3
404,Kenya,2024,May,127.6
404,Kenya,2024,Jun,159.3
404,Kenya,2024,Jul,181.0
404,Kenya,2024,Aug,189.6
404,Kenya,2024,Sep,155.6
404,Kenya,2024,Oct,153.4
404,Kenya,2024,Nov,139.5
404,Kenya,2024,Dec,166.8
404,Kenya,2025,Jan,163.6
404,Kenya,2025,Feb,155.4
404,Kenya,2025,Mar,127.9
404,Kenya,2025,Apr,124.2
404,Kenya,2025,May,127.0
404,Kenya,2025,Jun,165.3
404,Kenya,2025,Jul,205.3
410,Korea (ROK),2015,Feb,1051.0
410,Korea (ROK),2015,Mar,1238.0
410,Korea (ROK),2015,Apr,1385.0
410,Korea (ROK),2015,May,1334.0
410,Korea (ROK),2015,Jun,750.9
410,Korea (ROK),2015,Jul,629.7
410,Korea (ROK),2015,Aug,1069.0
410,Korea (ROK),2015,Sep,1207.0
410,Korea (ROK),2015,Oct,1384.0
410,Korea (ROK),2015,Nov,1150.0
410,Korea (ROK),2015,Dec,1116.0
410,Korea (ROK),2016,Jan,1077.0
410,Korea (ROK),2016,Feb,1126.0
410,Korea (ROK),2016,Mar,1389.0
410,Korea (ROK),2016,Apr,1470.0
410,Korea (ROK),2016,May,1493.0
410,Korea (ROK),2016,Jun,1554.0
410,Korea (ROK),2016,Jul,1703.0
410,Korea (ROK),2016,Aug,1664.0
410,Korea (ROK),2016,Sep,1524.0
410,Korea (ROK),2016,Oct,1588.0
410,Korea (ROK),2016,Nov,1309.0
410,Korea (ROK),2016,Dec,1343.0
410,Korea (ROK),2017,Jan,1221.0
410,Korea (ROK),2017,Feb,1252.0
410,Korea (ROK),2017,Mar,1234.0
410,Korea (ROK),2017,Apr,1076.0
410,Korea (ROK),2017,May,977.9
410,Korea (ROK),2017,Jun,991.8
410,Korea (ROK),2017,Jul,1009.0
410,Korea (ROK),2017,Aug,1104.0
410,Korea (ROK),2017,Sep,1079.0
410,Korea (ROK),2017,Oct,1166.0
410,Korea (ROK),2017,Nov,1093.0
410,Korea (ROK),2017,Dec,1134.0
410,Korea (ROK),2018,Jan,956.0
410,Korea (ROK),2018,Feb,1045.0
410,Korea (ROK),2018,Mar,1366.0
410,Korea (ROK),2018,Apr,1332.0
410,Korea (ROK),2018,May,1238.0
410,Korea (ROK),2018,Jun,1282.0
410,Korea (ROK),2018,Jul,1255.0
410,Korea (ROK),2018,Aug,1392.0
410,Korea (ROK),2018,Sep,1279.0
410,Korea (ROK),2018,Oct,1528.0
410,Korea (ROK),2018,Nov,1350.0
410,Korea (ROK),2018,Dec,1324.0
410,Korea (ROK),2019,Jan,1105.0
410,Korea (ROK),2019,Feb,1202.0
410,Korea (ROK),2019,Mar,1536.0
410,Korea (ROK),2019,Apr,1635.0
410,Korea (ROK),2019,May,1486.0
410,Korea (ROK),2019,Jun,1476.0
410,Korea (ROK),2019,Jul,1448.0
410,Korea (ROK),2019,Aug,1586.0
410,Korea (ROK),2019,Sep,1460.0
410,Korea (ROK),2019,Oct,1656.0
410,Korea (ROK),2019,Nov,1456.0
410,Korea (ROK),2019,Dec,1457.0
410,Korea (ROK),2020,Jan,1273.0
410,Korea (ROK),2020,Feb,685.2
410,Korea (ROK),2020,Mar,83.5
410,Korea (ROK),2020,Apr,29.4
410,Korea (ROK),2020,May,30.8
410,Korea (ROK),2020,Jun,36.9
410,Korea (ROK),2020,Jul,61.0
410,Korea (ROK),2020,Aug,68.8
410,Korea (ROK),2020,Sep,65.0
410,Korea (ROK),2020,Oct,61.6
410,Korea (ROK),2020,Nov,61.8
410,Korea (ROK),2020,Dec,62.3
410,Korea (ROK),2021,Jan,58.4
410,Korea (ROK),2021,Feb,65.6
410,Korea (ROK),2021,Mar,74.6
410,Korea (ROK),2021,Apr,70.1
410,Korea (ROK),2021,May,74.5
410,Korea (ROK),2021,Jun,77.0
410,Korea (ROK),2021,Jul,83.0
410,Korea (ROK),2021,Aug,97.1
410,Korea (ROK),2021,Sep,89.8
410,Korea (ROK),2021,Oct,92.4
410,Korea (ROK),2021,Nov,94.4
410,Korea (ROK),2021,Dec,90.2
410,Korea (ROK),2022,Jan,81.9
410,Korea (ROK),2022,Feb,100.0
410,Korea (ROK),2022,Mar,96.8
410,Korea (ROK),2022,Apr,127.9
410,Korea (ROK),2022,May,175.9
410,Korea (ROK),2022,Jun,227.7
410,Korea (ROK),2022,Jul,264.0
410,Korea (ROK),2022,Aug,310.9
410,Korea (ROK),2022,Sep,337.6
410,Korea (ROK),2022,Oct,476.1
410,Korea (ROK),2022,Nov,459.9
410,Korea (ROK),2022,Dec,539.3
410,Korea (ROK),2023,Jan,434.4
410,Korea (ROK),2023,Feb,479.2
410,Korea (ROK),2023,Mar,800.6
410,Korea (ROK),2023,Apr,888.8
410,Korea (ROK),2023,May,867.1
410,Korea (ROK),2023,Jun,960.6
410,Korea (ROK),2023,Jul,1032.0
410,Korea (ROK),2023,Aug,1089.0
410,Korea (ROK),2023,Sep,1098.0
410,Korea (ROK),2023,Oct,1230.0
410,Korea (ROK),2023,Nov,1115.0
410,Korea (ROK),2023,Dec,1037.0
410,Korea (ROK),2024,Jan,880.9
410,Korea (ROK),2024,Feb,1030.0
410,Korea (ROK),2024,Mar,1492.0
410,Korea (ROK),2024,Apr,1463.0
410,Korea (ROK),2024,May,1418.0
410,Korea (ROK),2024,Jun,1417.0
410,Korea (ROK),2024,Jul,1408.0
410,Korea (ROK),2024,Aug,1563.0
410,Korea (ROK),2024,Sep,1464.0
410,Korea (ROK),2024,Oct,1600.0
410,Korea (ROK),2024,Nov,1361.0
410,Korea (ROK),2024,Dec,1271.0
410,Korea (ROK),2025,Jan,1117.0
410,Korea (ROK),2025,Feb,1138.0
410,Korea (ROK),2025,Mar,1615.0
410,Korea (ROK),2025,Apr,1707.0
410,Korea (ROK),2025,May,1629.0
410,Korea (ROK),2025,Jun,1619.0
410,Korea (ROK),2025,Jul,1733.0
410,Korea (ROK),2025,Aug,1820.0
410,Korea (ROK),2025,Sep,1703.0
414,Kuwait,2019,Jan,17.2
414,Kuwait,2019,Feb,12.1
414,Kuwait,2019,Mar,4.7
414,Kuwait,2019,Apr,11.6
414,Kuwait,2019,May,9.3
414,Kuwait,2019,Jun,12.7
414,Kuwait,2019,Jul,16.8
414,Kuwait,2019,Aug,16.5
414,Kuwait,2019,Sep,12.3
414,Kuwait,2019,Oct,11.8
414,Kuwait,2019,Nov,13.1
414,Kuwait,2019,Dec,14.4
414,Kuwait,2020,Jan,20.5
414,Kuwait,2020,Feb,16.7
414,Kuwait,2020,Mar,2.5
414,Kuwait,2020,Apr,0.5
414,Kuwait,2020,May,0.4
414,Kuwait,2020,Jun,0.7
414,Kuwait,2020,Jul,2.1
414,Kuwait,2020,Aug,8.2
414,Kuwait,2020,Sep,10.9
414,Kuwait,2020,Oct,11.0
414,Kuwait,2020,Nov,6.7
414,Kuwait,2020,Dec,6.3
414,Kuwait,2021,Jan,6.3
414,Kuwait,2021,Feb,6.1
414,Kuwait,2021,Mar,4.7
414,Kuwait,2021,Apr,4.6
414,Kuwait,2021,May,7.2
414,Kuwait,2021,Jun,8.7
414,Kuwait,2021,Jul,10.2
414,Kuwait,2021,Aug,8.9
414,Kuwait,2021,Sep,7.6
414,Kuwait,2021,Oct,7.2
414,Kuwait,2021,Nov,6.2
414,Kuwait,2021,Dec,7.4
414,Kuwait,2022,Jan,5.9
414,Kuwait,2022,Feb,6.9
414,Kuwait,2022,Mar,15.5
414,Kuwait,2022,Apr,3.4
414,Kuwait,2022,May,7.5
414,Kuwait,2022,Jun,7.3
414,Kuwait,2022,Jul,7.2
414,Kuwait,2022,Aug,6.6
414,Kuwait,2022,Sep,7.2
414,Kuwait,2022,Oct,6.5
414,Kuwait,2022,Nov,7.3
414,Kuwait,2022,Dec,7.4
414,Kuwait,2023,Jan,10.6
414,Kuwait,2023,Feb,9.9
414,Kuwait,2023,Mar,9.4
414,Kuwait,2023,Apr,6.6
414,Kuwait,2023,May,10.2
414,Kuwait,2023,Jun,12.7
414,Kuwait,2023,Jul,13.2
414,Kuwait,2023,Aug,12.2
414,Kuwait,2023,Sep,9.0
414,Kuwait,2023,Oct,8.1
414,Kuwait,2023,Nov,9.1
414,Kuwait,2023,Dec,11.3
418,Laos,2015,Feb,426.7
418,Laos,2015,Mar,421.8
418,Laos,2015,Apr,416.6
418,Laos,2015,May,325.1
418,Laos,2015,Jun,299.0
418,Laos,2015,Jul,337.8
418,Laos,2015,Aug,358.4
418,Laos,2015,Sep,461.9
418,Laos,2015,Oct,400.1
418,Laos,2015,Nov,420.7
418,Laos,2015,Dec,380.1
418,Laos,2016,Jan,400.1
418,Laos,2016,Feb,450.9
418,Laos,2016,Mar,397.0
418,Laos,2016,Apr,363.5
418,Laos,2016,May,343.2
418,Laos,2016,Jun,296.3
418,Laos,2016,Jul,296.2
418,Laos,2016,Aug,323.6
418,Laos,2016,Sep,303.0
418,Laos,2016,Oct,336.9
418,Laos,2016,Nov,368.0
418,Laos,2016,Dec,360.4
418,Laos,2017,Jan,339.8
418,Laos,2017,Feb,350.3
418,Laos,2017,Mar,355.2
418,Laos,2017,Apr,346.6
418,Laos,2017,May,314.3
418,Laos,2017,Jun,298.3
418,Laos,2017,Jul,279.0
418,Laos,2017,Aug,281.0
418,Laos,2017,Sep,262.5
418,Laos,2017,Oct,325.6
418,Laos,2017,Nov,359.0
418,Laos,2017,Dec,357.3
418,Laos,2018,Jan,358.2
418,Laos,2018,Feb,347.2
418,Laos,2018,Mar,362.2
418,Laos,2018,Apr,376.1
418,Laos,2018,May,339.2
418,Laos,2018,Jun,344.3
418,Laos,2018,Jul,282.6
418,Laos,2018,Aug,386.9
418,Laos,2018,Sep,295.3
418,Laos,2018,Oct,348.3
418,Laos,2018,Nov,352.2
418,Laos,2018,Dec,393.8
418,Laos,2019,Jan,331.5
418,Laos,2019,Feb,337.4
418,Laos,2019,Mar,393.5
418,Laos,2019,Apr,404.9
418,Laos,2019,May,392.5
418,Laos,2019,Jun,368.6
418,Laos,2019,Jul,418.5
418,Laos,2019,Aug,437.6
418,Laos,2019,Sep,362.0
418,Laos,2019,Oct,413.3
418,Laos,2019,Nov,473.6
418,Laos,2019,Dec,457.6
418,Laos,2020,Jan,351.1
418,Laos,2020,Feb,345.9
418,Laos,2020,Mar,189.4
418,Laos,2020,Apr,0.0
418,Laos,2020,May,0.0
418,Laos,2020,Jun,0.0
418,Laos,2020,Jul,0.0
418,Laos,2020,Aug,0.0
418,Laos,2020,Sep,0.0
418,Laos,2020,Oct,0.0
418,Laos,2020,Nov,0.0
418,Laos,2020,Dec,0.0
418,Laos,2022,Jan,0.0
418,Laos,2022,Feb,0.1
418,Laos,2022,Mar,0.3
418,Laos,2022,Apr,0.1
418,Laos,2022,May,36.0
418,Laos,2022,Jun,175.4
418,Laos,2022,Jul,133.7
418,Laos,2022,Aug,157.5
418,Laos,2022,Sep,146.0
418,Laos,2022,Oct,211.0
418,Laos,2022,Nov,228.6
418,Laos,2022,Dec,205.7
418,Laos,2023,Jan,280.0
418,Laos,2023,Feb,276.2
418,Laos,2023,Mar,275.1
418,Laos,2023,Apr,295.3
418,Laos,2023,May,278.7
418,Laos,2023,Jun,269.2
418,Laos,2023,Jul,290.9
418,Laos,2023,Aug,266.6
418,Laos,2023,Sep,266.8
418,Laos,2023,Oct,290.5
418,Laos,2023,Nov,299.1
418,Laos,2023,Dec,329.3
418,Laos,2024,Jan,377.6
418,Laos,2024,Feb,367.3
418,Laos,2024,Mar,387.0
418,Laos,2024,Apr,388.7
418,Laos,2024,May,319.4
418,Laos,2024,Jun,267.6
418,Laos,2024,Jul,215.4
418,Laos,2024,Aug,330.0
418,Laos,2024,Sep,283.6
418,Laos,2024,Oct,376.0
418,Laos,2024,Nov,443.2
418,Laos,2024,Dec,365.0
418,Laos,2025,Jan,438.6
418,Laos,2025,Feb,402.6
418,Laos,2025,Mar,418.9
428,Latvia,2015,Feb,73.2
428,Latvia,2015,Mar,84.3
428,Latvia,2015,Apr,107.6
428,Latvia,2015,May,145.6
428,Latvia,2015,Jun,158.5
428,Latvia,2015,Jul,206.2
428,Latvia,2015,Aug,202.9
428,Latvia,2015,Sep,134.4
428,Latvia,2015,Oct,109.9
428,Latvia,2015,Nov,84.7
428,Latvia,2015,Dec,90.4
428,Latvia,2016,Jan,77.2
428,Latvia,2016,Feb,71.9
428,Latvia,2016,Mar,91.3
428,Latvia,2016,Apr,107.8
428,Latvia,2016,May,147.1
428,Latvia,2016,Jun,177.7
428,Latvia,2016,Jul,222.2
428,Latvia,2016,Aug,218.8
428,Latvia,2016,Sep,143.9
428,Latvia,2016,Oct,121.9
428,Latvia,2016,Nov,93.3
428,Latvia,2016,Dec,100.4
428,Latvia,2017,Jan,88.6
428,Latvia,2017,Feb,82.7
428,Latvia,2017,Mar,93.0
428,Latvia,2017,Apr,128.2
428,Latvia,2017,May,166.3
428,Latvia,2017,Jun,200.8
428,Latvia,2017,Jul,252.1
428,Latvia,2017,Aug,234.2
428,Latvia,2017,Sep,172.6
428,Latvia,2017,Oct,131.8
428,Latvia,2017,Nov,108.9
428,Latvia,2017,Dec,119.8
428,Latvia,2018,Jan,103.7
428,Latvia,2018,Feb,88.6
428,Latvia,2018,Mar,112.4
428,Latvia,2018,Apr,142.3
428,Latvia,2018,May,184.4
428,Latvia,2018,Jun,211.6
428,Latvia,2018,Jul,268.2
428,Latvia,2018,Aug,262.8
428,Latvia,2018,Sep,175.3
428,Latvia,2018,Oct,143.0
428,Latvia,2018,Nov,113.2
428,Latvia,2018,Dec,120.0
428,Latvia,2019,Jan,100.3
428,Latvia,2019,Feb,87.6
428,Latvia,2019,Mar,114.0
428,Latvia,2019,Apr,145.9
428,Latvia,2019,May,183.2
428,Latvia,2019,Jun,219.1
428,Latvia,2019,Jul,269.7
428,Latvia,2019,Aug,263.9
428,Latvia,2019,Sep,171.8
428,Latvia,2019,Oct,144.9
428,Latvia,2019,Nov,119.3
428,Latvia,2019,Dec,126.3
428,Latvia,2020,Jan,110.9
428,Latvia,2020,Feb,99.7
428,Latvia,2020,Mar,44.5
428,Latvia,2020,Apr,2.4
428,Latvia,2020,May,6.3
428,Latvia,2020,Jun,53.3
428,Latvia,2020,Jul,165.9
428,Latvia,2020,Aug,156.5
428,Latvia,2020,Sep,35.7
428,Latvia,2020,Oct,17.7
428,Latvia,2020,Nov,13.0
428,Latvia,2020,Dec,9.1
428,Latvia,2021,Jan,7.3
428,Latvia,2021,Feb,7.9
428,Latvia,2021,Mar,7.3
428,Latvia,2021,Apr,8.6
428,Latvia,2021,May,13.7
428,Latvia,2021,Jun,20.9
428,Latvia,2021,Jul,83.9
428,Latvia,2021,Aug,107.0
428,Latvia,2021,Sep,71.5
428,Latvia,2021,Oct,51.9
428,Latvia,2021,Nov,26.2
428,Latvia,2021,Dec,36.1
428,Latvia,2022,Jan,29.4
428,Latvia,2022,Feb,36.4
428,Latvia,2022,Mar,47.1
428,Latvia,2022,Apr,73.8
428,Latvia,2022,May,87.6
428,Latvia,2022,Jun,129.7
428,Latvia,2022,Jul,181.7
428,Latvia,2022,Aug,185.3
428,Latvia,2022,Sep,112.4
428,Latvia,2022,Oct,100.2
428,Latvia,2022,Nov,74.8
428,Latvia,2022,Dec,80.4
428,Latvia,2023,Jan,62.9
428,Latvia,2023,Feb,70.1
428,Latvia,2023,Mar,73.3
428,Latvia,2023,Apr,98.7
428,Latvia,2023,May,120.1
428,Latvia,2023,Jun,145.4
428,Latvia,2023,Jul,214.8
428,Latvia,2023,Aug,195.2
428,Latvia,2023,Sep,123.5
428,Latvia,2023,Oct,101.0
428,Latvia,2023,Nov,89.5
428,Latvia,2023,Dec,94.5
428,Latvia,2024,Jan,66.7
428,Latvia,2024,Feb,69.9
428,Latvia,2024,Mar,91.9
428,Latvia,2024,Apr,105.7
428,Latvia,2024,May,138.7
428,Latvia,2024,Jun,175.0
428,Latvia,2024,Jul,237.2
428,Latvia,2024,Aug,224.5
428,Latvia,2024,Sep,144.0
428,Latvia,2024,Oct,119.1
428,Latvia,2024,Nov,102.4
428,Latvia,2024,Dec,112.0
428,Latvia,2025,Jan,85.3
428,Latvia,2025,Feb,84.4
428,Latvia,2025,Mar,96.1
428,Latvia,2025,Apr,115.8
428,Latvia,2025,May,152.3
428,Latvia,2025,Jun,174.3
428,Latvia,2025,Jul,235.1
428,Latvia,2025,Aug,238.5
428,Latvia,2025,Sep,154.7
422,Lebanon,2015,Feb,85.1
422,Lebanon,2015,Mar,106.4
422,Lebanon,2015,Apr,116.7
422,Lebanon,2015,May,125.4
422,Lebanon,2015,Jun,147.1
422,Lebanon,2015,Jul,208.7
422,Lebanon,2015,Aug,165.7
422,Lebanon,2015,Sep,136.1
422,Lebanon,2015,Oct,112.6
422,Lebanon,2015,Nov,100.0
422,Lebanon,2015,Dec,123.6
422,Lebanon,2016,Jan,94.5
422,Lebanon,2016,Feb,97.3
422,Lebanon,2016,Mar,114.7
422,Lebanon,2016,Apr,122.4
422,Lebanon,2016,May,147.1
422,Lebanon,2016,Jun,147.1
422,Lebanon,2016,Jul,232.7
422,Lebanon,2016,Aug,182.2
422,Lebanon,2016,Sep,164.6
422,Lebanon,2016,Oct,122.4
422,Lebanon,2016,Nov,121.7
422,Lebanon,2016,Dec,141.5
422,Lebanon,2017,Jan,105.3
422,Lebanon,2017,Feb,110.1
422,Lebanon,2017,Mar,129.9
422,Lebanon,2017,Apr,158.6
422,Lebanon,2017,May,146.0
422,Lebanon,2017,Jun,176.3
422,Lebanon,2017,Jul,247.6
422,Lebanon,2017,Aug,213.7
422,Lebanon,2017,Sep,162.1
422,Lebanon,2017,Oct,142.8
422,Lebanon,2017,Nov,122.5
422,Lebanon,2017,Dec,142.0
422,Lebanon,2018,Jan,107.0
422,Lebanon,2018,Feb,114.7
422,Lebanon,2018,Mar,140.7
422,Lebanon,2018,Apr,159.2
422,Lebanon,2018,May,134.9
422,Lebanon,2018,Jun,196.6
422,Lebanon,2018,Jul,262.8
422,Lebanon,2018,Aug,223.4
422,Lebanon,2018,Sep,166.5
422,Lebanon,2018,Oct,166.1
422,Lebanon,2018,Nov,129.5
422,Lebanon,2018,Dec,162.5
422,Lebanon,2019,Jan,112.9
422,Lebanon,2019,Feb,118.2
422,Lebanon,2019,Mar,144.8
422,Lebanon,2019,Apr,184.0
422,Lebanon,2019,May,132.9
422,Lebanon,2019,Jun,231.1
422,Lebanon,2019,Jul,282.2
422,Lebanon,2019,Aug,235.4
422,Lebanon,2019,Sep,171.6
422,Lebanon,2019,Oct,142.6
422,Lebanon,2019,Nov,74.4
422,Lebanon,2019,Dec,106.2
422,Lebanon,2020,Jan,82.0
422,Lebanon,2020,Feb,83.1
422,Lebanon,2020,Mar,29.4
422,Lebanon,2020,Apr,0.5
422,Lebanon,2020,May,2.6
422,Lebanon,2020,Jun,2.3
422,Lebanon,2020,Jul,34.2
422,Lebanon,2020,Aug,26.8
422,Lebanon,2020,Sep,28.2
422,Lebanon,2020,Oct,36.5
422,Lebanon,2020,Nov,29.8
422,Lebanon,2020,Dec,58.9
422,Lebanon,2021,Jan,23.6
422,Lebanon,2021,Feb,22.7
422,Lebanon,2021,Mar,37.0
422,Lebanon,2021,Apr,39.7
422,Lebanon,2021,May,63.7
422,Lebanon,2021,Jun,105.0
422,Lebanon,2021,Jul,179.1
422,Lebanon,2021,Aug,108.4
422,Lebanon,2021,Sep,80.0
422,Lebanon,2021,Oct,75.7
422,Lebanon,2021,Nov,59.1
422,Lebanon,2021,Dec,96.1
422,Lebanon,2022,Jan,62.3
422,Lebanon,2022,Feb,67.8
422,Lebanon,2022,Mar,82.8
422,Lebanon,2022,Apr,87.6
422,Lebanon,2022,May,115.5
422,Lebanon,2022,Jun,154.7
422,Lebanon,2022,Jul,238.5
422,Lebanon,2022,Aug,173.0
422,Lebanon,2022,Sep,138.7
422,Lebanon,2022,Oct,123.4
422,Lebanon,2022,Nov,93.2
422,Lebanon,2022,Dec,128.4
422,Lebanon,2023,Jan,88.4
422,Lebanon,2023,Feb,85.7
422,Lebanon,2023,Mar,100.7
422,Lebanon,2023,Apr,123.4
422,Lebanon,2023,May,143.2
422,Lebanon,2023,Jun,209.8
422,Lebanon,2023,Jul,267.7
422,Lebanon,2023,Aug,210.5
422,Lebanon,2023,Sep,175.4
422,Lebanon,2023,Oct,102.7
422,Lebanon,2023,Nov,58.9
422,Lebanon,2023,Dec,100.1
422,Lebanon,2024,Jan,77.7
422,Lebanon,2024,Feb,80.2
422,Lebanon,2024,Mar,79.8
422,Lebanon,2024,Apr,102.7
422,Lebanon,2024,May,116.5
422,Lebanon,2024,Jun,173.3
422,Lebanon,2024,Jul,196.0
422,Lebanon,2024,Aug,107.9
422,Lebanon,2024,Sep,88.5
422,Lebanon,2024,Oct,13.9
422,Lebanon,2024,Nov,21.0
422,Lebanon,2024,Dec,73.7
422,Lebanon,2025,Jan,83.6
422,Lebanon,2025,Feb,90.9
422,Lebanon,2025,Mar,63.5
422,Lebanon,2025,Apr,102.6
422,Lebanon,2025,May,135.4
422,Lebanon,2025,Jun,159.5
422,Lebanon,2025,Jul,252.1
422,Lebanon,2025,Aug,209.5
422,Lebanon,2025,Sep,150.5
426,Lesotho,2015,Feb,144.4
426,Lesotho,2015,Mar,165.7
426,Lesotho,2015,Apr,198.8
426,Lesotho,2015,May,161.4
426,Lesotho,2015,Jun,160.7
426,Lesotho,2015,Jul,172.7
426,Lesotho,2015,Aug,182.0
426,Lesotho,2015,Sep,171.3
426,Lesotho,2015,Oct,161.8
426,Lesotho,2015,Nov,166.9
426,Lesotho,2015,Dec,282.2
426,Lesotho,2016,Jan,178.1
426,Lesotho,2016,Feb,159.1
426,Lesotho,2016,Mar,224.9
426,Lesotho,2016,Apr,184.4
426,Lesotho,2016,May,171.0
426,Lesotho,2016,Jun,178.6
426,Lesotho,2016,Jul,191.2
426,Lesotho,2016,Aug,193.8
426,Lesotho,2016,Sep,186.0
426,Lesotho,2016,Oct,194.5
426,Lesotho,2016,Nov,187.4
426,Lesotho,2016,Dec,310.2
426,Lesotho,2017,Jan,167.9
426,Lesotho,2017,Feb,150.3
426,Lesotho,2017,Mar,177.3
426,Lesotho,2017,Apr,218.5
426,Lesotho,2017,May,159.1
426,Lesotho,2017,Jun,164.4
426,Lesotho,2017,Jul,192.1
426,Lesotho,2017,Aug,170.0
426,Lesotho,2017,Sep,185.5
426,Lesotho,2017,Oct,177.9
426,Lesotho,2017,Nov,178.5
426,Lesotho,2017,Dec,301.4
426,Lesotho,2018,Jan,178.6
426,Lesotho,2018,Feb,156.8
426,Lesotho,2018,Mar,212.0
426,Lesotho,2018,Apr,189.2
426,Lesotho,2018,May,154.1
426,Lesotho,2018,Jun,174.2
426,Lesotho,2018,Jul,183.9
426,Lesotho,2018,Aug,191.9
426,Lesotho,2018,Sep,186.4
426,Lesotho,2018,Oct,182.5
426,Lesotho,2018,Nov,186.0
426,Lesotho,2018,Dec,317.1
426,Lesotho,2019,Jan,169.6
426,Lesotho,2019,Feb,147.8
426,Lesotho,2019,Mar,183.4
426,Lesotho,2019,Apr,194.0
426,Lesotho,2019,May,167.1
426,Lesotho,2019,Jun,184.0
426,Lesotho,2019,Jul,166.1
426,Lesotho,2019,Aug,198.0
426,Lesotho,2019,Sep,175.9
426,Lesotho,2019,Oct,174.9
426,Lesotho,2019,Nov,186.2
426,Lesotho,2019,Dec,306.0
426,Lesotho,2020,Jan,0.0
426,Lesotho,2020,Feb,0.0
426,Lesotho,2020,Mar,0.0
426,Lesotho,2020,Apr,0.0
426,Lesotho,2020,May,0.0
426,Lesotho,2020,Jun,0.0
426,Lesotho,2020,Jul,0.0
426,Lesotho,2020,Aug,0.0
426,Lesotho,2020,Sep,0.0
426,Lesotho,2020,Oct,0.0
426,Lesotho,2020,Nov,0.0
426,Lesotho,2020,Dec,0.0
426,Lesotho,2021,Jan,15.2
426,Lesotho,2021,Feb,16.1
426,Lesotho,2021,Mar,39.2
426,Lesotho,2021,Apr,45.7
426,Lesotho,2021,May,45.0
426,Lesotho,2021,Jun,46.3
426,Lesotho,2021,Jul,43.0
426,Lesotho,2021,Aug,49.5
426,Lesotho,2021,Sep,51.0
426,Lesotho,2021,Oct,52.5
426,Lesotho,2021,Nov,54.6
426,Lesotho,2021,Dec,91.4
426,Lesotho,2022,Jan,54.2
426,Lesotho,2022,Feb,56.4
426,Lesotho,2022,Mar,68.1
426,Lesotho,2022,Apr,88.5
426,Lesotho,2022,May,77.0
426,Lesotho,2022,Jun,91.1
426,Lesotho,2022,Jul,101.0
426,Lesotho,2022,Aug,110.7
426,Lesotho,2022,Sep,99.4
426,Lesotho,2022,Oct,91.2
426,Lesotho,2022,Nov,72.1
426,Lesotho,2022,Dec,157.5
426,Lesotho,2023,Jan,109.5
426,Lesotho,2023,Feb,94.1
426,Lesotho,2023,Mar,118.5
426,Lesotho,2023,Apr,140.1
426,Lesotho,2023,May,106.2
426,Lesotho,2023,Jun,109.2
426,Lesotho,2023,Jul,113.9
426,Lesotho,2023,Aug,116.0
426,Lesotho,2023,Sep,111.3
426,Lesotho,2023,Oct,117.4
426,Lesotho,2023,Nov,115.5
426,Lesotho,2023,Dec,195.4
426,Lesotho,2024,Jan,143.3
426,Lesotho,2024,Feb,123.1
426,Lesotho,2024,Mar,155.1
426,Lesotho,2024,Apr,183.4
426,Lesotho,2024,May,138.9
426,Lesotho,2024,Jun,142.9
426,Lesotho,2024,Jul,149.1
426,Lesotho,2024,Aug,151.8
426,Lesotho,2024,Sep,145.7
426,Lesotho,2024,Oct,153.7
426,Lesotho,2024,Nov,151.2
426,Lesotho,2024,Dec,255.8
426,Lesotho,2025,Jan,114.9
426,Lesotho,2025,Feb,100.9
426,Lesotho,2025,Mar,117.6
426,Lesotho,2025,Apr,129.1
426,Lesotho,2025,May,112.9
426,Lesotho,2025,Jun,119.3
426,Lesotho,2025,Jul,140.9
426,Lesotho,2025,Aug,133.9
426,Lesotho,2025,Sep,117.7
438,Liechtenstein,2015,Feb,4.1
438,Liechtenstein,2015,Mar,4.5
438,Liechtenstein,2015,Apr,3.7
438,Liechtenstein,2015,May,4.6
438,Liechtenstein,2015,Jun,5.4
438,Liechtenstein,2015,Jul,6.9
438,Liechtenstein,2015,Aug,7.5
438,Liechtenstein,2015,Sep,6.0
438,Liechtenstein,2015,Oct,4.3
438,Liechtenstein,2015,Nov,3.0
438,Liechtenstein,2015,Dec,3.0
438,Liechtenstein,2016,Jan,3.7
438,Liechtenstein,2016,Feb,4.8
438,Liechtenstein,2016,Mar,5.7
438,Liechtenstein,2016,Apr,4.1
438,Liechtenstein,2016,May,5.3
438,Liechtenstein,2016,Jun,6.9
438,Liechtenstein,2016,Jul,9.4
438,Liechtenstein,2016,Aug,9.9
438,Liechtenstein,2016,Sep,6.9
438,Liechtenstein,2016,Oct,4.8
438,Liechtenstein,2016,Nov,3.7
438,Liechtenstein,2016,Dec,3.8
438,Liechtenstein,2017,Jan,4.5
438,Liechtenstein,2017,Feb,5.4
438,Liechtenstein,2017,Mar,5.6
438,Liechtenstein,2017,Apr,5.5
438,Liechtenstein,2017,May,6.3
438,Liechtenstein,2017,Jun,7.4
438,Liechtenstein,2017,Jul,10.0
438,Liechtenstein,2017,Aug,10.9
438,Liechtenstein,2017,Sep,7.9
438,Liechtenstein,2017,Oct,6.2
438,Liechtenstein,2017,Nov,4.4
438,Liechtenstein,2017,Dec,5.2
438,Liechtenstein,2018,Jan,5.8
438,Liechtenstein,2018,Feb,6.0
438,Liechtenstein,2018,Mar,6.0
438,Liechtenstein,2018,Apr,5.0
438,Liechtenstein,2018,May,6.6
438,Liechtenstein,2018,Jun,9.0
438,Liechtenstein,2018,Jul,12.1
438,Liechtenstein,2018,Aug,12.5
438,Liechtenstein,2018,Sep,9.1
438,Liechtenstein,2018,Oct,6.3
438,Liechtenstein,2018,Nov,4.5
438,Liechtenstein,2018,Dec,4.6
438,Liechtenstein,2019,Jan,5.5
438,Liechtenstein,2019,Feb,5.9
438,Liechtenstein,2019,Mar,6.2
438,Liechtenstein,2019,Apr,5.8
438,Liechtenstein,2019,May,7.0
438,Liechtenstein,2019,Jun,10.4
438,Liechtenstein,2019,Jul,13.1
438,Liechtenstein,2019,Aug,14.2
438,Liechtenstein,2019,Sep,10.5
438,Liechtenstein,2019,Oct,8.2
438,Liechtenstein,2019,Nov,5.0
438,Liechtenstein,2019,Dec,6.2
438,Liechtenstein,2020,Jan,6.5
438,Liechtenstein,2020,Feb,7.4
438,Liechtenstein,2020,Mar,2.6
438,Liechtenstein,2020,Apr,0.3
438,Liechtenstein,2020,May,1.3
438,Liechtenstein,2020,Jun,3.9
438,Liechtenstein,2020,Jul,9.3
438,Liechtenstein,2020,Aug,9.8
438,Liechtenstein,2020,Sep,7.5
438,Liechtenstein,2020,Oct,4.7
438,Liechtenstein,2020,Nov,2.3
438,Liechtenstein,2020,Dec,2.7
438,Liechtenstein,2021,Jan,2.5
438,Liechtenstein,2021,Feb,3.3
438,Liechtenstein,2021,Mar,3.5
438,Liechtenstein,2021,Apr,2.8
438,Liechtenstein,2021,May,4.5
438,Liechtenstein,2021,Jun,6.3
438,Liechtenstein,2021,Jul,10.2
438,Liechtenstein,2021,Aug,11.7
438,Liechtenstein,2021,Sep,8.9
438,Liechtenstein,2021,Oct,8.4
438,Liechtenstein,2021,Nov,4.6
438,Liechtenstein,2021,Dec,4.1
438,Liechtenstein,2022,Jan,4.4
438,Liechtenstein,2022,Feb,5.6
438,Liechtenstein,2022,Mar,6.2
438,Liechtenstein,2022,Apr,5.9
438,Liechtenstein,2022,May,7.8
438,Liechtenstein,2022,Jun,10.8
438,Liechtenstein,2022,Jul,13.9
438,Liechtenstein,2022,Aug,13.9
438,Liechtenstein,2022,Sep,11.2
438,Liechtenstein,2022,Oct,9.4
438,Liechtenstein,2022,Nov,5.5
438,Liechtenstein,2022,Dec,6.3
438,Liechtenstein,2023,Jan,6.1
438,Liechtenstein,2023,Feb,6.4
438,Liechtenstein,2023,Mar,7.3
438,Liechtenstein,2023,Apr,7.1
438,Liechtenstein,2023,May,9.3
438,Liechtenstein,2023,Jun,12.4
438,Liechtenstein,2023,Jul,15.5
438,Liechtenstein,2023,Aug,14.3
438,Liechtenstein,2023,Sep,12.8
438,Liechtenstein,2023,Oct,9.6
438,Liechtenstein,2023,Nov,6.3
438,Liechtenstein,2023,Dec,6.4
438,Liechtenstein,2024,Jan,6.8
438,Liechtenstein,2024,Feb,7.3
438,Liechtenstein,2024,Mar,8.5
438,Liechtenstein,2024,Apr,7.1
438,Liechtenstein,2024,May,10.4
438,Liechtenstein,2024,Jun,11.3
438,Liechtenstein,2024,Jul,15.8
438,Liechtenstein,2024,Aug,16.0
438,Liechtenstein,2024,Sep,11.5
438,Liechtenstein,2024,Oct,9.5
438,Liechtenstein,2024,Nov,6.3
438,Liechtenstein,2024,Dec,6.8
438,Liechtenstein,2025,Jan,6.6
438,Liechtenstein,2025,Feb,6.6
438,Liechtenstein,2025,Mar,6.9
438,Liechtenstein,2025,Apr,6.8
438,Liechtenstein,2025,May,9.5
438,Liechtenstein,2025,Jun,11.6
438,Liechtenstein,2025,Jul,15.8
438,Liechtenstein,2025,Aug,17.1
440,Lithuania,2015,Feb,124.3
440,Lithuania,2015,Mar,156.9
440,Lithuania,2015,Apr,183.8
440,Lithuania,2015,May,272.2
440,Lithuania,2015,Jun,308.9
440,Lithuania,2015,Jul,364.4
440,Lithuania,2015,Aug,377.2
440,Lithuania,2015,Sep,262.1
440,Lithuania,2015,Oct,212.8
440,Lithuania,2015,Nov,173.2
440,Lithuania,2015,Dec,171.3
440,Lithuania,2016,Jan,156.7
440,Lithuania,2016,Feb,136.2
440,Lithuania,2016,Mar,178.7
440,Lithuania,2016,Apr,202.8
440,Lithuania,2016,May,302.1
440,Lithuania,2016,Jun,341.9
440,Lithuania,2016,Jul,398.0
440,Lithuania,2016,Aug,420.2
440,Lithuania,2016,Sep,293.3
440,Lithuania,2016,Oct,219.7
440,Lithuania,2016,Nov,181.0
440,Lithuania,2016,Dec,175.6
440,Lithuania,2017,Jan,171.6
440,Lithuania,2017,Feb,144.9
440,Lithuania,2017,Mar,185.9
440,Lithuania,2017,Apr,226.7
440,Lithuania,2017,May,308.2
440,Lithuania,2017,Jun,360.7
440,Lithuania,2017,Jul,396.1
440,Lithuania,2017,Aug,404.9
440,Lithuania,2017,Sep,308.9
440,Lithuania,2017,Oct,232.3
440,Lithuania,2017,Nov,198.7
440,Lithuania,2017,Dec,196.9
440,Lithuania,2018,Jan,184.1
440,Lithuania,2018,Feb,153.6
440,Lithuania,2018,Mar,203.3
440,Lithuania,2018,Apr,124.5
440,Lithuania,2018,May,170.3
440,Lithuania,2018,Jun,193.2
440,Lithuania,2018,Jul,227.6
440,Lithuania,2018,Aug,239.0
440,Lithuania,2018,Sep,168.1
440,Lithuania,2018,Oct,131.4
440,Lithuania,2018,Nov,111.9
440,Lithuania,2018,Dec,105.7
440,Lithuania,2019,Jan,99.6
440,Lithuania,2019,Feb,81.8
440,Lithuania,2019,Mar,106.8
440,Lithuania,2019,Apr,132.2
440,Lithuania,2019,May,199.6
440,Lithuania,2019,Jun,212.3
440,Lithuania,2019,Jul,255.0
440,Lithuania,2019,Aug,264.4
440,Lithuania,2019,Sep,188.4
440,Lithuania,2019,Oct,146.5
440,Lithuania,2019,Nov,127.4
440,Lithuania,2019,Dec,124.0
440,Lithuania,2020,Jan,97.0
440,Lithuania,2020,Feb,86.7
440,Lithuania,2020,Mar,40.7
440,Lithuania,2020,Apr,5.5
440,Lithuania,2020,May,9.1
440,Lithuania,2020,Jun,31.2
440,Lithuania,2020,Jul,86.6
440,Lithuania,2020,Aug,74.2
440,Lithuania,2020,Sep,30.1
440,Lithuania,2020,Oct,22.5
440,Lithuania,2020,Nov,16.5
440,Lithuania,2020,Dec,11.5
440,Lithuania,2021,Jan,12.2
440,Lithuania,2021,Feb,13.0
440,Lithuania,2021,Mar,15.1
440,Lithuania,2021,Apr,16.9
440,Lithuania,2021,May,21.4
440,Lithuania,2021,Jun,33.0
440,Lithuania,2021,Jul,71.2
440,Lithuania,2021,Aug,86.9
440,Lithuania,2021,Sep,69.7
440,Lithuania,2021,Oct,61.3
440,Lithuania,2021,Nov,53.4
440,Lithuania,2021,Dec,51.3
440,Lithuania,2022,Jan,42.4
440,Lithuania,2022,Feb,45.5
440,Lithuania,2022,Mar,68.2
440,Lithuania,2022,Apr,81.4
440,Lithuania,2022,May,98.4
440,Lithuania,2022,Jun,120.7
440,Lithuania,2022,Jul,145.9
440,Lithuania,2022,Aug,151.1
440,Lithuania,2022,Sep,117.1
440,Lithuania,2022,Oct,104.5
440,Lithuania,2022,Nov,90.6
440,Lithuania,2022,Dec,83.8
440,Lithuania,2023,Jan,75.7
440,Lithuania,2023,Feb,69.3
440,Lithuania,2023,Mar,90.9
440,Lithuania,2023,Apr,100.9
440,Lithuania,2023,May,129.6
440,Lithuania,2023,Jun,138.7
440,Lithuania,2023,Jul,173.5
440,Lithuania,2023,Aug,175.5
440,Lithuania,2023,Sep,125.2
440,Lithuania,2023,Oct,107.8
440,Lithuania,2023,Nov,91.5
440,Lithuania,2023,Dec,91.1
440,Lithuania,2024,Jan,78.4
440,Lithuania,2024,Feb,70.1
440,Lithuania,2024,Mar,95.1
440,Lithuania,2024,Apr,104.1
440,Lithuania,2024,May,137.2
440,Lithuania,2024,Jun,151.6
440,Lithuania,2024,Jul,176.7
440,Lithuania,2024,Aug,193.0
440,Lithuania,2024,Sep,138.1
440,Lithuania,2024,Oct,115.0
440,Lithuania,2024,Nov,94.6
440,Lithuania,2024,Dec,95.3
440,Lithuania,2025,Jan,58.9
440,Lithuania,2025,Feb,67.9
440,Lithuania,2025,Mar,82.8
440,Lithuania,2025,Apr,107.5
440,Lithuania,2025,May,148.6
440,Lithuania,2025,Jun,164.6
440,Lithuania,2025,Jul,184.1
440,Lithuania,2025,Aug,211.2
440,Lithuania,2025,Sep,145.7
442,Luxembourg,2015,Feb,62.3
442,Luxembourg,2015,Mar,75.2
442,Luxembourg,2015,Apr,90.1
442,Luxembourg,2015,May,114.4
442,Luxembourg,2015,Jun,114.9
442,Luxembourg,2015,Jul,138.4
442,Luxembourg,2015,Aug,123.9
442,Luxembourg,2015,Sep,107.9
442,Luxembourg,2015,Oct,81.4
442,Luxembourg,2015,Nov,64.4
442,Luxembourg,2015,Dec,61.0
442,Luxembourg,2016,Jan,55.1
442,Luxembourg,2016,Feb,62.7
442,Luxembourg,2016,Mar,76.8
442,Luxembourg,2016,Apr,86.7
442,Luxembourg,2016,May,111.2
442,Luxembourg,2016,Jun,109.6
442,Luxembourg,2016,Jul,133.2
442,Luxembourg,2016,Aug,116.7
442,Luxembourg,2016,Sep,96.9
442,Luxembourg,2016,Oct,84.3
442,Luxembourg,2016,Nov,62.4
442,Luxembourg,2016,Dec,58.0
442,Luxembourg,2017,Jan,52.9
442,Luxembourg,2017,Feb,58.9
442,Luxembourg,2017,Mar,75.5
442,Luxembourg,2017,Apr,83.9
442,Luxembourg,2017,May,105.4
442,Luxembourg,2017,Jun,108.3
442,Luxembourg,2017,Jul,131.7
442,Luxembourg,2017,Aug,119.5
442,Luxembourg,2017,Sep,101.0
442,Luxembourg,2017,Oct,84.2
442,Luxembourg,2017,Nov,63.8
442,Luxembourg,2017,Dec,60.7
442,Luxembourg,2018,Jan,57.5
442,Luxembourg,2018,Feb,58.5
442,Luxembourg,2018,Mar,74.0
442,Luxembourg,2018,Apr,80.3
442,Luxembourg,2018,May,97.9
442,Luxembourg,2018,Jun,106.7
442,Luxembourg,2018,Jul,117.1
442,Luxembourg,2018,Aug,119.6
442,Luxembourg,2018,Sep,92.1
442,Luxembourg,2018,Oct,86.5
442,Luxembourg,2018,Nov,64.9
442,Luxembourg,2018,Dec,62.7
442,Luxembourg,2019,Jan,60.7
442,Luxembourg,2019,Feb,59.1
442,Luxembourg,2019,Mar,74.4
442,Luxembourg,2019,Apr,81.4
442,Luxembourg,2019,May,102.4
442,Luxembourg,2019,Jun,115.1
442,Luxembourg,2019,Jul,124.2
442,Luxembourg,2019,Aug,124.2
442,Luxembourg,2019,Sep,94.2
442,Luxembourg,2019,Oct,83.2
442,Luxembourg,2019,Nov,64.4
442,Luxembourg,2019,Dec,57.7
442,Luxembourg,2020,Jan,67.9
442,Luxembourg,2020,Feb,59.3
442,Luxembourg,2020,Mar,34.6
442,Luxembourg,2020,Apr,3.0
442,Luxembourg,2020,May,8.4
442,Luxembourg,2020,Jun,36.2
442,Luxembourg,2020,Jul,62.8
442,Luxembourg,2020,Aug,82.6
442,Luxembourg,2020,Sep,52.2
442,Luxembourg,2020,Oct,47.0
442,Luxembourg,2020,Nov,36.8
442,Luxembourg,2020,Dec,34.3
442,Luxembourg,2021,Jan,14.7
442,Luxembourg,2021,Feb,16.0
442,Luxembourg,2021,Mar,19.8
442,Luxembourg,2021,Apr,30.4
442,Luxembourg,2021,May,60.0
442,Luxembourg,2021,Jun,55.4
442,Luxembourg,2021,Jul,79.2
442,Luxembourg,2021,Aug,95.0
442,Luxembourg,2021,Sep,72.5
442,Luxembourg,2021,Oct,72.1
442,Luxembourg,2021,Nov,52.5
442,Luxembourg,2021,Dec,47.6
442,Luxembourg,2022,Jan,33.2
442,Luxembourg,2022,Feb,40.7
442,Luxembourg,2022,Mar,54.4
442,Luxembourg,2022,Apr,81.8
442,Luxembourg,2022,May,99.3
442,Luxembourg,2022,Jun,106.1
442,Luxembourg,2022,Jul,143.1
442,Luxembourg,2022,Aug,136.7
442,Luxembourg,2022,Sep,94.7
442,Luxembourg,2022,Oct,88.9
442,Luxembourg,2022,Nov,66.5
442,Luxembourg,2022,Dec,67.3
442,Luxembourg,2023,Jan,49.2
442,Luxembourg,2023,Feb,52.9
442,Luxembourg,2023,Mar,64.0
442,Luxembourg,2023,Apr,95.1
442,Luxembourg,2023,May,107.8
442,Luxembourg,2023,Jun,105.7
442,Luxembourg,2023,Jul,139.2
442,Luxembourg,2023,Aug,132.2
442,Luxembourg,2023,Sep,98.2
442,Luxembourg,2023,Oct,87.9
442,Luxembourg,2023,Nov,63.6
442,Luxembourg,2023,Dec,67.1
442,Luxembourg,2024,Jan,55.1
442,Luxembourg,2024,Feb,65.6
442,Luxembourg,2024,Mar,77.2
442,Luxembourg,2024,Apr,113.0
442,Luxembourg,2024,May,137.0
442,Luxembourg,2024,Jun,130.9
442,Luxembourg,2024,Jul,165.3
442,Luxembourg,2024,Aug,173.2
442,Luxembourg,2024,Sep,115.7
442,Luxembourg,2024,Oct,103.6
442,Luxembourg,2024,Nov,78.9
442,Luxembourg,2024,Dec,82.5
442,Luxembourg,2025,Jan,61.1
442,Luxembourg,2025,Feb,62.8
442,Luxembourg,2025,Mar,79.2
442,Luxembourg,2025,Apr,116.1
442,Luxembourg,2025,May,144.9
442,Luxembourg,2025,Jun,150.7
442,Luxembourg,2025,Jul,182.2
442,Luxembourg,2025,Aug,180.7
446,Macao (China),2015,Feb,1102.0
446,Macao (China),2015,Mar,1029.0
446,Macao (China),2015,Apr,1160.0
446,Macao (China),2015,May,1162.0
446,Macao (China),2015,Jun,1076.0
446,Macao (China),2015,Jul,1296.0
446,Macao (China),2015,Aug,1425.0
446,Macao (China),2015,Sep,1173.0
446,Macao (China),2015,Oct,1223.0
446,Macao (China),2015,Nov,1245.0
446,Macao (China),2015,Dec,1330.0
446,Macao (China),2016,Jan,1146.0
446,Macao (China),2016,Feb,1189.0
446,Macao (China),2016,Mar,1173.0
446,Macao (China),2016,Apr,1224.0
446,Macao (China),2016,May,1205.0
446,Macao (China),2016,Jun,1225.0
446,Macao (China),2016,Jul,1456.0
446,Macao (China),2016,Aug,1477.0
446,Macao (China),2016,Sep,1312.0
446,Macao (China),2016,Oct,1371.0
446,Macao (China),2016,Nov,1375.0
446,Macao (China),2016,Dec,1550.0
446,Macao (China),2017,Jan,1363.0
446,Macao (China),2017,Feb,1232.0
446,Macao (China),2017,Mar,1336.0
446,Macao (China),2017,Apr,1441.0
446,Macao (China),2017,May,1376.0
446,Macao (China),2017,Jun,1349.0
446,Macao (China),2017,Jul,1609.0
446,Macao (China),2017,Aug,1548.0
446,Macao (China),2017,Sep,1382.0
446,Macao (China),2017,Oct,1471.0
446,Macao (China),2017,Nov,1512.0
446,Macao (China),2017,Dec,1635.0
446,Macao (China),2018,Jan,1483.0
446,Macao (China),2018,Feb,1396.0
446,Macao (China),2018,Mar,1451.0
446,Macao (China),2018,Apr,1542.0
446,Macao (China),2018,May,1449.0
446,Macao (China),2018,Jun,1445.0
446,Macao (China),2018,Jul,1637.0
446,Macao (China),2018,Aug,1800.0
446,Macao (China),2018,Sep,1408.0
446,Macao (China),2018,Oct,1550.0
446,Macao (China),2018,Nov,1589.0
446,Macao (China),2018,Dec,1741.0
446,Macao (China),2019,Jan,1641.0
446,Macao (China),2019,Feb,1510.0
446,Macao (China),2019,Mar,1583.0
446,Macao (China),2019,Apr,1624.0
446,Macao (China),2019,May,1598.0
446,Macao (China),2019,Jun,1528.0
446,Macao (China),2019,Jul,1714.0
446,Macao (China),2019,Aug,1697.0
446,Macao (China),2019,Sep,1377.0
446,Macao (China),2019,Oct,1475.0
446,Macao (China),2019,Nov,1408.0
446,Macao (China),2019,Dec,1476.0
446,Macao (China),2020,Jan,1320.0
446,Macao (China),2020,Feb,75.3
446,Macao (China),2020,Mar,125.9
446,Macao (China),2020,Apr,6.4
446,Macao (China),2020,May,9.1
446,Macao (China),2020,Jun,9.4
446,Macao (China),2020,Jul,23.8
446,Macao (China),2020,Aug,70.6
446,Macao (China),2020,Sep,159.6
446,Macao (China),2020,Oct,308.2
446,Macao (China),2020,Nov,323.8
446,Macao (China),2020,Dec,390.3
446,Macao (China),2021,Jan,268.9
446,Macao (China),2021,Feb,245.3
446,Macao (China),2021,Mar,404.9
446,Macao (China),2021,Apr,450.6
446,Macao (China),2021,May,473.8
446,Macao (China),2021,Jun,215.1
446,Macao (China),2021,Jul,412.7
446,Macao (China),2021,Aug,151.2
446,Macao (China),2021,Sep,281.0
446,Macao (China),2021,Oct,111.4
446,Macao (China),2021,Nov,287.4
446,Macao (China),2021,Dec,394.3
446,Macao (China),2022,Jan,244.0
446,Macao (China),2022,Feb,279.5
446,Macao (China),2022,Mar,157.3
446,Macao (China),2022,Apr,180.9
446,Macao (China),2022,May,241.8
446,Macao (China),2022,Jun,180.8
446,Macao (China),2022,Jul,2.6
446,Macao (China),2022,Aug,177.6
446,Macao (China),2022,Sep,280.3
446,Macao (China),2022,Oct,313.5
446,Macao (China),2022,Nov,196.3
446,Macao (China),2022,Dec,229.4
446,Macao (China),2023,Jan,816.2
446,Macao (China),2023,Feb,843.4
446,Macao (China),2023,Mar,979.2
446,Macao (China),2023,Apr,1176.0
446,Macao (China),2023,May,1089.0
446,Macao (China),2023,Jun,1164.0
446,Macao (China),2023,Jul,1432.0
446,Macao (China),2023,Aug,1568.0
446,Macao (China),2023,Sep,1169.0
446,Macao (China),2023,Oct,1306.0
446,Macao (China),2023,Nov,1227.0
446,Macao (China),2023,Dec,1458.0
446,Macao (China),2024,Jan,1382.0
446,Macao (China),2024,Feb,1426.0
446,Macao (China),2024,Mar,1277.0
446,Macao (China),2024,Apr,1251.0
446,Macao (China),2024,May,1261.0
446,Macao (China),2024,Jun,1235.0
446,Macao (China),2024,Jul,1425.0
446,Macao (China),2024,Aug,1610.0
446,Macao (China),2024,Sep,1220.0
446,Macao (China),2024,Oct,1346.0
446,Macao (China),2024,Nov,1284.0
446,Macao (China),2024,Dec,1328.0
446,Macao (China),2025,Jan,1491.0
446,Macao (China),2025,Feb,1259.0
446,Macao (China),2025,Mar,1289.0
446,Macao (China),2025,Apr,1337.0
446,Macao (China),2025,May,1380.0
446,Macao (China),2025,Jun,1279.0
446,Macao (China),2025,Jul,1478.0
446,Macao (China),2025,Aug,1666.0
446,Macao (China),2025,Sep,1214.0
450,Madagascar,2015,Feb,17.3
450,Madagascar,2015,Mar,19.8
450,Madagascar,2015,Apr,19.5
450,Madagascar,2015,May,19.7
450,Madagascar,2015,Jun,17.3
450,Madagascar,2015,Jul,23.8
450,Madagascar,2015,Aug,20.5
450,Madagascar,2015,Sep,18.6
450,Madagascar,2015,Oct,21.9
450,Madagascar,2015,Nov,22.2
450,Madagascar,2015,Dec,24.5
450,Madagascar,2016,Jan,26.6
450,Madagascar,2016,Feb,15.0
450,Madagascar,2016,Mar,19.3
450,Madagascar,2016,Apr,15.0
450,Madagascar,2016,May,18.1
450,Madagascar,2016,Jun,16.1
450,Madagascar,2016,Jul,23.8
450,Madagascar,2016,Aug,20.3
450,Madagascar,2016,Sep,19.8
450,Madagascar,2016,Oct,38.5
450,Madagascar,2016,Nov,42.5
450,Madagascar,2016,Dec,38.3
450,Madagascar,2017,Jan,28.2
450,Madagascar,2017,Feb,19.2
450,Madagascar,2017,Mar,19.0
450,Madagascar,2017,Apr,17.1
450,Madagascar,2017,May,22.8
450,Madagascar,2017,Jun,17.2
450,Madagascar,2017,Jul,27.6
450,Madagascar,2017,Aug,23.7
450,Madagascar,2017,Sep,22.1
450,Madagascar,2017,Oct,20.9
450,Madagascar,2017,Nov,18.0
450,Madagascar,2017,Dec,19.8
450,Madagascar,2018,Jan,19.0
450,Madagascar,2018,Feb,30.8
450,Madagascar,2018,Mar,19.9
450,Madagascar,2018,Apr,21.6
450,Madagascar,2018,May,19.2
450,Madagascar,2018,Jun,17.3
450,Madagascar,2018,Jul,17.3
450,Madagascar,2018,Aug,24.4
450,Madagascar,2018,Sep,24.3
450,Madagascar,2018,Oct,19.2
450,Madagascar,2018,Nov,41.6
450,Madagascar,2018,Dec,36.0
450,Madagascar,2019,Jan,43.1
450,Madagascar,2019,Feb,33.2
450,Madagascar,2019,Mar,33.3
450,Madagascar,2019,Apr,26.8
450,Madagascar,2019,May,23.3
450,Madagascar,2019,Jun,22.0
450,Madagascar,2019,Jul,29.6
450,Madagascar,2019,Aug,27.3
450,Madagascar,2019,Sep,28.9
450,Madagascar,2019,Oct,30.7
450,Madagascar,2019,Nov,45.1
450,Madagascar,2019,Dec,40.5
450,Madagascar,2020,Jan,36.9
450,Madagascar,2020,Feb,16.5
450,Madagascar,2020,Mar,9.3
450,Madagascar,2020,Apr,0.0
450,Madagascar,2020,May,0.0
450,Madagascar,2020,Jun,0.0
450,Madagascar,2020,Jul,0.0
450,Madagascar,2020,Aug,0.0
450,Madagascar,2020,Sep,0.0
450,Madagascar,2020,Oct,2.7
450,Madagascar,2020,Nov,1.1
450,Madagascar,2020,Dec,1.9
450,Madagascar,2021,Jan,3.6
450,Madagascar,2021,Feb,1.9
450,Madagascar,2021,Mar,2.0
450,Madagascar,2021,Apr,0.4
450,Madagascar,2021,May,0.2
450,Madagascar,2021,Jun,0.6
450,Madagascar,2021,Jul,1.0
450,Madagascar,2021,Aug,3.4
450,Madagascar,2021,Sep,2.8
450,Madagascar,2021,Oct,2.9
450,Madagascar,2021,Nov,8.3
450,Madagascar,2021,Dec,4.7
450,Madagascar,2022,Jan,1.9
450,Madagascar,2022,Feb,2.0
450,Madagascar,2022,Mar,2.6
450,Madagascar,2022,Apr,5.0
450,Madagascar,2022,May,8.7
450,Madagascar,2022,Jun,8.1
450,Madagascar,2022,Jul,11.2
450,Madagascar,2022,Aug,11.9
450,Madagascar,2022,Sep,14.2
450,Madagascar,2022,Oct,22.0
450,Madagascar,2022,Nov,20.5
450,Madagascar,2022,Dec,23.9
450,Madagascar,2023,Jan,10.3
450,Madagascar,2023,Feb,15.2
450,Madagascar,2023,Mar,13.8
450,Madagascar,2023,Apr,20.9
450,Madagascar,2023,May,18.9
450,Madagascar,2023,Jun,17.2
450,Madagascar,2023,Jul,25.9
450,Madagascar,2023,Aug,24.6
450,Madagascar,2023,Sep,24.1
450,Madagascar,2023,Oct,29.9
450,Madagascar,2023,Nov,28.3
450,Madagascar,2023,Dec,30.7
450,Madagascar,2024,Jan,38.8
450,Madagascar,2024,Feb,31.1
450,Madagascar,2024,Mar,15.9
450,Madagascar,2024,Apr,20.2
450,Madagascar,2024,May,22.3
450,Madagascar,2024,Jun,19.5
450,Madagascar,2024,Jul,26.2
450,Madagascar,2024,Aug,28.8
450,Madagascar,2024,Sep,24.5
450,Madagascar,2024,Oct,28.5
450,Madagascar,2024,Nov,30.2
450,Madagascar,2024,Dec,29.0
450,Madagascar,2025,Jan,30.3
450,Madagascar,2025,Feb,17.7
450,Madagascar,2025,Mar,15.6
450,Madagascar,2025,Apr,32.5
450,Madagascar,2025,May,29.7
450,Madagascar,2025,Jun,25.0
450,Madagascar,2025,Jul,35.8
450,Madagascar,2025,Aug,30.3
450,Madagascar,2025,Sep,31.2
454,Malawi,2019,Jan,87.1
454,Malawi,2019,Feb,121.8
454,Malawi,2019,Mar,69.6
454,Malawi,2019,Apr,73.8
454,Malawi,2019,May,86.6
454,Malawi,2019,Jun,103.7
454,Malawi,2019,Jul,61.5
454,Malawi,2019,Aug,92.2
454,Malawi,2019,Sep,56.4
454,Malawi,2019,Oct,102.5
454,Malawi,2019,Nov,70.6
454,Malawi,2019,Dec,52.5
454,Malawi,2020,Jan,17.7
454,Malawi,2020,Feb,11.9
454,Malawi,2020,Mar,9.0
454,Malawi,2020,Apr,0.4
454,Malawi,2020,May,0.3
454,Malawi,2020,Jun,0.3
454,Malawi,2020,Jul,4.7
454,Malawi,2020,Aug,27.4
454,Malawi,2020,Sep,31.0
454,Malawi,2020,Oct,40.1
454,Malawi,2020,Nov,26.4
454,Malawi,2020,Dec,29.6
458,Malaysia,2015,Feb,1949.0
458,Malaysia,2015,Mar,2242.0
458,Malaysia,2015,Apr,2072.0
458,Malaysia,2015,May,2119.0
458,Malaysia,2015,Jun,1894.0
458,Malaysia,2015,Jul,2216.0
458,Malaysia,2015,Aug,2183.0
458,Malaysia,2015,Sep,2084.0
458,Malaysia,2015,Oct,2083.0
458,Malaysia,2015,Nov,2005.0
458,Malaysia,2015,Dec,2583.0
458,Malaysia,2016,Jan,2376.0
458,Malaysia,2016,Feb,2091.0
458,Malaysia,2016,Mar,2199.0
458,Malaysia,2016,Apr,2101.0
458,Malaysia,2016,May,2144.0
458,Malaysia,2016,Jun,2121.0
458,Malaysia,2016,Jul,2297.0
458,Malaysia,2016,Aug,2282.0
458,Malaysia,2016,Sep,2118.0
458,Malaysia,2016,Oct,2326.0
458,Malaysia,2016,Nov,2054.0
458,Malaysia,2016,Dec,2647.0
458,Malaysia,2017,Jan,2350.0
458,Malaysia,2017,Feb,2043.0
458,Malaysia,2017,Mar,2238.0
458,Malaysia,2017,Apr,2146.0
458,Malaysia,2017,May,2039.0
458,Malaysia,2017,Jun,2135.0
458,Malaysia,2017,Jul,2263.0
458,Malaysia,2017,Aug,2129.0
458,Malaysia,2017,Sep,2092.0
458,Malaysia,2017,Oct,2069.0
458,Malaysia,2017,Nov,2008.0
458,Malaysia,2017,Dec,2436.0
458,Malaysia,2018,Jan,2277.0
458,Malaysia,2018,Feb,2051.0
458,Malaysia,2018,Mar,2193.0
458,Malaysia,2018,Apr,1957.0
458,Malaysia,2018,May,1977.0
458,Malaysia,2018,Jun,2276.0
458,Malaysia,2018,Jul,2305.0
458,Malaysia,2018,Aug,2254.0
458,Malaysia,2018,Sep,2097.0
458,Malaysia,2018,Oct,2104.0
458,Malaysia,2018,Nov,1990.0
458,Malaysia,2018,Dec,2352.0
458,Malaysia,2019,Jan,2196.0
458,Malaysia,2019,Feb,2166.0
458,Malaysia,2019,Mar,2335.0
458,Malaysia,2019,Apr,2160.0
458,Malaysia,2019,May,2098.0
458,Malaysia,2019,Jun,2401.0
458,Malaysia,2019,Jul,2415.0
458,Malaysia,2019,Aug,2342.0
458,Malaysia,2019,Sep,1997.0
458,Malaysia,2019,Oct,2031.0
458,Malaysia,2019,Nov,1969.0
458,Malaysia,2019,Dec,1991.0
458,Malaysia,2020,Jan,2164.0
458,Malaysia,2020,Feb,1398.0
458,Malaysia,2020,Mar,671.1
458,Malaysia,2020,Apr,7.5
458,Malaysia,2020,May,5.4
458,Malaysia,2020,Jun,6.6
458,Malaysia,2020,Jul,18.7
458,Malaysia,2020,Aug,11.6
458,Malaysia,2020,Sep,16.1
458,Malaysia,2020,Oct,11.3
458,Malaysia,2020,Nov,11.4
458,Malaysia,2020,Dec,10.6
458,Malaysia,2021,Jan,8.0
458,Malaysia,2021,Feb,7.6
458,Malaysia,2021,Mar,9.6
458,Malaysia,2021,Apr,9.7
458,Malaysia,2021,May,9.2
458,Malaysia,2021,Jun,6.5
458,Malaysia,2021,Jul,6.2
458,Malaysia,2021,Aug,8.1
458,Malaysia,2021,Sep,8.4
458,Malaysia,2021,Oct,10.7
458,Malaysia,2021,Nov,14.7
458,Malaysia,2021,Dec,36.0
458,Malaysia,2022,Jan,29.8
458,Malaysia,2022,Feb,26.8
458,Malaysia,2022,Mar,41.5
458,Malaysia,2022,Apr,392.1
458,Malaysia,2022,May,670.5
458,Malaysia,2022,Jun,971.6
458,Malaysia,2022,Jul,1076.0
458,Malaysia,2022,Aug,1103.0
458,Malaysia,2022,Sep,1245.0
458,Malaysia,2022,Oct,1344.0
458,Malaysia,2022,Nov,1331.0
458,Malaysia,2022,Dec,1840.0
458,Malaysia,2023,Jan,1496.0
458,Malaysia,2023,Feb,1298.0
458,Malaysia,2023,Mar,1593.0
458,Malaysia,2023,Apr,1543.0
458,Malaysia,2023,May,1550.0
458,Malaysia,2023,Jun,1679.0
458,Malaysia,2023,Jul,1822.0
458,Malaysia,2023,Aug,1717.0
458,Malaysia,2023,Sep,1768.0
458,Malaysia,2023,Oct,1645.0
458,Malaysia,2023,Nov,1706.0
458,Malaysia,2023,Dec,2323.0
458,Malaysia,2024,Jan,1772.0
458,Malaysia,2024,Feb,1952.0
458,Malaysia,2024,Mar,2088.0
458,Malaysia,2024,Apr,1749.0
458,Malaysia,2024,May,1926.0
458,Malaysia,2024,Jun,2323.0
458,Malaysia,2024,Jul,2256.0
458,Malaysia,2024,Aug,2386.0
458,Malaysia,2024,Sep,1927.0
458,Malaysia,2024,Oct,2230.0
458,Malaysia,2024,Nov,1856.0
458,Malaysia,2024,Dec,2552.0
458,Malaysia,2025,Jan,2459.0
458,Malaysia,2025,Feb,1853.0
458,Malaysia,2025,Mar,2055.0
458,Malaysia,2025,Apr,1990.0
458,Malaysia,2025,May,2131.0
458,Malaysia,2025,Jun,2363.0
458,Malaysia,2025,Jul,2628.0
458,Malaysia,2025,Aug,2302.0
462,Maldives,2015,Jan,214.9
462,Maldives,2015,Feb,214.1
462,Maldives,2015,Mar,203.5
462,Maldives,2015,Apr,198.3
462,Maldives,2015,May,135.6
462,Maldives,2015,Jun,141.8
462,Maldives,2015,Jul,186.7
462,Maldives,2015,Aug,192.1
462,Maldives,2015,Sep,149.6
462,Maldives,2016,Jan,108.4
462,Maldives,2016,Feb,120.6
462,Maldives,2016,Mar,115.1
462,Maldives,2016,Apr,103.5
462,Maldives,2016,May,93.2
462,Maldives,2016,Jun,79.0
462,Maldives,2016,Jul,110.4
462,Maldives,2016,Aug,112.3
462,Maldives,2016,Sep,101.9
462,Maldives,2016,Oct,117.5
462,Maldives,2016,Nov,104.6
462,Maldives,2016,Dec,119.5
462,Maldives,2017,Jan,125.3
462,Maldives,2017,Feb,121.1
462,Maldives,2017,Mar,112.7
462,Maldives,2017,Apr,119.8
462,Maldives,2017,May,93.5
462,Maldives,2017,Jun,85.2
462,Maldives,2017,Jul,113.2
462,Maldives,2017,Aug,121.3
462,Maldives,2017,Sep,106.0
462,Maldives,2017,Oct,128.0
462,Maldives,2017,Nov,120.5
462,Maldives,2017,Dec,143.0
462,Maldives,2018,Jan,142.4
462,Maldives,2018,Feb,144.3
462,Maldives,2018,Mar,133.5
462,Maldives,2018,Apr,119.7
462,Maldives,2018,May,92.9
462,Maldives,2018,Jun,93.8
462,Maldives,2018,Jul,122.3
462,Maldives,2018,Aug,124.0
462,Maldives,2018,Sep,107.6
462,Maldives,2018,Oct,127.4
462,Maldives,2018,Nov,125.6
462,Maldives,2018,Dec,150.8
462,Maldives,2019,Jan,151.6
462,Maldives,2019,Feb,168.6
462,Maldives,2019,Mar,162.8
462,Maldives,2019,Apr,163.1
462,Maldives,2019,May,103.0
462,Maldives,2019,Jun,113.5
462,Maldives,2019,Jul,132.1
462,Maldives,2019,Aug,139.3
462,Maldives,2019,Sep,117.6
462,Maldives,2019,Oct,141.9
462,Maldives,2019,Nov,137.9
462,Maldives,2019,Dec,171.3
462,Maldives,2020,Jan,173.3
462,Maldives,2020,Feb,149.8
462,Maldives,2020,Mar,59.6
462,Maldives,2020,Apr,0.0
462,Maldives,2020,May,0.0
462,Maldives,2020,Jun,0.0
462,Maldives,2020,Jul,1.8
462,Maldives,2020,Aug,7.6
462,Maldives,2020,Sep,9.6
462,Maldives,2020,Oct,21.5
462,Maldives,2020,Nov,35.8
462,Maldives,2020,Dec,96.4
462,Maldives,2021,Jan,92.1
462,Maldives,2021,Feb,96.9
462,Maldives,2021,Mar,109.6
462,Maldives,2021,Apr,91.2
462,Maldives,2021,May,64.6
462,Maldives,2021,Jun,56.2
462,Maldives,2021,Jul,101.8
462,Maldives,2021,Aug,143.6
462,Maldives,2021,Sep,114.9
462,Maldives,2021,Oct,142.1
462,Maldives,2021,Nov,144.7
462,Maldives,2021,Dec,164.3
462,Maldives,2022,Jan,131.8
462,Maldives,2022,Feb,149.0
462,Maldives,2022,Mar,150.7
462,Maldives,2022,Apr,145.3
462,Maldives,2022,May,125.5
462,Maldives,2022,Jun,110.9
462,Maldives,2022,Jul,133.6
462,Maldives,2022,Aug,131.9
462,Maldives,2022,Sep,112.0
462,Maldives,2022,Oct,153.7
462,Maldives,2022,Nov,146.9
462,Maldives,2022,Dec,184.1
462,Maldives,2023,Jan,172.5
462,Maldives,2023,Feb,177.9
462,Maldives,2023,Mar,173.5
462,Maldives,2023,Apr,164.4
462,Maldives,2023,May,121.0
462,Maldives,2023,Jun,120.4
462,Maldives,2023,Jul,145.6
462,Maldives,2023,Aug,154.9
462,Maldives,2023,Sep,131.0
462,Maldives,2023,Oct,159.1
462,Maldives,2023,Nov,163.7
462,Maldives,2023,Dec,194.7
462,Maldives,2024,Jan,192.4
462,Maldives,2024,Feb,217.4
462,Maldives,2024,Mar,194.2
462,Maldives,2024,Apr,168.4
462,Maldives,2024,May,119.9
462,Maldives,2024,Jun,123.3
462,Maldives,2024,Jul,167.5
462,Maldives,2024,Aug,176.2
462,Maldives,2024,Sep,132.8
462,Maldives,2024,Oct,172.6
462,Maldives,2024,Nov,173.0
462,Maldives,2024,Dec,209.0
462,Maldives,2025,Jan,214.9
462,Maldives,2025,Feb,214.1
462,Maldives,2025,Mar,203.5
462,Maldives,2025,Apr,198.3
462,Maldives,2025,May,135.6
462,Maldives,2025,Jun,141.8
462,Maldives,2025,Jul,186.7
462,Maldives,2025,Aug,192.1
462,Maldives,2025,Sep,149.6
466,Mali,2021,Jan,11.0
466,Mali,2021,Feb,10.7
466,Mali,2021,Mar,10.6
466,Mali,2021,Apr,9.8
466,Mali,2021,May,11.7
466,Mali,2021,Jun,15.4
466,Mali,2021,Jul,20.4
466,Mali,2021,Aug,15.5
466,Mali,2021,Sep,14.0
466,Mali,2021,Oct,16.0
466,Mali,2021,Nov,16.0
466,Mali,2021,Dec,17.1
470,Malta,2015,Feb,74.2
470,Malta,2015,Mar,101.2
470,Malta,2015,Apr,152.1
470,Malta,2015,May,173.6
470,Malta,2015,Jun,180.1
470,Malta,2015,Jul,206.6
470,Malta,2015,Aug,246.5
470,Malta,2015,Sep,192.5
470,Malta,2015,Oct,196.7
470,Malta,2015,Nov,113.0
470,Malta,2015,Dec,72.6
470,Malta,2016,Jan,84.8
470,Malta,2016,Feb,81.0
470,Malta,2016,Mar,115.5
470,Malta,2016,Apr,164.9
470,Malta,2016,May,190.6
470,Malta,2016,Jun,193.0
470,Malta,2016,Jul,225.3
470,Malta,2016,Aug,253.3
470,Malta,2016,Sep,206.9
470,Malta,2016,Oct,215.1
470,Malta,2016,Nov,140.4
470,Malta,2016,Dec,95.0
470,Malta,2017,Jan,104.1
470,Malta,2017,Feb,103.9
470,Malta,2017,Mar,140.9
470,Malta,2017,Apr,199.6
470,Malta,2017,May,215.4
470,Malta,2017,Jun,226.3
470,Malta,2017,Jul,251.1
470,Malta,2017,Aug,284.8
470,Malta,2017,Sep,235.9
470,Malta,2017,Oct,240.1
470,Malta,2017,Nov,162.5
470,Malta,2017,Dec,109.2
470,Malta,2018,Jan,124.8
470,Malta,2018,Feb,122.4
470,Malta,2018,Mar,167.2
470,Malta,2018,Apr,233.5
470,Malta,2018,May,256.9
470,Malta,2018,Jun,257.5
470,Malta,2018,Jul,289.2
470,Malta,2018,Aug,313.9
470,Malta,2018,Sep,271.4
470,Malta,2018,Oct,265.4
470,Malta,2018,Nov,175.2
470,Malta,2018,Dec,121.3
470,Malta,2019,Jan,127.7
470,Malta,2019,Feb,125.2
470,Malta,2019,Mar,173.0
470,Malta,2019,Apr,242.0
470,Malta,2019,May,262.1
470,Malta,2019,Jun,278.1
470,Malta,2019,Jul,304.3
470,Malta,2019,Aug,336.5
470,Malta,2019,Sep,286.5
470,Malta,2019,Oct,282.0
470,Malta,2019,Nov,191.1
470,Malta,2019,Dec,144.7
470,Malta,2020,Jan,149.2
470,Malta,2020,Feb,145.8
470,Malta,2020,Mar,75.2
470,Malta,2020,Apr,0.0
470,Malta,2020,May,0.0
470,Malta,2020,Jun,0.0
470,Malta,2020,Jul,48.7
470,Malta,2020,Aug,114.5
470,Malta,2020,Sep,50.4
470,Malta,2020,Oct,46.9
470,Malta,2020,Nov,14.9
470,Malta,2020,Dec,12.9
470,Malta,2021,Jan,13.8
470,Malta,2021,Feb,9.2
470,Malta,2021,Mar,10.3
470,Malta,2021,Apr,10.2
470,Malta,2021,May,26.0
470,Malta,2021,Jun,70.3
470,Malta,2021,Jul,121.3
470,Malta,2021,Aug,165.9
470,Malta,2021,Sep,159.3
470,Malta,2021,Oct,179.0
470,Malta,2021,Nov,127.2
470,Malta,2021,Dec,75.7
470,Malta,2022,Jan,59.7
470,Malta,2022,Feb,64.6
470,Malta,2022,Mar,110.9
470,Malta,2022,Apr,194.5
470,Malta,2022,May,221.2
470,Malta,2022,Jun,245.4
470,Malta,2022,Jul,277.0
470,Malta,2022,Aug,314.0
470,Malta,2022,Sep,249.0
470,Malta,2022,Oct,239.3
470,Malta,2022,Nov,174.5
470,Malta,2022,Dec,136.4
470,Malta,2023,Jan,136.8
470,Malta,2023,Feb,132.8
470,Malta,2023,Mar,174.9
470,Malta,2023,Apr,267.2
470,Malta,2023,May,285.6
470,Malta,2023,Jun,294.9
470,Malta,2023,Jul,325.9
470,Malta,2023,Aug,372.4
470,Malta,2023,Sep,299.3
470,Malta,2023,Oct,314.2
470,Malta,2023,Nov,217.9
470,Malta,2023,Dec,159.6
470,Malta,2024,Jan,172.5
470,Malta,2024,Feb,169.4
470,Malta,2024,Mar,241.4
470,Malta,2024,Apr,306.4
470,Malta,2024,May,352.2
470,Malta,2024,Jun,349.0
470,Malta,2024,Jul,381.7
470,Malta,2024,Aug,422.1
470,Malta,2024,Sep,358.2
470,Malta,2024,Oct,355.6
470,Malta,2024,Nov,262.9
470,Malta,2024,Dec,192.4
470,Malta,2025,Jan,194.2
470,Malta,2025,Feb,210.3
470,Malta,2025,Mar,289.0
470,Malta,2025,Apr,351.2
470,Malta,2025,May,374.3
470,Malta,2025,Jun,386.8
470,Malta,2025,Jul,405.3
470,Malta,2025,Aug,470.6
470,Malta,2025,Sep,393.8
474,Martinique,2015,Feb,50.5
474,Martinique,2015,Mar,53.5
474,Martinique,2015,Apr,49.0
474,Martinique,2015,May,35.5
474,Martinique,2015,Jun,29.1
474,Martinique,2015,Jul,40.8
474,Martinique,2015,Aug,52.5
474,Martinique,2015,Sep,25.7
474,Martinique,2015,Oct,26.7
474,Martinique,2015,Nov,28.3
474,Martinique,2015,Dec,49.8
474,Martinique,2016,Jan,50.3
474,Martinique,2016,Feb,56.4
474,Martinique,2016,Mar,60.8
474,Martinique,2016,Apr,51.0
474,Martinique,2016,May,34.1
474,Martinique,2016,Jun,29.7
474,Martinique,2016,Jul,44.7
474,Martinique,2016,Aug,55.0
474,Martinique,2016,Sep,27.4
474,Martinique,2016,Oct,27.3
474,Martinique,2016,Nov,30.3
474,Martinique,2016,Dec,52.4
474,Martinique,2017,Jan,51.7
474,Martinique,2017,Feb,54.9
474,Martinique,2017,Mar,63.9
474,Martinique,2017,Apr,55.6
474,Martinique,2017,May,38.8
474,Martinique,2017,Jun,32.2
474,Martinique,2017,Jul,48.5
474,Martinique,2017,Aug,53.6
474,Martinique,2017,Sep,26.7
474,Martinique,2017,Oct,27.4
474,Martinique,2017,Nov,33.0
474,Martinique,2017,Dec,49.2
474,Martinique,2018,Jan,55.9
474,Martinique,2018,Feb,59.2
474,Martinique,2018,Mar,63.2
474,Martinique,2018,Apr,51.4
474,Martinique,2018,May,35.2
474,Martinique,2018,Jun,29.2
474,Martinique,2018,Jul,44.3
474,Martinique,2018,Aug,53.8
474,Martinique,2018,Sep,28.1
474,Martinique,2018,Oct,28.2
474,Martinique,2018,Nov,34.5
474,Martinique,2018,Dec,54.4
474,Martinique,2019,Jan,59.6
474,Martinique,2019,Feb,63.1
474,Martinique,2019,Mar,70.7
474,Martinique,2019,Apr,58.2
474,Martinique,2019,May,35.2
474,Martinique,2019,Jun,32.0
474,Martinique,2019,Jul,44.0
474,Martinique,2019,Aug,54.9
474,Martinique,2019,Sep,27.0
474,Martinique,2019,Oct,27.6
474,Martinique,2019,Nov,31.9
474,Martinique,2019,Dec,52.1
474,Martinique,2020,Jan,61.7
474,Martinique,2020,Feb,66.4
474,Martinique,2020,Mar,44.7
474,Martinique,2020,Apr,1.8
474,Martinique,2020,May,2.1
474,Martinique,2020,Jun,8.0
474,Martinique,2020,Jul,20.8
474,Martinique,2020,Aug,36.2
474,Martinique,2020,Sep,16.5
474,Martinique,2020,Oct,17.6
474,Martinique,2020,Nov,9.6
474,Martinique,2020,Dec,26.7
474,Martinique,2021,Jan,39.9
474,Martinique,2021,Feb,19.9
474,Martinique,2021,Mar,10.4
474,Martinique,2021,Apr,9.6
474,Martinique,2021,May,10.4
474,Martinique,2021,Jun,17.6
474,Martinique,2021,Jul,37.3
474,Martinique,2021,Aug,43.1
474,Martinique,2021,Sep,16.1
474,Martinique,2021,Oct,19.6
474,Martinique,2021,Nov,27.1
474,Martinique,2021,Dec,40.0
474,Martinique,2022,Jan,48.4
474,Martinique,2022,Feb,48.5
474,Martinique,2022,Mar,57.2
474,Martinique,2022,Apr,54.4
474,Martinique,2022,May,40.1
474,Martinique,2022,Jun,32.2
474,Martinique,2022,Jul,49.7
474,Martinique,2022,Aug,68.0
474,Martinique,2022,Sep,29.7
474,Martinique,2023,Jan,63.4
474,Martinique,2023,Feb,64.5
474,Martinique,2023,Mar,65.0
474,Martinique,2023,Apr,66.8
474,Martinique,2023,May,37.6
474,Martinique,2023,Jun,27.7
474,Martinique,2023,Jul,40.2
474,Martinique,2023,Aug,51.9
474,Martinique,2023,Sep,27.1
474,Martinique,2023,Oct,24.3
474,Martinique,2023,Nov,31.3
474,Martinique,2024,Jan,61.1
474,Martinique,2024,Feb,62.7
474,Martinique,2024,Mar,64.2
474,Martinique,2024,Apr,56.5
474,Martinique,2024,May,41.4
474,Martinique,2024,Jun,31.0
474,Martinique,2024,Jul,45.1
474,Martinique,2024,Aug,58.6
474,Martinique,2024,Sep,28.3
474,Martinique,2024,Oct,28.2
474,Martinique,2024,Nov,35.0
474,Martinique,2025,Jan,59.8
474,Martinique,2025,Feb,61.7
474,Martinique,2025,Mar,66.9
474,Martinique,2025,Apr,59.1
474,Martinique,2025,May,37.5
474,Martinique,2025,Jun,29.7
480,Mauritius,2015,Feb,91.1
480,Mauritius,2015,Mar,96.4
480,Mauritius,2015,Apr,90.2
480,Mauritius,2015,May,87.1
480,Mauritius,2015,Jun,65.5
480,Mauritius,2015,Jul,95.7
480,Mauritius,2015,Aug,89.4
480,Mauritius,2015,Sep,84.5
480,Mauritius,2015,Oct,109.0
480,Mauritius,2015,Nov,106.2
480,Mauritius,2015,Dec,132.7
480,Mauritius,2016,Jan,118.4
480,Mauritius,2016,Feb,100.7
480,Mauritius,2016,Mar,108.7
480,Mauritius,2016,Apr,92.0
480,Mauritius,2016,May,94.8
480,Mauritius,2016,Jun,71.8
480,Mauritius,2016,Jul,108.1
480,Mauritius,2016,Aug,94.9
480,Mauritius,2016,Sep,91.4
480,Mauritius,2016,Oct,130.4
480,Mauritius,2016,Nov,115.8
480,Mauritius,2016,Dec,148.1
480,Mauritius,2017,Jan,124.4
480,Mauritius,2017,Feb,105.0
480,Mauritius,2017,Mar,110.3
480,Mauritius,2017,Apr,111.4
480,Mauritius,2017,May,96.6
480,Mauritius,2017,Jun,78.2
480,Mauritius,2017,Jul,112.3
480,Mauritius,2017,Aug,100.2
480,Mauritius,2017,Sep,96.3
480,Mauritius,2017,Oct,130.1
480,Mauritius,2017,Nov,121.5
480,Mauritius,2017,Dec,155.6
480,Mauritius,2018,Jan,121.0
480,Mauritius,2018,Feb,115.6
480,Mauritius,2018,Mar,119.8
480,Mauritius,2018,Apr,105.0
480,Mauritius,2018,May,101.1
480,Mauritius,2018,Jun,84.3
480,Mauritius,2018,Jul,115.9
480,Mauritius,2018,Aug,109.5
480,Mauritius,2018,Sep,102.8
480,Mauritius,2018,Oct,134.1
480,Mauritius,2018,Nov,132.2
480,Mauritius,2018,Dec,158.0
480,Mauritius,2019,Jan,122.3
480,Mauritius,2019,Feb,115.6
480,Mauritius,2019,Mar,114.4
480,Mauritius,2019,Apr,108.6
480,Mauritius,2019,May,96.8
480,Mauritius,2019,Jun,92.4
480,Mauritius,2019,Jul,115.4
480,Mauritius,2019,Aug,107.3
480,Mauritius,2019,Sep,100.8
480,Mauritius,2019,Oct,129.0
480,Mauritius,2019,Nov,128.7
480,Mauritius,2019,Dec,152.1
480,Mauritius,2020,Jan,137.4
480,Mauritius,2020,Feb,111.6
480,Mauritius,2020,Mar,55.9
480,Mauritius,2020,Apr,0.0
480,Mauritius,2020,May,0.0
480,Mauritius,2020,Jun,0.0
480,Mauritius,2020,Jul,0.0
480,Mauritius,2020,Aug,0.3
480,Mauritius,2020,Sep,0.4
480,Mauritius,2020,Oct,1.1
480,Mauritius,2020,Nov,1.2
480,Mauritius,2020,Dec,1.0
480,Mauritius,2021,Jan,1.2
480,Mauritius,2021,Feb,1.2
480,Mauritius,2021,Mar,0.3
480,Mauritius,2021,Apr,0.1
480,Mauritius,2021,May,0.1
480,Mauritius,2021,Jun,0.3
480,Mauritius,2021,Jul,1.2
480,Mauritius,2021,Aug,2.5
480,Mauritius,2021,Sep,2.5
480,Mauritius,2021,Oct,54.4
480,Mauritius,2021,Nov,65.9
480,Mauritius,2021,Dec,50.0
480,Mauritius,2022,Jan,40.0
480,Mauritius,2022,Feb,52.7
480,Mauritius,2022,Mar,66.1
480,Mauritius,2022,Apr,84.3
480,Mauritius,2022,May,70.5
480,Mauritius,2022,Jun,63.0
480,Mauritius,2022,Jul,94.1
480,Mauritius,2022,Aug,86.6
480,Mauritius,2022,Sep,81.1
480,Mauritius,2022,Oct,117.3
480,Mauritius,2022,Nov,106.9
480,Mauritius,2022,Dec,134.7
480,Mauritius,2023,Jan,107.7
480,Mauritius,2023,Feb,91.9
480,Mauritius,2023,Mar,105.7
480,Mauritius,2023,Apr,109.0
480,Mauritius,2023,May,100.0
480,Mauritius,2023,Jun,82.2
480,Mauritius,2023,Jul,107.8
480,Mauritius,2023,Aug,99.0
480,Mauritius,2023,Sep,97.8
480,Mauritius,2023,Oct,125.6
480,Mauritius,2023,Nov,119.5
480,Mauritius,2023,Dec,149.1
480,Mauritius,2024,Jan,119.3
480,Mauritius,2024,Feb,109.3
480,Mauritius,2024,Mar,118.0
480,Mauritius,2024,Apr,105.6
480,Mauritius,2024,May,105.0
480,Mauritius,2024,Jun,88.4
480,Mauritius,2024,Jul,117.2
480,Mauritius,2024,Aug,106.6
480,Mauritius,2024,Sep,102.5
480,Mauritius,2024,Oct,133.1
480,Mauritius,2024,Nov,123.1
480,Mauritius,2024,Dec,154.2
480,Mauritius,2025,Jan,116.9
480,Mauritius,2025,Feb,96.0
480,Mauritius,2025,Mar,113.5
480,Mauritius,2025,Apr,120.2
480,Mauritius,2025,May,115.1
480,Mauritius,2025,Jun,97.3
480,Mauritius,2025,Jul,129.2
480,Mauritius,2025,Aug,115.5
480,Mauritius,2025,Sep,104.5
484,Mexico,2015,Feb,2472.0
484,Mexico,2015,Mar,2844.0
484,Mexico,2015,Apr,2531.0
484,Mexico,2015,May,2543.0
484,Mexico,2015,Jun,2737.0
484,Mexico,2015,Jul,2990.0
484,Mexico,2015,Aug,2548.0
484,Mexico,2015,Sep,2130.0
484,Mexico,2015,Oct,2403.0
484,Mexico,2015,Nov,2795.0
484,Mexico,2015,Dec,3534.0
484,Mexico,2016,Jan,2841.0
484,Mexico,2016,Feb,2731.0
484,Mexico,2016,Mar,3207.0
484,Mexico,2016,Apr,2684.0
484,Mexico,2016,May,2703.0
484,Mexico,2016,Jun,2972.0
484,Mexico,2016,Jul,3331.0
484,Mexico,2016,Aug,2706.0
484,Mexico,2016,Sep,2324.0
484,Mexico,2016,Oct,2789.0
484,Mexico,2016,Nov,2921.0
484,Mexico,2016,Dec,3870.0
484,Mexico,2017,Jan,2992.0
484,Mexico,2017,Feb,2936.0
484,Mexico,2017,Mar,3498.0
484,Mexico,2017,Apr,3236.0
484,Mexico,2017,May,3085.0
484,Mexico,2017,Jun,3475.0
484,Mexico,2017,Jul,3711.0
484,Mexico,2017,Aug,3022.0
484,Mexico,2017,Sep,2675.0
484,Mexico,2017,Oct,3010.0
484,Mexico,2017,Nov,3428.0
484,Mexico,2017,Dec,4224.0
484,Mexico,2018,Jan,3339.0
484,Mexico,2018,Feb,3228.0
484,Mexico,2018,Mar,3996.0
484,Mexico,2018,Apr,3295.0
484,Mexico,2018,May,3286.0
484,Mexico,2018,Jun,3482.0
484,Mexico,2018,Jul,3648.0
484,Mexico,2018,Aug,3420.0
484,Mexico,2018,Sep,2824.0
484,Mexico,2018,Oct,3090.0
484,Mexico,2018,Nov,3464.0
484,Mexico,2018,Dec,4241.0
484,Mexico,2019,Jan,3483.0
484,Mexico,2019,Feb,3377.0
484,Mexico,2019,Mar,4215.0
484,Mexico,2019,Apr,3622.0
484,Mexico,2019,May,3464.0
484,Mexico,2019,Jun,3902.0
484,Mexico,2019,Jul,4162.0
484,Mexico,2019,Aug,3572.0
484,Mexico,2019,Sep,3041.0
484,Mexico,2019,Oct,3628.0
484,Mexico,2019,Nov,3845.0
484,Mexico,2019,Dec,4714.0
484,Mexico,2020,Jan,3784.0
484,Mexico,2020,Feb,3759.0
484,Mexico,2020,Mar,2757.0
484,Mexico,2020,Apr,775.4
484,Mexico,2020,May,890.2
484,Mexico,2020,Jun,1004.0
484,Mexico,2020,Jul,1389.0
484,Mexico,2020,Aug,1348.0
484,Mexico,2020,Sep,1821.0
484,Mexico,2020,Oct,2037.0
484,Mexico,2020,Nov,2091.0
484,Mexico,2020,Dec,2628.0
484,Mexico,2021,Jan,1919.0
484,Mexico,2021,Feb,1586.0
484,Mexico,2021,Mar,2284.0
484,Mexico,2021,Apr,2326.0
484,Mexico,2021,May,2659.0
484,Mexico,2021,Jun,3120.0
484,Mexico,2021,Jul,3376.0
484,Mexico,2021,Aug,2773.0
484,Mexico,2021,Sep,2457.0
484,Mexico,2021,Oct,2787.0
484,Mexico,2021,Nov,2894.0
484,Mexico,2021,Dec,3679.0
484,Mexico,2022,Jan,2641.0
484,Mexico,2022,Feb,2620.0
484,Mexico,2022,Mar,3310.0
484,Mexico,2022,Apr,3068.0
484,Mexico,2022,May,2986.0
484,Mexico,2022,Jun,3363.0
484,Mexico,2022,Jul,3684.0
484,Mexico,2022,Aug,3093.0
484,Mexico,2022,Sep,2773.0
484,Mexico,2022,Oct,3174.0
484,Mexico,2022,Nov,3354.0
484,Mexico,2022,Dec,4258.0
484,Mexico,2023,Jan,3485.0
484,Mexico,2023,Feb,3226.0
484,Mexico,2023,Mar,3704.0
484,Mexico,2023,Apr,3312.0
484,Mexico,2023,May,3225.0
484,Mexico,2023,Jun,3592.0
484,Mexico,2023,Jul,3972.0
484,Mexico,2023,Aug,3231.0
484,Mexico,2023,Sep,2916.0
484,Mexico,2023,Oct,3213.0
484,Mexico,2023,Nov,3483.0
484,Mexico,2023,Dec,4590.0
484,Mexico,2024,Jan,3638.0
484,Mexico,2024,Feb,3455.0
484,Mexico,2024,Mar,4129.0
484,Mexico,2024,Apr,3497.0
484,Mexico,2024,May,3409.0
484,Mexico,2024,Jun,3698.0
484,Mexico,2024,Jul,4000.0
484,Mexico,2024,Aug,3446.0
484,Mexico,2024,Sep,3311.0
484,Mexico,2024,Oct,3724.0
484,Mexico,2024,Nov,3943.0
484,Mexico,2024,Dec,4789.0
484,Mexico,2025,Jan,3948.0
484,Mexico,2025,Feb,3724.0
484,Mexico,2025,Mar,4188.0
484,Mexico,2025,Apr,3747.0
484,Mexico,2025,May,3751.0
484,Mexico,2025,Jun,4069.0
484,Mexico,2025,Jul,4245.0
484,Mexico,2025,Aug,3786.0
484,Mexico,2025,Sep,3204.0
583,Micronesia FSM,2015,Feb,2.6
583,Micronesia FSM,2015,Mar,2.4
583,Micronesia FSM,2015,Apr,2.9
583,Micronesia FSM,2015,May,2.3
583,Micronesia FSM,2015,Jun,2.4
583,Micronesia FSM,2015,Jul,3.6
583,Micronesia FSM,2015,Aug,2.4
583,Micronesia FSM,2015,Sep,2.4
583,Micronesia FSM,2015,Oct,2.0
583,Micronesia FSM,2015,Nov,2.5
583,Micronesia FSM,2015,Dec,2.5
583,Micronesia FSM,2016,Jan,2.1
583,Micronesia FSM,2016,Feb,1.5
583,Micronesia FSM,2016,Mar,2.3
583,Micronesia FSM,2016,Apr,2.3
583,Micronesia FSM,2016,May,3.4
583,Micronesia FSM,2016,Jun,3.6
583,Micronesia FSM,2016,Jul,2.4
583,Micronesia FSM,2016,Aug,2.3
583,Micronesia FSM,2016,Sep,2.5
583,Micronesia FSM,2016,Oct,2.4
583,Micronesia FSM,2016,Nov,2.3
583,Micronesia FSM,2016,Dec,2.5
492,Monaco,2023,Jan,22.4
492,Monaco,2023,Feb,17.2
492,Monaco,2023,Mar,23.3
492,Monaco,2023,Apr,32.1
492,Monaco,2023,May,26.7
492,Monaco,2023,Jun,35.9
492,Monaco,2023,Jul,38.7
492,Monaco,2023,Aug,36.2
492,Monaco,2023,Sep,33.5
492,Monaco,2023,Oct,29.6
492,Monaco,2023,Nov,21.5
492,Monaco,2023,Dec,24.2
492,Monaco,2024,Jan,18.5
492,Monaco,2024,Feb,19.6
492,Monaco,2024,Mar,27.2
492,Monaco,2024,Apr,28.5
492,Monaco,2024,May,31.5
492,Monaco,2024,Jun,35.8
492,Monaco,2024,Jul,38.5
492,Monaco,2024,Aug,39.6
492,Monaco,2024,Sep,33.1
492,Monaco,2024,Oct,28.8
492,Monaco,2024,Nov,21.4
492,Monaco,2024,Dec,25.8
496,Mongolia,2023,Jan,19.5
496,Mongolia,2023,Feb,23.5
496,Mongolia,2023,Mar,35.1
496,Mongolia,2023,Apr,33.9
496,Mongolia,2023,May,43.4
496,Mongolia,2023,Jun,71.5
496,Mongolia,2023,Jul,97.1
496,Mongolia,2023,Aug,97.9
496,Mongolia,2023,Sep,64.4
496,Mongolia,2023,Oct,45.3
496,Mongolia,2023,Nov,33.6
496,Mongolia,2023,Dec,28.9
496,Mongolia,2024,Jan,30.4
496,Mongolia,2024,Feb,23.3
496,Mongolia,2024,Mar,32.5
496,Mongolia,2024,Apr,34.3
496,Mongolia,2024,May,57.8
496,Mongolia,2024,Jun,67.5
496,Mongolia,2024,Jul,130.5
496,Mongolia,2024,Aug,131.8
496,Mongolia,2024,Sep,85.4
496,Mongolia,2024,Oct,57.2
496,Mongolia,2024,Nov,40.6
496,Mongolia,2024,Dec,36.1
496,Mongolia,2025,Jan,30.1
496,Mongolia,2025,Feb,33.3
496,Mongolia,2025,Mar,39.5
496,Mongolia,2025,Apr,50.9
496,Mongolia,2025,May,66.4
496,Mongolia,2025,Jun,108.3
499,Montenegro,2015,Feb,30.1
499,Montenegro,2015,Mar,35.3
499,Montenegro,2015,Apr,71.4
499,Montenegro,2015,May,150.6
499,Montenegro,2015,Jun,252.0
499,Montenegro,2015,Jul,535.8
499,Montenegro,2015,Aug,645.8
499,Montenegro,2015,Sep,302.1
499,Montenegro,2015,Oct,79.1
499,Montenegro,2015,Nov,34.1
499,Montenegro,2015,Dec,34.3
499,Montenegro,2016,Jan,25.9
499,Montenegro,2016,Feb,32.1
499,Montenegro,2016,Mar,40.3
499,Montenegro,2016,Apr,80.9
499,Montenegro,2016,May,164.6
499,Montenegro,2016,Jun,268.1
499,Montenegro,2016,Jul,559.4
499,Montenegro,2016,Aug,689.6
499,Montenegro,2016,Sep,331.9
499,Montenegro,2016,Oct,102.7
499,Montenegro,2016,Nov,38.8
499,Montenegro,2016,Dec,35.6
499,Montenegro,2017,Jan,12.6
499,Montenegro,2017,Feb,15.4
499,Montenegro,2017,Mar,21.4
499,Montenegro,2017,Apr,54.2
499,Montenegro,2017,May,80.1
499,Montenegro,2017,Jun,117.4
499,Montenegro,2017,Jul,153.9
499,Montenegro,2017,Aug,166.4
499,Montenegro,2017,Sep,116.4
499,Montenegro,2017,Oct,57.4
499,Montenegro,2017,Nov,25.0
499,Montenegro,2017,Dec,23.4
499,Montenegro,2018,Jan,18.2
499,Montenegro,2018,Feb,19.9
499,Montenegro,2018,Mar,27.9
499,Montenegro,2018,Apr,60.5
499,Montenegro,2018,May,97.2
499,Montenegro,2018,Jun,130.7
499,Montenegro,2018,Jul,164.7
499,Montenegro,2018,Aug,181.6
499,Montenegro,2018,Sep,134.2
499,Montenegro,2018,Oct,67.9
499,Montenegro,2018,Nov,32.2
499,Montenegro,2018,Dec,24.3
499,Montenegro,2019,Jan,20.5
499,Montenegro,2019,Feb,33.1
499,Montenegro,2019,Mar,49.1
499,Montenegro,2019,Apr,86.3
499,Montenegro,2019,May,111.6
499,Montenegro,2019,Jun,145.9
499,Montenegro,2019,Jul,176.3
499,Montenegro,2019,Aug,204.5
499,Montenegro,2019,Sep,153.1
499,Montenegro,2019,Oct,106.4
499,Montenegro,2019,Nov,48.2
499,Montenegro,2019,Dec,32.9
499,Montenegro,2020,Jan,21.4
499,Montenegro,2020,Feb,37.2
499,Montenegro,2020,Mar,16.1
499,Montenegro,2020,Apr,0.1
499,Montenegro,2020,May,0.2
499,Montenegro,2020,Jun,7.0
499,Montenegro,2020,Jul,11.8
499,Montenegro,2020,Aug,39.5
499,Montenegro,2020,Sep,28.8
499,Montenegro,2020,Oct,8.2
499,Montenegro,2020,Nov,5.0
499,Montenegro,2020,Dec,4.9
499,Montenegro,2021,Jan,10.4
499,Montenegro,2021,Feb,10.1
499,Montenegro,2021,Mar,7.3
499,Montenegro,2021,Apr,14.2
499,Montenegro,2021,May,39.0
499,Montenegro,2021,Jun,60.2
499,Montenegro,2021,Jul,154.3
499,Montenegro,2021,Aug,172.4
499,Montenegro,2021,Sep,86.0
499,Montenegro,2021,Oct,37.0
499,Montenegro,2021,Nov,22.1
499,Montenegro,2021,Dec,17.0
499,Montenegro,2022,Jan,12.2
499,Montenegro,2022,Feb,18.1
499,Montenegro,2022,Mar,31.8
499,Montenegro,2022,Apr,63.3
499,Montenegro,2022,May,97.1
499,Montenegro,2022,Jun,128.4
499,Montenegro,2022,Jul,187.1
499,Montenegro,2022,Aug,207.7
499,Montenegro,2022,Sep,126.6
499,Montenegro,2022,Oct,81.9
499,Montenegro,2022,Nov,40.2
499,Montenegro,2022,Dec,31.2
499,Montenegro,2023,Jan,23.9
499,Montenegro,2023,Feb,30.2
499,Montenegro,2023,Mar,57.3
499,Montenegro,2023,Apr,100.0
499,Montenegro,2023,May,133.1
499,Montenegro,2023,Jun,158.5
499,Montenegro,2023,Jul,207.1
499,Montenegro,2023,Aug,221.4
499,Montenegro,2023,Sep,161.4
499,Montenegro,2023,Oct,109.2
499,Montenegro,2023,Nov,46.1
499,Montenegro,2023,Dec,29.9
499,Montenegro,2024,Jan,22.2
499,Montenegro,2024,Feb,30.8
499,Montenegro,2024,Mar,46.3
499,Montenegro,2024,Apr,101.7
499,Montenegro,2024,May,140.5
499,Montenegro,2024,Jun,171.0
499,Montenegro,2024,Jul,207.7
499,Montenegro,2024,Aug,220.4
499,Montenegro,2024,Sep,162.5
499,Montenegro,2024,Oct,115.8
499,Montenegro,2024,Nov,48.0
499,Montenegro,2024,Dec,31.2
499,Montenegro,2025,Jan,27.3
499,Montenegro,2025,Feb,32.3
499,Montenegro,2025,Mar,45.4
499,Montenegro,2025,Apr,104.5
499,Montenegro,2025,May,147.8
499,Montenegro,2025,Jun,175.6
499,Montenegro,2025,Jul,214.0
499,Montenegro,2025,Aug,224.2
499,Montenegro,2025,Sep,174.6
500,Montserrat,2015,Feb,0.5
500,Montserrat,2015,Mar,1.1
500,Montserrat,2015,Apr,0.6
500,Montserrat,2015,May,0.6
500,Montserrat,2015,Jun,0.6
500,Montserrat,2015,Jul,0.8
500,Montserrat,2015,Aug,0.7
500,Montserrat,2015,Sep,0.4
500,Montserrat,2015,Oct,0.6
500,Montserrat,2015,Nov,0.6
500,Montserrat,2015,Dec,1.9
500,Montserrat,2016,Jan,0.5
500,Montserrat,2016,Feb,0.6
500,Montserrat,2016,Mar,1.8
500,Montserrat,2016,Apr,0.5
500,Montserrat,2016,May,0.4
500,Montserrat,2016,Jun,0.5
500,Montserrat,2016,Jul,0.9
500,Montserrat,2016,Aug,0.6
500,Montserrat,2016,Sep,0.4
500,Montserrat,2016,Oct,0.5
500,Montserrat,2016,Nov,0.6
500,Montserrat,2016,Dec,1.5
500,Montserrat,2017,Jan,0.7
500,Montserrat,2017,Feb,0.7
500,Montserrat,2017,Mar,2.4
500,Montserrat,2017,Apr,0.5
500,Montserrat,2017,May,0.5
500,Montserrat,2017,Jun,0.7
500,Montserrat,2017,Jul,0.8
500,Montserrat,2017,Aug,0.6
500,Montserrat,2017,Sep,0.2
500,Montserrat,2017,Oct,0.5
500,Montserrat,2017,Nov,0.6
500,Montserrat,2017,Dec,1.4
500,Montserrat,2018,Jan,1.1
500,Montserrat,2018,Feb,1.2
500,Montserrat,2018,Mar,4.2
500,Montserrat,2018,Apr,1.1
500,Montserrat,2018,May,1.1
500,Montserrat,2018,Jun,1.3
500,Montserrat,2018,Jul,1.7
500,Montserrat,2018,Aug,1.1
500,Montserrat,2018,Sep,1.0
500,Montserrat,2018,Oct,1.1
500,Montserrat,2018,Nov,1.2
500,Montserrat,2018,Dec,2.9
500,Montserrat,2019,Jan,0.6
500,Montserrat,2019,Feb,0.7
500,Montserrat,2019,Mar,3.0
500,Montserrat,2019,Apr,0.5
500,Montserrat,2019,May,0.5
500,Montserrat,2019,Jun,0.7
500,Montserrat,2019,Jul,0.6
500,Montserrat,2019,Aug,0.7
500,Montserrat,2019,Sep,0.5
500,Montserrat,2019,Oct,0.6
500,Montserrat,2019,Nov,0.7
500,Montserrat,2019,Dec,1.3
500,Montserrat,2020,Jan,0.8
500,Montserrat,2020,Feb,0.8
500,Montserrat,2020,Mar,2.6
500,Montserrat,2020,Apr,0.0
500,Montserrat,2020,May,0.0
500,Montserrat,2020,Jun,0.0
500,Montserrat,2020,Jul,0.0
500,Montserrat,2020,Aug,0.1
500,Montserrat,2020,Sep,0.1
500,Montserrat,2020,Oct,0.1
500,Montserrat,2020,Nov,0.1
500,Montserrat,2020,Dec,0.1
500,Montserrat,2021,Jan,0.1
500,Montserrat,2021,Feb,0.0
500,Montserrat,2021,Mar,0.1
500,Montserrat,2021,Apr,0.1
500,Montserrat,2021,May,0.1
500,Montserrat,2021,Jun,0.1
500,Montserrat,2021,Jul,0.2
500,Montserrat,2021,Aug,0.1
500,Montserrat,2021,Sep,0.1
500,Montserrat,2021,Oct,0.1
500,Montserrat,2021,Nov,0.2
500,Montserrat,2021,Dec,0.4
500,Montserrat,2022,Jan,0.1
500,Montserrat,2022,Feb,0.2
500,Montserrat,2022,Mar,0.3
500,Montserrat,2022,Apr,0.2
500,Montserrat,2022,May,0.3
500,Montserrat,2022,Jun,0.4
500,Montserrat,2022,Jul,0.4
500,Montserrat,2022,Aug,0.5
500,Montserrat,2022,Sep,0.3
500,Montserrat,2022,Oct,0.4
500,Montserrat,2022,Nov,0.4
500,Montserrat,2022,Dec,1.0
500,Montserrat,2023,Jan,0.5
500,Montserrat,2023,Feb,0.6
500,Montserrat,2023,Mar,1.5
500,Montserrat,2023,Apr,0.6
500,Montserrat,2023,May,0.4
500,Montserrat,2023,Jun,0.4
500,Montserrat,2023,Jul,0.7
500,Montserrat,2023,Aug,0.5
500,Montserrat,2023,Sep,0.4
500,Montserrat,2023,Oct,0.4
500,Montserrat,2023,Nov,0.7
500,Montserrat,2023,Dec,1.2
500,Montserrat,2024,Jan,0.6
500,Montserrat,2024,Feb,0.7
500,Montserrat,2024,Mar,2.4
500,Montserrat,2024,Apr,0.5
500,Montserrat,2024,May,0.5
500,Montserrat,2024,Jun,0.4
500,Montserrat,2024,Jul,0.6
500,Montserrat,2024,Aug,0.6
500,Montserrat,2024,Sep,0.3
500,Montserrat,2024,Oct,0.5
500,Montserrat,2024,Nov,0.6
500,Montserrat,2024,Dec,1.1
500,Montserrat,2025,Jan,0.6
500,Montserrat,2025,Feb,0.6
500,Montserrat,2025,Mar,3.7
500,Montserrat,2025,Apr,0.5
500,Montserrat,2025,May,0.5
500,Montserrat,2025,Jun,0.5
504,Morocco,2015,Feb,614.3
504,Morocco,2015,Mar,727.0
504,Morocco,2015,Apr,821.2
504,Morocco,2015,May,763.7
504,Morocco,2015,Jun,781.2
504,Morocco,2015,Jul,1714.0
504,Morocco,2015,Aug,1257.0
504,Morocco,2015,Sep,828.6
504,Morocco,2015,Oct,736.1
504,Morocco,2015,Nov,589.5
504,Morocco,2015,Dec,740.2
504,Morocco,2016,Jan,590.8
504,Morocco,2016,Feb,609.4
504,Morocco,2016,Mar,735.5
504,Morocco,2016,Apr,809.8
504,Morocco,2016,May,736.4
504,Morocco,2016,Jun,718.4
504,Morocco,2016,Jul,1834.0
504,Morocco,2016,Aug,1285.0
504,Morocco,2016,Sep,811.7
504,Morocco,2016,Oct,749.4
504,Morocco,2016,Nov,627.9
504,Morocco,2016,Dec,823.2
504,Morocco,2017,Jan,651.7
504,Morocco,2017,Feb,674.3
504,Morocco,2017,Mar,762.6
504,Morocco,2017,Apr,929.0
504,Morocco,2017,May,765.3
504,Morocco,2017,Jun,803.8
504,Morocco,2017,Jul,1934.0
504,Morocco,2017,Aug,1558.0
504,Morocco,2017,Sep,777.2
504,Morocco,2017,Oct,860.9
504,Morocco,2017,Nov,730.0
504,Morocco,2017,Dec,902.6
504,Morocco,2018,Jan,734.3
504,Morocco,2018,Feb,746.9
504,Morocco,2018,Mar,926.4
504,Morocco,2018,Apr,967.0
504,Morocco,2018,May,741.7
504,Morocco,2018,Jun,950.5
504,Morocco,2018,Jul,1904.0
504,Morocco,2018,Aug,1742.0
504,Morocco,2018,Sep,839.7
504,Morocco,2018,Oct,950.1
504,Morocco,2018,Nov,833.5
504,Morocco,2018,Dec,952.7
504,Morocco,2019,Jan,791.9
504,Morocco,2019,Feb,803.0
504,Morocco,2019,Mar,911.2
504,Morocco,2019,Apr,1078.0
504,Morocco,2019,May,724.1
504,Morocco,2019,Jun,1092.0
504,Morocco,2019,Jul,2145.0
504,Morocco,2019,Aug,1722.0
504,Morocco,2019,Sep,883.8
504,Morocco,2019,Oct,972.2
504,Morocco,2019,Nov,815.3
504,Morocco,2019,Dec,994.2
504,Morocco,2020,Jan,786.5
504,Morocco,2020,Feb,905.8
504,Morocco,2020,Mar,273.0
504,Morocco,2020,Apr,0.9
504,Morocco,2020,May,0.8
504,Morocco,2020,Jun,6.6
504,Morocco,2020,Jul,80.2
504,Morocco,2020,Aug,78.2
504,Morocco,2020,Sep,83.2
504,Morocco,2020,Oct,161.5
504,Morocco,2020,Nov,142.0
504,Morocco,2020,Dec,259.1
504,Morocco,2021,Jan,191.9
504,Morocco,2021,Feb,121.7
504,Morocco,2021,Mar,116.4
504,Morocco,2021,Apr,30.2
504,Morocco,2021,May,41.0
504,Morocco,2021,Jun,341.0
504,Morocco,2021,Jul,977.3
504,Morocco,2021,Aug,657.5
504,Morocco,2021,Sep,338.0
504,Morocco,2021,Oct,510.0
504,Morocco,2021,Nov,383.4
504,Morocco,2021,Dec,13.3
504,Morocco,2022,Jan,10.9
504,Morocco,2022,Feb,321.3
504,Morocco,2022,Mar,533.8
504,Morocco,2022,Apr,586.6
504,Morocco,2022,May,801.2
504,Morocco,2022,Jun,1144.0
504,Morocco,2022,Jul,2091.0
504,Morocco,2022,Aug,1315.0
504,Morocco,2022,Sep,896.8
504,Morocco,2022,Oct,1119.0
504,Morocco,2022,Nov,897.4
504,Morocco,2022,Dec,1153.0
504,Morocco,2023,Jan,899.3
504,Morocco,2023,Feb,973.4
504,Morocco,2023,Mar,1050.0
504,Morocco,2023,Apr,1117.0
504,Morocco,2023,May,1126.0
504,Morocco,2023,Jun,1367.0
504,Morocco,2023,Jul,2131.0
504,Morocco,2023,Aug,1494.0
504,Morocco,2023,Sep,963.8
504,Morocco,2023,Oct,1151.0
504,Morocco,2023,Nov,977.0
504,Morocco,2023,Dec,1275.0
504,Morocco,2024,Jan,992.5
504,Morocco,2024,Feb,1148.0
504,Morocco,2024,Mar,1158.0
504,Morocco,2024,Apr,1309.0
504,Morocco,2024,May,1331.0
504,Morocco,2024,Jun,1504.0
504,Morocco,2024,Jul,2555.0
504,Morocco,2024,Aug,1817.0
504,Morocco,2024,Sep,1281.0
504,Morocco,2024,Oct,1499.0
504,Morocco,2024,Nov,1280.0
504,Morocco,2024,Dec,1538.0
504,Morocco,2025,Jan,1265.0
504,Morocco,2025,Feb,1396.0
504,Morocco,2025,Mar,1352.0
504,Morocco,2025,Apr,1665.0
504,Morocco,2025,May,1541.0
504,Morocco,2025,Jun,1665.0
504,Morocco,2025,Jul,2697.0
504,Morocco,2025,Aug,1958.0
504,Morocco,2025,Sep,1400.0
104,Myanmar,2015,Jan,95.5
104,Myanmar,2015,Feb,87.0
104,Myanmar,2015,Mar,85.9
104,Myanmar,2015,Apr,77.1
104,Myanmar,2015,May,79.3
104,Myanmar,2015,Jun,75.3
104,Myanmar,2015,Jul,76.9
104,Myanmar,2015,Aug,76.9
104,Myanmar,2015,Sep,73.5
104,Myanmar,2016,Jan,95.5
104,Myanmar,2016,Feb,87.0
104,Myanmar,2016,Mar,85.9
104,Myanmar,2016,Apr,77.1
104,Myanmar,2016,May,79.3
104,Myanmar,2016,Jun,75.3
104,Myanmar,2016,Jul,76.9
104,Myanmar,2016,Aug,76.9
104,Myanmar,2016,Sep,73.5
104,Myanmar,2017,Jan,95.5
104,Myanmar,2017,Feb,87.0
104,Myanmar,2017,Mar,85.9
104,Myanmar,2017,Apr,77.1
104,Myanmar,2017,May,79.3
104,Myanmar,2017,Jun,75.3
104,Myanmar,2017,Jul,76.9
104,Myanmar,2017,Aug,76.9
104,Myanmar,2017,Sep,73.5
104,Myanmar,2018,Jan,95.5
104,Myanmar,2018,Feb,87.0
104,Myanmar,2018,Mar,85.9
104,Myanmar,2018,Apr,77.1
104,Myanmar,2018,May,79.3
104,Myanmar,2018,Jun,75.3
104,Myanmar,2018,Jul,76.9
104,Myanmar,2018,Aug,76.9
104,Myanmar,2018,Sep,73.5
104,Myanmar,2019,Jan,95.5
104,Myanmar,2019,Feb,87.0
104,Myanmar,2019,Mar,85.9
104,Myanmar,2019,Apr,77.1
104,Myanmar,2019,May,79.3
104,Myanmar,2019,Jun,75.3
104,Myanmar,2019,Jul,76.9
104,Myanmar,2019,Aug,76.9
104,Myanmar,2019,Sep,73.5
104,Myanmar,2020,Jan,95.5
104,Myanmar,2020,Feb,87.0
104,Myanmar,2020,Mar,85.9
104,Myanmar,2020,Apr,77.1
104,Myanmar,2020,May,79.3
104,Myanmar,2020,Jun,75.3
104,Myanmar,2020,Jul,76.9
104,Myanmar,2020,Aug,76.9
104,Myanmar,2020,Sep,73.5
104,Myanmar,2021,Jan,25.6
104,Myanmar,2021,Feb,23.7
104,Myanmar,2021,Mar,27.9
104,Myanmar,2021,Apr,21.7
104,Myanmar,2021,May,24.1
104,Myanmar,2021,Jun,23.0
104,Myanmar,2021,Jul,21.9
104,Myanmar,2021,Aug,15.6
104,Myanmar,2021,Sep,17.7
104,Myanmar,2021,Oct,20.5
104,Myanmar,2021,Nov,19.6
104,Myanmar,2021,Dec,18.0
104,Myanmar,2022,Jan,22.7
104,Myanmar,2022,Feb,25.9
104,Myanmar,2022,Mar,22.7
104,Myanmar,2022,Apr,20.6
104,Myanmar,2022,May,28.2
104,Myanmar,2022,Jun,35.8
104,Myanmar,2022,Jul,52.8
104,Myanmar,2022,Aug,49.9
104,Myanmar,2022,Sep,47.8
104,Myanmar,2022,Oct,53.2
104,Myanmar,2022,Nov,52.5
104,Myanmar,2022,Dec,39.5
104,Myanmar,2023,Jan,71.4
104,Myanmar,2023,Feb,100.4
104,Myanmar,2023,Mar,167.2
104,Myanmar,2023,Apr,160.7
104,Myanmar,2023,May,69.4
104,Myanmar,2023,Jun,136.1
104,Myanmar,2023,Jul,154.4
104,Myanmar,2023,Aug,141.5
104,Myanmar,2023,Sep,132.6
104,Myanmar,2023,Oct,141.6
104,Myanmar,2023,Nov,129.7
104,Myanmar,2023,Dec,129.6
104,Myanmar,2024,Jan,139.9
104,Myanmar,2024,Feb,120.7
104,Myanmar,2024,Mar,89.5
104,Myanmar,2024,Apr,85.4
104,Myanmar,2024,May,84.0
104,Myanmar,2024,Jun,82.2
104,Myanmar,2024,Jul,89.5
104,Myanmar,2024,Aug,73.6
104,Myanmar,2024,Sep,62.6
104,Myanmar,2024,Oct,71.7
104,Myanmar,2024,Nov,78.2
104,Myanmar,2024,Dec,85.9
104,Myanmar,2025,Jan,95.5
104,Myanmar,2025,Feb,87.0
104,Myanmar,2025,Mar,85.9
104,Myanmar,2025,Apr,77.1
104,Myanmar,2025,May,79.3
104,Myanmar,2025,Jun,75.3
104,Myanmar,2025,Jul,76.9
104,Myanmar,2025,Aug,76.9
104,Myanmar,2025,Sep,73.5
580,N.Mariana Islands,2015,Feb,42.9
580,N.Mariana Islands,2015,Mar,42.5
580,N.Mariana Islands,2015,Apr,40.5
580,N.Mariana Islands,2015,May,40.0
580,N.Mariana Islands,2015,Jun,38.3
580,N.Mariana Islands,2015,Jul,40.9
580,N.Mariana Islands,2015,Aug,30.0
580,N.Mariana Islands,2015,Sep,39.2
580,N.Mariana Islands,2015,Oct,39.5
580,N.Mariana Islands,2015,Nov,37.9
580,N.Mariana Islands,2015,Dec,41.1
580,N.Mariana Islands,2016,Jan,46.0
580,N.Mariana Islands,2016,Feb,47.3
580,N.Mariana Islands,2016,Mar,37.3
580,N.Mariana Islands,2016,Apr,35.4
580,N.Mariana Islands,2016,May,35.5
580,N.Mariana Islands,2016,Jun,41.5
580,N.Mariana Islands,2016,Jul,47.7
580,N.Mariana Islands,2016,Aug,49.0
580,N.Mariana Islands,2016,Sep,43.3
580,N.Mariana Islands,2016,Oct,41.9
580,N.Mariana Islands,2016,Nov,47.3
580,N.Mariana Islands,2016,Dec,58.6
580,N.Mariana Islands,2017,Jan,63.3
580,N.Mariana Islands,2017,Feb,57.3
580,N.Mariana Islands,2017,Mar,54.8
580,N.Mariana Islands,2017,Apr,52.4
580,N.Mariana Islands,2017,May,51.0
580,N.Mariana Islands,2017,Jun,55.1
580,N.Mariana Islands,2017,Jul,59.5
580,N.Mariana Islands,2017,Aug,61.0
580,N.Mariana Islands,2017,Sep,50.8
580,N.Mariana Islands,2017,Oct,49.0
580,N.Mariana Islands,2017,Nov,48.0
580,N.Mariana Islands,2017,Dec,57.3
580,N.Mariana Islands,2018,Jan,55.2
580,N.Mariana Islands,2018,Feb,53.0
580,N.Mariana Islands,2018,Mar,53.7
580,N.Mariana Islands,2018,Apr,49.2
580,N.Mariana Islands,2018,May,46.1
580,N.Mariana Islands,2018,Jun,47.3
580,N.Mariana Islands,2018,Jul,48.2
580,N.Mariana Islands,2018,Aug,56.6
580,N.Mariana Islands,2018,Sep,43.9
580,N.Mariana Islands,2018,Oct,32.1
580,N.Mariana Islands,2018,Nov,5.6
580,N.Mariana Islands,2018,Dec,26.8
580,N.Mariana Islands,2019,Jan,36.9
580,N.Mariana Islands,2019,Feb,38.0
580,N.Mariana Islands,2019,Mar,35.3
580,N.Mariana Islands,2019,Apr,39.7
580,N.Mariana Islands,2019,May,38.3
580,N.Mariana Islands,2019,Jun,42.1
580,N.Mariana Islands,2019,Jul,45.6
580,N.Mariana Islands,2019,Aug,47.5
580,N.Mariana Islands,2019,Sep,37.0
580,N.Mariana Islands,2019,Oct,34.7
580,N.Mariana Islands,2019,Nov,39.7
580,N.Mariana Islands,2019,Dec,52.3
580,N.Mariana Islands,2020,Jan,55.7
580,N.Mariana Islands,2020,Feb,26.7
580,N.Mariana Islands,2020,Mar,5.2
580,N.Mariana Islands,2020,Apr,0.0
580,N.Mariana Islands,2020,May,0.1
580,N.Mariana Islands,2020,Jun,0.2
580,N.Mariana Islands,2020,Jul,0.2
580,N.Mariana Islands,2020,Aug,0.1
580,N.Mariana Islands,2020,Sep,0.1
580,N.Mariana Islands,2020,Oct,0.1
580,N.Mariana Islands,2020,Nov,0.2
580,N.Mariana Islands,2020,Dec,0.2
580,N.Mariana Islands,2021,Jan,0.2
580,N.Mariana Islands,2021,Feb,0.2
580,N.Mariana Islands,2021,Mar,0.2
580,N.Mariana Islands,2021,Apr,0.3
580,N.Mariana Islands,2021,May,0.5
580,N.Mariana Islands,2021,Jun,0.6
580,N.Mariana Islands,2021,Jul,1.2
580,N.Mariana Islands,2021,Aug,0.6
580,N.Mariana Islands,2021,Sep,1.1
580,N.Mariana Islands,2021,Oct,3.0
580,N.Mariana Islands,2021,Nov,2.5
580,N.Mariana Islands,2021,Dec,2.4
580,N.Mariana Islands,2022,Jan,2.1
580,N.Mariana Islands,2022,Feb,4.2
580,N.Mariana Islands,2022,Mar,4.2
580,N.Mariana Islands,2022,Apr,5.6
580,N.Mariana Islands,2022,May,6.9
580,N.Mariana Islands,2022,Jun,10.5
580,N.Mariana Islands,2022,Jul,10.4
580,N.Mariana Islands,2022,Aug,9.7
580,N.Mariana Islands,2022,Sep,8.3
580,N.Mariana Islands,2022,Oct,10.9
580,N.Mariana Islands,2022,Nov,10.9
580,N.Mariana Islands,2022,Dec,12.9
580,N.Mariana Islands,2023,Jan,12.4
580,N.Mariana Islands,2023,Feb,14.9
580,N.Mariana Islands,2023,Mar,12.0
580,N.Mariana Islands,2023,Apr,13.4
580,N.Mariana Islands,2023,May,17.1
580,N.Mariana Islands,2023,Jun,21.3
580,N.Mariana Islands,2023,Jul,25.1
580,N.Mariana Islands,2023,Aug,24.1
580,N.Mariana Islands,2023,Sep,19.6
580,N.Mariana Islands,2023,Oct,19.7
580,N.Mariana Islands,2023,Nov,15.8
580,N.Mariana Islands,2023,Dec,20.1
580,N.Mariana Islands,2024,Jan,23.8
580,N.Mariana Islands,2024,Feb,23.2
580,N.Mariana Islands,2024,Mar,19.2
580,N.Mariana Islands,2024,Apr,19.6
580,N.Mariana Islands,2024,May,18.7
580,N.Mariana Islands,2024,Jun,19.7
580,N.Mariana Islands,2024,Jul,21.5
580,N.Mariana Islands,2024,Aug,21.6
580,N.Mariana Islands,2024,Sep,14.6
580,N.Mariana Islands,2024,Oct,15.2
580,N.Mariana Islands,2024,Nov,12.3
580,N.Mariana Islands,2024,Dec,19.6
580,N.Mariana Islands,2025,Jan,17.7
580,N.Mariana Islands,2025,Feb,15.8
580,N.Mariana Islands,2025,Mar,14.0
580,N.Mariana Islands,2025,Apr,11.9
580,N.Mariana Islands,2025,May,12.0
580,N.Mariana Islands,2025,Jun,7.9
580,N.Mariana Islands,2025,Jul,14.4
580,N.Mariana Islands,2025,Aug,12.7
580,N.Mariana Islands,2025,Sep,7.3
516,Namibia,2021,Jan,9.3
516,Namibia,2021,Feb,9.8
516,Namibia,2021,Mar,10.5
516,Namibia,2021,Apr,13.0
516,Namibia,2021,May,17.4
516,Namibia,2021,Jun,16.7
516,Namibia,2021,Jul,17.1
516,Namibia,2021,Aug,20.2
516,Namibia,2021,Sep,21.5
516,Namibia,2021,Oct,29.1
516,Namibia,2021,Nov,27.3
516,Namibia,2021,Dec,40.8
516,Namibia,2022,Jan,8.1
516,Namibia,2022,Feb,4.1
516,Namibia,2022,Mar,14.2
516,Namibia,2022,Apr,23.6
516,Namibia,2022,May,21.3
516,Namibia,2022,Jun,50.3
516,Namibia,2022,Jul,25.1
516,Namibia,2022,Aug,69.7
516,Namibia,2022,Sep,69.9
516,Namibia,2022,Oct,62.7
516,Namibia,2022,Nov,46.1
516,Namibia,2022,Dec,65.9
516,Namibia,2023,Jan,68.4
516,Namibia,2023,Feb,65.8
516,Namibia,2023,Mar,68.8
516,Namibia,2023,Apr,68.1
516,Namibia,2023,May,58.6
516,Namibia,2023,Jun,65.8
516,Namibia,2023,Jul,67.9
516,Namibia,2023,Aug,83.1
516,Namibia,2023,Sep,78.1
516,Namibia,2023,Oct,65.9
516,Namibia,2023,Nov,78.2
516,Namibia,2023,Dec,95.3
524,Nepal,2015,Feb,58.5
524,Nepal,2015,Mar,79.2
524,Nepal,2015,Apr,65.7
524,Nepal,2015,May,17.6
524,Nepal,2015,Jun,18.4
524,Nepal,2015,Jul,23.0
524,Nepal,2015,Aug,38.6
524,Nepal,2015,Sep,39.1
524,Nepal,2015,Oct,56.6
524,Nepal,2015,Nov,58.3
524,Nepal,2015,Dec,45.5
524,Nepal,2016,Jan,42.2
524,Nepal,2016,Feb,60.8
524,Nepal,2016,Mar,76.4
524,Nepal,2016,Apr,60.2
524,Nepal,2016,May,46.7
524,Nepal,2016,Jun,38.9
524,Nepal,2016,Jul,48.1
524,Nepal,2016,Aug,66.3
524,Nepal,2016,Sep,74.7
524,Nepal,2016,Oct,89.3
524,Nepal,2016,Nov,73.0
524,Nepal,2016,Dec,76.4
524,Nepal,2017,Jan,62.6
524,Nepal,2017,Feb,84.1
524,Nepal,2017,Mar,106.3
524,Nepal,2017,Apr,88.6
524,Nepal,2017,May,62.8
524,Nepal,2017,Jun,56.0
524,Nepal,2017,Jul,42.2
524,Nepal,2017,Aug,73.8
524,Nepal,2017,Sep,68.6
524,Nepal,2017,Oct,112.5
524,Nepal,2017,Nov,99.8
524,Nepal,2017,Dec,83.0
524,Nepal,2018,Jan,73.2
524,Nepal,2018,Feb,89.5
524,Nepal,2018,Mar,124.7
524,Nepal,2018,Apr,98.7
524,Nepal,2018,May,68.8
524,Nepal,2018,Jun,65.2
524,Nepal,2018,Jul,73.3
524,Nepal,2018,Aug,87.7
524,Nepal,2018,Sep,91.9
524,Nepal,2018,Oct,130.7
524,Nepal,2018,Nov,147.9
524,Nepal,2018,Dec,121.6
524,Nepal,2019,Jan,81.3
524,Nepal,2019,Feb,102.4
524,Nepal,2019,Mar,127.4
524,Nepal,2019,Apr,109.4
524,Nepal,2019,May,78.3
524,Nepal,2019,Jun,74.9
524,Nepal,2019,Jul,70.9
524,Nepal,2019,Aug,94.7
524,Nepal,2019,Sep,92.6
524,Nepal,2019,Oct,134.1
524,Nepal,2019,Nov,130.3
524,Nepal,2019,Dec,100.9
524,Nepal,2020,Jan,79.7
524,Nepal,2020,Feb,98.2
524,Nepal,2020,Mar,42.8
524,Nepal,2020,Apr,0.0
524,Nepal,2020,May,0.0
524,Nepal,2020,Jun,0.1
524,Nepal,2020,Jul,0.2
524,Nepal,2020,Aug,0.3
524,Nepal,2020,Sep,0.6
524,Nepal,2020,Oct,2.0
524,Nepal,2020,Nov,2.0
524,Nepal,2020,Dec,4.2
524,Nepal,2021,Jan,8.9
524,Nepal,2021,Feb,9.1
524,Nepal,2021,Mar,15.0
524,Nepal,2021,Apr,22.5
524,Nepal,2021,May,1.5
524,Nepal,2021,Jun,1.1
524,Nepal,2021,Jul,3.0
524,Nepal,2021,Aug,5.9
524,Nepal,2021,Sep,9.9
524,Nepal,2021,Oct,23.3
524,Nepal,2021,Nov,26.1
524,Nepal,2021,Dec,23.6
524,Nepal,2022,Jan,17.0
524,Nepal,2022,Feb,19.8
524,Nepal,2022,Mar,42.0
524,Nepal,2022,Apr,61.6
524,Nepal,2022,May,53.6
524,Nepal,2022,Jun,47.0
524,Nepal,2022,Jul,44.5
524,Nepal,2022,Aug,41.3
524,Nepal,2022,Sep,58.3
524,Nepal,2022,Oct,88.6
524,Nepal,2022,Nov,72.7
524,Nepal,2022,Dec,67.9
524,Nepal,2023,Jan,55.1
524,Nepal,2023,Feb,73.3
524,Nepal,2023,Mar,99.4
524,Nepal,2023,Apr,98.8
524,Nepal,2023,May,77.7
524,Nepal,2023,Jun,72.3
524,Nepal,2023,Jul,57.7
524,Nepal,2023,Aug,67.2
524,Nepal,2023,Sep,91.0
524,Nepal,2023,Oct,117.3
524,Nepal,2023,Nov,108.6
524,Nepal,2023,Dec,96.6
524,Nepal,2024,Jan,79.1
524,Nepal,2024,Feb,97.4
524,Nepal,2024,Mar,128.2
524,Nepal,2024,Apr,111.4
524,Nepal,2024,May,90.2
524,Nepal,2024,Jun,76.7
524,Nepal,2024,Jul,64.6
524,Nepal,2024,Aug,72.7
524,Nepal,2024,Sep,96.3
524,Nepal,2024,Oct,124.4
524,Nepal,2024,Nov,114.5
524,Nepal,2024,Dec,92.0
524,Nepal,2025,Jan,80.0
524,Nepal,2025,Feb,96.9
524,Nepal,2025,Mar,121.7
524,Nepal,2025,Apr,116.5
524,Nepal,2025,May,86.2
524,Nepal,2025,Jun,76.4
524,Nepal,2025,Jul,70.2
524,Nepal,2025,Aug,88.7
524,Nepal,2025,Sep,78.7
528,Netherlands,2015,Feb,830.0
528,Netherlands,2015,Mar,996.0
528,Netherlands,2015,Apr,1549.0
528,Netherlands,2015,May,1494.0
528,Netherlands,2015,Jun,1387.0
528,Netherlands,2015,Jul,1684.0
528,Netherlands,2015,Aug,1750.0
528,Netherlands,2015,Sep,1310.0
528,Netherlands,2015,Oct,1354.0
528,Netherlands,2015,Nov,1041.0
528,Netherlands,2015,Dec,849.0
528,Netherlands,2016,Jan,865.0
528,Netherlands,2016,Feb,948.0
528,Netherlands,2016,Mar,1220.0
528,Netherlands,2016,Apr,1439.0
528,Netherlands,2016,May,1637.0
528,Netherlands,2016,Jun,1348.0
528,Netherlands,2016,Jul,1730.0
528,Netherlands,2016,Aug,1747.0
528,Netherlands,2016,Sep,1406.0
528,Netherlands,2016,Oct,1483.0
528,Netherlands,2016,Nov,1073.0
528,Netherlands,2016,Dec,932.0
528,Netherlands,2017,Jan,953.0
528,Netherlands,2017,Feb,988.0
528,Netherlands,2017,Mar,1226.0
528,Netherlands,2017,Apr,1910.0
528,Netherlands,2017,May,1678.0
528,Netherlands,2017,Jun,1787.0
528,Netherlands,2017,Jul,1966.0
528,Netherlands,2017,Aug,1910.0
528,Netherlands,2017,Sep,1543.0
528,Netherlands,2017,Oct,1646.0
528,Netherlands,2017,Nov,1236.0
528,Netherlands,2017,Dec,1081.0
528,Netherlands,2018,Jan,1052.0
528,Netherlands,2018,Feb,1073.0
528,Netherlands,2018,Mar,1401.0
528,Netherlands,2018,Apr,1834.0
528,Netherlands,2018,May,1882.0
528,Netherlands,2018,Jun,1717.0
528,Netherlands,2018,Jul,2089.0
528,Netherlands,2018,Aug,2052.0
528,Netherlands,2018,Sep,1626.0
528,Netherlands,2018,Oct,1689.0
528,Netherlands,2018,Nov,1286.0
528,Netherlands,2018,Dec,1080.0
528,Netherlands,2019,Jan,1082.0
528,Netherlands,2019,Feb,1133.0
528,Netherlands,2019,Mar,1465.0
528,Netherlands,2019,Apr,2175.0
528,Netherlands,2019,May,1721.0
528,Netherlands,2019,Jun,2042.0
528,Netherlands,2019,Jul,2190.0
528,Netherlands,2019,Aug,2170.0
528,Netherlands,2019,Sep,1700.0
528,Netherlands,2019,Oct,1843.0
528,Netherlands,2019,Nov,1422.0
528,Netherlands,2019,Dec,1185.0
528,Netherlands,2020,Jan,1134.0
528,Netherlands,2020,Feb,1165.0
528,Netherlands,2020,Mar,519.0
528,Netherlands,2020,Apr,63.0
528,Netherlands,2020,May,130.0
528,Netherlands,2020,Jun,575.0
528,Netherlands,2020,Jul,1248.0
528,Netherlands,2020,Aug,1152.0
528,Netherlands,2020,Sep,725.0
528,Netherlands,2020,Oct,287.0
528,Netherlands,2020,Nov,144.0
528,Netherlands,2020,Dec,123.0
528,Netherlands,2021,Jan,112.0
528,Netherlands,2021,Feb,135.0
528,Netherlands,2021,Mar,125.0
528,Netherlands,2021,Apr,141.0
528,Netherlands,2021,May,264.0
528,Netherlands,2021,Jun,432.0
528,Netherlands,2021,Jul,915.0
528,Netherlands,2021,Aug,896.0
528,Netherlands,2021,Sep,902.0
528,Netherlands,2021,Oct,1155.0
528,Netherlands,2021,Nov,877.0
528,Netherlands,2021,Dec,294.0
528,Netherlands,2022,Jan,241.0
528,Netherlands,2022,Feb,531.0
528,Netherlands,2022,Mar,922.0
528,Netherlands,2022,Apr,1777.0
528,Netherlands,2022,May,1557.0
528,Netherlands,2022,Jun,1715.0
528,Netherlands,2022,Jul,2093.0
528,Netherlands,2022,Aug,2041.0
528,Netherlands,2022,Sep,1558.0
528,Netherlands,2022,Oct,1801.0
528,Netherlands,2022,Nov,1298.0
528,Netherlands,2022,Dec,1049.0
528,Netherlands,2023,Jan,978.0
528,Netherlands,2023,Feb,1074.0
528,Netherlands,2023,Mar,1280.0
528,Netherlands,2023,Apr,2139.0
528,Netherlands,2023,May,2091.0
528,Netherlands,2023,Jun,1979.0
528,Netherlands,2023,Jul,2486.0
528,Netherlands,2023,Aug,2132.0
528,Netherlands,2023,Sep,1758.0
528,Netherlands,2023,Oct,1936.0
528,Netherlands,2023,Nov,1325.0
528,Netherlands,2023,Dec,1125.0
528,Netherlands,2024,Jan,1100.0
528,Netherlands,2024,Feb,1133.0
528,Netherlands,2024,Mar,1627.0
528,Netherlands,2024,Apr,1998.0
528,Netherlands,2024,May,2137.0
528,Netherlands,2024,Jun,1908.0
528,Netherlands,2024,Jul,2443.0
528,Netherlands,2024,Aug,2454.0
528,Netherlands,2024,Sep,1864.0
528,Netherlands,2024,Oct,1995.0
528,Netherlands,2024,Nov,1351.0
528,Netherlands,2024,Dec,1243.0
528,Netherlands,2025,Jan,1164.0
528,Netherlands,2025,Feb,1114.0
528,Netherlands,2025,Mar,1553.0
528,Netherlands,2025,Apr,2422.0
528,Netherlands,2025,May,1964.0
528,Netherlands,2025,Jun,2369.0
528,Netherlands,2025,Jul,2462.0
528,Netherlands,2025,Aug,2682.0
528,Netherlands,2025,Sep,1868.0
540,New Caledonia,2015,Feb,7.7
540,New Caledonia,2015,Mar,9.0
540,New Caledonia,2015,Apr,8.9
540,New Caledonia,2015,May,6.8
540,New Caledonia,2015,Jun,8.2
540,New Caledonia,2015,Jul,11.5
540,New Caledonia,2015,Aug,9.1
540,New Caledonia,2015,Sep,10.0
540,New Caledonia,2015,Oct,10.8
540,New Caledonia,2015,Nov,10.5
540,New Caledonia,2015,Dec,12.8
540,New Caledonia,2016,Jan,9.1
540,New Caledonia,2016,Feb,8.2
540,New Caledonia,2016,Mar,9.6
540,New Caledonia,2016,Apr,8.6
540,New Caledonia,2016,May,6.4
540,New Caledonia,2016,Jun,7.6
540,New Caledonia,2016,Jul,11.0
540,New Caledonia,2016,Aug,9.2
540,New Caledonia,2016,Sep,11.2
540,New Caledonia,2016,Oct,10.9
540,New Caledonia,2016,Nov,10.7
540,New Caledonia,2016,Dec,13.3
540,New Caledonia,2017,Jan,8.9
540,New Caledonia,2017,Feb,7.9
540,New Caledonia,2017,Mar,9.2
540,New Caledonia,2017,Apr,9.1
540,New Caledonia,2017,May,7.1
540,New Caledonia,2017,Jun,8.2
540,New Caledonia,2017,Jul,12.1
540,New Caledonia,2017,Aug,9.6
540,New Caledonia,2017,Sep,11.7
540,New Caledonia,2017,Oct,11.8
540,New Caledonia,2017,Nov,11.3
540,New Caledonia,2017,Dec,13.9
540,New Caledonia,2018,Jan,9.2
540,New Caledonia,2018,Feb,7.7
540,New Caledonia,2018,Mar,10.4
540,New Caledonia,2018,Apr,8.9
540,New Caledonia,2018,May,7.1
540,New Caledonia,2018,Jun,8.2
540,New Caledonia,2018,Jul,12.2
540,New Caledonia,2018,Aug,9.8
540,New Caledonia,2018,Sep,11.5
540,New Caledonia,2018,Oct,11.3
540,New Caledonia,2018,Nov,10.3
540,New Caledonia,2018,Dec,13.8
540,New Caledonia,2019,Jan,9.0
540,New Caledonia,2019,Feb,7.8
540,New Caledonia,2019,Mar,9.5
540,New Caledonia,2019,Apr,11.0
540,New Caledonia,2019,May,7.3
540,New Caledonia,2019,Jun,8.3
540,New Caledonia,2019,Jul,12.4
540,New Caledonia,2019,Aug,12.1
540,New Caledonia,2019,Sep,12.0
540,New Caledonia,2019,Oct,13.8
540,New Caledonia,2019,Nov,12.5
540,New Caledonia,2019,Dec,15.3
540,New Caledonia,2020,Jan,10.6
540,New Caledonia,2020,Feb,9.0
540,New Caledonia,2020,Mar,5.0
540,New Caledonia,2020,Apr,0.1
540,New Caledonia,2020,May,0.4
540,New Caledonia,2020,Jun,0.4
540,New Caledonia,2020,Jul,1.0
540,New Caledonia,2020,Aug,1.5
540,New Caledonia,2020,Sep,0.9
540,New Caledonia,2020,Oct,1.1
540,New Caledonia,2020,Nov,1.1
540,New Caledonia,2020,Dec,1.1
540,New Caledonia,2021,Jan,1.5
540,New Caledonia,2021,Feb,1.4
540,New Caledonia,2021,Mar,0.5
540,New Caledonia,2021,Apr,0.8
540,New Caledonia,2021,May,0.6
540,New Caledonia,2021,Jun,0.9
540,New Caledonia,2021,Jul,1.2
540,New Caledonia,2021,Aug,0.9
540,New Caledonia,2021,Sep,0.8
540,New Caledonia,2021,Oct,1.6
540,New Caledonia,2021,Nov,2.0
540,New Caledonia,2021,Dec,1.9
540,New Caledonia,2022,Jan,2.9
540,New Caledonia,2022,Feb,2.1
540,New Caledonia,2022,Mar,2.1
540,New Caledonia,2022,Apr,3.5
540,New Caledonia,2022,May,3.4
540,New Caledonia,2022,Jun,5.4
540,New Caledonia,2022,Jul,8.5
540,New Caledonia,2022,Aug,7.7
540,New Caledonia,2022,Sep,8.3
540,New Caledonia,2022,Oct,10.9
540,New Caledonia,2022,Nov,10.3
540,New Caledonia,2022,Dec,13.6
540,New Caledonia,2023,Jan,10.3
540,New Caledonia,2023,Feb,7.7
540,New Caledonia,2023,Mar,7.8
540,New Caledonia,2023,Apr,10.8
540,New Caledonia,2023,May,7.9
540,New Caledonia,2023,Jun,9.3
540,New Caledonia,2023,Jul,12.4
540,New Caledonia,2023,Aug,9.4
540,New Caledonia,2023,Sep,11.6
540,New Caledonia,2023,Oct,12.2
540,New Caledonia,2023,Nov,11.5
540,New Caledonia,2023,Dec,14.3
540,New Caledonia,2024,Jan,8.9
540,New Caledonia,2024,Feb,7.5
540,New Caledonia,2024,Mar,9.4
540,New Caledonia,2024,Apr,9.3
540,New Caledonia,2024,May,3.2
540,New Caledonia,2024,Jun,1.5
540,New Caledonia,2024,Jul,2.5
540,New Caledonia,2024,Aug,2.9
540,New Caledonia,2024,Sep,2.4
540,New Caledonia,2024,Oct,3.3
540,New Caledonia,2024,Nov,3.2
540,New Caledonia,2024,Dec,5.2
540,New Caledonia,2025,Jan,3.4
540,New Caledonia,2025,Feb,3.0
540,New Caledonia,2025,Mar,3.3
540,New Caledonia,2025,Apr,4.4
540,New Caledonia,2025,May,3.3
540,New Caledonia,2025,Jun,4.7
540,New Caledonia,2025,Jul,6.0
540,New Caledonia,2025,Aug,5.3
540,New Caledonia,2025,Sep,5.0
554,New Zealand,2015,Feb,343.5
554,New Zealand,2015,Mar,291.8
554,New Zealand,2015,Apr,238.0
554,New Zealand,2015,May,176.7
554,New Zealand,2015,Jun,177.0
554,New Zealand,2015,Jul,208.0
554,New Zealand,2015,Aug,202.9
554,New Zealand,2015,Sep,217.0
554,New Zealand,2015,Oct,229.4
554,New Zealand,2015,Nov,300.5
554,New Zealand,2015,Dec,444.9
554,New Zealand,2016,Jan,343.4
554,New Zealand,2016,Feb,373.4
554,New Zealand,2016,Mar,344.4
554,New Zealand,2016,Apr,256.7
554,New Zealand,2016,May,193.6
554,New Zealand,2016,Jun,196.2
554,New Zealand,2016,Jul,237.9
554,New Zealand,2016,Aug,221.2
554,New Zealand,2016,Sep,245.1
554,New Zealand,2016,Oct,260.2
554,New Zealand,2016,Nov,333.6
554,New Zealand,2016,Dec,494.2
554,New Zealand,2017,Jan,381.1
554,New Zealand,2017,Feb,380.0
554,New Zealand,2017,Mar,343.8
554,New Zealand,2017,Apr,311.9
554,New Zealand,2017,May,209.2
554,New Zealand,2017,Jun,230.1
554,New Zealand,2017,Jul,246.9
554,New Zealand,2017,Aug,234.0
554,New Zealand,2017,Sep,252.7
554,New Zealand,2017,Oct,270.5
554,New Zealand,2017,Nov,360.1
554,New Zealand,2017,Dec,513.3
554,New Zealand,2018,Jan,379.2
554,New Zealand,2018,Feb,423.5
554,New Zealand,2018,Mar,388.3
554,New Zealand,2018,Apr,283.9
554,New Zealand,2018,May,222.1
554,New Zealand,2018,Jun,212.2
554,New Zealand,2018,Jul,250.5
554,New Zealand,2018,Aug,246.7
554,New Zealand,2018,Sep,258.2
554,New Zealand,2018,Oct,283.6
554,New Zealand,2018,Nov,385.8
554,New Zealand,2018,Dec,529.3
554,New Zealand,2019,Jan,399.3
554,New Zealand,2019,Feb,417.9
554,New Zealand,2019,Mar,378.3
554,New Zealand,2019,Apr,307.4
554,New Zealand,2019,May,219.3
554,New Zealand,2019,Jun,213.5
554,New Zealand,2019,Jul,255.6
554,New Zealand,2019,Aug,251.1
554,New Zealand,2019,Sep,261.8
554,New Zealand,2019,Oct,283.8
554,New Zealand,2019,Nov,372.1
554,New Zealand,2019,Dec,528.2
554,New Zealand,2020,Jan,410.8
554,New Zealand,2020,Feb,372.7
554,New Zealand,2020,Mar,175.5
554,New Zealand,2020,Apr,1.7
554,New Zealand,2020,May,2.2
554,New Zealand,2020,Jun,3.5
554,New Zealand,2020,Jul,3.5
554,New Zealand,2020,Aug,4.8
554,New Zealand,2020,Sep,5.5
554,New Zealand,2020,Oct,5.1
554,New Zealand,2020,Nov,5.1
554,New Zealand,2020,Dec,5.9
554,New Zealand,2021,Jan,5.4
554,New Zealand,2021,Feb,5.3
554,New Zealand,2021,Mar,4.6
554,New Zealand,2021,Apr,31.9
554,New Zealand,2021,May,57.6
554,New Zealand,2021,Jun,51.6
554,New Zealand,2021,Jul,30.2
554,New Zealand,2021,Aug,2.7
554,New Zealand,2021,Sep,2.3
554,New Zealand,2021,Oct,3.7
554,New Zealand,2021,Nov,5.3
554,New Zealand,2021,Dec,6.2
554,New Zealand,2022,Jan,4.0
554,New Zealand,2022,Feb,5.2
554,New Zealand,2022,Mar,28.6
554,New Zealand,2022,Apr,54.3
554,New Zealand,2022,May,72.8
554,New Zealand,2022,Jun,94.6
554,New Zealand,2022,Jul,134.2
554,New Zealand,2022,Aug,129.8
554,New Zealand,2022,Sep,151.3
554,New Zealand,2022,Oct,161.6
554,New Zealand,2022,Nov,232.7
554,New Zealand,2022,Dec,364.7
554,New Zealand,2023,Jan,268.3
554,New Zealand,2023,Feb,268.7
554,New Zealand,2023,Mar,266.1
554,New Zealand,2023,Apr,221.3
554,New Zealand,2023,May,160.3
554,New Zealand,2023,Jun,178.4
554,New Zealand,2023,Jul,213.8
554,New Zealand,2023,Aug,206.8
554,New Zealand,2023,Sep,224.9
554,New Zealand,2023,Oct,226.0
554,New Zealand,2023,Nov,303.4
554,New Zealand,2023,Dec,418.9
554,New Zealand,2024,Jan,326.4
554,New Zealand,2024,Feb,362.8
554,New Zealand,2024,Mar,340.3
554,New Zealand,2024,Apr,225.0
554,New Zealand,2024,May,179.7
554,New Zealand,2024,Jun,185.3
554,New Zealand,2024,Jul,221.8
554,New Zealand,2024,Aug,214.3
554,New Zealand,2024,Sep,226.9
554,New Zealand,2024,Oct,240.2
554,New Zealand,2024,Nov,321.2
554,New Zealand,2024,Dec,469.8
554,New Zealand,2025,Jan,370.2
554,New Zealand,2025,Feb,354.4
554,New Zealand,2025,Mar,311.8
554,New Zealand,2025,Apr,267.3
554,New Zealand,2025,May,190.6
554,New Zealand,2025,Jun,186.8
554,New Zealand,2025,Jul,236.6
554,New Zealand,2025,Aug,230.3
554,New Zealand,2025,Sep,248.6
558,Nicaragua,2015,Feb,101.8
558,Nicaragua,2015,Mar,126.9
558,Nicaragua,2015,Apr,107.2
558,Nicaragua,2015,May,108.6
558,Nicaragua,2015,Jun,109.5
558,Nicaragua,2015,Jul,129.9
558,Nicaragua,2015,Aug,109.0
558,Nicaragua,2015,Sep,88.8
558,Nicaragua,2015,Oct,95.3
558,Nicaragua,2015,Nov,111.9
558,Nicaragua,2015,Dec,173.1
558,Nicaragua,2016,Jan,135.2
558,Nicaragua,2016,Feb,108.3
558,Nicaragua,2016,Mar,137.5
558,Nicaragua,2016,Apr,94.2
558,Nicaragua,2016,May,113.5
558,Nicaragua,2016,Jun,120.3
558,Nicaragua,2016,Jul,144.9
558,Nicaragua,2016,Aug,112.0
558,Nicaragua,2016,Sep,90.6
558,Nicaragua,2016,Oct,98.6
558,Nicaragua,2016,Nov,106.3
558,Nicaragua,2016,Dec,243.0
558,Nicaragua,2017,Jan,154.2
558,Nicaragua,2017,Feb,124.0
558,Nicaragua,2017,Mar,151.2
558,Nicaragua,2017,Apr,180.7
558,Nicaragua,2017,May,132.6
558,Nicaragua,2017,Jun,132.4
558,Nicaragua,2017,Jul,162.9
558,Nicaragua,2017,Aug,136.1
558,Nicaragua,2017,Sep,117.7
558,Nicaragua,2017,Oct,114.0
558,Nicaragua,2017,Nov,132.5
558,Nicaragua,2017,Dec,248.9
558,Nicaragua,2018,Jan,158.7
558,Nicaragua,2018,Feb,126.9
558,Nicaragua,2018,Mar,195.8
558,Nicaragua,2018,Apr,115.5
558,Nicaragua,2018,May,84.9
558,Nicaragua,2018,Jun,49.7
558,Nicaragua,2018,Jul,65.9
558,Nicaragua,2018,Aug,74.7
558,Nicaragua,2018,Sep,75.4
558,Nicaragua,2018,Oct,80.6
558,Nicaragua,2018,Nov,85.6
558,Nicaragua,2018,Dec,141.8
558,Nicaragua,2019,Jan,104.5
558,Nicaragua,2019,Feb,88.3
558,Nicaragua,2019,Mar,100.1
558,Nicaragua,2019,Apr,114.9
558,Nicaragua,2019,May,99.9
558,Nicaragua,2019,Jun,97.5
558,Nicaragua,2019,Jul,108.8
558,Nicaragua,2019,Aug,103.2
558,Nicaragua,2019,Sep,92.1
558,Nicaragua,2019,Oct,97.4
558,Nicaragua,2019,Nov,110.4
558,Nicaragua,2019,Dec,178.0
558,Nicaragua,2020,Jan,128.2
558,Nicaragua,2020,Feb,114.2
558,Nicaragua,2020,Mar,77.1
558,Nicaragua,2020,Apr,18.1
558,Nicaragua,2020,May,3.2
558,Nicaragua,2020,Jun,3.4
558,Nicaragua,2020,Jul,3.6
558,Nicaragua,2020,Aug,4.5
558,Nicaragua,2020,Sep,4.6
558,Nicaragua,2020,Oct,5.9
558,Nicaragua,2020,Nov,8.3
558,Nicaragua,2020,Dec,12.8
558,Nicaragua,2021,Jan,10.6
558,Nicaragua,2021,Feb,10.6
558,Nicaragua,2021,Mar,13.4
558,Nicaragua,2021,Apr,13.4
558,Nicaragua,2021,May,17.1
558,Nicaragua,2021,Jun,18.9
558,Nicaragua,2021,Jul,21.2
558,Nicaragua,2021,Aug,20.2
558,Nicaragua,2021,Sep,17.6
558,Nicaragua,2021,Oct,18.6
558,Nicaragua,2021,Nov,20.8
558,Nicaragua,2021,Dec,40.1
558,Nicaragua,2022,Jan,44.5
558,Nicaragua,2022,Feb,54.4
558,Nicaragua,2022,Mar,65.6
558,Nicaragua,2022,Apr,54.2
558,Nicaragua,2022,May,49.2
558,Nicaragua,2022,Jun,59.3
558,Nicaragua,2022,Jul,70.1
558,Nicaragua,2022,Aug,68.1
558,Nicaragua,2022,Sep,69.4
558,Nicaragua,2022,Oct,77.4
558,Nicaragua,2022,Nov,87.7
558,Nicaragua,2022,Dec,117.9
558,Nicaragua,2023,Jan,76.4
558,Nicaragua,2023,Feb,62.4
558,Nicaragua,2023,Mar,68.5
558,Nicaragua,2023,Apr,80.3
558,Nicaragua,2023,May,70.0
558,Nicaragua,2023,Jun,69.3
558,Nicaragua,2023,Jul,93.5
558,Nicaragua,2023,Aug,95.5
558,Nicaragua,2023,Sep,122.1
558,Nicaragua,2023,Oct,135.1
558,Nicaragua,2023,Nov,91.3
558,Nicaragua,2023,Dec,122.1
558,Nicaragua,2024,Jan,88.6
558,Nicaragua,2024,Feb,76.1
558,Nicaragua,2024,Mar,94.1
558,Nicaragua,2024,Apr,64.4
558,Nicaragua,2024,May,79.7
558,Nicaragua,2024,Jun,78.2
558,Nicaragua,2024,Jul,84.9
558,Nicaragua,2024,Aug,72.8
558,Nicaragua,2024,Sep,60.1
558,Nicaragua,2024,Oct,63.6
558,Nicaragua,2024,Nov,72.5
558,Nicaragua,2024,Dec,119.2
558,Nicaragua,2025,Jan,88.7
558,Nicaragua,2025,Feb,63.0
558,Nicaragua,2025,Mar,71.5
558,Nicaragua,2025,Apr,84.2
558,Nicaragua,2025,May,70.4
558,Nicaragua,2025,Jun,68.6
807,North Macedonia,2015,Feb,19.8
807,North Macedonia,2015,Mar,23.9
807,North Macedonia,2015,Apr,36.8
807,North Macedonia,2015,May,57.1
807,North Macedonia,2015,Jun,50.2
807,North Macedonia,2015,Jul,60.4
807,North Macedonia,2015,Aug,69.3
807,North Macedonia,2015,Sep,60.5
807,North Macedonia,2015,Oct,40.5
807,North Macedonia,2015,Nov,25.0
807,North Macedonia,2015,Dec,23.7
807,North Macedonia,2016,Jan,21.7
807,North Macedonia,2016,Feb,20.8
807,North Macedonia,2016,Mar,29.5
807,North Macedonia,2016,Apr,39.3
807,North Macedonia,2016,May,60.9
807,North Macedonia,2016,Jun,50.3
807,North Macedonia,2016,Jul,66.8
807,North Macedonia,2016,Aug,61.7
807,North Macedonia,2016,Sep,61.0
807,North Macedonia,2016,Oct,45.6
807,North Macedonia,2016,Nov,26.4
807,North Macedonia,2016,Dec,26.4
807,North Macedonia,2017,Jan,25.0
807,North Macedonia,2017,Feb,23.3
807,North Macedonia,2017,Mar,28.6
807,North Macedonia,2017,Apr,47.1
807,North Macedonia,2017,May,65.3
807,North Macedonia,2017,Jun,62.4
807,North Macedonia,2017,Jul,88.7
807,North Macedonia,2017,Aug,90.5
807,North Macedonia,2017,Sep,78.7
807,North Macedonia,2017,Oct,55.2
807,North Macedonia,2017,Nov,32.9
807,North Macedonia,2017,Dec,32.9
807,North Macedonia,2018,Jan,30.3
807,North Macedonia,2018,Feb,26.5
807,North Macedonia,2018,Mar,36.7
807,North Macedonia,2018,Apr,59.1
807,North Macedonia,2018,May,72.6
807,North Macedonia,2018,Jun,76.4
807,North Macedonia,2018,Jul,99.3
807,North Macedonia,2018,Aug,95.7
807,North Macedonia,2018,Sep,80.9
807,North Macedonia,2018,Oct,57.7
807,North Macedonia,2018,Nov,36.1
807,North Macedonia,2018,Dec,36.1
807,North Macedonia,2019,Jan,29.4
807,North Macedonia,2019,Feb,27.1
807,North Macedonia,2019,Mar,37.6
807,North Macedonia,2019,Apr,59.9
807,North Macedonia,2019,May,68.9
807,North Macedonia,2019,Jun,89.3
807,North Macedonia,2019,Jul,97.7
807,North Macedonia,2019,Aug,100.1
807,North Macedonia,2019,Sep,95.0
807,North Macedonia,2019,Oct,68.8
807,North Macedonia,2019,Nov,43.1
807,North Macedonia,2019,Dec,40.6
807,North Macedonia,2020,Jan,35.5
807,North Macedonia,2020,Feb,29.7
807,North Macedonia,2020,Mar,11.1
807,North Macedonia,2020,Apr,0.2
807,North Macedonia,2020,May,0.2
807,North Macedonia,2020,Jun,1.9
807,North Macedonia,2020,Jul,5.0
807,North Macedonia,2020,Aug,7.2
807,North Macedonia,2020,Sep,7.3
807,North Macedonia,2020,Oct,8.7
807,North Macedonia,2020,Nov,5.5
807,North Macedonia,2020,Dec,6.0
807,North Macedonia,2021,Jan,10.7
807,North Macedonia,2021,Feb,11.8
807,North Macedonia,2021,Mar,10.9
807,North Macedonia,2021,Apr,9.1
807,North Macedonia,2021,May,17.5
807,North Macedonia,2021,Jun,24.9
807,North Macedonia,2021,Jul,45.8
807,North Macedonia,2021,Aug,55.1
807,North Macedonia,2021,Sep,36.7
807,North Macedonia,2021,Oct,31.7
807,North Macedonia,2021,Nov,21.2
807,North Macedonia,2021,Dec,18.4
807,North Macedonia,2022,Jan,18.5
807,North Macedonia,2022,Feb,18.9
807,North Macedonia,2022,Mar,22.6
807,North Macedonia,2022,Apr,31.0
807,North Macedonia,2022,May,49.0
807,North Macedonia,2022,Jun,56.5
807,North Macedonia,2022,Jul,77.9
807,North Macedonia,2022,Aug,74.7
807,North Macedonia,2022,Sep,69.6
807,North Macedonia,2022,Oct,53.4
807,North Macedonia,2022,Nov,36.3
807,North Macedonia,2022,Dec,29.0
807,North Macedonia,2023,Jan,24.6
807,North Macedonia,2023,Feb,24.5
807,North Macedonia,2023,Mar,32.0
807,North Macedonia,2023,Apr,51.9
807,North Macedonia,2023,May,71.3
807,North Macedonia,2023,Jun,84.4
807,North Macedonia,2023,Jul,106.6
807,North Macedonia,2023,Aug,102.1
807,North Macedonia,2023,Sep,90.0
807,North Macedonia,2023,Oct,66.9
807,North Macedonia,2023,Nov,45.5
807,North Macedonia,2023,Dec,34.3
807,North Macedonia,2024,Jan,28.4
807,North Macedonia,2024,Feb,27.0
807,North Macedonia,2024,Mar,40.4
807,North Macedonia,2024,Apr,63.0
807,North Macedonia,2024,May,79.4
807,North Macedonia,2024,Jun,92.2
807,North Macedonia,2024,Jul,118.8
807,North Macedonia,2024,Aug,119.6
807,North Macedonia,2024,Sep,101.7
807,North Macedonia,2024,Oct,79.9
807,North Macedonia,2024,Nov,45.7
807,North Macedonia,2024,Dec,34.1
807,North Macedonia,2025,Jan,31.5
807,North Macedonia,2025,Feb,30.0
807,North Macedonia,2025,Mar,55.3
807,North Macedonia,2025,Apr,76.2
807,North Macedonia,2025,May,101.5
807,North Macedonia,2025,Jun,101.0
807,North Macedonia,2025,Jul,121.5
807,North Macedonia,2025,Aug,117.7
807,North Macedonia,2025,Sep,100.2
578,Norway,2015,Feb,213.3
578,Norway,2015,Mar,220.1
578,Norway,2015,Apr,209.3
578,Norway,2015,May,378.0
578,Norway,2015,Jun,818.4
578,Norway,2015,Jul,1189.0
578,Norway,2015,Aug,1015.0
578,Norway,2015,Sep,392.2
578,Norway,2015,Oct,233.2
578,Norway,2015,Nov,160.4
578,Norway,2015,Dec,179.5
578,Norway,2016,Jan,189.6
578,Norway,2016,Feb,250.5
578,Norway,2016,Mar,252.0
578,Norway,2016,Apr,222.0
578,Norway,2016,May,385.8
578,Norway,2016,Jun,946.5
578,Norway,2016,Jul,1369.0
578,Norway,2016,Aug,1185.0
578,Norway,2016,Sep,450.4
578,Norway,2016,Oct,234.6
578,Norway,2016,Nov,159.7
578,Norway,2016,Dec,190.5
578,Norway,2017,Jan,182.2
578,Norway,2017,Feb,237.5
578,Norway,2017,Mar,231.2
578,Norway,2017,Apr,217.1
578,Norway,2017,May,433.3
578,Norway,2017,Jun,942.4
578,Norway,2017,Jul,1389.0
578,Norway,2017,Aug,1187.0
578,Norway,2017,Sep,457.3
578,Norway,2017,Oct,227.7
578,Norway,2017,Nov,162.5
578,Norway,2017,Dec,178.5
578,Norway,2018,Jan,185.9
578,Norway,2018,Feb,220.3
578,Norway,2018,Mar,231.5
578,Norway,2018,Apr,206.1
578,Norway,2018,May,433.0
578,Norway,2018,Jun,931.5
578,Norway,2018,Jul,1366.0
578,Norway,2018,Aug,1159.0
578,Norway,2018,Sep,420.8
578,Norway,2018,Oct,222.3
578,Norway,2018,Nov,146.2
578,Norway,2018,Dec,165.2
578,Norway,2019,Jan,178.5
578,Norway,2019,Feb,215.9
578,Norway,2019,Mar,240.0
578,Norway,2019,Apr,240.0
578,Norway,2019,May,419.7
578,Norway,2019,Jun,947.6
578,Norway,2019,Jul,1409.0
578,Norway,2019,Aug,1224.0
578,Norway,2019,Sep,433.9
578,Norway,2019,Oct,236.7
578,Norway,2019,Nov,159.0
578,Norway,2019,Dec,200.6
578,Norway,2020,Jan,200.7
578,Norway,2020,Feb,252.3
578,Norway,2020,Mar,102.9
578,Norway,2020,Apr,11.7
578,Norway,2020,May,20.3
578,Norway,2020,Jun,52.3
578,Norway,2020,Jul,264.2
578,Norway,2020,Aug,311.0
578,Norway,2020,Sep,73.3
578,Norway,2020,Oct,44.9
578,Norway,2020,Nov,26.9
578,Norway,2020,Dec,26.7
578,Norway,2021,Jan,29.5
578,Norway,2021,Feb,23.5
578,Norway,2021,Mar,24.8
578,Norway,2021,Apr,23.9
578,Norway,2021,May,23.9
578,Norway,2021,Jun,48.1
578,Norway,2021,Jul,271.4
578,Norway,2021,Aug,433.7
578,Norway,2021,Sep,203.4
578,Norway,2021,Oct,134.8
578,Norway,2021,Nov,111.6
578,Norway,2021,Dec,100.5
578,Norway,2022,Jan,98.3
578,Norway,2022,Feb,162.4
578,Norway,2022,Mar,191.6
578,Norway,2022,Apr,182.3
578,Norway,2022,May,330.9
578,Norway,2022,Jun,804.4
578,Norway,2022,Jul,1204.0
578,Norway,2022,Aug,1053.0
578,Norway,2022,Sep,398.5
578,Norway,2022,Oct,206.9
578,Norway,2022,Nov,162.1
578,Norway,2022,Dec,185.0
578,Norway,2023,Jan,176.6
578,Norway,2023,Feb,235.8
578,Norway,2023,Mar,237.2
578,Norway,2023,Apr,225.7
578,Norway,2023,May,411.3
578,Norway,2023,Jun,923.8
578,Norway,2023,Jul,1383.0
578,Norway,2023,Aug,1206.0
578,Norway,2023,Sep,472.2
578,Norway,2023,Oct,253.0
578,Norway,2023,Nov,195.3
578,Norway,2023,Dec,231.5
578,Norway,2024,Jan,223.7
578,Norway,2024,Feb,303.1
578,Norway,2024,Mar,322.8
578,Norway,2024,Apr,269.8
578,Norway,2024,May,461.3
578,Norway,2024,Jun,963.2
578,Norway,2024,Jul,1416.0
578,Norway,2024,Aug,1259.0
578,Norway,2024,Sep,557.0
578,Norway,2024,Oct,339.4
578,Norway,2024,Nov,257.1
578,Norway,2024,Dec,298.4
578,Norway,2025,Jan,276.2
578,Norway,2025,Feb,319.8
578,Norway,2025,Mar,356.1
578,Norway,2025,Apr,300.8
578,Norway,2025,May,540.6
578,Norway,2025,Jun,1087.0
578,Norway,2025,Jul,1628.0
578,Norway,2025,Aug,1443.0
512,Oman,2015,Feb,164.7
512,Oman,2015,Mar,211.3
512,Oman,2015,Apr,191.4
512,Oman,2015,May,167.4
512,Oman,2015,Jun,151.9
512,Oman,2015,Jul,213.8
512,Oman,2015,Aug,324.0
512,Oman,2015,Sep,276.6
512,Oman,2015,Oct,209.7
512,Oman,2015,Nov,176.1
512,Oman,2015,Dec,216.2
512,Oman,2016,Jan,209.1
512,Oman,2016,Feb,213.3
512,Oman,2016,Mar,257.7
512,Oman,2016,Apr,242.9
512,Oman,2016,May,162.0
512,Oman,2016,Jun,133.6
512,Oman,2016,Jul,238.8
512,Oman,2016,Aug,373.0
512,Oman,2016,Sep,352.5
512,Oman,2016,Oct,205.6
512,Oman,2016,Nov,239.4
512,Oman,2016,Dec,236.8
512,Oman,2017,Jan,245.5
512,Oman,2017,Feb,262.6
512,Oman,2017,Mar,298.2
512,Oman,2017,Apr,268.8
512,Oman,2017,May,188.6
512,Oman,2017,Jun,220.1
512,Oman,2017,Jul,255.5
512,Oman,2017,Aug,427.0
512,Oman,2017,Sep,273.5
512,Oman,2017,Oct,219.1
512,Oman,2017,Nov,268.2
512,Oman,2017,Dec,272.2
512,Oman,2018,Jan,282.7
512,Oman,2018,Feb,267.7
512,Oman,2018,Mar,318.1
512,Oman,2018,Apr,257.2
512,Oman,2018,May,174.1
512,Oman,2018,Jun,205.0
512,Oman,2018,Jul,282.2
512,Oman,2018,Aug,311.6
512,Oman,2018,Sep,221.2
512,Oman,2018,Oct,254.3
512,Oman,2018,Nov,295.0
512,Oman,2018,Dec,372.7
512,Oman,2019,Jan,304.5
512,Oman,2019,Feb,291.5
512,Oman,2019,Mar,311.0
512,Oman,2019,Apr,289.1
512,Oman,2019,May,198.9
512,Oman,2019,Jun,257.8
512,Oman,2019,Jul,295.7
512,Oman,2019,Aug,347.9
512,Oman,2019,Sep,228.7
512,Oman,2019,Oct,272.1
512,Oman,2019,Nov,317.4
512,Oman,2019,Dec,391.7
512,Oman,2020,Jan,351.6
512,Oman,2020,Feb,340.0
512,Oman,2020,Mar,101.6
512,Oman,2020,Apr,1.0
512,Oman,2020,May,1.1
512,Oman,2020,Jun,1.6
512,Oman,2020,Jul,2.8
512,Oman,2020,Aug,4.1
512,Oman,2020,Sep,6.6
512,Oman,2020,Oct,7.0
512,Oman,2020,Nov,13.8
512,Oman,2020,Dec,36.9
512,Oman,2021,Jan,39.4
512,Oman,2021,Feb,23.0
512,Oman,2021,Mar,31.1
512,Oman,2021,Apr,13.4
512,Oman,2021,May,6.0
512,Oman,2021,Jun,9.9
512,Oman,2021,Jul,20.5
512,Oman,2021,Aug,25.3
512,Oman,2021,Sep,83.4
512,Oman,2021,Oct,107.9
512,Oman,2021,Nov,111.4
512,Oman,2021,Dec,180.2
512,Oman,2022,Jan,106.6
512,Oman,2022,Feb,125.1
512,Oman,2022,Mar,183.0
512,Oman,2022,Apr,162.7
512,Oman,2022,May,216.3
512,Oman,2022,Jun,233.1
512,Oman,2022,Jul,410.5
512,Oman,2022,Aug,351.6
512,Oman,2022,Sep,244.7
512,Oman,2022,Oct,231.3
512,Oman,2022,Nov,273.0
512,Oman,2022,Dec,382.5
512,Oman,2023,Jan,295.2
512,Oman,2023,Feb,320.5
512,Oman,2023,Mar,340.6
512,Oman,2023,Apr,329.5
512,Oman,2023,May,262.5
512,Oman,2023,Jun,339.1
512,Oman,2023,Jul,376.4
512,Oman,2023,Aug,384.9
512,Oman,2023,Sep,263.3
512,Oman,2023,Oct,286.3
512,Oman,2023,Nov,338.2
512,Oman,2023,Dec,454.9
512,Oman,2024,Jan,339.4
512,Oman,2024,Feb,366.2
512,Oman,2024,Mar,307.9
512,Oman,2024,Apr,367.8
512,Oman,2024,May,265.2
512,Oman,2024,Jun,301.1
512,Oman,2024,Jul,371.4
512,Oman,2024,Aug,373.9
512,Oman,2024,Sep,234.9
512,Oman,2024,Oct,262.6
512,Oman,2024,Nov,310.5
512,Oman,2024,Dec,396.4
512,Oman,2025,Jan,338.7
512,Oman,2025,Feb,329.5
512,Oman,2025,Mar,307.3
512,Oman,2025,Apr,306.9
512,Oman,2025,May,252.2
512,Oman,2025,Jun,267.0
512,Oman,2025,Jul,362.3
512,Oman,2025,Aug,393.6
512,Oman,2025,Sep,273.3
585,Palau,2015,Feb,17.7
585,Palau,2015,Mar,15.0
585,Palau,2015,Apr,12.8
585,Palau,2015,May,12.7
585,Palau,2015,Jun,12.8
585,Palau,2015,Jul,12.8
585,Palau,2015,Aug,15.6
585,Palau,2015,Sep,13.1
585,Palau,2015,Oct,12.4
585,Palau,2015,Nov,11.4
585,Palau,2015,Dec,12.6
585,Palau,2016,Jan,14.2
585,Palau,2016,Feb,14.1
585,Palau,2016,Mar,12.3
585,Palau,2016,Apr,10.7
585,Palau,2016,May,9.6
585,Palau,2016,Jun,11.4
585,Palau,2016,Jul,12.5
585,Palau,2016,Aug,13.3
585,Palau,2016,Sep,12.2
585,Palau,2016,Oct,9.0
585,Palau,2016,Nov,9.4
585,Palau,2016,Dec,9.9
585,Palau,2017,Jan,11.7
585,Palau,2017,Feb,10.0
585,Palau,2017,Mar,8.9
585,Palau,2017,Apr,9.9
585,Palau,2017,May,9.0
585,Palau,2017,Jun,10.1
585,Palau,2017,Jul,12.3
585,Palau,2017,Aug,13.2
585,Palau,2017,Sep,8.8
585,Palau,2017,Oct,9.6
585,Palau,2017,Nov,9.4
585,Palau,2017,Dec,9.8
585,Palau,2018,Jan,10.5
585,Palau,2018,Feb,12.4
585,Palau,2018,Mar,11.0
585,Palau,2018,Apr,10.3
585,Palau,2018,May,7.7
585,Palau,2018,Jun,8.2
585,Palau,2018,Jul,9.0
585,Palau,2018,Aug,11.1
585,Palau,2018,Sep,7.1
585,Palau,2018,Oct,6.2
585,Palau,2018,Nov,5.9
585,Palau,2018,Dec,7.0
585,Palau,2019,Jan,7.3
585,Palau,2019,Feb,9.8
585,Palau,2019,Mar,9.0
585,Palau,2019,Apr,8.4
585,Palau,2019,May,7.5
585,Palau,2019,Jun,6.1
585,Palau,2019,Jul,7.1
585,Palau,2019,Aug,8.5
585,Palau,2019,Sep,6.7
585,Palau,2019,Oct,6.2
585,Palau,2019,Nov,8.0
585,Palau,2019,Dec,9.2
585,Palau,2020,Jan,9.8
585,Palau,2020,Feb,5.6
585,Palau,2020,Mar,2.7
585,Palau,2020,Apr,0.0
585,Palau,2020,May,0.0
585,Palau,2020,Jun,0.0
585,Palau,2020,Jul,0.0
585,Palau,2020,Aug,0.0
585,Palau,2020,Sep,0.1
585,Palau,2020,Oct,0.0
585,Palau,2020,Nov,0.0
585,Palau,2020,Dec,0.0
585,Palau,2021,Jan,0.0
585,Palau,2021,Feb,0.0
585,Palau,2021,Mar,0.1
585,Palau,2021,Apr,0.3
585,Palau,2021,May,0.1
585,Palau,2021,Jun,0.1
585,Palau,2021,Jul,0.3
585,Palau,2021,Aug,1.2
585,Palau,2021,Sep,1.3
585,Palau,2021,Oct,0.7
585,Palau,2021,Nov,0.4
585,Palau,2021,Dec,0.8
585,Palau,2022,Jan,0.4
585,Palau,2022,Feb,0.5
585,Palau,2022,Mar,0.6
585,Palau,2022,Apr,1.2
585,Palau,2022,May,0.8
585,Palau,2022,Jun,1.0
585,Palau,2022,Jul,1.1
585,Palau,2022,Aug,0.8
585,Palau,2022,Sep,0.9
585,Palau,2022,Oct,1.2
585,Palau,2022,Nov,2.0
585,Palau,2022,Dec,1.8
585,Palau,2023,Jan,2.0
585,Palau,2023,Feb,2.4
585,Palau,2023,Mar,2.9
585,Palau,2023,Apr,2.9
585,Palau,2023,May,2.5
585,Palau,2023,Jun,4.0
585,Palau,2023,Jul,4.9
585,Palau,2023,Aug,4.8
585,Palau,2023,Sep,3.7
585,Palau,2023,Oct,3.3
585,Palau,2023,Nov,3.9
585,Palau,2023,Dec,4.0
585,Palau,2024,Jan,4.4
585,Palau,2024,Feb,5.8
585,Palau,2024,Mar,4.6
585,Palau,2024,Apr,4.4
585,Palau,2024,May,4.5
585,Palau,2024,Jun,4.3
585,Palau,2024,Jul,4.6
585,Palau,2024,Aug,4.8
585,Palau,2024,Sep,4.1
585,Palau,2024,Oct,4.4
585,Palau,2024,Nov,4.7
585,Palau,2024,Dec,5.6
585,Palau,2025,Jan,6.9
585,Palau,2025,Feb,5.1
585,Palau,2025,Mar,5.7
585,Palau,2025,Apr,5.4
585,Palau,2025,May,4.8
585,Palau,2025,Jun,6.4
585,Palau,2025,Jul,6.1
585,Palau,2025,Aug,6.1
585,Palau,2025,Sep,4.5
275,Palestine,2015,Feb,67.1
275,Palestine,2015,Mar,77.6
275,Palestine,2015,Apr,127.7
275,Palestine,2015,May,98.3
275,Palestine,2015,Jun,59.6
275,Palestine,2015,Jul,75.2
275,Palestine,2015,Aug,81.7
275,Palestine,2015,Sep,90.2
275,Palestine,2015,Oct,102.0
275,Palestine,2015,Nov,76.0
275,Palestine,2015,Dec,58.7
275,Palestine,2016,Jan,37.4
275,Palestine,2016,Feb,58.3
275,Palestine,2016,Mar,64.8
275,Palestine,2016,Apr,87.2
275,Palestine,2016,May,92.4
275,Palestine,2016,Jun,47.4
275,Palestine,2016,Jul,60.7
275,Palestine,2016,Aug,82.4
275,Palestine,2016,Sep,85.9
275,Palestine,2016,Oct,106.6
275,Palestine,2016,Nov,99.4
275,Palestine,2016,Dec,73.9
275,Palestine,2017,Jan,59.5
275,Palestine,2017,Feb,80.9
275,Palestine,2017,Mar,101.9
275,Palestine,2017,Apr,113.5
275,Palestine,2017,May,93.7
275,Palestine,2017,Jun,70.3
275,Palestine,2017,Jul,66.6
275,Palestine,2017,Aug,80.6
275,Palestine,2017,Sep,104.6
275,Palestine,2017,Oct,124.2
275,Palestine,2017,Nov,117.8
275,Palestine,2017,Dec,78.2
275,Palestine,2018,Jan,72.4
275,Palestine,2018,Feb,93.2
275,Palestine,2018,Mar,102.4
275,Palestine,2018,Apr,131.9
275,Palestine,2018,May,119.4
275,Palestine,2018,Jun,83.6
275,Palestine,2018,Jul,74.4
275,Palestine,2018,Aug,106.7
275,Palestine,2018,Sep,111.2
275,Palestine,2018,Oct,170.2
275,Palestine,2018,Nov,143.9
275,Palestine,2018,Dec,98.3
275,Palestine,2019,Jan,102.3
275,Palestine,2019,Feb,133.6
275,Palestine,2019,Mar,149.3
275,Palestine,2019,Apr,120.3
275,Palestine,2019,May,124.6
275,Palestine,2019,Jun,96.7
275,Palestine,2019,Jul,84.8
275,Palestine,2019,Aug,102.8
275,Palestine,2019,Sep,141.9
275,Palestine,2019,Oct,168.8
275,Palestine,2019,Nov,164.3
275,Palestine,2019,Dec,104.4
275,Palestine,2020,Jan,100.8
275,Palestine,2020,Feb,76.9
275,Palestine,2020,Mar,2.5
275,Palestine,2020,Apr,0.0
275,Palestine,2020,May,0.0
275,Palestine,2020,Jun,0.9
275,Palestine,2020,Jul,0.2
275,Palestine,2020,Aug,6.3
275,Palestine,2020,Sep,7.1
275,Palestine,2020,Oct,12.7
275,Palestine,2020,Nov,9.1
275,Palestine,2020,Dec,3.3
275,Palestine,2021,Jan,9.4
275,Palestine,2021,Feb,7.4
275,Palestine,2021,Mar,4.9
275,Palestine,2021,Apr,42.3
275,Palestine,2021,May,16.5
275,Palestine,2021,Jun,26.8
275,Palestine,2021,Jul,29.0
275,Palestine,2021,Aug,33.1
275,Palestine,2021,Sep,53.3
275,Palestine,2021,Oct,51.0
275,Palestine,2021,Nov,39.3
275,Palestine,2021,Dec,48.4
275,Palestine,2022,Jan,41.5
275,Palestine,2022,Feb,35.6
275,Palestine,2022,Mar,55.5
275,Palestine,2022,Apr,55.6
275,Palestine,2022,May,71.6
275,Palestine,2022,Jun,68.7
275,Palestine,2022,Jul,83.8
275,Palestine,2022,Aug,82.3
275,Palestine,2022,Sep,108.8
275,Palestine,2022,Oct,113.2
275,Palestine,2022,Nov,118.5
275,Palestine,2022,Dec,83.1
275,Palestine,2023,Jan,81.7
275,Palestine,2023,Feb,114.7
275,Palestine,2023,Mar,130.1
275,Palestine,2023,Apr,126.4
275,Palestine,2023,May,146.8
275,Palestine,2023,Jun,110.7
275,Palestine,2023,Jul,81.4
275,Palestine,2023,Aug,120.8
275,Palestine,2023,Sep,143.7
275,Palestine,2023,Oct,38.6
275,Palestine,2023,Nov,3.8
275,Palestine,2023,Dec,4.0
275,Palestine,2024,Jan,11.1
275,Palestine,2024,Feb,10.1
275,Palestine,2024,Mar,20.5
275,Palestine,2024,Apr,25.7
275,Palestine,2024,May,28.9
275,Palestine,2024,Jun,33.5
275,Palestine,2024,Jul,33.6
275,Palestine,2024,Aug,38.4
275,Palestine,2024,Sep,33.4
275,Palestine,2024,Oct,22.5
275,Palestine,2024,Nov,26.4
275,Palestine,2024,Dec,44.6
591,Panama,2015,Feb,174.3
591,Panama,2015,Mar,188.6
591,Panama,2015,Apr,167.2
591,Panama,2015,May,156.8
591,Panama,2015,Jun,160.3
591,Panama,2015,Jul,185.8
591,Panama,2015,Aug,173.8
591,Panama,2015,Sep,151.0
591,Panama,2015,Oct,159.0
591,Panama,2015,Nov,180.9
591,Panama,2015,Dec,209.7
591,Panama,2016,Jan,178.5
591,Panama,2016,Feb,163.6
591,Panama,2016,Mar,174.6
591,Panama,2016,Apr,146.6
591,Panama,2016,May,137.5
591,Panama,2016,Jun,145.7
591,Panama,2016,Jul,172.0
591,Panama,2016,Aug,159.5
591,Panama,2016,Sep,145.9
591,Panama,2016,Oct,148.9
591,Panama,2016,Nov,160.3
591,Panama,2016,Dec,187.9
591,Panama,2017,Jan,190.5
591,Panama,2017,Feb,159.2
591,Panama,2017,Mar,168.0
591,Panama,2017,Apr,162.6
591,Panama,2017,May,143.0
591,Panama,2017,Jun,138.7
591,Panama,2017,Jul,159.2
591,Panama,2017,Aug,150.6
591,Panama,2017,Sep,135.1
591,Panama,2017,Oct,136.3
591,Panama,2017,Nov,133.4
591,Panama,2017,Dec,166.8
591,Panama,2018,Jan,171.5
591,Panama,2018,Feb,155.4
591,Panama,2018,Mar,150.8
591,Panama,2018,Apr,144.2
591,Panama,2018,May,137.7
591,Panama,2018,Jun,138.7
591,Panama,2018,Jul,155.6
591,Panama,2018,Aug,145.8
591,Panama,2018,Sep,114.0
591,Panama,2018,Oct,137.5
591,Panama,2018,Nov,148.1
591,Panama,2018,Dec,179.2
591,Panama,2019,Jan,226.2
591,Panama,2019,Feb,163.2
591,Panama,2019,Mar,155.1
591,Panama,2019,Apr,141.0
591,Panama,2019,May,120.9
591,Panama,2019,Jun,130.5
591,Panama,2019,Jul,151.7
591,Panama,2019,Aug,142.8
591,Panama,2019,Sep,115.6
591,Panama,2019,Oct,119.6
591,Panama,2019,Nov,121.6
591,Panama,2019,Dec,164.5
591,Panama,2020,Jan,155.5
591,Panama,2020,Feb,135.1
591,Panama,2020,Mar,59.2
591,Panama,2020,Apr,0.0
591,Panama,2020,May,0.0
591,Panama,2020,Jun,0.0
591,Panama,2020,Jul,0.0
591,Panama,2020,Aug,0.0
591,Panama,2020,Sep,0.0
591,Panama,2020,Oct,12.9
591,Panama,2020,Nov,23.5
591,Panama,2020,Dec,27.4
591,Panama,2021,Jan,18.9
591,Panama,2021,Feb,19.6
591,Panama,2021,Mar,30.0
591,Panama,2021,Apr,23.3
591,Panama,2021,May,29.1
591,Panama,2021,Jun,50.5
591,Panama,2021,Jul,56.6
591,Panama,2021,Aug,58.1
591,Panama,2021,Sep,60.8
591,Panama,2021,Oct,73.2
591,Panama,2021,Nov,83.8
591,Panama,2021,Dec,114.4
591,Panama,2022,Jan,113.2
591,Panama,2022,Feb,101.5
591,Panama,2022,Mar,115.6
591,Panama,2022,Apr,120.8
591,Panama,2022,May,115.6
591,Panama,2022,Jun,123.5
591,Panama,2022,Jul,129.1
591,Panama,2022,Aug,125.1
591,Panama,2022,Sep,118.4
591,Panama,2022,Oct,133.0
591,Panama,2022,Nov,137.6
591,Panama,2022,Dec,158.4
591,Panama,2023,Jan,183.3
591,Panama,2023,Feb,160.3
591,Panama,2023,Mar,177.5
591,Panama,2023,Apr,151.4
591,Panama,2023,May,128.7
591,Panama,2023,Jun,145.0
591,Panama,2023,Jul,164.3
591,Panama,2023,Aug,153.4
591,Panama,2023,Sep,145.1
591,Panama,2023,Oct,141.9
591,Panama,2023,Nov,137.5
591,Panama,2023,Dec,185.3
591,Panama,2024,Jan,203.5
591,Panama,2024,Feb,176.6
591,Panama,2024,Mar,206.0
591,Panama,2024,Apr,157.5
591,Panama,2024,May,148.9
591,Panama,2024,Jun,168.3
591,Panama,2024,Jul,175.1
591,Panama,2024,Aug,166.6
591,Panama,2024,Sep,151.1
591,Panama,2024,Oct,155.9
591,Panama,2024,Nov,173.9
591,Panama,2024,Dec,217.1
591,Panama,2025,Jan,228.2
591,Panama,2025,Feb,183.1
591,Panama,2025,Mar,202.1
591,Panama,2025,Apr,196.3
591,Panama,2025,May,168.4
591,Panama,2025,Jun,171.6
591,Panama,2025,Jul,201.1
591,Panama,2025,Aug,194.5
598,Papua New Guinea,2015,Feb,26.3
598,Papua New Guinea,2015,Mar,30.6
598,Papua New Guinea,2015,Apr,32.7
598,Papua New Guinea,2015,May,29.1
598,Papua New Guinea,2015,Jun,31.5
598,Papua New Guinea,2015,Jul,16.7
598,Papua New Guinea,2015,Aug,13.7
598,Papua New Guinea,2015,Sep,14.0
598,Papua New Guinea,2015,Oct,20.7
598,Papua New Guinea,2015,Nov,26.4
598,Papua New Guinea,2015,Dec,20.5
598,Papua New Guinea,2016,Jan,13.9
598,Papua New Guinea,2016,Feb,12.9
598,Papua New Guinea,2016,Mar,15.0
598,Papua New Guinea,2016,Apr,15.5
598,Papua New Guinea,2016,May,13.8
598,Papua New Guinea,2016,Jun,14.9
598,Papua New Guinea,2016,Jul,14.1
598,Papua New Guinea,2016,Aug,11.6
598,Papua New Guinea,2016,Sep,11.8
598,Papua New Guinea,2016,Oct,9.9
598,Papua New Guinea,2016,Nov,12.6
598,Papua New Guinea,2016,Dec,9.8
598,Papua New Guinea,2017,Jan,12.1
598,Papua New Guinea,2017,Feb,11.2
598,Papua New Guinea,2017,Mar,13.1
598,Papua New Guinea,2017,Apr,14.0
598,Papua New Guinea,2017,May,12.5
598,Papua New Guinea,2017,Jun,13.5
598,Papua New Guinea,2017,Jul,13.4
598,Papua New Guinea,2017,Aug,10.9
598,Papua New Guinea,2017,Sep,11.2
598,Papua New Guinea,2017,Oct,9.5
598,Papua New Guinea,2017,Nov,12.1
598,Papua New Guinea,2017,Dec,9.4
598,Papua New Guinea,2018,Jan,11.2
598,Papua New Guinea,2018,Feb,10.3
598,Papua New Guinea,2018,Mar,12.0
598,Papua New Guinea,2018,Apr,7.9
598,Papua New Guinea,2018,May,7.0
598,Papua New Guinea,2018,Jun,7.6
598,Papua New Guinea,2021,Jan,2.0
598,Papua New Guinea,2021,Feb,1.7
598,Papua New Guinea,2021,Mar,1.2
598,Papua New Guinea,2021,Apr,0.8
598,Papua New Guinea,2021,May,1.2
598,Papua New Guinea,2021,Jun,1.1
598,Papua New Guinea,2021,Jul,1.0
598,Papua New Guinea,2021,Aug,1.4
598,Papua New Guinea,2021,Sep,1.4
598,Papua New Guinea,2021,Oct,1.7
598,Papua New Guinea,2021,Nov,1.9
598,Papua New Guinea,2021,Dec,1.3
598,Papua New Guinea,2022,Jan,2.7
598,Papua New Guinea,2022,Feb,3.3
598,Papua New Guinea,2022,Mar,3.8
598,Papua New Guinea,2022,Apr,4.9
598,Papua New Guinea,2022,May,4.6
598,Papua New Guinea,2022,Jun,5.4
598,Papua New Guinea,2022,Jul,5.9
598,Papua New Guinea,2022,Aug,6.8
598,Papua New Guinea,2022,Sep,7.3
598,Papua New Guinea,2022,Oct,7.6
598,Papua New Guinea,2022,Nov,7.5
598,Papua New Guinea,2022,Dec,6.8
598,Papua New Guinea,2023,Jan,8.4
598,Papua New Guinea,2023,Feb,7.9
598,Papua New Guinea,2023,Mar,8.7
598,Papua New Guinea,2023,Apr,9.7
598,Papua New Guinea,2023,May,9.7
598,Papua New Guinea,2023,Jun,9.4
598,Papua New Guinea,2023,Jul,10.5
598,Papua New Guinea,2023,Aug,9.6
598,Papua New Guinea,2023,Sep,10.9
598,Papua New Guinea,2023,Oct,10.2
598,Papua New Guinea,2023,Nov,9.5
598,Papua New Guinea,2023,Dec,6.9
598,Papua New Guinea,2024,Jan,7.1
598,Papua New Guinea,2024,Feb,6.9
598,Papua New Guinea,2024,Mar,8.1
598,Papua New Guinea,2024,Apr,9.5
598,Papua New Guinea,2024,May,7.8
598,Papua New Guinea,2024,Jun,8.6
598,Papua New Guinea,2024,Jul,9.5
598,Papua New Guinea,2024,Aug,9.2
598,Papua New Guinea,2024,Sep,9.2
598,Papua New Guinea,2024,Oct,8.6
598,Papua New Guinea,2024,Nov,8.3
598,Papua New Guinea,2024,Dec,6.6
600,Paraguay,2015,Feb,58.5
600,Paraguay,2015,Mar,59.9
600,Paraguay,2015,Apr,56.5
600,Paraguay,2015,May,56.8
600,Paraguay,2015,Jun,54.6
600,Paraguay,2015,Jul,186.1
600,Paraguay,2015,Aug,137.4
600,Paraguay,2015,Sep,161.8
600,Paraguay,2015,Oct,150.5
600,Paraguay,2015,Nov,82.8
600,Paraguay,2015,Dec,135.3
600,Paraguay,2016,Jan,120.6
600,Paraguay,2016,Feb,110.4
600,Paraguay,2016,Mar,104.1
600,Paraguay,2016,Apr,88.4
600,Paraguay,2016,May,69.5
600,Paraguay,2016,Jun,98.1
600,Paraguay,2016,Jul,148.5
600,Paraguay,2016,Aug,109.2
600,Paraguay,2016,Sep,99.1
600,Paraguay,2016,Oct,101.8
600,Paraguay,2016,Nov,89.5
600,Paraguay,2016,Dec,169.0
600,Paraguay,2017,Jan,244.8
600,Paraguay,2017,Feb,135.1
600,Paraguay,2017,Mar,99.7
600,Paraguay,2017,Apr,119.3
600,Paraguay,2017,May,91.5
600,Paraguay,2017,Jun,100.9
600,Paraguay,2017,Jul,182.2
600,Paraguay,2017,Aug,109.6
600,Paraguay,2017,Sep,113.0
600,Paraguay,2017,Oct,111.4
600,Paraguay,2017,Nov,97.7
600,Paraguay,2017,Dec,154.5
600,Paraguay,2018,Jan,156.5
600,Paraguay,2018,Feb,123.5
600,Paraguay,2018,Mar,99.4
600,Paraguay,2018,Apr,89.8
600,Paraguay,2018,May,76.8
600,Paraguay,2018,Jun,77.8
600,Paraguay,2018,Jul,118.8
600,Paraguay,2018,Aug,87.1
600,Paraguay,2018,Sep,69.9
600,Paraguay,2018,Oct,69.1
600,Paraguay,2018,Nov,74.1
600,Paraguay,2018,Dec,138.0
600,Paraguay,2019,Jan,134.5
600,Paraguay,2019,Feb,108.3
600,Paraguay,2019,Mar,93.4
600,Paraguay,2019,Apr,95.3
600,Paraguay,2019,May,75.4
600,Paraguay,2019,Jun,82.5
600,Paraguay,2019,Jul,140.4
600,Paraguay,2019,Aug,90.5
600,Paraguay,2019,Sep,80.9
600,Paraguay,2019,Oct,84.2
600,Paraguay,2019,Nov,112.1
600,Paraguay,2019,Dec,117.9
600,Paraguay,2020,Jan,120.2
600,Paraguay,2020,Feb,92.9
600,Paraguay,2020,Mar,29.0
600,Paraguay,2020,Apr,0.0
600,Paraguay,2020,May,0.0
600,Paraguay,2020,Jun,0.0
600,Paraguay,2020,Jul,0.0
600,Paraguay,2020,Aug,0.0
600,Paraguay,2020,Sep,0.0
600,Paraguay,2020,Oct,0.6
600,Paraguay,2020,Nov,3.4
600,Paraguay,2020,Dec,6.5
600,Paraguay,2021,Jan,6.4
600,Paraguay,2021,Feb,5.8
600,Paraguay,2021,Mar,4.8
600,Paraguay,2021,Apr,2.8
600,Paraguay,2021,May,3.2
600,Paraguay,2021,Jun,4.3
600,Paraguay,2021,Jul,4.6
600,Paraguay,2021,Aug,4.0
600,Paraguay,2021,Sep,5.1
600,Paraguay,2021,Oct,8.4
600,Paraguay,2021,Nov,12.3
600,Paraguay,2021,Dec,33.2
600,Paraguay,2022,Jan,24.8
600,Paraguay,2022,Feb,34.7
600,Paraguay,2022,Mar,28.5
600,Paraguay,2022,Apr,41.0
600,Paraguay,2022,May,35.8
600,Paraguay,2022,Jun,41.1
600,Paraguay,2022,Jul,66.9
600,Paraguay,2022,Aug,45.6
600,Paraguay,2022,Sep,47.7
600,Paraguay,2022,Oct,63.8
600,Paraguay,2022,Nov,54.1
600,Paraguay,2022,Dec,95.5
600,Paraguay,2023,Jan,108.0
600,Paraguay,2023,Feb,78.4
600,Paraguay,2023,Mar,59.7
600,Paraguay,2023,Apr,67.0
600,Paraguay,2023,May,58.7
600,Paraguay,2023,Jun,56.1
600,Paraguay,2023,Jul,95.8
600,Paraguay,2023,Aug,59.9
600,Paraguay,2023,Sep,59.5
600,Paraguay,2023,Oct,57.3
600,Paraguay,2023,Nov,53.9
600,Paraguay,2023,Dec,109.8
600,Paraguay,2024,Jan,93.0
600,Paraguay,2024,Feb,79.2
600,Paraguay,2024,Mar,88.1
600,Paraguay,2024,Apr,65.8
600,Paraguay,2024,May,72.7
600,Paraguay,2024,Jun,74.4
600,Paraguay,2024,Jul,106.3
600,Paraguay,2024,Aug,76.5
600,Paraguay,2024,Sep,76.6
600,Paraguay,2024,Oct,81.3
600,Paraguay,2024,Nov,87.3
600,Paraguay,2024,Dec,160.0
600,Paraguay,2025,Jan,159.2
600,Paraguay,2025,Feb,129.4
600,Paraguay,2025,Mar,109.5
604,Peru,2015,Feb,295.1
604,Peru,2015,Mar,274.2
604,Peru,2015,Apr,262.7
604,Peru,2015,May,268.4
604,Peru,2015,Jun,275.9
604,Peru,2015,Jul,332.6
604,Peru,2015,Aug,305.7
604,Peru,2015,Sep,270.5
604,Peru,2015,Oct,301.7
604,Peru,2015,Nov,272.9
604,Peru,2015,Dec,297.7
604,Peru,2016,Jan,304.7
604,Peru,2016,Feb,324.4
604,Peru,2016,Mar,300.3
604,Peru,2016,Apr,276.1
604,Peru,2016,May,296.1
604,Peru,2016,Jun,276.8
604,Peru,2016,Jul,365.3
604,Peru,2016,Aug,339.1
604,Peru,2016,Sep,303.2
604,Peru,2016,Oct,324.6
604,Peru,2016,Nov,299.8
604,Peru,2016,Dec,334.1
604,Peru,2017,Jan,327.6
604,Peru,2017,Feb,325.0
604,Peru,2017,Mar,295.7
604,Peru,2017,Apr,312.6
604,Peru,2017,May,301.2
604,Peru,2017,Jun,318.6
604,Peru,2017,Jul,388.9
604,Peru,2017,Aug,361.3
604,Peru,2017,Sep,340.5
604,Peru,2017,Oct,352.7
604,Peru,2017,Nov,331.8
604,Peru,2017,Dec,376.4
604,Peru,2018,Jan,366.5
604,Peru,2018,Feb,347.4
604,Peru,2018,Mar,366.5
604,Peru,2018,Apr,344.0
604,Peru,2018,May,356.7
604,Peru,2018,Jun,355.6
604,Peru,2018,Jul,408.8
604,Peru,2018,Aug,393.1
604,Peru,2018,Sep,359.7
604,Peru,2018,Oct,377.4
604,Peru,2018,Nov,355.4
604,Peru,2018,Dec,388.4
604,Peru,2019,Jan,376.3
604,Peru,2019,Feb,351.5
604,Peru,2019,Mar,374.8
604,Peru,2019,Apr,360.9
604,Peru,2019,May,360.0
604,Peru,2019,Jun,353.6
604,Peru,2019,Jul,412.4
604,Peru,2019,Aug,381.6
604,Peru,2019,Sep,349.1
604,Peru,2019,Oct,345.4
604,Peru,2019,Nov,345.6
604,Peru,2019,Dec,360.6
604,Peru,2020,Jan,370.6
604,Peru,2020,Feb,360.5
604,Peru,2020,Mar,114.4
604,Peru,2020,Apr,0.0
604,Peru,2020,May,0.0
604,Peru,2020,Jun,0.0
604,Peru,2020,Jul,0.0
604,Peru,2020,Aug,0.0
604,Peru,2020,Sep,0.0
604,Peru,2020,Oct,4.7
604,Peru,2020,Nov,11.6
604,Peru,2020,Dec,34.6
604,Peru,2021,Jan,11.7
604,Peru,2021,Feb,6.2
604,Peru,2021,Mar,12.8
604,Peru,2021,Apr,15.8
604,Peru,2021,May,19.9
604,Peru,2021,Jun,26.3
604,Peru,2021,Jul,38.3
604,Peru,2021,Aug,40.2
604,Peru,2021,Sep,50.6
604,Peru,2021,Oct,61.3
604,Peru,2021,Nov,72.6
604,Peru,2021,Dec,88.7
604,Peru,2022,Jan,61.9
604,Peru,2022,Feb,72.0
604,Peru,2022,Mar,107.9
604,Peru,2022,Apr,134.9
604,Peru,2022,May,150.5
604,Peru,2022,Jun,196.0
604,Peru,2022,Jul,235.8
604,Peru,2022,Aug,218.9
604,Peru,2022,Sep,204.1
604,Peru,2022,Oct,220.8
604,Peru,2022,Nov,209.3
604,Peru,2022,Dec,197.3
604,Peru,2023,Jan,143.1
604,Peru,2023,Feb,156.9
604,Peru,2023,Mar,173.2
604,Peru,2023,Apr,189.7
604,Peru,2023,May,181.4
604,Peru,2023,Jun,220.2
604,Peru,2023,Jul,263.1
604,Peru,2023,Aug,237.3
604,Peru,2023,Sep,229.0
604,Peru,2023,Oct,234.2
604,Peru,2023,Nov,233.8
604,Peru,2023,Dec,262.7
604,Peru,2024,Jan,251.3
604,Peru,2024,Feb,257.8
604,Peru,2024,Mar,259.3
604,Peru,2024,Apr,248.2
604,Peru,2024,May,273.5
604,Peru,2024,Jun,276.3
604,Peru,2024,Jul,308.4
604,Peru,2024,Aug,303.5
604,Peru,2024,Sep,271.3
604,Peru,2024,Oct,271.1
604,Peru,2024,Nov,255.4
604,Peru,2024,Dec,280.5
604,Peru,2025,Jan,264.1
604,Peru,2025,Feb,258.1
604,Peru,2025,Mar,273.8
604,Peru,2025,Apr,289.3
604,Peru,2025,May,276.9
604,Peru,2025,Jun,278.2
604,Peru,2025,Jul,317.1
604,Peru,2025,Aug,311.2
604,Peru,2025,Sep,292.9
608,Philippines,2015,Feb,456.5
608,Philippines,2015,Mar,456.2
608,Philippines,2015,Apr,423.4
608,Philippines,2015,May,413.9
608,Philippines,2015,Jun,390.5
608,Philippines,2015,Jul,489.7
608,Philippines,2015,Aug,480.7
608,Philippines,2015,Sep,393.6
608,Philippines,2015,Oct,412.2
608,Philippines,2015,Nov,411.9
608,Philippines,2015,Dec,553.0
608,Philippines,2016,Jan,542.3
608,Philippines,2016,Feb,549.7
608,Philippines,2016,Mar,510.3
608,Philippines,2016,Apr,471.6
608,Philippines,2016,May,445.4
608,Philippines,2016,Jun,459.1
608,Philippines,2016,Jul,560.9
608,Philippines,2016,Aug,502.7
608,Philippines,2016,Sep,422.9
608,Philippines,2016,Oct,443.0
608,Philippines,2016,Nov,482.4
608,Philippines,2016,Dec,576.6
608,Philippines,2017,Jan,631.6
608,Philippines,2017,Feb,579.2
608,Philippines,2017,Mar,574.1
608,Philippines,2017,Apr,565.1
608,Philippines,2017,May,532.8
608,Philippines,2017,Jun,474.9
608,Philippines,2017,Jul,568.0
608,Philippines,2017,Aug,545.3
608,Philippines,2017,Sep,479.8
608,Philippines,2017,Oct,523.6
608,Philippines,2017,Nov,533.2
608,Philippines,2017,Dec,613.4
608,Philippines,2018,Jan,732.5
608,Philippines,2018,Feb,674.8
608,Philippines,2018,Mar,642.8
608,Philippines,2018,Apr,591.1
608,Philippines,2018,May,537.7
608,Philippines,2018,Jun,530.3
608,Philippines,2018,Jul,609.1
608,Philippines,2018,Aug,551.1
608,Philippines,2018,Sep,518.0
608,Philippines,2018,Oct,523.7
608,Philippines,2018,Nov,564.2
608,Philippines,2018,Dec,693.1
608,Philippines,2019,Jan,723.4
608,Philippines,2019,Feb,766.9
608,Philippines,2019,Mar,714.3
608,Philippines,2019,Apr,663.0
608,Philippines,2019,May,621.7
608,Philippines,2019,Jun,643.8
608,Philippines,2019,Jul,719.1
608,Philippines,2019,Aug,702.8
608,Philippines,2019,Sep,606.6
608,Philippines,2019,Oct,638.5
608,Philippines,2019,Nov,684.1
608,Philippines,2019,Dec,776.8
608,Philippines,2020,Jan,796.2
608,Philippines,2020,Feb,462.7
608,Philippines,2020,Mar,139.3
608,Philippines,2020,Apr,0.9
608,Philippines,2020,May,4.5
608,Philippines,2020,Jun,1.5
608,Philippines,2020,Jul,5.5
608,Philippines,2020,Aug,18.3
608,Philippines,2020,Sep,10.0
608,Philippines,2020,Oct,10.1
608,Philippines,2020,Nov,13.6
608,Philippines,2020,Dec,19.8
608,Philippines,2021,Jan,6.5
608,Philippines,2021,Feb,10.9
608,Philippines,2021,Mar,12.0
608,Philippines,2021,Apr,6.0
608,Philippines,2021,May,10.9
608,Philippines,2021,Jun,11.9
608,Philippines,2021,Jul,12.8
608,Philippines,2021,Aug,14.8
608,Philippines,2021,Sep,15.5
608,Philippines,2021,Oct,17.6
608,Philippines,2021,Nov,20.5
608,Philippines,2021,Dec,24.4
608,Philippines,2022,Feb,47.7
608,Philippines,2022,Mar,117.2
608,Philippines,2022,Apr,188.6
608,Philippines,2022,May,206.4
608,Philippines,2022,Jun,254.3
608,Philippines,2022,Jul,295.7
608,Philippines,2022,Aug,263.5
608,Philippines,2022,Sep,246.9
608,Philippines,2022,Oct,274.8
608,Philippines,2022,Nov,324.6
608,Philippines,2022,Dec,434.2
608,Philippines,2023,Jan,464.2
608,Philippines,2023,Feb,466.0
608,Philippines,2023,Mar,475.6
608,Philippines,2023,Apr,458.1
608,Philippines,2023,May,389.3
608,Philippines,2023,Jun,448.9
608,Philippines,2023,Jul,516.3
608,Philippines,2023,Aug,437.6
608,Philippines,2023,Sep,382.3
608,Philippines,2023,Oct,406.9
608,Philippines,2023,Nov,439.9
608,Philippines,2023,Dec,565.4
608,Philippines,2024,Jan,574.4
608,Philippines,2024,Feb,582.3
608,Philippines,2024,Mar,505.7
608,Philippines,2024,Apr,459.5
608,Philippines,2024,May,447.4
608,Philippines,2024,Jun,459.4
608,Philippines,2024,Jul,525.5
608,Philippines,2024,Aug,472.5
608,Philippines,2024,Sep,414.3
608,Philippines,2024,Oct,442.9
608,Philippines,2024,Nov,476.0
608,Philippines,2024,Dec,572.0
608,Philippines,2025,Jan,627.5
608,Philippines,2025,Feb,541.0
608,Philippines,2025,Mar,487.5
608,Philippines,2025,Apr,450.5
608,Philippines,2025,May,443.2
608,Philippines,2025,Jun,449.8
608,Philippines,2025,Jul,508.7
608,Philippines,2025,Aug,457.4
608,Philippines,2025,Sep,368.9
616,Poland,2016,Jan,1200.0
616,Poland,2016,Feb,1000.0
616,Poland,2016,Mar,1400.0
616,Poland,2016,Apr,1500.0
616,Poland,2016,May,1500.0
616,Poland,2016,Jun,1400.0
616,Poland,2016,Jul,2000.0
616,Poland,2016,Aug,1900.0
616,Poland,2016,Sep,1500.0
616,Poland,2016,Oct,1400.0
616,Poland,2016,Nov,1300.0
616,Poland,2016,Dec,1400.0
616,Poland,2017,Jan,1200.0
616,Poland,2017,Feb,1100.0
616,Poland,2017,Mar,1400.0
616,Poland,2017,Apr,1500.0
616,Poland,2017,May,1600.0
616,Poland,2017,Jun,1600.0
616,Poland,2017,Jul,1900.0
616,Poland,2017,Aug,2000.0
616,Poland,2017,Sep,1800.0
616,Poland,2017,Oct,1500.0
616,Poland,2017,Nov,1400.0
616,Poland,2017,Dec,1400.0
616,Poland,2018,Jan,1263.0
616,Poland,2018,Feb,1186.0
616,Poland,2018,Mar,1419.0
616,Poland,2018,Apr,1505.0
616,Poland,2018,May,1708.0
616,Poland,2018,Jun,1795.0
616,Poland,2018,Jul,2125.0
616,Poland,2018,Aug,2171.0
616,Poland,2018,Sep,1868.0
616,Poland,2018,Oct,1701.0
616,Poland,2018,Nov,1429.0
616,Poland,2018,Dec,1453.0
616,Poland,2019,Jan,1344.0
616,Poland,2019,Feb,1283.0
616,Poland,2019,Mar,1562.0
616,Poland,2019,Apr,1671.0
616,Poland,2019,May,1850.0
616,Poland,2019,Jun,1962.0
616,Poland,2019,Jul,2300.0
616,Poland,2019,Aug,2283.0
616,Poland,2019,Sep,2014.0
616,Poland,2019,Oct,1774.0
616,Poland,2019,Nov,1523.0
616,Poland,2019,Dec,1590.0
616,Poland,2020,Jan,1404.0
616,Poland,2020,Feb,1391.0
616,Poland,2020,Mar,721.1
616,Poland,2020,Apr,95.0
616,Poland,2020,May,135.5
616,Poland,2020,Jun,264.8
616,Poland,2020,Jul,1059.0
616,Poland,2020,Aug,1155.0
616,Poland,2020,Sep,994.0
616,Poland,2020,Oct,547.0
616,Poland,2020,Nov,331.2
616,Poland,2020,Dec,320.5
616,Poland,2021,Jan,412.1
616,Poland,2021,Feb,431.1
616,Poland,2021,Mar,513.9
616,Poland,2021,Apr,457.5
616,Poland,2021,May,578.7
616,Poland,2021,Jun,840.9
616,Poland,2021,Jul,1288.0
616,Poland,2021,Aug,1401.0
616,Poland,2021,Sep,1187.0
616,Poland,2021,Oct,986.0
616,Poland,2021,Nov,837.2
616,Poland,2021,Dec,788.5
616,Poland,2022,Jan,654.8
616,Poland,2022,Feb,765.8
616,Poland,2022,Mar,1062.0
616,Poland,2022,Apr,1254.0
616,Poland,2022,May,1444.0
616,Poland,2022,Jun,1512.0
616,Poland,2022,Jul,1822.0
616,Poland,2022,Aug,1843.0
616,Poland,2022,Sep,1622.0
616,Poland,2022,Oct,1493.0
616,Poland,2022,Nov,1246.0
616,Poland,2022,Dec,1237.0
620,Portugal,2015,Feb,894.1
620,Portugal,2015,Mar,1286.0
620,Portugal,2015,Apr,1859.0
620,Portugal,2015,May,2289.0
620,Portugal,2015,Jun,2210.0
620,Portugal,2015,Jul,2386.0
620,Portugal,2015,Aug,2698.0
620,Portugal,2015,Sep,2538.0
620,Portugal,2015,Oct,2197.0
620,Portugal,2015,Nov,1115.0
620,Portugal,2015,Dec,921.3
620,Portugal,2016,Jan,878.1
620,Portugal,2016,Feb,1072.0
620,Portugal,2016,Mar,1603.0
620,Portugal,2016,Apr,1980.0
620,Portugal,2016,May,2535.0
620,Portugal,2016,Jun,2468.0
620,Portugal,2016,Jul,2723.0
620,Portugal,2016,Aug,2975.0
620,Portugal,2016,Sep,2781.0
620,Portugal,2016,Oct,2519.0
620,Portugal,2016,Nov,1352.0
620,Portugal,2016,Dec,1071.0
620,Portugal,2017,Jan,580.8
620,Portugal,2017,Feb,642.9
620,Portugal,2017,Mar,898.7
620,Portugal,2017,Apr,1332.0
620,Portugal,2017,May,1495.0
620,Portugal,2017,Jun,1518.0
620,Portugal,2017,Jul,1614.0
620,Portugal,2017,Aug,1768.0
620,Portugal,2017,Sep,1690.0
620,Portugal,2017,Oct,1508.0
620,Portugal,2017,Nov,833.2
620,Portugal,2017,Dec,652.1
620,Portugal,2018,Jan,624.3
620,Portugal,2018,Feb,704.2
620,Portugal,2018,Mar,1049.0
620,Portugal,2018,Apr,1313.0
620,Portugal,2018,May,1598.0
620,Portugal,2018,Jun,1558.0
620,Portugal,2018,Jul,1669.0
620,Portugal,2018,Aug,1848.0
620,Portugal,2018,Sep,1734.0
620,Portugal,2018,Oct,1534.0
620,Portugal,2018,Nov,893.7
620,Portugal,2018,Dec,701.6
620,Portugal,2019,Jan,686.6
620,Portugal,2019,Feb,763.5
620,Portugal,2019,Mar,1071.0
620,Portugal,2019,Apr,1453.0
620,Portugal,2019,May,1726.0
620,Portugal,2019,Jun,1686.0
620,Portugal,2019,Jul,1780.0
620,Portugal,2019,Aug,1967.0
620,Portugal,2019,Sep,1848.0
620,Portugal,2019,Oct,1650.0
620,Portugal,2019,Nov,977.8
620,Portugal,2019,Dec,802.1
620,Portugal,2020,Jan,757.9
620,Portugal,2020,Feb,806.4
620,Portugal,2020,Mar,387.9
620,Portugal,2020,Apr,5.4
620,Portugal,2020,May,12.6
620,Portugal,2020,Jun,49.9
620,Portugal,2020,Jul,278.2
620,Portugal,2020,Aug,565.7
620,Portugal,2020,Sep,470.7
620,Portugal,2020,Oct,351.0
620,Portugal,2020,Nov,109.9
620,Portugal,2020,Dec,109.4
620,Portugal,2021,Jan,72.4
620,Portugal,2021,Feb,29.3
620,Portugal,2021,Mar,44.4
620,Portugal,2021,Apr,82.0
620,Portugal,2021,May,274.3
620,Portugal,2021,Jun,445.6
620,Portugal,2021,Jul,596.7
620,Portugal,2021,Aug,1041.0
620,Portugal,2021,Sep,974.5
620,Portugal,2021,Oct,1137.0
620,Portugal,2021,Nov,749.5
620,Portugal,2021,Dec,471.5
620,Portugal,2022,Jan,347.3
620,Portugal,2022,Feb,571.4
620,Portugal,2022,Mar,863.0
620,Portugal,2022,Apr,1359.0
620,Portugal,2022,May,1584.0
620,Portugal,2022,Jun,1584.0
620,Portugal,2022,Jul,1827.0
620,Portugal,2022,Aug,1963.0
620,Portugal,2022,Sep,1784.0
620,Portugal,2022,Oct,1656.0
620,Portugal,2022,Nov,990.6
620,Portugal,2022,Dec,793.1
620,Portugal,2023,Jan,767.2
620,Portugal,2023,Feb,873.2
620,Portugal,2023,Mar,1222.0
620,Portugal,2023,Apr,1670.0
620,Portugal,2023,May,1877.0
620,Portugal,2023,Jun,1791.0
620,Portugal,2023,Jul,1935.0
620,Portugal,2023,Aug,2156.0
620,Portugal,2023,Sep,2045.0
620,Portugal,2023,Oct,1897.0
620,Portugal,2023,Nov,1125.0
620,Portugal,2023,Dec,879.0
620,Portugal,2024,Jan,801.1
620,Portugal,2024,Feb,965.0
620,Portugal,2024,Mar,1403.0
620,Portugal,2024,Apr,1670.0
620,Portugal,2024,May,2060.0
620,Portugal,2024,Jun,1909.0
620,Portugal,2024,Jul,2034.0
620,Portugal,2024,Aug,2271.0
620,Portugal,2024,Sep,2144.0
620,Portugal,2024,Oct,1973.0
620,Portugal,2024,Nov,1219.0
620,Portugal,2024,Dec,933.9
620,Portugal,2025,Jan,856.7
620,Portugal,2025,Feb,956.3
620,Portugal,2025,Mar,1364.0
620,Portugal,2025,Apr,1798.0
620,Portugal,2025,May,2097.0
620,Portugal,2025,Jun,1965.0
620,Portugal,2025,Jul,2109.0
620,Portugal,2025,Aug,2263.0
620,Portugal,2025,Sep,2130.0
630,Puerto Rico,2015,Feb,163.8
630,Puerto Rico,2015,Mar,180.4
630,Puerto Rico,2015,Apr,160.8
630,Puerto Rico,2015,May,149.8
630,Puerto Rico,2015,Jun,157.3
630,Puerto Rico,2015,Jul,162.8
630,Puerto Rico,2015,Aug,144.9
630,Puerto Rico,2015,Sep,98.8
630,Puerto Rico,2015,Oct,122.7
630,Puerto Rico,2015,Nov,139.4
630,Puerto Rico,2015,Dec,167.9
630,Puerto Rico,2016,Jan,175.5
630,Puerto Rico,2016,Feb,165.9
630,Puerto Rico,2016,Mar,177.4
630,Puerto Rico,2016,Apr,161.1
630,Puerto Rico,2016,May,138.9
630,Puerto Rico,2016,Jun,150.1
630,Puerto Rico,2016,Jul,169.1
630,Puerto Rico,2016,Aug,143.2
630,Puerto Rico,2016,Sep,110.6
630,Puerto Rico,2016,Oct,104.8
630,Puerto Rico,2016,Nov,127.6
630,Puerto Rico,2016,Dec,175.3
630,Puerto Rico,2017,Jan,156.0
630,Puerto Rico,2017,Feb,151.6
630,Puerto Rico,2017,Mar,184.4
630,Puerto Rico,2017,Apr,190.0
630,Puerto Rico,2017,May,151.4
630,Puerto Rico,2017,Jun,181.3
630,Puerto Rico,2017,Jul,207.7
630,Puerto Rico,2017,Aug,170.1
630,Puerto Rico,2017,Sep,90.1
630,Puerto Rico,2017,Oct,27.4
630,Puerto Rico,2017,Nov,43.1
630,Puerto Rico,2017,Dec,67.1
630,Puerto Rico,2018,Jan,77.4
630,Puerto Rico,2018,Feb,82.2
630,Puerto Rico,2018,Mar,108.8
630,Puerto Rico,2018,Apr,104.8
630,Puerto Rico,2018,May,107.3
630,Puerto Rico,2018,Jun,124.7
630,Puerto Rico,2018,Jul,126.5
630,Puerto Rico,2018,Aug,114.1
630,Puerto Rico,2018,Sep,80.6
630,Puerto Rico,2018,Oct,89.0
630,Puerto Rico,2018,Nov,117.0
630,Puerto Rico,2018,Dec,128.6
630,Puerto Rico,2019,Jan,138.9
630,Puerto Rico,2019,Feb,136.8
630,Puerto Rico,2019,Mar,160.8
630,Puerto Rico,2019,Apr,137.7
630,Puerto Rico,2019,May,138.1
630,Puerto Rico,2019,Jun,129.2
630,Puerto Rico,2019,Jul,126.7
630,Puerto Rico,2019,Aug,143.7
630,Puerto Rico,2019,Sep,104.3
630,Puerto Rico,2019,Oct,109.0
630,Puerto Rico,2019,Nov,133.0
630,Puerto Rico,2019,Dec,154.8
630,Puerto Rico,2020,Jan,141.3
630,Puerto Rico,2020,Feb,148.4
630,Puerto Rico,2020,Mar,82.2
630,Puerto Rico,2020,Apr,8.8
630,Puerto Rico,2020,May,12.7
630,Puerto Rico,2020,Jun,44.1
630,Puerto Rico,2020,Jul,69.4
630,Puerto Rico,2020,Aug,44.1
630,Puerto Rico,2020,Sep,48.9
630,Puerto Rico,2020,Oct,70.2
630,Puerto Rico,2020,Nov,70.8
630,Puerto Rico,2020,Dec,58.0
630,Puerto Rico,2021,Jan,74.0
630,Puerto Rico,2021,Feb,98.5
630,Puerto Rico,2021,Mar,148.0
630,Puerto Rico,2021,Apr,150.3
630,Puerto Rico,2021,May,163.8
630,Puerto Rico,2021,Jun,171.0
630,Puerto Rico,2021,Jul,183.9
630,Puerto Rico,2021,Aug,156.4
630,Puerto Rico,2021,Sep,110.7
630,Puerto Rico,2021,Oct,121.2
630,Puerto Rico,2021,Nov,137.2
630,Puerto Rico,2021,Dec,152.4
630,Puerto Rico,2022,Jan,110.5
630,Puerto Rico,2022,Feb,140.2
630,Puerto Rico,2022,Mar,180.7
630,Puerto Rico,2022,Apr,176.7
630,Puerto Rico,2022,May,161.0
630,Puerto Rico,2022,Jun,160.6
630,Puerto Rico,2022,Jul,178.5
630,Puerto Rico,2022,Aug,154.5
630,Puerto Rico,2022,Sep,108.5
630,Puerto Rico,2022,Oct,114.5
630,Puerto Rico,2022,Nov,127.3
630,Puerto Rico,2022,Dec,156.3
630,Puerto Rico,2023,Jan,159.8
630,Puerto Rico,2023,Feb,160.5
630,Puerto Rico,2023,Mar,177.9
630,Puerto Rico,2023,Apr,169.2
630,Puerto Rico,2023,May,168.3
630,Puerto Rico,2023,Jun,175.5
630,Puerto Rico,2023,Jul,181.4
630,Puerto Rico,2023,Aug,164.9
630,Puerto Rico,2023,Sep,114.9
630,Puerto Rico,2023,Oct,125.0
630,Puerto Rico,2023,Nov,143.0
630,Puerto Rico,2023,Dec,168.3
630,Puerto Rico,2024,Jan,162.6
630,Puerto Rico,2024,Feb,168.6
630,Puerto Rico,2024,Mar,189.5
630,Puerto Rico,2024,Apr,162.0
630,Puerto Rico,2024,May,161.7
630,Puerto Rico,2024,Jun,174.0
630,Puerto Rico,2024,Jul,178.6
630,Puerto Rico,2024,Aug,160.8
630,Puerto Rico,2024,Sep,101.9
630,Puerto Rico,2024,Oct,129.2
630,Puerto Rico,2024,Nov,151.0
630,Puerto Rico,2024,Dec,195.7
630,Puerto Rico,2025,Jan,175.9
630,Puerto Rico,2025,Feb,177.6
630,Puerto Rico,2025,Mar,209.9
630,Puerto Rico,2025,Apr,184.4
630,Puerto Rico,2025,May,160.8
630,Puerto Rico,2025,Jun,176.2
634,Qatar,2017,Jan,327.1
634,Qatar,2017,Feb,251.8
634,Qatar,2017,Mar,285.5
634,Qatar,2017,Apr,295.1
634,Qatar,2017,May,210.5
634,Qatar,2017,Jun,93.9
634,Qatar,2017,Jul,106.8
634,Qatar,2017,Aug,119.5
634,Qatar,2017,Sep,114.8
634,Qatar,2017,Oct,136.6
634,Qatar,2017,Nov,143.9
634,Qatar,2017,Dec,170.9
634,Qatar,2018,Jan,189.4
634,Qatar,2018,Feb,158.2
634,Qatar,2018,Mar,187.7
634,Qatar,2018,Apr,161.9
634,Qatar,2018,May,131.4
634,Qatar,2018,Jun,116.1
634,Qatar,2018,Jul,137.7
634,Qatar,2018,Aug,126.6
634,Qatar,2018,Sep,119.2
634,Qatar,2018,Oct,148.5
634,Qatar,2018,Nov,149.0
634,Qatar,2018,Dec,193.6
634,Qatar,2019,Jan,196.6
634,Qatar,2019,Feb,179.5
634,Qatar,2019,Mar,212.0
634,Qatar,2019,Apr,201.0
634,Qatar,2019,May,133.1
634,Qatar,2019,Jun,130.9
634,Qatar,2019,Jul,145.2
634,Qatar,2019,Aug,148.0
634,Qatar,2019,Sep,146.3
634,Qatar,2019,Oct,172.7
634,Qatar,2019,Nov,196.1
634,Qatar,2019,Dec,275.2
634,Qatar,2020,Jan,277.5
634,Qatar,2020,Feb,221.2
634,Qatar,2020,Mar,48.1
634,Qatar,2020,Apr,0.6
634,Qatar,2020,May,0.3
634,Qatar,2020,Jun,1.4
634,Qatar,2020,Jul,1.8
634,Qatar,2020,Aug,3.0
634,Qatar,2020,Sep,4.5
634,Qatar,2020,Oct,7.2
634,Qatar,2020,Nov,7.6
634,Qatar,2020,Dec,8.5
634,Qatar,2021,Jan,13.7
634,Qatar,2021,Feb,12.9
634,Qatar,2021,Mar,16.0
634,Qatar,2021,Apr,11.7
634,Qatar,2021,May,16.7
634,Qatar,2021,Jun,21.8
634,Qatar,2021,Jul,34.7
634,Qatar,2021,Aug,59.3
634,Qatar,2021,Sep,64.6
634,Qatar,2021,Oct,83.0
634,Qatar,2021,Nov,111.0
634,Qatar,2021,Dec,146.3
634,Qatar,2022,Jan,85.4
634,Qatar,2022,Feb,76.5
634,Qatar,2022,Mar,152.5
634,Qatar,2022,Apr,97.5
634,Qatar,2022,May,165.7
634,Qatar,2022,Jun,145.3
634,Qatar,2022,Jul,149.9
634,Qatar,2022,Aug,147.5
634,Qatar,2022,Sep,150.1
634,Qatar,2022,Oct,178.2
634,Qatar,2022,Nov,591.0
634,Qatar,2022,Dec,613.1
634,Qatar,2023,Jan,339.8
634,Qatar,2023,Feb,388.7
634,Qatar,2023,Mar,432.3
634,Qatar,2023,Apr,323.7
634,Qatar,2023,May,284.4
634,Qatar,2023,Jun,281.4
634,Qatar,2023,Jul,287.3
634,Qatar,2023,Aug,263.0
634,Qatar,2023,Sep,246.2
634,Qatar,2023,Oct,288.1
634,Qatar,2023,Nov,392.9
634,Qatar,2023,Dec,518.4
634,Qatar,2024,Jan,682.8
634,Qatar,2024,Feb,580.8
634,Qatar,2024,Mar,314.9
634,Qatar,2024,Apr,367.3
634,Qatar,2024,May,302.1
634,Qatar,2024,Jun,303.9
634,Qatar,2024,Jul,305.2
634,Qatar,2024,Aug,311.3
634,Qatar,2024,Sep,303.3
634,Qatar,2024,Oct,347.6
634,Qatar,2024,Nov,505.8
634,Qatar,2024,Dec,582.0
634,Qatar,2025,Jan,636.9
634,Qatar,2025,Feb,529.4
634,Qatar,2025,Mar,351.4
634,Qatar,2025,Apr,423.5
634,Qatar,2025,May,356.5
634,Qatar,2025,Jun,337.4
634,Qatar,2025,Jul,318.1
634,Qatar,2025,Aug,323.0
634,Qatar,2025,Sep,272.9
638,Reunion,2015,Feb,32.3
638,Reunion,2015,Mar,35.0
638,Reunion,2015,Apr,29.7
638,Reunion,2015,May,32.1
638,Reunion,2015,Jun,23.8
638,Reunion,2015,Jul,30.4
638,Reunion,2015,Aug,29.8
638,Reunion,2015,Sep,27.0
638,Reunion,2015,Oct,40.0
638,Reunion,2015,Nov,41.2
638,Reunion,2015,Dec,51.9
638,Reunion,2016,Jan,41.8
638,Reunion,2016,Feb,25.4
638,Reunion,2016,Mar,27.5
638,Reunion,2016,Apr,33.1
638,Reunion,2016,May,35.7
638,Reunion,2016,Jun,26.5
638,Reunion,2016,Jul,44.6
638,Reunion,2016,Aug,43.8
638,Reunion,2016,Sep,39.6
638,Reunion,2016,Oct,42.1
638,Reunion,2016,Nov,43.4
638,Reunion,2016,Dec,54.7
638,Reunion,2017,Jan,53.4
638,Reunion,2017,Feb,29.1
638,Reunion,2017,Mar,27.4
638,Reunion,2017,Apr,37.3
638,Reunion,2017,May,33.4
638,Reunion,2017,Jun,37.8
638,Reunion,2017,Jul,49.8
638,Reunion,2017,Aug,48.9
638,Reunion,2017,Sep,35.2
638,Reunion,2017,Oct,43.0
638,Reunion,2017,Nov,49.4
638,Reunion,2017,Dec,62.9
638,Reunion,2018,Jan,58.8
638,Reunion,2018,Feb,31.0
638,Reunion,2018,Mar,38.6
638,Reunion,2018,Apr,37.2
638,Reunion,2018,May,40.6
638,Reunion,2018,Jun,35.4
638,Reunion,2018,Jul,51.6
638,Reunion,2018,Aug,53.2
638,Reunion,2018,Sep,36.7
638,Reunion,2018,Oct,49.2
638,Reunion,2018,Nov,46.3
638,Reunion,2018,Dec,56.1
638,Reunion,2019,Jan,56.2
638,Reunion,2019,Feb,31.9
638,Reunion,2019,Mar,37.9
638,Reunion,2019,Apr,35.9
638,Reunion,2019,May,36.8
638,Reunion,2019,Jun,35.7
638,Reunion,2019,Jul,51.3
638,Reunion,2019,Aug,53.6
638,Reunion,2019,Sep,31.6
638,Reunion,2019,Oct,49.3
638,Reunion,2019,Nov,48.3
638,Reunion,2019,Dec,65.3
638,Reunion,2020,Jan,58.9
638,Reunion,2020,Feb,33.9
638,Reunion,2020,Mar,24.9
638,Reunion,2020,Apr,0.0
638,Reunion,2020,May,0.0
638,Reunion,2020,Jun,3.4
638,Reunion,2020,Jul,6.0
638,Reunion,2020,Aug,23.1
638,Reunion,2020,Sep,12.7
638,Reunion,2020,Oct,23.3
638,Reunion,2020,Nov,13.1
638,Reunion,2020,Dec,17.6
638,Reunion,2021,Jan,38.3
638,Reunion,2021,Feb,13.5
638,Reunion,2021,Mar,6.9
638,Reunion,2021,Apr,4.3
638,Reunion,2021,May,6.2
638,Reunion,2021,Jun,10.5
638,Reunion,2021,Jul,12.7
638,Reunion,2021,Aug,33.4
638,Reunion,2021,Sep,16.5
638,Reunion,2021,Oct,31.2
638,Reunion,2021,Nov,40.8
638,Reunion,2021,Dec,36.3
638,Reunion,2022,Jan,46.3
638,Reunion,2022,Feb,30.3
638,Reunion,2022,Mar,29.1
638,Reunion,2022,Apr,35.6
638,Reunion,2022,May,36.4
638,Reunion,2022,Jun,24.8
638,Reunion,2022,Jul,52.0
638,Reunion,2022,Aug,50.1
638,Reunion,2022,Sep,32.9
638,Reunion,2022,Oct,46.6
638,Reunion,2022,Nov,51.8
638,Reunion,2022,Dec,59.6
638,Reunion,2023,Jan,68.2
638,Reunion,2023,Feb,42.9
638,Reunion,2023,Mar,38.1
638,Reunion,2023,Apr,43.3
638,Reunion,2023,May,41.6
638,Reunion,2023,Jun,29.4
638,Reunion,2023,Jul,44.6
638,Reunion,2023,Aug,51.5
638,Reunion,2023,Sep,40.2
638,Reunion,2023,Oct,47.7
638,Reunion,2023,Nov,52.7
638,Reunion,2023,Dec,55.8
638,Reunion,2024,Jan,68.1
638,Reunion,2024,Feb,43.0
638,Reunion,2024,Mar,38.3
638,Reunion,2025,Jan,69.3
638,Reunion,2025,Feb,42.8
638,Reunion,2025,Mar,39.3
642,Romania,2015,Feb,108.3
642,Romania,2015,Mar,143.8
642,Romania,2015,Apr,160.6
642,Romania,2015,May,219.0
642,Romania,2015,Jun,242.0
642,Romania,2015,Jul,258.2
642,Romania,2015,Aug,274.4
642,Romania,2015,Sep,245.9
642,Romania,2015,Oct,195.7
642,Romania,2015,Nov,154.7
642,Romania,2015,Dec,128.0
642,Romania,2016,Jan,124.1
642,Romania,2016,Feb,129.6
642,Romania,2016,Mar,160.5
642,Romania,2016,Apr,183.2
642,Romania,2016,May,249.2
642,Romania,2016,Jun,246.9
642,Romania,2016,Jul,272.1
642,Romania,2016,Aug,293.4
642,Romania,2016,Sep,271.2
642,Romania,2016,Oct,231.5
642,Romania,2016,Nov,167.2
642,Romania,2016,Dec,142.4
642,Romania,2017,Jan,135.5
642,Romania,2017,Feb,135.6
642,Romania,2017,Mar,174.9
642,Romania,2017,Apr,204.1
642,Romania,2017,May,264.3
642,Romania,2017,Jun,290.4
642,Romania,2017,Jul,321.3
642,Romania,2017,Aug,337.8
642,Romania,2017,Sep,301.3
642,Romania,2017,Oct,245.7
642,Romania,2017,Nov,181.7
642,Romania,2017,Dec,156.6
642,Romania,2018,Jan,149.0
642,Romania,2018,Feb,144.7
642,Romania,2018,Mar,187.2
642,Romania,2018,Apr,212.5
642,Romania,2018,May,287.2
642,Romania,2018,Jun,293.8
642,Romania,2018,Jul,317.4
642,Romania,2018,Aug,328.5
642,Romania,2018,Sep,292.4
642,Romania,2018,Oct,242.4
642,Romania,2018,Nov,179.3
642,Romania,2018,Dec,150.9
642,Romania,2019,Jan,139.8
642,Romania,2019,Feb,135.0
642,Romania,2019,Mar,169.1
642,Romania,2019,Apr,204.0
642,Romania,2019,May,272.6
642,Romania,2019,Jun,286.1
642,Romania,2019,Jul,301.1
642,Romania,2019,Aug,312.3
642,Romania,2019,Sep,287.8
642,Romania,2019,Oct,238.8
642,Romania,2019,Nov,176.5
642,Romania,2019,Dec,148.7
642,Romania,2020,Jan,127.6
642,Romania,2020,Feb,120.8
642,Romania,2020,Mar,34.2
642,Romania,2020,Apr,1.4
642,Romania,2020,May,1.3
642,Romania,2020,Jun,13.0
642,Romania,2020,Jul,30.1
642,Romania,2020,Aug,32.3
642,Romania,2020,Sep,32.8
642,Romania,2020,Oct,24.7
642,Romania,2020,Nov,18.7
642,Romania,2020,Dec,16.4
642,Romania,2021,Jan,19.7
642,Romania,2021,Feb,20.9
642,Romania,2021,Mar,25.5
642,Romania,2021,Apr,25.1
642,Romania,2021,May,37.8
642,Romania,2021,Jun,72.9
642,Romania,2021,Jul,133.3
642,Romania,2021,Aug,158.9
642,Romania,2021,Sep,146.6
642,Romania,2021,Oct,103.2
642,Romania,2021,Nov,70.4
642,Romania,2021,Dec,58.5
642,Romania,2022,Jan,54.5
642,Romania,2022,Feb,72.3
642,Romania,2022,Mar,114.8
642,Romania,2022,Apr,108.4
642,Romania,2022,May,147.7
642,Romania,2022,Jun,160.2
642,Romania,2022,Jul,187.4
642,Romania,2022,Aug,199.3
642,Romania,2022,Sep,180.3
642,Romania,2022,Oct,164.7
642,Romania,2022,Nov,135.8
642,Romania,2022,Dec,134.9
642,Romania,2023,Jan,121.7
642,Romania,2023,Feb,116.7
642,Romania,2023,Mar,142.7
642,Romania,2023,Apr,153.5
642,Romania,2023,May,195.7
642,Romania,2023,Jun,200.2
642,Romania,2023,Jul,234.9
642,Romania,2023,Aug,245.4
642,Romania,2023,Sep,219.0
642,Romania,2023,Oct,188.6
642,Romania,2023,Nov,143.1
642,Romania,2023,Dec,139.7
642,Romania,2024,Jan,120.2
642,Romania,2024,Feb,132.1
642,Romania,2024,Mar,162.4
642,Romania,2024,Apr,182.5
642,Romania,2024,May,223.7
642,Romania,2024,Jun,231.8
642,Romania,2024,Jul,260.5
642,Romania,2024,Aug,278.4
642,Romania,2024,Sep,246.4
642,Romania,2024,Oct,215.8
642,Romania,2024,Nov,174.1
642,Romania,2024,Dec,157.1
642,Romania,2025,Jan,134.3
642,Romania,2025,Feb,134.4
642,Romania,2025,Mar,167.4
642,Romania,2025,Apr,186.7
642,Romania,2025,May,239.5
642,Romania,2025,Jun,248.6
642,Romania,2025,Jul,261.9
642,Romania,2025,Aug,298.1
646,Rwanda,2020,Jan,137.4
646,Rwanda,2020,Feb,136.9
646,Rwanda,2020,Mar,83.7
646,Rwanda,2020,Apr,9.7
646,Rwanda,2020,May,5.8
646,Rwanda,2020,Jun,11.8
646,Rwanda,2020,Jul,10.7
646,Rwanda,2020,Aug,16.0
646,Rwanda,2020,Sep,14.4
646,Rwanda,2020,Oct,17.3
646,Rwanda,2020,Nov,16.7
646,Rwanda,2020,Dec,37.0
646,Rwanda,2021,Jan,30.0
646,Rwanda,2021,Feb,25.4
646,Rwanda,2021,Mar,37.8
646,Rwanda,2021,Apr,43.2
646,Rwanda,2021,May,37.9
646,Rwanda,2021,Jun,39.3
646,Rwanda,2021,Jul,33.6
646,Rwanda,2021,Aug,44.6
646,Rwanda,2021,Sep,51.4
646,Rwanda,2021,Oct,53.0
646,Rwanda,2021,Nov,56.1
646,Rwanda,2021,Dec,58.5
646,Rwanda,2022,Jan,59.8
646,Rwanda,2022,Feb,59.3
646,Rwanda,2022,Mar,69.6
646,Rwanda,2022,Apr,69.9
646,Rwanda,2022,May,89.2
646,Rwanda,2022,Jun,91.0
646,Rwanda,2022,Jul,95.8
646,Rwanda,2022,Aug,114.6
646,Rwanda,2022,Sep,102.7
646,Rwanda,2022,Oct,120.4
646,Rwanda,2022,Nov,100.1
646,Rwanda,2022,Dec,132.9
646,Rwanda,2023,Jan,125.6
646,Rwanda,2023,Feb,145.9
646,Rwanda,2023,Mar,139.6
646,Rwanda,2023,Apr,161.1
646,Rwanda,2023,May,121.8
646,Rwanda,2023,Jun,148.2
646,Rwanda,2023,Jul,177.1
662,Saint Lucia,2015,Feb,32.1
662,Saint Lucia,2015,Mar,34.6
662,Saint Lucia,2015,Apr,31.2
662,Saint Lucia,2015,May,29.7
662,Saint Lucia,2015,Jun,26.3
662,Saint Lucia,2015,Jul,32.5
662,Saint Lucia,2015,Aug,27.8
662,Saint Lucia,2015,Sep,17.5
662,Saint Lucia,2015,Oct,23.7
662,Saint Lucia,2015,Nov,25.8
662,Saint Lucia,2015,Dec,32.1
662,Saint Lucia,2016,Jan,30.7
662,Saint Lucia,2016,Feb,31.6
662,Saint Lucia,2016,Mar,35.1
662,Saint Lucia,2016,Apr,30.1
662,Saint Lucia,2016,May,29.8
662,Saint Lucia,2016,Jun,25.9
662,Saint Lucia,2016,Jul,33.4
662,Saint Lucia,2016,Aug,30.0
662,Saint Lucia,2016,Sep,18.2
662,Saint Lucia,2016,Oct,24.3
662,Saint Lucia,2016,Nov,25.3
662,Saint Lucia,2016,Dec,33.7
662,Saint Lucia,2017,Jan,31.6
662,Saint Lucia,2017,Feb,33.4
662,Saint Lucia,2017,Mar,35.4
662,Saint Lucia,2017,Apr,34.3
662,Saint Lucia,2017,May,31.4
662,Saint Lucia,2017,Jun,31.3
662,Saint Lucia,2017,Jul,38.3
662,Saint Lucia,2017,Aug,33.4
662,Saint Lucia,2017,Sep,20.0
662,Saint Lucia,2017,Oct,28.0
662,Saint Lucia,2017,Nov,30.0
662,Saint Lucia,2017,Dec,38.9
662,Saint Lucia,2018,Jan,32.8
662,Saint Lucia,2018,Feb,35.5
662,Saint Lucia,2018,Mar,41.7
662,Saint Lucia,2018,Apr,32.6
662,Saint Lucia,2018,May,32.3
662,Saint Lucia,2018,Jun,31.3
662,Saint Lucia,2018,Jul,37.8
662,Saint Lucia,2018,Aug,34.2
662,Saint Lucia,2018,Sep,18.7
662,Saint Lucia,2018,Oct,26.0
662,Saint Lucia,2018,Nov,31.4
662,Saint Lucia,2018,Dec,41.4
662,Saint Lucia,2019,Jan,34.5
662,Saint Lucia,2019,Feb,38.2
662,Saint Lucia,2019,Mar,41.7
662,Saint Lucia,2019,Apr,36.8
662,Saint Lucia,2019,May,34.4
662,Saint Lucia,2019,Jun,34.0
662,Saint Lucia,2019,Jul,42.8
662,Saint Lucia,2019,Aug,36.3
662,Saint Lucia,2019,Sep,21.6
662,Saint Lucia,2019,Oct,26.9
662,Saint Lucia,2019,Nov,32.9
662,Saint Lucia,2019,Dec,43.6
662,Saint Lucia,2020,Jan,33.7
662,Saint Lucia,2020,Feb,39.6
662,Saint Lucia,2020,Mar,18.1
662,Saint Lucia,2020,Apr,0.0
662,Saint Lucia,2020,May,0.0
662,Saint Lucia,2020,Jun,0.0
662,Saint Lucia,2020,Jul,2.0
662,Saint Lucia,2020,Aug,3.3
662,Saint Lucia,2020,Sep,4.1
662,Saint Lucia,2020,Oct,7.8
662,Saint Lucia,2020,Nov,7.8
662,Saint Lucia,2020,Dec,14.4
662,Saint Lucia,2021,Jan,6.4
662,Saint Lucia,2021,Feb,4.9
662,Saint Lucia,2021,Mar,8.0
662,Saint Lucia,2021,Apr,9.6
662,Saint Lucia,2021,May,14.3
662,Saint Lucia,2021,Jun,21.4
662,Saint Lucia,2021,Jul,25.4
662,Saint Lucia,2021,Aug,20.6
662,Saint Lucia,2021,Sep,14.9
662,Saint Lucia,2021,Oct,20.5
662,Saint Lucia,2021,Nov,23.7
662,Saint Lucia,2021,Dec,29.7
662,Saint Lucia,2022,Jan,21.9
662,Saint Lucia,2022,Feb,26.8
662,Saint Lucia,2022,Mar,32.1
662,Saint Lucia,2022,Apr,30.7
662,Saint Lucia,2022,May,28.6
662,Saint Lucia,2022,Jun,30.7
662,Saint Lucia,2022,Jul,39.1
662,Saint Lucia,2022,Aug,32.6
662,Saint Lucia,2022,Sep,19.5
662,Saint Lucia,2022,Oct,25.4
662,Saint Lucia,2022,Nov,30.0
662,Saint Lucia,2022,Dec,38.8
662,Saint Lucia,2023,Jan,34.1
662,Saint Lucia,2023,Feb,34.6
662,Saint Lucia,2023,Mar,39.3
662,Saint Lucia,2023,Apr,34.5
662,Saint Lucia,2023,May,33.3
662,Saint Lucia,2023,Jun,27.0
662,Saint Lucia,2023,Jul,31.5
662,Saint Lucia,2023,Aug,27.4
662,Saint Lucia,2023,Sep,21.1
662,Saint Lucia,2023,Oct,26.5
662,Saint Lucia,2023,Nov,32.9
662,Saint Lucia,2023,Dec,38.5
662,Saint Lucia,2024,Jan,36.9
662,Saint Lucia,2024,Feb,38.8
662,Saint Lucia,2024,Mar,44.6
662,Saint Lucia,2024,Apr,37.6
662,Saint Lucia,2024,May,36.4
662,Saint Lucia,2024,Jun,38.4
662,Saint Lucia,2024,Jul,41.5
662,Saint Lucia,2024,Aug,34.9
662,Saint Lucia,2024,Sep,20.3
662,Saint Lucia,2024,Oct,30.4
662,Saint Lucia,2024,Nov,33.9
662,Saint Lucia,2024,Dec,42.1
662,Saint Lucia,2025,Jan,36.2
662,Saint Lucia,2025,Feb,38.1
662,Saint Lucia,2025,Mar,41.6
662,Saint Lucia,2025,Apr,37.5
662,Saint Lucia,2025,May,35.4
662,Saint Lucia,2025,Jun,33.6
662,Saint Lucia,2025,Jul,40.9
662,Saint Lucia,2025,Aug,35.6
662,Saint Lucia,2025,Sep,19.7
882,Samoa,2015,Feb,7.4
882,Samoa,2015,Mar,35.4
882,Samoa,2015,Apr,9.2
882,Samoa,2015,May,10.9
882,Samoa,2015,Jun,43.6
882,Samoa,2015,Jul,30.3
882,Samoa,2015,Aug,25.6
882,Samoa,2015,Sep,25.3
882,Samoa,2015,Oct,23.1
882,Samoa,2015,Nov,19.2
882,Samoa,2015,Dec,35.5
882,Samoa,2016,Jan,12.1
882,Samoa,2016,Feb,8.2
882,Samoa,2016,Mar,10.0
882,Samoa,2016,Apr,11.3
882,Samoa,2016,May,11.2
882,Samoa,2016,Jun,12.9
882,Samoa,2016,Jul,16.5
882,Samoa,2016,Aug,12.3
882,Samoa,2016,Sep,12.1
882,Samoa,2016,Oct,11.4
882,Samoa,2016,Nov,9.2
882,Samoa,2016,Dec,18.7
882,Samoa,2017,Jan,12.0
882,Samoa,2017,Feb,7.9
882,Samoa,2017,Mar,9.5
882,Samoa,2017,Apr,11.6
882,Samoa,2017,May,11.0
882,Samoa,2017,Jun,14.3
882,Samoa,2017,Jul,18.4
882,Samoa,2017,Aug,14.7
882,Samoa,2017,Sep,13.1
882,Samoa,2017,Oct,12.2
882,Samoa,2017,Nov,12.1
882,Samoa,2017,Dec,20.8
882,Samoa,2018,Jan,12.7
882,Samoa,2018,Feb,7.4
882,Samoa,2018,Mar,11.7
882,Samoa,2018,Apr,10.8
882,Samoa,2018,May,13.2
882,Samoa,2018,Jun,16.3
882,Samoa,2018,Jul,19.2
882,Samoa,2018,Aug,16.3
882,Samoa,2018,Sep,14.8
882,Samoa,2018,Oct,14.5
882,Samoa,2018,Nov,11.5
882,Samoa,2018,Dec,24.0
882,Samoa,2019,Jan,14.4
882,Samoa,2019,Feb,9.7
882,Samoa,2019,Mar,11.8
882,Samoa,2019,Apr,15.0
882,Samoa,2019,May,14.3
882,Samoa,2019,Jun,17.0
882,Samoa,2019,Jul,25.3
882,Samoa,2019,Aug,18.5
882,Samoa,2019,Sep,17.1
882,Samoa,2019,Oct,15.1
882,Samoa,2019,Nov,12.6
882,Samoa,2019,Dec,18.5
882,Samoa,2020,Jan,11.0
882,Samoa,2020,Feb,7.2
882,Samoa,2020,Mar,4.2
882,Samoa,2020,Apr,0.2
882,Samoa,2020,May,0.2
882,Samoa,2020,Jun,0.2
882,Samoa,2020,Jul,0.3
882,Samoa,2020,Aug,0.3
882,Samoa,2020,Sep,0.3
882,Samoa,2020,Oct,0.3
882,Samoa,2020,Nov,0.2
882,Samoa,2020,Dec,0.2
882,Samoa,2021,Jan,0.2
882,Samoa,2021,Feb,0.1
882,Samoa,2021,Mar,0.3
882,Samoa,2021,Apr,0.4
882,Samoa,2021,May,0.2
882,Samoa,2021,Jun,0.2
882,Samoa,2021,Jul,0.1
882,Samoa,2021,Aug,0.2
882,Samoa,2021,Sep,0.3
882,Samoa,2021,Oct,0.2
882,Samoa,2021,Nov,0.3
882,Samoa,2021,Dec,0.3
882,Samoa,2022,Jan,0.2
882,Samoa,2022,Feb,0.2
882,Samoa,2022,Mar,0.3
882,Samoa,2022,Apr,0.2
882,Samoa,2022,May,0.7
882,Samoa,2022,Jun,0.9
882,Samoa,2022,Jul,1.1
882,Samoa,2022,Aug,6.4
882,Samoa,2022,Sep,8.4
882,Samoa,2022,Oct,7.2
882,Samoa,2022,Nov,8.5
882,Samoa,2022,Dec,17.1
882,Samoa,2023,Jan,12.3
882,Samoa,2023,Feb,7.7
882,Samoa,2023,Mar,10.1
882,Samoa,2023,Apr,13.7
882,Samoa,2023,May,15.7
882,Samoa,2023,Jun,18.0
882,Samoa,2023,Jul,17.3
882,Samoa,2023,Aug,16.5
882,Samoa,2023,Sep,14.9
882,Samoa,2023,Oct,13.4
882,Samoa,2023,Nov,12.9
882,Samoa,2023,Dec,22.5
882,Samoa,2024,Jan,14.5
882,Samoa,2024,Feb,9.6
882,Samoa,2024,Mar,11.2
882,Samoa,2024,Apr,12.6
882,Samoa,2024,May,14.1
882,Samoa,2024,Jun,16.1
882,Samoa,2024,Jul,19.0
882,Samoa,2024,Aug,17.2
882,Samoa,2024,Sep,14.5
882,Samoa,2024,Oct,14.7
882,Samoa,2024,Nov,13.0
882,Samoa,2024,Dec,22.8
882,Samoa,2025,Jan,14.7
882,Samoa,2025,Feb,8.1
882,Samoa,2025,Mar,11.6
882,Samoa,2025,Apr,13.2
882,Samoa,2025,May,14.0
882,Samoa,2025,Jun,17.7
882,Samoa,2025,Jul,18.8
882,Samoa,2025,Aug,17.5
882,Samoa,2025,Sep,15.8
674,San Marino,2015,Feb,2.1
674,San Marino,2015,Mar,2.9
674,San Marino,2015,Apr,4.3
674,San Marino,2015,May,5.0
674,San Marino,2015,Jun,5.0
674,San Marino,2015,Jul,6.4
674,San Marino,2015,Aug,8.4
674,San Marino,2015,Sep,5.3
674,San Marino,2015,Oct,4.7
674,San Marino,2015,Nov,3.0
674,San Marino,2015,Dec,4.5
674,San Marino,2016,Jan,2.6
674,San Marino,2016,Feb,2.5
674,San Marino,2016,Mar,4.1
674,San Marino,2016,Apr,4.4
674,San Marino,2016,May,5.3
674,San Marino,2016,Jun,5.1
674,San Marino,2016,Jul,7.0
674,San Marino,2016,Aug,10.0
674,San Marino,2016,Sep,5.9
674,San Marino,2016,Oct,4.7
674,San Marino,2016,Nov,3.5
674,San Marino,2016,Dec,4.8
674,San Marino,2017,Jan,3.4
674,San Marino,2017,Feb,3.1
674,San Marino,2017,Mar,3.9
674,San Marino,2017,Apr,7.3
674,San Marino,2017,May,6.1
674,San Marino,2017,Jun,7.2
674,San Marino,2017,Jul,8.8
674,San Marino,2017,Aug,13.2
674,San Marino,2017,Sep,8.3
674,San Marino,2017,Oct,6.8
674,San Marino,2017,Nov,4.7
674,San Marino,2017,Dec,5.7
674,San Marino,2018,Jan,4.5
674,San Marino,2018,Feb,3.2
674,San Marino,2018,Mar,5.7
674,San Marino,2018,Apr,6.9
674,San Marino,2018,May,7.3
674,San Marino,2018,Jun,7.2
674,San Marino,2018,Jul,10.7
674,San Marino,2018,Aug,12.1
674,San Marino,2018,Sep,8.8
674,San Marino,2018,Oct,7.1
674,San Marino,2018,Nov,4.8
674,San Marino,2018,Dec,6.0
674,San Marino,2019,Jan,4.6
674,San Marino,2019,Feb,3.8
674,San Marino,2019,Mar,6.2
674,San Marino,2019,Apr,9.1
674,San Marino,2019,May,9.2
674,San Marino,2019,Jun,11.0
674,San Marino,2019,Jul,13.1
674,San Marino,2019,Aug,17.6
674,San Marino,2019,Sep,11.5
674,San Marino,2019,Oct,9.9
674,San Marino,2019,Nov,7.6
674,San Marino,2019,Dec,7.8
674,San Marino,2020,Jan,7.1
674,San Marino,2020,Feb,5.4
674,San Marino,2020,Mar,0.5
674,San Marino,2020,Apr,0.0
674,San Marino,2020,May,0.1
674,San Marino,2020,Jun,2.2
674,San Marino,2020,Jul,6.6
674,San Marino,2020,Aug,16.0
674,San Marino,2020,Sep,8.8
674,San Marino,2020,Oct,6.5
674,San Marino,2020,Nov,3.0
674,San Marino,2020,Dec,2.2
674,San Marino,2021,Jan,1.2
674,San Marino,2021,Feb,2.1
674,San Marino,2021,Mar,1.6
674,San Marino,2021,Apr,2.0
674,San Marino,2021,May,6.9
674,San Marino,2021,Jun,9.5
674,San Marino,2021,Jul,13.8
674,San Marino,2021,Aug,20.3
674,San Marino,2021,Sep,12.6
674,San Marino,2021,Oct,11.1
674,San Marino,2021,Nov,6.5
674,San Marino,2021,Dec,6.5
674,San Marino,2022,Jan,3.9
674,San Marino,2022,Feb,4.9
674,San Marino,2022,Mar,5.8
674,San Marino,2022,Apr,9.5
674,San Marino,2022,May,9.0
674,San Marino,2022,Jun,11.2
674,San Marino,2022,Jul,13.9
674,San Marino,2022,Aug,17.0
674,San Marino,2022,Sep,11.0
674,San Marino,2022,Oct,10.1
674,San Marino,2022,Nov,6.2
674,San Marino,2022,Dec,7.4
674,San Marino,2023,Jan,5.9
674,San Marino,2023,Feb,4.2
674,San Marino,2023,Mar,6.3
674,San Marino,2023,Apr,9.4
674,San Marino,2023,May,7.5
674,San Marino,2023,Jun,10.2
674,San Marino,2023,Jul,13.3
674,San Marino,2023,Aug,16.3
674,San Marino,2023,Sep,12.1
674,San Marino,2023,Oct,9.4
674,San Marino,2023,Nov,6.7
674,San Marino,2023,Dec,7.6
674,San Marino,2024,Jan,6.1
674,San Marino,2024,Feb,5.3
674,San Marino,2024,Mar,8.0
674,San Marino,2024,Apr,9.8
674,San Marino,2024,May,11.8
674,San Marino,2024,Jun,11.9
674,San Marino,2024,Jul,14.2
674,San Marino,2024,Aug,18.0
674,San Marino,2024,Sep,12.1
674,San Marino,2024,Oct,9.6
674,San Marino,2024,Nov,7.7
674,San Marino,2024,Dec,7.6
674,San Marino,2025,Jan,5.9
674,San Marino,2025,Feb,5.3
674,San Marino,2025,Mar,7.4
674,San Marino,2025,Apr,10.2
674,San Marino,2025,May,11.8
674,San Marino,2025,Jun,11.1
674,San Marino,2025,Jul,13.7
674,San Marino,2025,Aug,17.9
674,San Marino,2025,Sep,12.8
682,Saudi Arabia,2015,Feb,3421.0
682,Saudi Arabia,2015,Mar,3167.0
682,Saudi Arabia,2015,Apr,1574.0
682,Saudi Arabia,2015,May,1396.0
682,Saudi Arabia,2015,Jun,1535.0
682,Saudi Arabia,2015,Jul,1348.0
682,Saudi Arabia,2015,Aug,1056.0
682,Saudi Arabia,2015,Sep,2073.0
682,Saudi Arabia,2015,Oct,769.4
682,Saudi Arabia,2015,Nov,911.2
682,Saudi Arabia,2015,Dec,1847.0
682,Saudi Arabia,2016,Jan,1896.0
682,Saudi Arabia,2016,Feb,2343.0
682,Saudi Arabia,2016,Mar,1709.0
682,Saudi Arabia,2016,Apr,1580.0
682,Saudi Arabia,2016,May,1507.0
682,Saudi Arabia,2016,Jun,1710.0
682,Saudi Arabia,2016,Jul,812.8
682,Saudi Arabia,2016,Aug,986.1
682,Saudi Arabia,2016,Sep,1970.0
682,Saudi Arabia,2016,Oct,462.2
682,Saudi Arabia,2016,Nov,846.6
682,Saudi Arabia,2016,Dec,2221.0
682,Saudi Arabia,2017,Jan,1505.0
682,Saudi Arabia,2017,Feb,1301.0
682,Saudi Arabia,2017,Mar,1485.0
682,Saudi Arabia,2017,Apr,1791.0
682,Saudi Arabia,2017,May,1589.0
682,Saudi Arabia,2017,Jun,1351.0
682,Saudi Arabia,2017,Jul,451.9
682,Saudi Arabia,2017,Aug,551.3
682,Saudi Arabia,2017,Sep,2190.0
682,Saudi Arabia,2017,Oct,680.1
682,Saudi Arabia,2017,Nov,1833.0
682,Saudi Arabia,2017,Dec,1381.0
682,Saudi Arabia,2018,Jan,1391.0
682,Saudi Arabia,2018,Feb,1182.0
682,Saudi Arabia,2018,Mar,1496.0
682,Saudi Arabia,2018,Apr,1511.0
682,Saudi Arabia,2018,May,1619.0
682,Saudi Arabia,2018,Jun,1070.0
682,Saudi Arabia,2018,Jul,640.9
682,Saudi Arabia,2018,Aug,2444.0
682,Saudi Arabia,2018,Sep,509.4
682,Saudi Arabia,2018,Oct,902.9
682,Saudi Arabia,2018,Nov,1141.0
682,Saudi Arabia,2018,Dec,1427.0
682,Saudi Arabia,2019,Jan,1653.0
682,Saudi Arabia,2019,Feb,1492.0
682,Saudi Arabia,2019,Mar,1599.0
682,Saudi Arabia,2019,Apr,1650.0
682,Saudi Arabia,2019,May,2079.0
682,Saudi Arabia,2019,Jun,903.3
682,Saudi Arabia,2019,Jul,749.9
682,Saudi Arabia,2019,Aug,2675.0
682,Saudi Arabia,2019,Sep,635.2
682,Saudi Arabia,2019,Oct,1119.0
682,Saudi Arabia,2019,Nov,1234.0
682,Saudi Arabia,2019,Dec,1735.0
682,Saudi Arabia,2020,Jan,1737.0
682,Saudi Arabia,2020,Feb,1483.0
682,Saudi Arabia,2020,Mar,191.7
682,Saudi Arabia,2020,Apr,27.4
682,Saudi Arabia,2020,May,18.7
682,Saudi Arabia,2020,Jun,35.3
682,Saudi Arabia,2020,Jul,36.7
682,Saudi Arabia,2020,Aug,52.2
682,Saudi Arabia,2020,Sep,103.7
682,Saudi Arabia,2020,Oct,145.5
682,Saudi Arabia,2020,Nov,159.6
682,Saudi Arabia,2020,Dec,147.6
682,Saudi Arabia,2021,Jan,232.8
682,Saudi Arabia,2021,Feb,125.0
682,Saudi Arabia,2021,Mar,148.3
682,Saudi Arabia,2021,Apr,176.0
682,Saudi Arabia,2021,May,184.8
682,Saudi Arabia,2021,Jun,175.4
682,Saudi Arabia,2021,Jul,231.3
682,Saudi Arabia,2021,Aug,257.4
682,Saudi Arabia,2021,Sep,308.2
682,Saudi Arabia,2021,Oct,453.0
682,Saudi Arabia,2021,Nov,493.6
682,Saudi Arabia,2021,Dec,691.4
682,Saudi Arabia,2022,Jan,548.9
682,Saudi Arabia,2022,Feb,689.0
682,Saudi Arabia,2022,Mar,1217.0
682,Saudi Arabia,2022,Apr,1612.0
682,Saudi Arabia,2022,May,1104.0
682,Saudi Arabia,2022,Jun,867.2
682,Saudi Arabia,2022,Jul,1766.0
682,Saudi Arabia,2022,Aug,1311.0
682,Saudi Arabia,2022,Sep,1539.0
682,Saudi Arabia,2022,Oct,1753.0
682,Saudi Arabia,2022,Nov,1840.0
682,Saudi Arabia,2022,Dec,2391.0
682,Saudi Arabia,2023,Jan,2482.0
682,Saudi Arabia,2023,Feb,2456.0
682,Saudi Arabia,2023,Mar,2870.0
682,Saudi Arabia,2023,Apr,2424.0
682,Saudi Arabia,2023,May,1514.0
682,Saudi Arabia,2023,Jun,2847.0
682,Saudi Arabia,2023,Jul,1350.0
682,Saudi Arabia,2023,Aug,2109.0
682,Saudi Arabia,2023,Sep,2040.0
682,Saudi Arabia,2023,Oct,2191.0
682,Saudi Arabia,2023,Nov,2238.0
682,Saudi Arabia,2023,Dec,2903.0
682,Saudi Arabia,2024,Jan,3135.0
682,Saudi Arabia,2024,Feb,3111.0
682,Saudi Arabia,2024,Mar,3161.0
682,Saudi Arabia,2024,Apr,2056.0
682,Saudi Arabia,2024,May,1504.0
682,Saudi Arabia,2024,Jun,2790.0
682,Saudi Arabia,2024,Jul,1756.0
682,Saudi Arabia,2024,Aug,2138.0
682,Saudi Arabia,2024,Sep,1972.0
682,Saudi Arabia,2024,Oct,2417.0
682,Saudi Arabia,2024,Nov,2542.0
682,Saudi Arabia,2024,Dec,3147.0
682,Saudi Arabia,2025,Jan,3553.0
682,Saudi Arabia,2025,Feb,3146.0
682,Saudi Arabia,2025,Mar,2887.0
682,Saudi Arabia,2025,Apr,1618.0
682,Saudi Arabia,2025,May,739.4
682,Saudi Arabia,2025,Jun,2364.0
682,Saudi Arabia,2025,Jul,2178.0
682,Saudi Arabia,2025,Aug,2277.0
682,Saudi Arabia,2025,Sep,2160.0
688,Serbia,2015,Feb,52.8
688,Serbia,2015,Mar,71.9
688,Serbia,2015,Apr,86.9
688,Serbia,2015,May,114.4
688,Serbia,2015,Jun,109.8
688,Serbia,2015,Jul,127.0
688,Serbia,2015,Aug,147.4
688,Serbia,2015,Sep,115.1
688,Serbia,2015,Oct,99.1
688,Serbia,2015,Nov,66.9
688,Serbia,2015,Dec,86.4
688,Serbia,2016,Jan,66.7
688,Serbia,2016,Feb,66.2
688,Serbia,2016,Mar,79.5
688,Serbia,2016,Apr,93.9
688,Serbia,2016,May,120.3
688,Serbia,2016,Jun,113.1
688,Serbia,2016,Jul,144.5
688,Serbia,2016,Aug,160.0
688,Serbia,2016,Sep,133.4
688,Serbia,2016,Oct,114.2
688,Serbia,2016,Nov,86.9
688,Serbia,2016,Dec,102.5
688,Serbia,2017,Jan,70.3
688,Serbia,2017,Feb,65.7
688,Serbia,2017,Mar,98.4
688,Serbia,2017,Apr,118.3
688,Serbia,2017,May,136.6
688,Serbia,2017,Jun,145.1
688,Serbia,2017,Jul,178.2
688,Serbia,2017,Aug,190.8
688,Serbia,2017,Sep,152.5
688,Serbia,2017,Oct,136.7
688,Serbia,2017,Nov,93.6
688,Serbia,2017,Dec,111.1
688,Serbia,2018,Jan,81.4
688,Serbia,2018,Feb,77.6
688,Serbia,2018,Mar,104.5
688,Serbia,2018,Apr,128.4
688,Serbia,2018,May,163.5
688,Serbia,2018,Jun,164.5
688,Serbia,2018,Jul,205.1
688,Serbia,2018,Aug,227.1
688,Serbia,2018,Sep,174.2
688,Serbia,2018,Oct,153.2
688,Serbia,2018,Nov,110.1
688,Serbia,2018,Dec,120.9
688,Serbia,2019,Jan,82.9
688,Serbia,2019,Feb,80.5
688,Serbia,2019,Mar,112.0
688,Serbia,2019,Apr,131.2
688,Serbia,2019,May,164.0
688,Serbia,2019,Jun,184.1
688,Serbia,2019,Jul,215.9
688,Serbia,2019,Aug,237.8
688,Serbia,2019,Sep,195.2
688,Serbia,2019,Oct,174.5
688,Serbia,2019,Nov,129.5
688,Serbia,2019,Dec,138.9
688,Serbia,2020,Jan,106.8
688,Serbia,2020,Feb,91.4
688,Serbia,2020,Mar,38.3
688,Serbia,2020,Apr,1.1
688,Serbia,2020,May,3.6
688,Serbia,2020,Jun,24.4
688,Serbia,2020,Jul,24.3
688,Serbia,2020,Aug,30.6
688,Serbia,2020,Sep,33.4
688,Serbia,2020,Oct,43.6
688,Serbia,2020,Nov,26.9
688,Serbia,2020,Dec,21.2
688,Serbia,2021,Jan,26.7
688,Serbia,2021,Feb,31.8
688,Serbia,2021,Mar,33.2
688,Serbia,2021,Apr,37.1
688,Serbia,2021,May,53.5
688,Serbia,2021,Jun,81.5
688,Serbia,2021,Jul,130.0
688,Serbia,2021,Aug,136.3
688,Serbia,2021,Sep,100.1
688,Serbia,2021,Oct,89.3
688,Serbia,2021,Nov,70.0
688,Serbia,2021,Dec,81.7
688,Serbia,2022,Jan,72.3
688,Serbia,2022,Feb,72.4
688,Serbia,2022,Mar,101.2
688,Serbia,2022,Apr,119.9
688,Serbia,2022,May,157.8
688,Serbia,2022,Jun,163.4
688,Serbia,2022,Jul,211.5
688,Serbia,2022,Aug,213.9
688,Serbia,2022,Sep,180.5
688,Serbia,2022,Oct,186.7
688,Serbia,2022,Nov,133.7
688,Serbia,2022,Dec,159.5
688,Serbia,2023,Jan,111.3
688,Serbia,2023,Feb,104.9
688,Serbia,2023,Mar,133.4
688,Serbia,2023,Apr,165.1
688,Serbia,2023,May,181.9
688,Serbia,2023,Jun,196.8
688,Serbia,2023,Jul,242.1
688,Serbia,2023,Aug,252.7
688,Serbia,2023,Sep,215.3
688,Serbia,2023,Oct,203.5
688,Serbia,2023,Nov,151.8
688,Serbia,2023,Dec,175.5
688,Serbia,2024,Jan,122.9
688,Serbia,2024,Feb,117.3
688,Serbia,2024,Mar,153.2
688,Serbia,2024,Apr,176.5
688,Serbia,2024,May,236.8
688,Serbia,2024,Jun,219.3
688,Serbia,2024,Jul,270.4
688,Serbia,2024,Aug,282.1
688,Serbia,2024,Sep,226.5
688,Serbia,2024,Oct,225.5
688,Serbia,2024,Nov,170.3
688,Serbia,2024,Dec,184.1
688,Serbia,2025,Jan,142.5
688,Serbia,2025,Feb,122.4
688,Serbia,2025,Mar,142.1
688,Serbia,2025,Apr,176.7
688,Serbia,2025,May,219.2
688,Serbia,2025,Jun,217.6
688,Serbia,2025,Jul,273.7
688,Serbia,2025,Aug,280.3
688,Serbia,2025,Sep,226.3
690,Seychelles,2015,Feb,23.4
690,Seychelles,2015,Mar,25.1
690,Seychelles,2015,Apr,25.0
690,Seychelles,2015,May,20.2
690,Seychelles,2015,Jun,16.9
690,Seychelles,2015,Jul,24.3
690,Seychelles,2015,Aug,25.4
690,Seychelles,2015,Sep,22.6
690,Seychelles,2015,Oct,27.5
690,Seychelles,2015,Nov,21.9
690,Seychelles,2015,Dec,26.6
690,Seychelles,2016,Jan,18.8
690,Seychelles,2016,Feb,26.3
690,Seychelles,2016,Mar,28.2
690,Seychelles,2016,Apr,27.1
690,Seychelles,2016,May,21.7
690,Seychelles,2016,Jun,17.2
690,Seychelles,2016,Jul,26.5
690,Seychelles,2016,Aug,26.9
690,Seychelles,2016,Sep,23.9
690,Seychelles,2016,Oct,31.7
690,Seychelles,2016,Nov,26.0
690,Seychelles,2016,Dec,28.8
690,Seychelles,2017,Jan,24.9
690,Seychelles,2017,Feb,29.6
690,Seychelles,2017,Mar,31.9
690,Seychelles,2017,Apr,36.0
690,Seychelles,2017,May,24.4
690,Seychelles,2017,Jun,23.1
690,Seychelles,2017,Jul,29.8
690,Seychelles,2017,Aug,33.1
690,Seychelles,2017,Sep,26.4
690,Seychelles,2017,Oct,34.0
690,Seychelles,2017,Nov,26.8
690,Seychelles,2017,Dec,29.7
690,Seychelles,2018,Jan,24.5
690,Seychelles,2018,Feb,31.2
690,Seychelles,2018,Mar,36.0
690,Seychelles,2018,Apr,31.1
690,Seychelles,2018,May,25.4
690,Seychelles,2018,Jun,23.9
690,Seychelles,2018,Jul,29.0
690,Seychelles,2018,Aug,32.3
690,Seychelles,2018,Sep,27.5
690,Seychelles,2018,Oct,33.7
690,Seychelles,2018,Nov,31.0
690,Seychelles,2018,Dec,36.2
690,Seychelles,2019,Jan,29.5
690,Seychelles,2019,Feb,36.8
690,Seychelles,2019,Mar,35.2
690,Seychelles,2019,Apr,37.1
690,Seychelles,2019,May,22.7
690,Seychelles,2019,Jun,25.8
690,Seychelles,2019,Jul,29.3
690,Seychelles,2019,Aug,33.5
690,Seychelles,2019,Sep,24.9
690,Seychelles,2019,Oct,36.0
690,Seychelles,2019,Nov,34.5
690,Seychelles,2019,Dec,38.9
690,Seychelles,2020,Jan,32.7
690,Seychelles,2020,Feb,38.1
690,Seychelles,2020,Mar,18.1
690,Seychelles,2020,Apr,0.0
690,Seychelles,2020,May,0.1
690,Seychelles,2020,Jun,0.1
690,Seychelles,2020,Jul,0.5
690,Seychelles,2020,Aug,2.1
690,Seychelles,2020,Sep,1.6
690,Seychelles,2020,Oct,3.3
690,Seychelles,2020,Nov,5.9
690,Seychelles,2020,Dec,12.4
690,Seychelles,2021,Jan,2.2
690,Seychelles,2021,Feb,1.4
690,Seychelles,2021,Mar,9.9
690,Seychelles,2021,Apr,28.5
690,Seychelles,2021,May,32.0
690,Seychelles,2021,Jun,26.8
690,Seychelles,2021,Jul,40.3
690,Seychelles,2021,Aug,39.2
690,Seychelles,2021,Sep,33.2
690,Seychelles,2021,Oct,54.2
690,Seychelles,2021,Nov,48.8
690,Seychelles,2021,Dec,48.9
690,Seychelles,2022,Jan,43.1
690,Seychelles,2022,Feb,54.7
690,Seychelles,2022,Mar,57.3
690,Seychelles,2022,Apr,64.7
690,Seychelles,2022,May,49.9
690,Seychelles,2022,Jun,42.2
690,Seychelles,2022,Jul,62.2
690,Seychelles,2022,Aug,58.7
690,Seychelles,2022,Sep,48.8
690,Seychelles,2022,Oct,69.9
690,Seychelles,2022,Nov,53.8
690,Seychelles,2022,Dec,57.5
690,Seychelles,2023,Jan,46.6
690,Seychelles,2023,Feb,60.4
690,Seychelles,2023,Mar,37.8
690,Seychelles,2023,Apr,70.6
690,Seychelles,2023,May,50.1
690,Seychelles,2023,Jun,47.9
690,Seychelles,2023,Jul,57.9
690,Seychelles,2023,Aug,56.3
690,Seychelles,2023,Sep,50.2
690,Seychelles,2023,Oct,66.6
690,Seychelles,2023,Nov,60.3
690,Seychelles,2023,Dec,65.6
690,Seychelles,2024,Jan,58.0
690,Seychelles,2024,Feb,67.3
690,Seychelles,2024,Mar,69.5
690,Seychelles,2024,Apr,66.7
690,Seychelles,2024,May,47.8
690,Seychelles,2024,Jun,42.7
690,Seychelles,2024,Jul,51.6
690,Seychelles,2024,Aug,56.5
690,Seychelles,2024,Sep,48.3
690,Seychelles,2024,Oct,70.3
690,Seychelles,2024,Nov,63.9
690,Seychelles,2024,Dec,62.1
690,Seychelles,2025,Jan,53.7
690,Seychelles,2025,Feb,66.3
690,Seychelles,2025,Mar,75.6
690,Seychelles,2025,Apr,78.2
690,Seychelles,2025,May,56.3
690,Seychelles,2025,Jun,54.4
690,Seychelles,2025,Jul,62.1
690,Seychelles,2025,Aug,61.3
690,Seychelles,2025,Sep,58.3
694,Sierra Leone,2015,Feb,1.2
694,Sierra Leone,2015,Mar,1.2
694,Sierra Leone,2015,Apr,0.9
694,Sierra Leone,2015,May,1.3
694,Sierra Leone,2015,Jun,1.6
694,Sierra Leone,2015,Jul,2.3
694,Sierra Leone,2015,Aug,2.3
694,Sierra Leone,2015,Sep,2.3
694,Sierra Leone,2015,Oct,3.0
694,Sierra Leone,2015,Nov,3.1
694,Sierra Leone,2015,Dec,3.3
694,Sierra Leone,2016,Jan,5.7
694,Sierra Leone,2016,Feb,4.9
694,Sierra Leone,2016,Mar,6.2
694,Sierra Leone,2016,Apr,6.9
694,Sierra Leone,2016,May,3.8
694,Sierra Leone,2016,Jun,3.3
694,Sierra Leone,2016,Jul,3.4
694,Sierra Leone,2016,Aug,3.2
694,Sierra Leone,2016,Sep,3.8
694,Sierra Leone,2016,Oct,4.0
694,Sierra Leone,2016,Nov,4.0
694,Sierra Leone,2016,Dec,4.5
694,Sierra Leone,2017,Jan,4.2
694,Sierra Leone,2017,Feb,3.6
694,Sierra Leone,2017,Mar,3.8
694,Sierra Leone,2017,Apr,4.7
694,Sierra Leone,2017,May,3.7
694,Sierra Leone,2017,Jun,3.7
694,Sierra Leone,2017,Jul,3.9
694,Sierra Leone,2017,Aug,3.5
694,Sierra Leone,2017,Sep,3.6
694,Sierra Leone,2017,Oct,5.0
694,Sierra Leone,2017,Nov,5.2
694,Sierra Leone,2017,Dec,6.3
694,Sierra Leone,2018,Jan,5.2
694,Sierra Leone,2018,Feb,4.1
694,Sierra Leone,2018,Mar,3.5
694,Sierra Leone,2018,Apr,5.0
694,Sierra Leone,2018,May,4.6
694,Sierra Leone,2018,Jun,4.2
694,Sierra Leone,2018,Jul,4.4
694,Sierra Leone,2018,Aug,3.9
694,Sierra Leone,2018,Sep,4.0
694,Sierra Leone,2018,Oct,4.5
694,Sierra Leone,2018,Nov,5.6
694,Sierra Leone,2018,Dec,7.5
694,Sierra Leone,2019,Jan,5.7
694,Sierra Leone,2019,Feb,4.8
694,Sierra Leone,2019,Mar,5.0
694,Sierra Leone,2019,Apr,6.2
694,Sierra Leone,2019,May,4.6
694,Sierra Leone,2019,Jun,4.8
694,Sierra Leone,2019,Jul,5.0
694,Sierra Leone,2019,Aug,4.0
694,Sierra Leone,2019,Sep,4.6
694,Sierra Leone,2019,Oct,5.4
694,Sierra Leone,2019,Nov,5.5
694,Sierra Leone,2019,Dec,7.5
694,Sierra Leone,2020,Jan,6.0
694,Sierra Leone,2020,Feb,6.1
694,Sierra Leone,2020,Mar,2.3
694,Sierra Leone,2020,Aug,0.8
694,Sierra Leone,2020,Sep,1.7
694,Sierra Leone,2020,Oct,2.0
694,Sierra Leone,2020,Nov,2.3
694,Sierra Leone,2020,Dec,3.2
694,Sierra Leone,2021,Jan,2.9
694,Sierra Leone,2021,Feb,2.2
694,Sierra Leone,2021,Mar,3.2
694,Sierra Leone,2021,Apr,3.1
694,Sierra Leone,2021,May,3.0
694,Sierra Leone,2021,Jun,3.1
694,Sierra Leone,2021,Jul,2.8
694,Sierra Leone,2021,Aug,2.7
694,Sierra Leone,2021,Sep,3.1
694,Sierra Leone,2021,Oct,3.6
694,Sierra Leone,2021,Nov,4.2
694,Sierra Leone,2021,Dec,6.4
694,Sierra Leone,2022,Jan,7.1
694,Sierra Leone,2022,Feb,5.0
694,Sierra Leone,2022,Mar,5.5
694,Sierra Leone,2022,Apr,5.6
694,Sierra Leone,2022,May,4.8
694,Sierra Leone,2022,Jun,6.0
694,Sierra Leone,2022,Jul,5.5
694,Sierra Leone,2022,Aug,4.7
694,Sierra Leone,2022,Sep,5.2
694,Sierra Leone,2022,Oct,5.8
694,Sierra Leone,2022,Nov,6.8
694,Sierra Leone,2022,Dec,9.2
694,Sierra Leone,2023,Jan,5.2
694,Sierra Leone,2023,Feb,4.4
694,Sierra Leone,2023,Mar,4.3
694,Sierra Leone,2023,Apr,4.1
694,Sierra Leone,2023,May,3.7
694,Sierra Leone,2023,Jun,2.6
694,Sierra Leone,2023,Jul,3.4
694,Sierra Leone,2023,Aug,3.8
694,Sierra Leone,2023,Sep,4.3
694,Sierra Leone,2023,Oct,5.0
694,Sierra Leone,2023,Nov,4.9
694,Sierra Leone,2023,Dec,5.8
694,Sierra Leone,2024,Jan,5.6
694,Sierra Leone,2024,Feb,4.9
694,Sierra Leone,2024,Mar,5.4
694,Sierra Leone,2024,Apr,5.1
694,Sierra Leone,2024,May,4.4
694,Sierra Leone,2024,Jun,4.0
694,Sierra Leone,2024,Jul,4.3
694,Sierra Leone,2024,Aug,3.7
694,Sierra Leone,2024,Sep,4.2
694,Sierra Leone,2024,Oct,4.6
694,Sierra Leone,2024,Nov,5.5
694,Sierra Leone,2024,Dec,6.8
694,Sierra Leone,2025,Jan,5.7
694,Sierra Leone,2025,Feb,5.5
694,Sierra Leone,2025,Mar,4.9
694,Sierra Leone,2025,Apr,6.2
694,Sierra Leone,2025,May,4.8
694,Sierra Leone,2025,Jun,4.5
694,Sierra Leone,2025,Jul,4.3
694,Sierra Leone,2025,Aug,3.7
694,Sierra Leone,2025,Sep,4.5
702,Singapore,2015,Feb,888.2
702,Singapore,2015,Mar,906.1
702,Singapore,2015,Apr,880.7
702,Singapore,2015,May,940.6
702,Singapore,2015,Jun,903.5
702,Singapore,2015,Jul,1129.0
702,Singapore,2015,Aug,1157.0
702,Singapore,2015,Sep,833.8
702,Singapore,2015,Oct,941.2
702,Singapore,2015,Nov,909.3
702,Singapore,2015,Dec,949.1
702,Singapore,2016,Jan,1110.0
702,Singapore,2016,Feb,1017.0
702,Singapore,2016,Mar,1020.0
702,Singapore,2016,Apr,1016.0
702,Singapore,2016,May,1055.0
702,Singapore,2016,Jun,960.5
702,Singapore,2016,Jul,1244.0
702,Singapore,2016,Aug,1195.0
702,Singapore,2016,Sep,855.5
702,Singapore,2016,Oct,945.0
702,Singapore,2016,Nov,909.9
702,Singapore,2016,Dec,1022.0
702,Singapore,2017,Jan,1178.0
702,Singapore,2017,Feb,1066.0
702,Singapore,2017,Mar,1062.0
702,Singapore,2017,Apr,1125.0
702,Singapore,2017,May,1072.0
702,Singapore,2017,Jun,1041.0
702,Singapore,2017,Jul,1299.0
702,Singapore,2017,Aug,1235.0
702,Singapore,2017,Sep,991.0
702,Singapore,2017,Oct,1105.0
702,Singapore,2017,Nov,1050.0
702,Singapore,2017,Dec,1101.0
702,Singapore,2018,Jan,1247.0
702,Singapore,2018,Feb,1159.0
702,Singapore,2018,Mar,1165.0
702,Singapore,2018,Apr,1169.0
702,Singapore,2018,May,1144.0
702,Singapore,2018,Jun,1159.0
702,Singapore,2018,Jul,1365.0
702,Singapore,2018,Aug,1347.0
702,Singapore,2018,Sep,1067.0
702,Singapore,2018,Oct,1130.0
702,Singapore,2018,Nov,1053.0
702,Singapore,2018,Dec,1036.0
702,Singapore,2019,Jan,1299.0
702,Singapore,2019,Feb,1146.0
702,Singapore,2019,Mar,1183.0
702,Singapore,2019,Apr,1161.0
702,Singapore,2019,May,1153.0
702,Singapore,2019,Jun,1185.0
702,Singapore,2019,Jul,1394.0
702,Singapore,2019,Aug,1398.0
702,Singapore,2019,Sep,1117.0
702,Singapore,2019,Oct,1171.0
702,Singapore,2019,Nov,1144.0
702,Singapore,2019,Dec,1211.0
702,Singapore,2020,Jan,1366.0
702,Singapore,2020,Feb,577.8
702,Singapore,2020,Mar,190.6
702,Singapore,2020,Apr,4.8
702,Singapore,2020,May,3.7
702,Singapore,2020,Jun,4.5
702,Singapore,2020,Jul,3.1
702,Singapore,2020,Aug,2.6
702,Singapore,2020,Sep,1.7
702,Singapore,2020,Oct,2.0
702,Singapore,2020,Nov,2.5
702,Singapore,2020,Dec,4.6
702,Singapore,2021,Jan,5.4
702,Singapore,2021,Feb,3.8
702,Singapore,2021,Mar,5.3
702,Singapore,2021,Apr,5.7
702,Singapore,2021,May,6.3
702,Singapore,2021,Jun,4.7
702,Singapore,2021,Jul,5.2
702,Singapore,2021,Aug,4.8
702,Singapore,2021,Sep,4.8
702,Singapore,2021,Oct,6.1
702,Singapore,2021,Nov,9.7
702,Singapore,2021,Dec,22.2
702,Singapore,2022,Jan,28.5
702,Singapore,2022,Feb,33.2
702,Singapore,2022,Mar,63.5
702,Singapore,2022,Apr,183.0
702,Singapore,2022,May,334.6
702,Singapore,2022,Jun,410.3
702,Singapore,2022,Jul,557.7
702,Singapore,2022,Aug,559.9
702,Singapore,2022,Sep,556.5
702,Singapore,2022,Oct,669.4
702,Singapore,2022,Nov,629.2
702,Singapore,2022,Dec,649.7
702,Singapore,2023,Jan,746.5
702,Singapore,2023,Feb,701.8
702,Singapore,2023,Mar,752.1
702,Singapore,2023,Apr,815.7
702,Singapore,2023,May,869.0
702,Singapore,2023,Jun,831.7
702,Singapore,2023,Jul,1096.0
702,Singapore,2023,Aug,1059.0
702,Singapore,2023,Sep,828.5
702,Singapore,2023,Oct,884.3
702,Singapore,2023,Nov,816.3
702,Singapore,2023,Dec,854.3
702,Singapore,2024,Jan,1080.0
702,Singapore,2024,Feb,1073.0
702,Singapore,2024,Mar,1125.0
702,Singapore,2024,Apr,995.1
702,Singapore,2024,May,966.8
702,Singapore,2024,Jun,925.8
702,Singapore,2024,Jul,1220.0
702,Singapore,2024,Aug,1230.0
702,Singapore,2024,Sep,947.7
702,Singapore,2024,Oct,997.9
702,Singapore,2024,Nov,909.5
702,Singapore,2024,Dec,959.7
702,Singapore,2025,Jan,1191.0
702,Singapore,2025,Feb,1048.0
702,Singapore,2025,Mar,932.5
702,Singapore,2025,Apr,1014.0
702,Singapore,2025,May,1031.0
702,Singapore,2025,Jun,924.2
702,Singapore,2025,Jul,1225.0
702,Singapore,2025,Aug,1273.0
702,Singapore,2025,Sep,883.1
703,Slovakia,2015,Feb,102.7
703,Slovakia,2015,Mar,106.2
703,Slovakia,2015,Apr,111.3
703,Slovakia,2015,May,147.4
703,Slovakia,2015,Jun,166.5
703,Slovakia,2015,Jul,195.8
703,Slovakia,2015,Aug,226.9
703,Slovakia,2015,Sep,176.1
703,Slovakia,2015,Oct,150.3
703,Slovakia,2015,Nov,116.6
703,Slovakia,2015,Dec,114.8
703,Slovakia,2016,Jan,119.7
703,Slovakia,2016,Feb,124.1
703,Slovakia,2016,Mar,128.2
703,Slovakia,2016,Apr,138.5
703,Slovakia,2016,May,168.1
703,Slovakia,2016,Jun,179.8
703,Slovakia,2016,Jul,249.8
703,Slovakia,2016,Aug,258.9
703,Slovakia,2016,Sep,203.5
703,Slovakia,2016,Oct,169.6
703,Slovakia,2016,Nov,130.3
703,Slovakia,2016,Dec,125.3
703,Slovakia,2017,Jan,128.0
703,Slovakia,2017,Feb,133.9
703,Slovakia,2017,Mar,141.1
703,Slovakia,2017,Apr,155.8
703,Slovakia,2017,May,185.1
703,Slovakia,2017,Jun,208.4
703,Slovakia,2017,Jul,270.2
703,Slovakia,2017,Aug,281.7
703,Slovakia,2017,Sep,210.6
703,Slovakia,2017,Oct,177.0
703,Slovakia,2017,Nov,135.2
703,Slovakia,2017,Dec,135.3
703,Slovakia,2018,Jan,136.0
703,Slovakia,2018,Feb,145.4
703,Slovakia,2018,Mar,147.7
703,Slovakia,2018,Apr,161.8
703,Slovakia,2018,May,194.1
703,Slovakia,2018,Jun,213.9
703,Slovakia,2018,Jul,281.3
703,Slovakia,2018,Aug,295.8
703,Slovakia,2018,Sep,217.3
703,Slovakia,2018,Oct,179.1
703,Slovakia,2018,Nov,141.3
703,Slovakia,2018,Dec,142.4
703,Slovakia,2019,Jan,138.7
703,Slovakia,2019,Feb,156.2
703,Slovakia,2019,Mar,155.3
703,Slovakia,2019,Apr,171.0
703,Slovakia,2019,May,224.7
703,Slovakia,2019,Jun,242.4
703,Slovakia,2019,Jul,297.2
703,Slovakia,2019,Aug,325.5
703,Slovakia,2019,Sep,236.7
703,Slovakia,2019,Oct,206.5
703,Slovakia,2019,Nov,158.8
703,Slovakia,2019,Dec,162.0
703,Slovakia,2020,Jan,166.2
703,Slovakia,2020,Feb,165.4
703,Slovakia,2020,Mar,51.4
703,Slovakia,2020,Apr,0.4
703,Slovakia,2020,May,2.3
703,Slovakia,2020,Jun,33.8
703,Slovakia,2020,Jul,145.9
703,Slovakia,2020,Aug,168.7
703,Slovakia,2020,Sep,79.8
703,Slovakia,2020,Oct,18.8
703,Slovakia,2020,Nov,10.3
703,Slovakia,2020,Dec,11.0
703,Slovakia,2021,Jan,5.2
703,Slovakia,2021,Feb,5.2
703,Slovakia,2021,Mar,6.0
703,Slovakia,2021,Apr,6.9
703,Slovakia,2021,May,16.2
703,Slovakia,2021,Jun,47.1
703,Slovakia,2021,Jul,99.5
703,Slovakia,2021,Aug,129.6
703,Slovakia,2021,Sep,115.7
703,Slovakia,2021,Oct,82.0
703,Slovakia,2021,Nov,41.9
703,Slovakia,2021,Dec,20.4
703,Slovakia,2022,Jan,48.5
703,Slovakia,2022,Feb,73.9
703,Slovakia,2022,Mar,87.0
703,Slovakia,2022,Apr,96.7
703,Slovakia,2022,May,125.3
703,Slovakia,2022,Jun,157.4
703,Slovakia,2022,Jul,218.3
703,Slovakia,2022,Aug,230.7
703,Slovakia,2022,Sep,166.8
703,Slovakia,2022,Oct,155.4
703,Slovakia,2022,Nov,115.6
703,Slovakia,2022,Dec,118.7
703,Slovakia,2023,Jan,124.6
703,Slovakia,2023,Feb,140.9
703,Slovakia,2023,Mar,140.1
703,Slovakia,2023,Apr,151.3
703,Slovakia,2023,May,173.2
703,Slovakia,2023,Jun,195.3
703,Slovakia,2023,Jul,266.9
703,Slovakia,2023,Aug,273.3
703,Slovakia,2023,Sep,205.1
703,Slovakia,2023,Oct,155.8
703,Slovakia,2023,Nov,123.5
703,Slovakia,2023,Dec,134.3
703,Slovakia,2024,Jan,136.1
703,Slovakia,2024,Feb,157.4
703,Slovakia,2024,Mar,145.2
703,Slovakia,2024,Apr,139.9
703,Slovakia,2024,May,188.7
703,Slovakia,2024,Jun,201.6
703,Slovakia,2024,Jul,263.4
703,Slovakia,2024,Aug,276.6
703,Slovakia,2024,Sep,189.3
703,Slovakia,2024,Oct,177.4
703,Slovakia,2024,Nov,137.2
703,Slovakia,2024,Dec,152.6
703,Slovakia,2025,Jan,155.6
703,Slovakia,2025,Feb,169.3
703,Slovakia,2025,Mar,143.0
703,Slovakia,2025,Apr,158.4
703,Slovakia,2025,May,198.4
703,Slovakia,2025,Jun,233.0
703,Slovakia,2025,Jul,267.8
703,Slovakia,2025,Aug,323.8
703,Slovakia,2025,Sep,220.1
705,Slovenia,2015,Feb,119.9
705,Slovenia,2015,Mar,144.8
705,Slovenia,2015,Apr,200.4
705,Slovenia,2015,May,277.1
705,Slovenia,2015,Jun,306.5
705,Slovenia,2015,Jul,460.5
705,Slovenia,2015,Aug,556.4
705,Slovenia,2015,Sep,313.0
705,Slovenia,2015,Oct,215.3
705,Slovenia,2015,Nov,127.6
705,Slovenia,2015,Dec,165.2
705,Slovenia,2016,Jan,155.9
705,Slovenia,2016,Feb,135.8
705,Slovenia,2016,Mar,188.1
705,Slovenia,2016,Apr,196.8
705,Slovenia,2016,May,291.1
705,Slovenia,2016,Jun,319.3
705,Slovenia,2016,Jul,533.4
705,Slovenia,2016,Aug,613.1
705,Slovenia,2016,Sep,370.4
705,Slovenia,2016,Oct,263.4
705,Slovenia,2016,Nov,147.7
705,Slovenia,2016,Dec,181.9
705,Slovenia,2017,Jan,177.1
705,Slovenia,2017,Feb,152.7
705,Slovenia,2017,Mar,189.1
705,Slovenia,2017,Apr,285.2
705,Slovenia,2017,May,314.6
705,Slovenia,2017,Jun,426.1
705,Slovenia,2017,Jul,639.3
705,Slovenia,2017,Aug,725.7
705,Slovenia,2017,Sep,420.2
705,Slovenia,2017,Oct,281.9
705,Slovenia,2017,Nov,169.0
705,Slovenia,2017,Dec,209.7
705,Slovenia,2018,Jan,181.2
705,Slovenia,2018,Feb,153.2
705,Slovenia,2018,Mar,221.5
705,Slovenia,2018,Apr,290.0
705,Slovenia,2018,May,391.6
705,Slovenia,2018,Jun,462.8
705,Slovenia,2018,Jul,710.0
705,Slovenia,2018,Aug,805.8
705,Slovenia,2018,Sep,485.4
705,Slovenia,2018,Oct,313.8
705,Slovenia,2018,Nov,191.4
705,Slovenia,2018,Dec,218.5
705,Slovenia,2019,Jan,175.6
705,Slovenia,2019,Feb,167.7
705,Slovenia,2019,Mar,217.0
705,Slovenia,2019,Apr,352.6
705,Slovenia,2019,May,381.6
705,Slovenia,2019,Jun,531.8
705,Slovenia,2019,Jul,754.2
705,Slovenia,2019,Aug,879.3
705,Slovenia,2019,Sep,500.3
705,Slovenia,2019,Oct,333.1
705,Slovenia,2019,Nov,191.5
705,Slovenia,2019,Dec,217.1
705,Slovenia,2020,Jan,187.1
705,Slovenia,2020,Feb,170.6
705,Slovenia,2020,Mar,43.9
705,Slovenia,2020,Apr,0.0
705,Slovenia,2020,May,3.8
705,Slovenia,2020,Jun,88.7
705,Slovenia,2020,Jul,249.4
705,Slovenia,2020,Aug,292.0
705,Slovenia,2020,Sep,131.8
705,Slovenia,2020,Oct,39.8
705,Slovenia,2020,Nov,4.7
705,Slovenia,2020,Dec,4.3
705,Slovenia,2021,Jan,5.6
705,Slovenia,2021,Feb,8.6
705,Slovenia,2021,Mar,12.7
705,Slovenia,2021,Apr,8.7
705,Slovenia,2021,May,33.8
705,Slovenia,2021,Jun,125.9
705,Slovenia,2021,Jul,407.4
705,Slovenia,2021,Aug,584.7
705,Slovenia,2021,Sep,328.6
705,Slovenia,2021,Oct,161.5
705,Slovenia,2021,Nov,72.6
705,Slovenia,2021,Dec,82.2
705,Slovenia,2022,Jan,94.1
705,Slovenia,2022,Feb,105.1
705,Slovenia,2022,Mar,127.2
705,Slovenia,2022,Apr,218.8
705,Slovenia,2022,May,273.7
705,Slovenia,2022,Jun,444.0
705,Slovenia,2022,Jul,766.9
705,Slovenia,2022,Aug,857.3
705,Slovenia,2022,Sep,455.1
705,Slovenia,2022,Oct,269.3
705,Slovenia,2022,Nov,140.3
705,Slovenia,2022,Dec,183.8
705,Slovenia,2023,Jan,176.9
705,Slovenia,2023,Feb,163.3
705,Slovenia,2023,Mar,165.4
705,Slovenia,2023,Apr,324.4
705,Slovenia,2023,May,393.7
705,Slovenia,2023,Jun,534.5
705,Slovenia,2023,Jul,876.7
705,Slovenia,2023,Aug,839.2
705,Slovenia,2023,Sep,517.9
705,Slovenia,2023,Oct,294.7
705,Slovenia,2023,Nov,155.6
705,Slovenia,2023,Dec,216.0
705,Slovenia,2024,Jan,176.0
705,Slovenia,2024,Feb,176.7
705,Slovenia,2024,Mar,228.3
705,Slovenia,2024,Apr,289.4
705,Slovenia,2024,May,470.6
705,Slovenia,2024,Jun,531.6
705,Slovenia,2024,Jul,873.9
705,Slovenia,2024,Aug,996.2
705,Slovenia,2024,Sep,535.1
705,Slovenia,2024,Oct,338.8
705,Slovenia,2024,Nov,202.3
705,Slovenia,2024,Dec,234.6
705,Slovenia,2025,Jan,199.2
705,Slovenia,2025,Feb,178.4
705,Slovenia,2025,Mar,195.4
705,Slovenia,2025,Apr,379.3
705,Slovenia,2025,May,487.3
705,Slovenia,2025,Jun,638.9
705,Slovenia,2025,Jul,915.0
705,Slovenia,2025,Aug,1037.0
705,Slovenia,2025,Sep,605.1
90,Solomon Islands,2015,Feb,1.5
90,Solomon Islands,2015,Mar,1.7
90,Solomon Islands,2015,Apr,1.8
90,Solomon Islands,2015,May,1.7
90,Solomon Islands,2015,Jun,2.1
90,Solomon Islands,2015,Jul,2.1
90,Solomon Islands,2015,Aug,1.4
90,Solomon Islands,2015,Sep,2.2
90,Solomon Islands,2015,Oct,1.7
90,Solomon Islands,2015,Nov,2.1
90,Solomon Islands,2015,Dec,2.1
90,Solomon Islands,2016,Jan,1.7
90,Solomon Islands,2016,Feb,1.7
90,Solomon Islands,2016,Mar,1.7
90,Solomon Islands,2016,Apr,1.8
90,Solomon Islands,2016,May,1.9
90,Solomon Islands,2016,Jun,2.0
90,Solomon Islands,2016,Jul,2.3
90,Solomon Islands,2016,Aug,1.9
90,Solomon Islands,2016,Sep,1.4
90,Solomon Islands,2016,Oct,2.3
90,Solomon Islands,2016,Nov,0.7
90,Solomon Islands,2016,Dec,2.4
90,Solomon Islands,2017,Jan,1.5
90,Solomon Islands,2017,Feb,1.6
90,Solomon Islands,2017,Mar,1.7
90,Solomon Islands,2017,Apr,2.0
90,Solomon Islands,2017,May,1.9
90,Solomon Islands,2017,Jun,2.6
90,Solomon Islands,2017,Jul,2.3
90,Solomon Islands,2017,Aug,2.6
90,Solomon Islands,2017,Sep,2.4
90,Solomon Islands,2017,Oct,2.5
90,Solomon Islands,2017,Nov,2.3
90,Solomon Islands,2017,Dec,2.3
90,Solomon Islands,2018,Jan,2.1
90,Solomon Islands,2018,Feb,1.9
90,Solomon Islands,2018,Mar,2.4
90,Solomon Islands,2018,Apr,2.3
90,Solomon Islands,2018,May,2.0
90,Solomon Islands,2018,Jun,2.8
90,Solomon Islands,2018,Jul,2.9
90,Solomon Islands,2018,Aug,2.3
90,Solomon Islands,2018,Sep,2.7
90,Solomon Islands,2018,Oct,2.4
90,Solomon Islands,2018,Nov,2.0
90,Solomon Islands,2018,Dec,2.3
90,Solomon Islands,2019,Jan,1.8
90,Solomon Islands,2019,Feb,1.9
90,Solomon Islands,2019,Mar,2.4
90,Solomon Islands,2019,Apr,2.1
90,Solomon Islands,2019,May,2.4
90,Solomon Islands,2019,Jun,2.5
90,Solomon Islands,2019,Jul,2.5
90,Solomon Islands,2019,Aug,2.5
90,Solomon Islands,2019,Sep,2.7
90,Solomon Islands,2019,Oct,2.8
90,Solomon Islands,2019,Nov,2.3
90,Solomon Islands,2019,Dec,3.1
90,Solomon Islands,2020,Jan,1.9
90,Solomon Islands,2020,Feb,1.5
90,Solomon Islands,2020,Mar,0.8
90,Solomon Islands,2020,Apr,0.0
90,Solomon Islands,2020,May,0.0
90,Solomon Islands,2020,Jun,0.0
90,Solomon Islands,2020,Jul,0.1
90,Solomon Islands,2020,Aug,0.0
90,Solomon Islands,2020,Sep,0.1
90,Solomon Islands,2020,Oct,0.1
90,Solomon Islands,2020,Nov,0.0
90,Solomon Islands,2020,Dec,0.0
90,Solomon Islands,2021,Jan,0.0
90,Solomon Islands,2021,Feb,0.1
90,Solomon Islands,2021,Mar,0.0
90,Solomon Islands,2021,Apr,0.1
90,Solomon Islands,2021,May,0.1
90,Solomon Islands,2021,Jun,0.0
90,Solomon Islands,2021,Jul,0.0
90,Solomon Islands,2021,Aug,0.0
90,Solomon Islands,2021,Sep,0.0
90,Solomon Islands,2021,Oct,0.0
90,Solomon Islands,2021,Nov,0.2
90,Solomon Islands,2021,Dec,0.1
90,Solomon Islands,2022,Jan,0.0
90,Solomon Islands,2022,Feb,0.1
90,Solomon Islands,2022,Mar,0.1
90,Solomon Islands,2022,Apr,0.2
90,Solomon Islands,2022,May,0.1
90,Solomon Islands,2022,Jun,0.1
90,Solomon Islands,2022,Jul,0.5
90,Solomon Islands,2022,Aug,1.0
90,Solomon Islands,2022,Sep,1.0
90,Solomon Islands,2022,Oct,1.4
90,Solomon Islands,2022,Nov,1.4
90,Solomon Islands,2022,Dec,1.4
90,Solomon Islands,2023,Jan,1.2
90,Solomon Islands,2023,Feb,1.2
90,Solomon Islands,2023,Mar,1.5
90,Solomon Islands,2023,Apr,1.6
90,Solomon Islands,2023,May,1.5
90,Solomon Islands,2023,Jun,1.9
90,Solomon Islands,2023,Jul,1.9
90,Solomon Islands,2023,Aug,1.9
90,Solomon Islands,2023,Sep,1.8
90,Solomon Islands,2023,Oct,2.1
90,Solomon Islands,2023,Nov,7.5
90,Solomon Islands,2023,Dec,1.9
90,Solomon Islands,2024,Jan,1.3
90,Solomon Islands,2024,Feb,1.5
90,Solomon Islands,2024,Mar,2.0
90,Solomon Islands,2024,Apr,2.2
90,Solomon Islands,2024,May,2.0
90,Solomon Islands,2024,Jun,2.3
90,Solomon Islands,2024,Jul,2.2
90,Solomon Islands,2024,Aug,2.5
90,Solomon Islands,2024,Sep,2.2
90,Solomon Islands,2024,Oct,2.4
90,Solomon Islands,2024,Nov,2.2
90,Solomon Islands,2024,Dec,2.3
710,South Africa,2015,Feb,681.2
710,South Africa,2015,Mar,733.2
710,South Africa,2015,Apr,719.6
710,South Africa,2015,May,685.4
710,South Africa,2015,Jun,610.1
710,South Africa,2015,Jul,732.9
710,South Africa,2015,Aug,731.2
710,South Africa,2015,Sep,716.8
710,South Africa,2015,Oct,748.6
710,South Africa,2015,Nov,774.4
710,South Africa,2015,Dec,892.7
710,South Africa,2016,Jan,1013.0
710,South Africa,2016,Feb,803.8
710,South Africa,2016,Mar,904.6
710,South Africa,2016,Apr,795.9
710,South Africa,2016,May,760.7
710,South Africa,2016,Jun,691.4
710,South Africa,2016,Jul,822.4
710,South Africa,2016,Aug,833.6
710,South Africa,2016,Sep,793.6
710,South Africa,2016,Oct,851.0
710,South Africa,2016,Nov,809.3
710,South Africa,2016,Dec,965.1
710,South Africa,2017,Jan,1041.0
710,South Africa,2017,Feb,775.8
710,South Africa,2017,Mar,805.9
710,South Africa,2017,Apr,919.1
710,South Africa,2017,May,767.1
710,South Africa,2017,Jun,709.0
710,South Africa,2017,Jul,861.7
710,South Africa,2017,Aug,852.3
710,South Africa,2017,Sep,833.1
710,South Africa,2017,Oct,880.2
710,South Africa,2017,Nov,849.0
710,South Africa,2017,Dec,991.6
710,South Africa,2018,Jan,1104.0
710,South Africa,2018,Feb,802.3
710,South Africa,2018,Mar,882.7
710,South Africa,2018,Apr,866.9
710,South Africa,2018,May,767.3
710,South Africa,2018,Jun,729.4
710,South Africa,2018,Jul,855.9
710,South Africa,2018,Aug,876.9
710,South Africa,2018,Sep,842.4
710,South Africa,2018,Oct,862.0
710,South Africa,2018,Nov,875.2
710,South Africa,2018,Dec,1007.0
710,South Africa,2019,Jan,1068.0
710,South Africa,2019,Feb,797.2
710,South Africa,2019,Mar,838.7
710,South Africa,2019,Apr,903.1
710,South Africa,2019,May,753.5
710,South Africa,2019,Jun,734.6
710,South Africa,2019,Jul,790.2
710,South Africa,2019,Aug,897.0
710,South Africa,2019,Sep,780.4
710,South Africa,2019,Oct,834.3
710,South Africa,2019,Nov,850.5
710,South Africa,2019,Dec,981.0
710,South Africa,2020,Jan,1093.0
710,South Africa,2020,Feb,800.8
710,South Africa,2020,Mar,535.1
710,South Africa,2020,Apr,0.0
710,South Africa,2020,May,0.0
710,South Africa,2020,Jun,0.0
710,South Africa,2020,Jul,0.0
710,South Africa,2020,Aug,0.0
710,South Africa,2020,Sep,0.0
710,South Africa,2020,Oct,74.0
710,South Africa,2020,Nov,101.1
710,South Africa,2020,Dec,198.1
710,South Africa,2021,Jan,139.1
710,South Africa,2021,Feb,90.2
710,South Africa,2021,Mar,157.6
710,South Africa,2021,Apr,177.3
710,South Africa,2021,May,183.3
710,South Africa,2021,Jun,178.7
710,South Africa,2021,Jul,151.3
710,South Africa,2021,Aug,185.6
710,South Africa,2021,Sep,205.9
710,South Africa,2021,Oct,247.8
710,South Africa,2021,Nov,275.6
710,South Africa,2021,Dec,263.1
710,South Africa,2022,Jan,377.7
710,South Africa,2022,Feb,310.2
710,South Africa,2022,Mar,359.7
710,South Africa,2022,Apr,431.4
710,South Africa,2022,May,407.3
710,South Africa,2022,Jun,399.6
710,South Africa,2022,Jul,507.8
710,South Africa,2022,Aug,555.8
710,South Africa,2022,Sep,539.2
710,South Africa,2022,Oct,565.9
710,South Africa,2022,Nov,565.8
710,South Africa,2022,Dec,677.8
710,South Africa,2023,Jan,849.7
710,South Africa,2023,Feb,613.4
710,South Africa,2023,Mar,658.7
710,South Africa,2023,Apr,713.5
710,South Africa,2023,May,630.1
710,South Africa,2023,Jun,608.3
710,South Africa,2023,Jul,692.1
710,South Africa,2023,Aug,708.2
710,South Africa,2023,Sep,684.2
710,South Africa,2023,Oct,731.1
710,South Africa,2023,Nov,731.7
710,South Africa,2023,Dec,862.5
710,South Africa,2024,Jan,971.8
710,South Africa,2024,Feb,725.7
710,South Africa,2024,Mar,751.0
710,South Africa,2024,Apr,702.0
710,South Africa,2024,May,649.5
710,South Africa,2024,Jun,641.3
710,South Africa,2024,Jul,699.6
710,South Africa,2024,Aug,718.5
710,South Africa,2024,Sep,666.7
710,South Africa,2024,Oct,705.3
710,South Africa,2024,Nov,767.9
710,South Africa,2024,Dec,920.1
710,South Africa,2025,Jan,1014.0
710,South Africa,2025,Feb,764.1
710,South Africa,2025,Mar,810.4
710,South Africa,2025,Apr,827.9
710,South Africa,2025,May,804.2
710,South Africa,2025,Jun,750.2
710,South Africa,2025,Jul,881.4
710,South Africa,2025,Aug,935.7
710,South Africa,2025,Sep,846.4
724,Spain,2015,Feb,3234.0
724,Spain,2015,Mar,3984.0
724,Spain,2015,Apr,5470.0
724,Spain,2015,May,6624.0
724,Spain,2015,Jun,6703.0
724,Spain,2015,Jul,8737.0
724,Spain,2015,Aug,9478.0
724,Spain,2015,Sep,7195.0
724,Spain,2015,Oct,6432.0
724,Spain,2015,Nov,3755.0
724,Spain,2015,Dec,3513.0
724,Spain,2016,Jan,3527.0
724,Spain,2016,Feb,3679.0
724,Spain,2016,Mar,4627.0
724,Spain,2016,Apr,6086.0
724,Spain,2016,May,7111.0
724,Spain,2016,Jun,7553.0
724,Spain,2016,Jul,9546.0
724,Spain,2016,Aug,10027.0
724,Spain,2016,Sep,7933.0
724,Spain,2016,Oct,7138.0
724,Spain,2016,Nov,4098.0
724,Spain,2016,Dec,3990.0
724,Spain,2017,Jan,3906.0
724,Spain,2017,Feb,4119.0
724,Spain,2017,Mar,4914.0
724,Spain,2017,Apr,7082.0
724,Spain,2017,May,8003.0
724,Spain,2017,Jun,8432.0
724,Spain,2017,Jul,10493.0
724,Spain,2017,Aug,10398.0
724,Spain,2017,Sep,8877.0
724,Spain,2017,Oct,7270.0
724,Spain,2017,Nov,4393.0
724,Spain,2017,Dec,3983.0
724,Spain,2018,Jan,4107.0
724,Spain,2018,Feb,4218.0
724,Spain,2018,Mar,5393.0
724,Spain,2018,Apr,6780.0
724,Spain,2018,May,8086.0
724,Spain,2018,Jun,8554.0
724,Spain,2018,Jul,10020.0
724,Spain,2018,Aug,10176.0
724,Spain,2018,Sep,8932.0
724,Spain,2018,Oct,7650.0
724,Spain,2018,Nov,4537.0
724,Spain,2018,Dec,4355.0
724,Spain,2019,Jan,4196.0
724,Spain,2019,Feb,4381.0
724,Spain,2019,Mar,5650.0
724,Spain,2019,Apr,7146.0
724,Spain,2019,May,7919.0
724,Spain,2019,Jun,8834.0
724,Spain,2019,Jul,9873.0
724,Spain,2019,Aug,10118.0
724,Spain,2019,Sep,8845.0
724,Spain,2019,Oct,7588.0
724,Spain,2019,Nov,4655.0
724,Spain,2019,Dec,4305.0
724,Spain,2020,Jan,4133.0
724,Spain,2020,Feb,4427.0
724,Spain,2020,Mar,1997.0
724,Spain,2020,Apr,0.0
724,Spain,2020,May,0.0
724,Spain,2020,Jun,204.3
724,Spain,2020,Jul,2465.0
724,Spain,2020,Aug,2441.0
724,Spain,2020,Sep,1139.0
724,Spain,2020,Oct,1021.0
724,Spain,2020,Nov,456.8
724,Spain,2020,Dec,649.0
724,Spain,2021,Jan,438.0
724,Spain,2021,Feb,285.0
724,Spain,2021,Mar,491.4
724,Spain,2021,Apr,629.2
724,Spain,2021,May,1363.0
724,Spain,2021,Jun,2216.0
724,Spain,2021,Jul,4399.0
724,Spain,2021,Aug,5197.0
724,Spain,2021,Sep,4704.0
724,Spain,2021,Oct,5149.0
724,Spain,2021,Nov,3362.0
724,Spain,2021,Dec,2948.0
724,Spain,2022,Jan,2501.0
724,Spain,2022,Feb,3179.0
724,Spain,2022,Mar,4040.0
724,Spain,2022,Apr,6106.0
724,Spain,2022,May,6988.0
724,Spain,2022,Jun,7498.0
724,Spain,2022,Jul,9091.0
724,Spain,2022,Aug,8849.0
724,Spain,2022,Sep,7767.0
724,Spain,2022,Oct,7177.0
724,Spain,2022,Nov,4335.0
724,Spain,2022,Dec,4127.0
724,Spain,2023,Jan,4135.0
724,Spain,2023,Feb,4321.0
724,Spain,2023,Mar,5247.0
724,Spain,2023,Apr,7228.0
724,Spain,2023,May,8300.0
724,Spain,2023,Jun,8307.0
724,Spain,2023,Jul,10117.0
724,Spain,2023,Aug,10186.0
724,Spain,2023,Sep,8795.0
724,Spain,2023,Oct,8187.0
724,Spain,2023,Nov,5135.0
724,Spain,2023,Dec,5209.0
724,Spain,2024,Jan,4776.0
724,Spain,2024,Feb,5013.0
724,Spain,2024,Mar,6350.0
724,Spain,2024,Apr,7784.0
724,Spain,2024,May,9256.0
724,Spain,2024,Jun,9300.0
724,Spain,2024,Jul,10852.0
724,Spain,2024,Aug,10930.0
724,Spain,2024,Sep,9602.0
724,Spain,2024,Oct,8962.0
724,Spain,2024,Nov,5670.0
724,Spain,2024,Dec,5264.0
724,Spain,2025,Jan,5065.0
724,Spain,2025,Feb,5397.0
724,Spain,2025,Mar,6594.0
724,Spain,2025,Apr,8568.0
724,Spain,2025,May,9396.0
724,Spain,2025,Jun,9476.0
724,Spain,2025,Jul,11023.0
724,Spain,2025,Aug,11252.0
724,Spain,2025,Sep,9682.0
144,Sri Lanka,2015,Feb,165.5
144,Sri Lanka,2015,Mar,157.1
144,Sri Lanka,2015,Apr,122.2
144,Sri Lanka,2015,May,113.5
144,Sri Lanka,2015,Jun,115.5
144,Sri Lanka,2015,Jul,175.8
144,Sri Lanka,2015,Aug,166.6
144,Sri Lanka,2015,Sep,143.4
144,Sri Lanka,2015,Oct,132.3
144,Sri Lanka,2015,Nov,144.1
144,Sri Lanka,2015,Dec,206.1
144,Sri Lanka,2016,Jan,194.3
144,Sri Lanka,2016,Feb,197.7
144,Sri Lanka,2016,Mar,192.8
144,Sri Lanka,2016,Apr,136.4
144,Sri Lanka,2016,May,125.0
144,Sri Lanka,2016,Jun,118.0
144,Sri Lanka,2016,Jul,209.4
144,Sri Lanka,2016,Aug,186.3
144,Sri Lanka,2016,Sep,148.5
144,Sri Lanka,2016,Oct,150.4
144,Sri Lanka,2016,Nov,167.2
144,Sri Lanka,2016,Dec,224.8
144,Sri Lanka,2017,Jan,219.4
144,Sri Lanka,2017,Feb,197.5
144,Sri Lanka,2017,Mar,188.1
144,Sri Lanka,2017,Apr,160.2
144,Sri Lanka,2017,May,121.9
144,Sri Lanka,2017,Jun,123.4
144,Sri Lanka,2017,Jul,205.5
144,Sri Lanka,2017,Aug,190.9
144,Sri Lanka,2017,Sep,145.1
144,Sri Lanka,2017,Oct,152.4
144,Sri Lanka,2017,Nov,167.5
144,Sri Lanka,2017,Dec,244.5
144,Sri Lanka,2018,Jan,238.9
144,Sri Lanka,2018,Feb,235.6
144,Sri Lanka,2018,Mar,233.4
144,Sri Lanka,2018,Apr,180.4
144,Sri Lanka,2018,May,129.5
144,Sri Lanka,2018,Jun,146.8
144,Sri Lanka,2018,Jul,217.8
144,Sri Lanka,2018,Aug,200.4
144,Sri Lanka,2018,Sep,149.1
144,Sri Lanka,2018,Oct,153.1
144,Sri Lanka,2018,Nov,195.6
144,Sri Lanka,2018,Dec,253.2
144,Sri Lanka,2019,Jan,244.2
144,Sri Lanka,2019,Feb,252.0
144,Sri Lanka,2019,Mar,244.3
144,Sri Lanka,2019,Apr,167.0
144,Sri Lanka,2019,May,37.8
144,Sri Lanka,2019,Jun,63.1
144,Sri Lanka,2019,Jul,115.7
144,Sri Lanka,2019,Aug,143.6
144,Sri Lanka,2019,Sep,108.6
144,Sri Lanka,2019,Oct,118.7
144,Sri Lanka,2019,Nov,177.0
144,Sri Lanka,2019,Dec,241.7
144,Sri Lanka,2020,Jan,228.4
144,Sri Lanka,2020,Feb,207.5
144,Sri Lanka,2020,Mar,71.4
144,Sri Lanka,2020,Apr,0.0
144,Sri Lanka,2020,May,0.0
144,Sri Lanka,2020,Jun,0.0
144,Sri Lanka,2020,Jul,0.0
144,Sri Lanka,2020,Aug,0.0
144,Sri Lanka,2020,Sep,0.0
144,Sri Lanka,2020,Oct,0.0
144,Sri Lanka,2020,Nov,0.0
144,Sri Lanka,2020,Dec,0.4
144,Sri Lanka,2021,Jan,1.7
144,Sri Lanka,2021,Feb,3.4
144,Sri Lanka,2021,Mar,4.6
144,Sri Lanka,2021,Apr,4.2
144,Sri Lanka,2021,May,1.5
144,Sri Lanka,2021,Jun,1.6
144,Sri Lanka,2021,Jul,2.4
144,Sri Lanka,2021,Aug,5.0
144,Sri Lanka,2021,Sep,13.5
144,Sri Lanka,2021,Oct,22.8
144,Sri Lanka,2021,Nov,44.3
144,Sri Lanka,2021,Dec,89.5
144,Sri Lanka,2022,Jan,82.3
144,Sri Lanka,2022,Feb,96.5
144,Sri Lanka,2022,Mar,106.5
144,Sri Lanka,2022,Apr,63.0
144,Sri Lanka,2022,May,30.2
144,Sri Lanka,2022,Jun,32.9
144,Sri Lanka,2022,Jul,47.3
144,Sri Lanka,2022,Aug,37.8
144,Sri Lanka,2022,Sep,29.8
144,Sri Lanka,2022,Oct,42.0
144,Sri Lanka,2022,Nov,59.8
144,Sri Lanka,2022,Dec,92.0
144,Sri Lanka,2023,Jan,102.5
144,Sri Lanka,2023,Feb,107.6
144,Sri Lanka,2023,Mar,125.5
144,Sri Lanka,2023,Apr,105.5
144,Sri Lanka,2023,May,83.3
144,Sri Lanka,2023,Jun,100.4
144,Sri Lanka,2023,Jul,143.0
144,Sri Lanka,2023,Aug,136.4
144,Sri Lanka,2023,Sep,111.9
144,Sri Lanka,2023,Oct,109.2
144,Sri Lanka,2023,Nov,151.5
144,Sri Lanka,2023,Dec,210.4
144,Sri Lanka,2024,Jan,208.3
144,Sri Lanka,2024,Feb,218.4
144,Sri Lanka,2024,Mar,209.2
144,Sri Lanka,2024,Apr,148.9
144,Sri Lanka,2024,May,112.1
144,Sri Lanka,2024,Jun,113.5
144,Sri Lanka,2024,Jul,187.8
144,Sri Lanka,2024,Aug,164.6
144,Sri Lanka,2024,Sep,122.1
144,Sri Lanka,2024,Oct,135.9
144,Sri Lanka,2024,Nov,184.2
144,Sri Lanka,2024,Dec,248.6
144,Sri Lanka,2025,Jan,252.8
144,Sri Lanka,2025,Feb,240.2
144,Sri Lanka,2025,Mar,229.3
144,Sri Lanka,2025,Apr,174.6
144,Sri Lanka,2025,May,132.9
144,Sri Lanka,2025,Jun,138.2
144,Sri Lanka,2025,Jul,200.2
144,Sri Lanka,2025,Aug,198.2
144,Sri Lanka,2025,Sep,159.0
659,St. Kitts & Nevis,2015,Feb,12.1
659,St. Kitts & Nevis,2015,Mar,11.4
659,St. Kitts & Nevis,2015,Apr,10.5
659,St. Kitts & Nevis,2015,May,9.6
659,St. Kitts & Nevis,2015,Jun,8.9
659,St. Kitts & Nevis,2015,Jul,9.9
659,St. Kitts & Nevis,2015,Aug,6.6
659,St. Kitts & Nevis,2015,Sep,7.1
659,St. Kitts & Nevis,2015,Oct,6.5
659,St. Kitts & Nevis,2015,Nov,8.5
659,St. Kitts & Nevis,2015,Dec,13.0
659,St. Kitts & Nevis,2016,Jan,12.4
659,St. Kitts & Nevis,2016,Feb,10.2
659,St. Kitts & Nevis,2016,Mar,11.8
659,St. Kitts & Nevis,2016,Apr,10.1
659,St. Kitts & Nevis,2016,May,8.8
659,St. Kitts & Nevis,2016,Jun,10.0
659,St. Kitts & Nevis,2016,Jul,10.1
659,St. Kitts & Nevis,2016,Aug,6.7
659,St. Kitts & Nevis,2016,Sep,8.0
659,St. Kitts & Nevis,2016,Oct,6.7
659,St. Kitts & Nevis,2016,Nov,7.8
659,St. Kitts & Nevis,2016,Dec,13.3
659,St. Kitts & Nevis,2017,Jan,11.6
659,St. Kitts & Nevis,2017,Feb,9.6
659,St. Kitts & Nevis,2017,Mar,10.6
659,St. Kitts & Nevis,2017,Apr,10.2
659,St. Kitts & Nevis,2017,May,8.8
659,St. Kitts & Nevis,2017,Jun,9.7
659,St. Kitts & Nevis,2017,Jul,10.4
659,St. Kitts & Nevis,2017,Aug,7.3
659,St. Kitts & Nevis,2017,Sep,6.5
659,St. Kitts & Nevis,2017,Oct,7.7
659,St. Kitts & Nevis,2017,Nov,8.2
659,St. Kitts & Nevis,2017,Dec,14.3
659,St. Kitts & Nevis,2018,Jan,11.0
659,St. Kitts & Nevis,2018,Feb,11.2
659,St. Kitts & Nevis,2018,Mar,14.0
659,St. Kitts & Nevis,2018,Apr,9.4
659,St. Kitts & Nevis,2018,May,8.3
659,St. Kitts & Nevis,2018,Jun,12.6
659,St. Kitts & Nevis,2018,Jul,11.3
659,St. Kitts & Nevis,2018,Aug,8.9
659,St. Kitts & Nevis,2018,Sep,6.1
659,St. Kitts & Nevis,2018,Oct,5.6
659,St. Kitts & Nevis,2018,Nov,10.3
659,St. Kitts & Nevis,2018,Dec,14.3
659,St. Kitts & Nevis,2019,Jan,13.2
659,St. Kitts & Nevis,2019,Feb,12.9
659,St. Kitts & Nevis,2019,Mar,15.0
659,St. Kitts & Nevis,2019,Apr,12.1
659,St. Kitts & Nevis,2019,May,8.3
659,St. Kitts & Nevis,2019,Jun,12.9
659,St. Kitts & Nevis,2019,Jul,10.7
659,St. Kitts & Nevis,2019,Aug,6.2
659,St. Kitts & Nevis,2019,Sep,4.6
659,St. Kitts & Nevis,2019,Oct,5.7
659,St. Kitts & Nevis,2019,Nov,8.1
659,St. Kitts & Nevis,2019,Dec,10.4
659,St. Kitts & Nevis,2020,Jan,9.6
659,St. Kitts & Nevis,2020,Feb,12.7
659,St. Kitts & Nevis,2020,Mar,5.6
659,St. Kitts & Nevis,2020,Apr,0.0
659,St. Kitts & Nevis,2020,May,0.0
659,St. Kitts & Nevis,2020,Jun,0.0
659,St. Kitts & Nevis,2020,Jul,0.1
659,St. Kitts & Nevis,2020,Aug,0.1
659,St. Kitts & Nevis,2020,Sep,0.3
659,St. Kitts & Nevis,2020,Oct,0.1
659,St. Kitts & Nevis,2020,Nov,0.4
659,St. Kitts & Nevis,2020,Dec,0.9
659,St. Kitts & Nevis,2021,Jan,1.0
659,St. Kitts & Nevis,2021,Feb,0.7
659,St. Kitts & Nevis,2021,Mar,1.1
659,St. Kitts & Nevis,2021,Apr,0.9
659,St. Kitts & Nevis,2021,May,1.3
659,St. Kitts & Nevis,2021,Jun,1.4
659,St. Kitts & Nevis,2021,Jul,1.2
659,St. Kitts & Nevis,2021,Aug,1.5
659,St. Kitts & Nevis,2021,Sep,1.0
659,St. Kitts & Nevis,2021,Oct,1.5
659,St. Kitts & Nevis,2021,Nov,2.8
659,St. Kitts & Nevis,2021,Dec,6.0
659,St. Kitts & Nevis,2022,Jan,5.3
659,St. Kitts & Nevis,2022,Feb,5.8
659,St. Kitts & Nevis,2022,Mar,7.1
659,St. Kitts & Nevis,2022,Apr,7.1
659,St. Kitts & Nevis,2022,May,6.3
659,St. Kitts & Nevis,2022,Jun,7.2
659,St. Kitts & Nevis,2022,Jul,7.5
659,St. Kitts & Nevis,2022,Aug,6.4
659,St. Kitts & Nevis,2022,Sep,3.7
659,St. Kitts & Nevis,2022,Oct,4.5
659,St. Kitts & Nevis,2022,Nov,6.8
659,St. Kitts & Nevis,2022,Dec,12.1
659,St. Kitts & Nevis,2023,Jan,9.2
659,St. Kitts & Nevis,2023,Feb,9.5
659,St. Kitts & Nevis,2023,Mar,10.8
659,St. Kitts & Nevis,2023,Apr,9.5
659,St. Kitts & Nevis,2023,May,8.0
659,St. Kitts & Nevis,2023,Jun,8.5
659,St. Kitts & Nevis,2023,Jul,8.3
659,St. Kitts & Nevis,2023,Aug,8.4
659,St. Kitts & Nevis,2023,Sep,5.3
659,St. Kitts & Nevis,2023,Oct,5.3
659,St. Kitts & Nevis,2023,Nov,8.5
659,St. Kitts & Nevis,2023,Dec,13.1
659,St. Kitts & Nevis,2024,Jan,9.8
659,St. Kitts & Nevis,2024,Feb,10.6
659,St. Kitts & Nevis,2024,Mar,13.0
659,St. Kitts & Nevis,2024,Apr,11.1
659,St. Kitts & Nevis,2024,May,10.6
659,St. Kitts & Nevis,2024,Jun,12.4
659,St. Kitts & Nevis,2024,Jul,12.7
659,St. Kitts & Nevis,2024,Aug,9.9
659,St. Kitts & Nevis,2024,Sep,6.5
659,St. Kitts & Nevis,2024,Oct,6.9
659,St. Kitts & Nevis,2024,Nov,10.3
659,St. Kitts & Nevis,2024,Dec,16.2
659,St. Kitts & Nevis,2025,Jan,14.9
659,St. Kitts & Nevis,2025,Feb,15.2
659,St. Kitts & Nevis,2025,Mar,17.3
659,St. Kitts & Nevis,2025,Apr,9.9
659,St. Kitts & Nevis,2025,May,9.8
659,St. Kitts & Nevis,2025,Jun,11.5
670,St. Vincent & Gren.,2015,Feb,6.2
670,St. Vincent & Gren.,2015,Mar,7.5
670,St. Vincent & Gren.,2015,Apr,5.3
670,St. Vincent & Gren.,2015,May,5.0
670,St. Vincent & Gren.,2015,Jun,6.1
670,St. Vincent & Gren.,2015,Jul,7.7
670,St. Vincent & Gren.,2015,Aug,6.1
670,St. Vincent & Gren.,2015,Sep,4.0
670,St. Vincent & Gren.,2015,Oct,4.4
670,St. Vincent & Gren.,2015,Nov,5.9
670,St. Vincent & Gren.,2015,Dec,10.4
670,St. Vincent & Gren.,2016,Jan,7.2
670,St. Vincent & Gren.,2016,Feb,7.1
670,St. Vincent & Gren.,2016,Mar,8.1
670,St. Vincent & Gren.,2016,Apr,6.0
670,St. Vincent & Gren.,2016,May,5.1
670,St. Vincent & Gren.,2016,Jun,7.0
670,St. Vincent & Gren.,2016,Jul,7.5
670,St. Vincent & Gren.,2016,Aug,6.3
670,St. Vincent & Gren.,2016,Sep,3.9
670,St. Vincent & Gren.,2016,Oct,4.9
670,St. Vincent & Gren.,2016,Nov,6.5
670,St. Vincent & Gren.,2016,Dec,9.8
670,St. Vincent & Gren.,2017,Jan,6.3
670,St. Vincent & Gren.,2017,Feb,6.8
670,St. Vincent & Gren.,2017,Mar,6.6
670,St. Vincent & Gren.,2017,Apr,6.9
670,St. Vincent & Gren.,2017,May,4.9
670,St. Vincent & Gren.,2017,Jun,6.6
670,St. Vincent & Gren.,2017,Jul,8.2
670,St. Vincent & Gren.,2017,Aug,6.4
670,St. Vincent & Gren.,2017,Sep,3.3
670,St. Vincent & Gren.,2017,Oct,4.3
670,St. Vincent & Gren.,2017,Nov,5.4
670,St. Vincent & Gren.,2017,Dec,10.3
670,St. Vincent & Gren.,2018,Jan,6.9
670,St. Vincent & Gren.,2018,Feb,6.9
670,St. Vincent & Gren.,2018,Mar,8.9
670,St. Vincent & Gren.,2018,Apr,5.8
670,St. Vincent & Gren.,2018,May,5.0
670,St. Vincent & Gren.,2018,Jun,6.8
670,St. Vincent & Gren.,2018,Jul,9.1
670,St. Vincent & Gren.,2018,Aug,5.8
670,St. Vincent & Gren.,2018,Sep,3.4
670,St. Vincent & Gren.,2018,Oct,4.3
670,St. Vincent & Gren.,2018,Nov,5.4
670,St. Vincent & Gren.,2018,Dec,11.6
670,St. Vincent & Gren.,2019,Jan,7.5
670,St. Vincent & Gren.,2019,Feb,7.6
670,St. Vincent & Gren.,2019,Mar,8.1
670,St. Vincent & Gren.,2019,Apr,7.5
670,St. Vincent & Gren.,2019,May,5.4
670,St. Vincent & Gren.,2019,Jun,7.4
670,St. Vincent & Gren.,2019,Jul,9.4
670,St. Vincent & Gren.,2019,Aug,6.0
670,St. Vincent & Gren.,2019,Sep,3.6
670,St. Vincent & Gren.,2019,Oct,4.9
670,St. Vincent & Gren.,2019,Nov,5.7
670,St. Vincent & Gren.,2019,Dec,12.6
670,St. Vincent & Gren.,2020,Jan,7.4
670,St. Vincent & Gren.,2020,Feb,7.3
670,St. Vincent & Gren.,2020,Mar,3.9
670,St. Vincent & Gren.,2020,Apr,0.0
670,St. Vincent & Gren.,2020,May,0.1
670,St. Vincent & Gren.,2020,Jun,0.1
670,St. Vincent & Gren.,2020,Jul,0.7
670,St. Vincent & Gren.,2020,Aug,1.1
670,St. Vincent & Gren.,2020,Sep,0.6
670,St. Vincent & Gren.,2020,Oct,1.0
670,St. Vincent & Gren.,2020,Nov,1.2
670,St. Vincent & Gren.,2020,Dec,3.2
670,St. Vincent & Gren.,2021,Jan,1.2
670,St. Vincent & Gren.,2021,Feb,0.5
670,St. Vincent & Gren.,2021,Mar,1.1
670,St. Vincent & Gren.,2021,Apr,0.4
670,St. Vincent & Gren.,2021,May,0.8
670,St. Vincent & Gren.,2021,Jun,1.3
670,St. Vincent & Gren.,2021,Jul,2.4
670,St. Vincent & Gren.,2021,Aug,2.0
670,St. Vincent & Gren.,2021,Sep,1.4
670,St. Vincent & Gren.,2021,Oct,2.6
670,St. Vincent & Gren.,2021,Nov,3.4
670,St. Vincent & Gren.,2021,Dec,7.0
670,St. Vincent & Gren.,2022,Jan,4.6
670,St. Vincent & Gren.,2022,Feb,4.5
670,St. Vincent & Gren.,2022,Mar,5.3
670,St. Vincent & Gren.,2022,Apr,5.2
670,St. Vincent & Gren.,2022,May,3.7
670,St. Vincent & Gren.,2022,Jun,4.5
670,St. Vincent & Gren.,2022,Jul,5.3
670,St. Vincent & Gren.,2022,Aug,4.3
670,St. Vincent & Gren.,2022,Sep,3.0
670,St. Vincent & Gren.,2022,Oct,3.8
670,St. Vincent & Gren.,2022,Nov,5.9
670,St. Vincent & Gren.,2022,Dec,8.8
670,St. Vincent & Gren.,2023,Jan,6.8
670,St. Vincent & Gren.,2023,Feb,6.7
670,St. Vincent & Gren.,2023,Mar,7.6
670,St. Vincent & Gren.,2023,Apr,7.2
670,St. Vincent & Gren.,2023,May,5.8
670,St. Vincent & Gren.,2023,Jun,6.0
670,St. Vincent & Gren.,2023,Jul,8.5
670,St. Vincent & Gren.,2023,Aug,5.6
670,St. Vincent & Gren.,2023,Sep,3.7
670,St. Vincent & Gren.,2023,Oct,4.2
670,St. Vincent & Gren.,2023,Nov,6.7
670,St. Vincent & Gren.,2023,Dec,11.9
670,St. Vincent & Gren.,2024,Jan,8.7
670,St. Vincent & Gren.,2024,Feb,8.9
670,St. Vincent & Gren.,2024,Mar,9.9
670,St. Vincent & Gren.,2024,Apr,7.8
670,St. Vincent & Gren.,2024,May,7.6
670,St. Vincent & Gren.,2024,Jun,9.1
670,St. Vincent & Gren.,2024,Jul,8.5
670,St. Vincent & Gren.,2024,Aug,6.3
670,St. Vincent & Gren.,2024,Sep,4.4
670,St. Vincent & Gren.,2024,Oct,7.5
670,St. Vincent & Gren.,2024,Nov,8.8
670,St. Vincent & Gren.,2024,Dec,15.3
670,St. Vincent & Gren.,2025,Jan,10.0
670,St. Vincent & Gren.,2025,Feb,9.7
670,St. Vincent & Gren.,2025,Mar,11.2
670,St. Vincent & Gren.,2025,Apr,10.3
670,St. Vincent & Gren.,2025,May,8.3
670,St. Vincent & Gren.,2025,Jun,10.0
740,Suriname,2015,Feb,17.7
740,Suriname,2015,Mar,18.9
740,Suriname,2015,Apr,20.1
740,Suriname,2015,May,20.0
740,Suriname,2015,Jun,17.8
740,Suriname,2015,Jul,27.8
740,Suriname,2015,Aug,25.9
740,Suriname,2015,Sep,13.5
740,Suriname,2015,Oct,13.6
740,Suriname,2015,Nov,13.3
740,Suriname,2015,Dec,20.7
740,Suriname,2016,Jan,16.1
740,Suriname,2016,Feb,16.7
740,Suriname,2016,Mar,20.0
740,Suriname,2016,Apr,21.7
740,Suriname,2016,May,18.1
740,Suriname,2016,Jun,19.7
740,Suriname,2016,Jul,32.8
740,Suriname,2016,Aug,27.6
740,Suriname,2016,Sep,18.3
740,Suriname,2016,Oct,19.7
740,Suriname,2016,Nov,20.1
740,Suriname,2016,Dec,26.2
740,Suriname,2017,Jan,18.6
740,Suriname,2017,Feb,21.7
740,Suriname,2017,Mar,20.5
740,Suriname,2017,Apr,22.9
740,Suriname,2017,May,21.1
740,Suriname,2017,Jun,16.9
740,Suriname,2017,Jul,27.9
740,Suriname,2017,Aug,24.8
740,Suriname,2017,Sep,16.7
740,Suriname,2017,Oct,16.7
740,Suriname,2017,Nov,20.0
740,Suriname,2017,Dec,28.1
740,Suriname,2018,Jan,18.7
740,Suriname,2018,Feb,20.4
740,Suriname,2018,Mar,11.6
740,Suriname,2018,Apr,21.9
740,Suriname,2018,May,19.4
740,Suriname,2018,Jun,19.7
740,Suriname,2018,Jul,32.4
740,Suriname,2018,Aug,33.6
740,Suriname,2018,Sep,19.1
740,Suriname,2018,Oct,24.5
740,Suriname,2018,Nov,24.1
740,Suriname,2018,Dec,29.4
740,Suriname,2020,Jan,19.0
740,Suriname,2020,Feb,25.8
740,Suriname,2020,Mar,11.9
740,Suriname,2020,Apr,0.2
740,Suriname,2020,May,0.0
740,Suriname,2020,Jun,0.4
740,Suriname,2020,Jul,0.9
740,Suriname,2020,Aug,1.2
740,Suriname,2020,Sep,1.6
740,Suriname,2020,Oct,1.9
740,Suriname,2020,Nov,2.9
740,Suriname,2020,Dec,0.1
740,Suriname,2021,Jan,2.1
740,Suriname,2021,Feb,1.8
740,Suriname,2021,Mar,3.7
740,Suriname,2021,Apr,4.3
740,Suriname,2021,May,2.4
740,Suriname,2021,Jun,2.4
740,Suriname,2021,Jul,4.2
740,Suriname,2021,Aug,6.3
740,Suriname,2021,Sep,8.6
740,Suriname,2021,Oct,9.6
740,Suriname,2021,Nov,10.9
740,Suriname,2021,Dec,14.2
752,Sweden,2015,Feb,583.3
752,Sweden,2015,Mar,613.1
752,Sweden,2015,Apr,637.1
752,Sweden,2015,May,951.1
752,Sweden,2015,Jun,1569.0
752,Sweden,2015,Jul,2836.0
752,Sweden,2015,Aug,2021.0
752,Sweden,2015,Sep,908.6
752,Sweden,2015,Oct,764.1
752,Sweden,2015,Nov,613.1
752,Sweden,2015,Dec,576.0
752,Sweden,2016,Jan,529.7
752,Sweden,2016,Feb,639.4
752,Sweden,2016,Mar,661.3
752,Sweden,2016,Apr,666.5
752,Sweden,2016,May,1030.0
752,Sweden,2016,Jun,1626.0
752,Sweden,2016,Jul,2970.0
752,Sweden,2016,Aug,2207.0
752,Sweden,2016,Sep,975.7
752,Sweden,2016,Oct,773.6
752,Sweden,2016,Nov,636.5
752,Sweden,2016,Dec,625.6
752,Sweden,2017,Jan,586.6
752,Sweden,2017,Feb,670.1
752,Sweden,2017,Mar,704.4
752,Sweden,2017,Apr,763.0
752,Sweden,2017,May,1097.0
752,Sweden,2017,Jun,1756.0
752,Sweden,2017,Jul,2983.0
752,Sweden,2017,Aug,2197.0
752,Sweden,2017,Sep,1027.0
752,Sweden,2017,Oct,798.1
752,Sweden,2017,Nov,669.8
752,Sweden,2017,Dec,668.5
752,Sweden,2018,Jan,602.6
752,Sweden,2018,Feb,706.9
752,Sweden,2018,Mar,839.8
752,Sweden,2018,Apr,767.8
752,Sweden,2018,May,1208.0
752,Sweden,2018,Jun,1805.0
752,Sweden,2018,Jul,3125.0
752,Sweden,2018,Aug,2257.0
752,Sweden,2018,Sep,1039.0
752,Sweden,2018,Oct,865.0
752,Sweden,2018,Nov,739.9
752,Sweden,2018,Dec,769.3
752,Sweden,2019,Jan,636.8
752,Sweden,2019,Feb,757.1
752,Sweden,2019,Mar,799.9
752,Sweden,2019,Apr,812.4
752,Sweden,2019,May,1178.0
752,Sweden,2019,Jun,1937.0
752,Sweden,2019,Jul,3255.0
752,Sweden,2019,Aug,2388.0
752,Sweden,2019,Sep,1062.0
752,Sweden,2019,Oct,845.9
752,Sweden,2019,Nov,695.0
752,Sweden,2019,Dec,655.1
752,Sweden,2020,Jan,638.9
752,Sweden,2020,Feb,723.6
752,Sweden,2020,Mar,298.6
752,Sweden,2020,Apr,65.7
752,Sweden,2020,May,124.2
752,Sweden,2020,Jun,204.6
752,Sweden,2020,Jul,433.9
752,Sweden,2020,Aug,455.6
752,Sweden,2020,Sep,328.4
752,Sweden,2020,Oct,320.2
752,Sweden,2020,Nov,145.7
752,Sweden,2020,Dec,134.9
752,Sweden,2021,Jan,117.9
752,Sweden,2021,Feb,129.2
752,Sweden,2021,Mar,139.2
752,Sweden,2021,Apr,146.9
752,Sweden,2021,May,192.8
752,Sweden,2021,Jun,377.0
752,Sweden,2021,Jul,1262.0
752,Sweden,2021,Aug,1347.0
752,Sweden,2021,Sep,604.5
752,Sweden,2021,Oct,596.6
752,Sweden,2021,Nov,510.6
752,Sweden,2021,Dec,459.4
752,Sweden,2022,Jan,340.2
752,Sweden,2022,Feb,508.8
752,Sweden,2022,Mar,592.3
752,Sweden,2022,Apr,750.2
752,Sweden,2022,May,982.3
752,Sweden,2022,Jun,1669.0
752,Sweden,2022,Jul,3107.0
752,Sweden,2022,Aug,2188.0
752,Sweden,2022,Sep,960.5
752,Sweden,2022,Oct,772.9
752,Sweden,2022,Nov,601.2
752,Sweden,2022,Dec,642.3
752,Sweden,2023,Jan,305.6
752,Sweden,2023,Feb,370.0
752,Sweden,2023,Mar,377.6
752,Sweden,2023,Apr,408.4
752,Sweden,2023,May,578.6
752,Sweden,2023,Jun,903.7
752,Sweden,2023,Jul,1696.0
752,Sweden,2023,Aug,1175.0
752,Sweden,2023,Sep,551.5
752,Sweden,2023,Oct,435.8
752,Sweden,2023,Nov,339.6
752,Sweden,2023,Dec,388.8
752,Sweden,2024,Jan,351.1
752,Sweden,2024,Feb,459.7
752,Sweden,2024,Mar,492.5
752,Sweden,2024,Apr,428.8
752,Sweden,2024,May,726.7
752,Sweden,2024,Jun,1036.0
752,Sweden,2024,Jul,1764.0
752,Sweden,2024,Aug,1334.0
752,Sweden,2024,Sep,646.3
752,Sweden,2024,Oct,549.1
752,Sweden,2024,Nov,423.9
752,Sweden,2024,Dec,471.8
752,Sweden,2025,Jan,356.3
752,Sweden,2025,Feb,425.8
752,Sweden,2025,Mar,409.0
752,Sweden,2025,Apr,474.0
752,Sweden,2025,May,632.7
752,Sweden,2025,Jun,1069.0
752,Sweden,2025,Jul,1806.0
752,Sweden,2025,Aug,1398.0
752,Sweden,2025,Sep,601.2
756,Switzerland,2015,Feb,607.6
756,Switzerland,2015,Mar,668.3
756,Switzerland,2015,Apr,627.2
756,Switzerland,2015,May,814.1
756,Switzerland,2015,Jun,957.0
756,Switzerland,2015,Jul,1181.0
756,Switzerland,2015,Aug,1184.0
756,Switzerland,2015,Sep,917.5
756,Switzerland,2015,Oct,720.7
756,Switzerland,2015,Nov,512.0
756,Switzerland,2015,Dec,566.3
756,Switzerland,2016,Jan,589.7
756,Switzerland,2016,Feb,686.3
756,Switzerland,2016,Mar,767.5
756,Switzerland,2016,Apr,676.8
756,Switzerland,2016,May,895.5
756,Switzerland,2016,Jun,1028.0
756,Switzerland,2016,Jul,1387.0
756,Switzerland,2016,Aug,1391.0
756,Switzerland,2016,Sep,1025.0
756,Switzerland,2016,Oct,763.6
756,Switzerland,2016,Nov,535.3
756,Switzerland,2016,Dec,656.3
756,Switzerland,2017,Jan,631.8
756,Switzerland,2017,Feb,688.2
756,Switzerland,2017,Mar,772.5
756,Switzerland,2017,Apr,793.5
756,Switzerland,2017,May,942.8
756,Switzerland,2017,Jun,1164.0
756,Switzerland,2017,Jul,1459.0
756,Switzerland,2017,Aug,1475.0
756,Switzerland,2017,Sep,1086.0
756,Switzerland,2017,Oct,836.8
756,Switzerland,2017,Nov,566.2
756,Switzerland,2017,Dec,718.0
756,Switzerland,2018,Jan,661.2
756,Switzerland,2018,Feb,730.7
756,Switzerland,2018,Mar,873.6
756,Switzerland,2018,Apr,785.6
756,Switzerland,2018,May,993.3
756,Switzerland,2018,Jun,1238.0
756,Switzerland,2018,Jul,1536.0
756,Switzerland,2018,Aug,1580.0
756,Switzerland,2018,Sep,1143.0
756,Switzerland,2018,Oct,849.6
756,Switzerland,2018,Nov,582.6
756,Switzerland,2018,Dec,741.4
756,Switzerland,2019,Jan,640.2
756,Switzerland,2019,Feb,711.3
756,Switzerland,2019,Mar,847.4
756,Switzerland,2019,Apr,841.2
756,Switzerland,2019,May,1000.0
756,Switzerland,2019,Jun,1295.0
756,Switzerland,2019,Jul,1547.0
756,Switzerland,2019,Aug,1544.0
756,Switzerland,2019,Sep,1153.0
756,Switzerland,2019,Oct,886.3
756,Switzerland,2019,Nov,583.8
756,Switzerland,2019,Dec,769.0
756,Switzerland,2020,Jan,697.0
756,Switzerland,2020,Feb,714.5
756,Switzerland,2020,Mar,231.4
756,Switzerland,2020,Apr,14.5
756,Switzerland,2020,May,30.9
756,Switzerland,2020,Jun,147.0
756,Switzerland,2020,Jul,479.5
756,Switzerland,2020,Aug,633.7
756,Switzerland,2020,Sep,365.4
756,Switzerland,2020,Oct,166.6
756,Switzerland,2020,Nov,75.5
756,Switzerland,2020,Dec,134.3
756,Switzerland,2021,Jan,114.1
756,Switzerland,2021,Feb,123.3
756,Switzerland,2021,Mar,165.1
756,Switzerland,2021,Apr,147.0
756,Switzerland,2021,May,191.6
756,Switzerland,2021,Jun,273.0
756,Switzerland,2021,Jul,620.1
756,Switzerland,2021,Aug,920.7
756,Switzerland,2021,Sep,633.5
756,Switzerland,2021,Oct,470.4
756,Switzerland,2021,Nov,341.2
756,Switzerland,2021,Dec,389.8
756,Switzerland,2022,Jan,345.7
756,Switzerland,2022,Feb,449.2
756,Switzerland,2022,Mar,539.9
756,Switzerland,2022,Apr,540.8
756,Switzerland,2022,May,693.4
756,Switzerland,2022,Jun,951.8
756,Switzerland,2022,Jul,1322.0
756,Switzerland,2022,Aug,1380.0
756,Switzerland,2022,Sep,981.8
756,Switzerland,2022,Oct,723.2
756,Switzerland,2022,Nov,501.7
756,Switzerland,2022,Dec,730.1
756,Switzerland,2023,Jan,610.3
756,Switzerland,2023,Feb,633.5
756,Switzerland,2023,Mar,711.7
756,Switzerland,2023,Apr,793.2
756,Switzerland,2023,May,978.6
756,Switzerland,2023,Jun,1249.0
756,Switzerland,2023,Jul,1380.0
756,Switzerland,2023,Aug,1350.0
756,Switzerland,2023,Sep,1117.0
756,Switzerland,2023,Oct,850.0
756,Switzerland,2023,Nov,578.6
756,Switzerland,2023,Dec,802.1
756,Switzerland,2024,Jan,650.1
756,Switzerland,2024,Feb,711.0
756,Switzerland,2024,Mar,807.4
756,Switzerland,2024,Apr,765.1
756,Switzerland,2024,May,1012.0
756,Switzerland,2024,Jun,1218.0
756,Switzerland,2024,Jul,1438.0
756,Switzerland,2024,Aug,1438.0
756,Switzerland,2024,Sep,1141.0
756,Switzerland,2024,Oct,829.3
756,Switzerland,2024,Nov,589.1
756,Switzerland,2024,Dec,818.4
756,Switzerland,2025,Jan,742.0
756,Switzerland,2025,Feb,738.5
756,Switzerland,2025,Mar,820.7
756,Switzerland,2025,Apr,859.9
756,Switzerland,2025,May,1082.0
756,Switzerland,2025,Jun,1380.0
760,Syria,2016,Jan,51.7
760,Syria,2016,Feb,58.4
760,Syria,2016,Mar,72.0
760,Syria,2016,Apr,85.6
760,Syria,2016,May,82.6
760,Syria,2016,Jun,74.8
760,Syria,2016,Jul,100.9
760,Syria,2016,Aug,104.5
760,Syria,2016,Sep,108.4
760,Syria,2016,Oct,108.5
760,Syria,2016,Nov,108.6
760,Syria,2016,Dec,87.4
760,Syria,2017,Jan,73.0
760,Syria,2017,Feb,91.1
760,Syria,2017,Mar,92.4
760,Syria,2017,Apr,89.8
760,Syria,2017,May,97.0
760,Syria,2017,Jun,86.2
760,Syria,2017,Jul,118.6
760,Syria,2017,Aug,131.8
760,Syria,2017,Sep,132.5
760,Syria,2017,Oct,137.0
760,Syria,2017,Nov,126.2
760,Syria,2017,Dec,115.4
760,Syria,2018,Jan,90.6
760,Syria,2018,Feb,96.6
760,Syria,2018,Mar,111.0
760,Syria,2018,Apr,119.2
760,Syria,2018,May,103.7
760,Syria,2018,Jun,130.4
760,Syria,2018,Jul,181.2
760,Syria,2018,Aug,194.2
760,Syria,2018,Sep,197.2
760,Syria,2018,Oct,208.2
760,Syria,2018,Nov,190.6
760,Syria,2018,Dec,179.3
760,Syria,2019,Jan,151.4
760,Syria,2019,Feb,160.7
760,Syria,2019,Mar,201.2
760,Syria,2019,Apr,244.1
760,Syria,2019,May,157.4
760,Syria,2019,Jun,206.7
760,Syria,2019,Jul,257.9
760,Syria,2019,Aug,274.4
760,Syria,2019,Sep,251.9
760,Syria,2019,Oct,192.2
760,Syria,2019,Nov,151.7
760,Syria,2019,Dec,174.8
760,Syria,2020,Jan,156.8
760,Syria,2020,Feb,168.1
760,Syria,2020,Mar,76.2
760,Syria,2020,Apr,2.7
760,Syria,2020,May,2.3
760,Syria,2020,Jun,6.6
760,Syria,2020,Jul,7.4
760,Syria,2020,Aug,6.4
760,Syria,2020,Sep,9.9
760,Syria,2020,Oct,14.0
760,Syria,2020,Nov,13.3
760,Syria,2020,Dec,15.6
760,Syria,2021,Jan,12.6
760,Syria,2021,Feb,12.3
760,Syria,2021,Mar,16.3
760,Syria,2021,Apr,20.7
760,Syria,2021,May,31.4
760,Syria,2021,Jun,50.2
760,Syria,2021,Jul,68.5
760,Syria,2021,Aug,53.6
760,Syria,2021,Sep,186.0
760,Syria,2021,Oct,117.1
760,Syria,2021,Nov,103.2
760,Syria,2021,Dec,70.0
760,Syria,2022,Jan,59.8
760,Syria,2022,Feb,76.7
760,Syria,2022,Mar,99.7
760,Syria,2022,Apr,141.4
760,Syria,2022,May,141.7
760,Syria,2022,Jun,208.5
760,Syria,2022,Jul,198.0
760,Syria,2022,Aug,191.4
760,Syria,2022,Sep,172.0
760,Syria,2022,Oct,175.4
760,Syria,2022,Nov,147.4
760,Syria,2022,Dec,174.7
760,Syria,2023,Jan,142.8
760,Syria,2023,Feb,113.3
760,Syria,2023,Mar,138.5
760,Syria,2023,Apr,141.8
760,Syria,2023,May,190.6
760,Syria,2023,Jun,229.6
760,Syria,2023,Jul,230.2
760,Syria,2023,Aug,225.2
760,Syria,2023,Sep,208.4
760,Syria,2023,Oct,139.5
760,Syria,2023,Nov,111.5
760,Syria,2023,Dec,146.4
760,Syria,2024,Jan,151.0
760,Syria,2024,Feb,143.9
760,Syria,2024,Mar,136.8
760,Syria,2024,Apr,155.5
760,Syria,2024,May,192.4
760,Syria,2024,Jun,222.6
760,Syria,2024,Jul,235.0
760,Syria,2024,Aug,212.9
760,Syria,2024,Sep,248.1
760,Syria,2024,Oct,152.6
760,Syria,2024,Nov,123.3
760,Syria,2024,Dec,16.7
760,Syria,2025,Jan,53.9
760,Syria,2025,Feb,52.9
760,Syria,2025,Mar,55.1
760,Syria,2025,Apr,76.5
760,Syria,2025,May,87.7
760,Syria,2025,Jun,125.3
760,Syria,2025,Jul,119.8
760,Syria,2025,Aug,142.7
760,Syria,2025,Sep,143.1
158,Taiwan (pr. of China),2015,Feb,817.2
158,Taiwan (pr. of China),2015,Mar,861.6
158,Taiwan (pr. of China),2015,Apr,888.0
158,Taiwan (pr. of China),2015,May,866.4
158,Taiwan (pr. of China),2015,Jun,800.1
158,Taiwan (pr. of China),2015,Jul,833.2
158,Taiwan (pr. of China),2015,Aug,894.3
158,Taiwan (pr. of China),2015,Sep,837.4
158,Taiwan (pr. of China),2015,Oct,927.0
158,Taiwan (pr. of China),2015,Nov,939.5
158,Taiwan (pr. of China),2015,Dec,1023.0
158,Taiwan (pr. of China),2016,Jan,865.9
158,Taiwan (pr. of China),2016,Feb,920.2
158,Taiwan (pr. of China),2016,Mar,1035.0
158,Taiwan (pr. of China),2016,Apr,910.3
158,Taiwan (pr. of China),2016,May,882.6
158,Taiwan (pr. of China),2016,Jun,817.8
158,Taiwan (pr. of China),2016,Jul,848.9
158,Taiwan (pr. of China),2016,Aug,863.5
158,Taiwan (pr. of China),2016,Sep,772.2
158,Taiwan (pr. of China),2016,Oct,845.9
158,Taiwan (pr. of China),2016,Nov,891.2
158,Taiwan (pr. of China),2016,Dec,1037.0
158,Taiwan (pr. of China),2017,Jan,824.8
158,Taiwan (pr. of China),2017,Feb,787.5
158,Taiwan (pr. of China),2017,Mar,926.6
158,Taiwan (pr. of China),2017,Apr,926.8
158,Taiwan (pr. of China),2017,May,822.2
158,Taiwan (pr. of China),2017,Jun,835.9
158,Taiwan (pr. of China),2017,Jul,833.1
158,Taiwan (pr. of China),2017,Aug,909.4
158,Taiwan (pr. of China),2017,Sep,820.1
158,Taiwan (pr. of China),2017,Oct,927.3
158,Taiwan (pr. of China),2017,Nov,1014.0
158,Taiwan (pr. of China),2017,Dec,1112.0
158,Taiwan (pr. of China),2018,Jan,872.3
158,Taiwan (pr. of China),2018,Feb,850.8
158,Taiwan (pr. of China),2018,Mar,1014.0
158,Taiwan (pr. of China),2018,Apr,883.1
158,Taiwan (pr. of China),2018,May,842.2
158,Taiwan (pr. of China),2018,Jun,857.6
158,Taiwan (pr. of China),2018,Jul,853.4
158,Taiwan (pr. of China),2018,Aug,953.3
158,Taiwan (pr. of China),2018,Sep,836.6
158,Taiwan (pr. of China),2018,Oct,959.8
158,Taiwan (pr. of China),2018,Nov,1019.0
158,Taiwan (pr. of China),2018,Dec,1125.0
158,Taiwan (pr. of China),2019,Jan,867.7
158,Taiwan (pr. of China),2019,Feb,956.2
158,Taiwan (pr. of China),2019,Mar,1079.0
158,Taiwan (pr. of China),2019,Apr,1101.0
158,Taiwan (pr. of China),2019,May,1040.0
158,Taiwan (pr. of China),2019,Jun,932.7
158,Taiwan (pr. of China),2019,Jul,988.8
158,Taiwan (pr. of China),2019,Aug,1031.0
158,Taiwan (pr. of China),2019,Sep,794.4
158,Taiwan (pr. of China),2019,Oct,939.1
158,Taiwan (pr. of China),2019,Nov,990.4
158,Taiwan (pr. of China),2019,Dec,1143.0
158,Taiwan (pr. of China),2020,Jan,813.0
158,Taiwan (pr. of China),2020,Feb,357.4
158,Taiwan (pr. of China),2020,Mar,78.3
158,Taiwan (pr. of China),2020,Apr,2.6
158,Taiwan (pr. of China),2020,May,3.3
158,Taiwan (pr. of China),2020,Jun,7.5
158,Taiwan (pr. of China),2020,Jul,11.7
158,Taiwan (pr. of China),2020,Aug,18.5
158,Taiwan (pr. of China),2020,Sep,23.5
158,Taiwan (pr. of China),2020,Oct,19.0
158,Taiwan (pr. of China),2020,Nov,21.2
158,Taiwan (pr. of China),2020,Dec,22.0
158,Taiwan (pr. of China),2021,Jan,14.8
158,Taiwan (pr. of China),2021,Feb,12.7
158,Taiwan (pr. of China),2021,Mar,18.4
158,Taiwan (pr. of China),2021,Apr,17.8
158,Taiwan (pr. of China),2021,May,10.7
158,Taiwan (pr. of China),2021,Jun,2.8
158,Taiwan (pr. of China),2021,Jul,5.5
158,Taiwan (pr. of China),2021,Aug,8.0
158,Taiwan (pr. of China),2021,Sep,12.3
158,Taiwan (pr. of China),2021,Oct,14.1
158,Taiwan (pr. of China),2021,Nov,13.5
158,Taiwan (pr. of China),2021,Dec,10.0
158,Taiwan (pr. of China),2022,Jan,7.6
158,Taiwan (pr. of China),2022,Feb,11.6
158,Taiwan (pr. of China),2022,Mar,20.0
158,Taiwan (pr. of China),2022,Apr,29.8
158,Taiwan (pr. of China),2022,May,32.5
158,Taiwan (pr. of China),2022,Jun,38.5
158,Taiwan (pr. of China),2022,Jul,50.0
158,Taiwan (pr. of China),2022,Aug,69.3
158,Taiwan (pr. of China),2022,Sep,68.3
158,Taiwan (pr. of China),2022,Oct,93.2
158,Taiwan (pr. of China),2022,Nov,173.1
158,Taiwan (pr. of China),2022,Dec,302.1
158,Taiwan (pr. of China),2023,Jan,254.4
158,Taiwan (pr. of China),2023,Feb,369.1
158,Taiwan (pr. of China),2023,Mar,486.2
158,Taiwan (pr. of China),2023,Apr,553.2
158,Taiwan (pr. of China),2023,May,516.4
158,Taiwan (pr. of China),2023,Jun,509.7
158,Taiwan (pr. of China),2023,Jul,543.4
158,Taiwan (pr. of China),2023,Aug,590.5
158,Taiwan (pr. of China),2023,Sep,538.7
158,Taiwan (pr. of China),2023,Oct,621.6
158,Taiwan (pr. of China),2023,Nov,689.1
158,Taiwan (pr. of China),2023,Dec,814.8
158,Taiwan (pr. of China),2024,Jan,590.0
158,Taiwan (pr. of China),2024,Feb,648.3
158,Taiwan (pr. of China),2024,Mar,811.6
158,Taiwan (pr. of China),2024,Apr,610.1
158,Taiwan (pr. of China),2024,May,581.7
158,Taiwan (pr. of China),2024,Jun,571.5
158,Taiwan (pr. of China),2024,Jul,539.5
158,Taiwan (pr. of China),2024,Aug,616.9
158,Taiwan (pr. of China),2024,Sep,575.5
158,Taiwan (pr. of China),2024,Oct,661.1
158,Taiwan (pr. of China),2024,Nov,747.8
158,Taiwan (pr. of China),2024,Dec,903.6
158,Taiwan (pr. of China),2025,Jan,651.1
158,Taiwan (pr. of China),2025,Feb,699.2
158,Taiwan (pr. of China),2025,Mar,778.6
158,Taiwan (pr. of China),2025,Apr,751.1
158,Taiwan (pr. of China),2025,May,710.9
158,Taiwan (pr. of China),2025,Jun,606.3
158,Taiwan (pr. of China),2025,Jul,586.2
158,Taiwan (pr. of China),2025,Aug,673.1
834,Tanzania,2015,Feb,88.9
834,Tanzania,2015,Mar,77.8
834,Tanzania,2015,Apr,67.4
834,Tanzania,2015,May,81.5
834,Tanzania,2015,Jun,90.2
834,Tanzania,2015,Jul,91.9
834,Tanzania,2015,Aug,142.9
834,Tanzania,2015,Sep,100.8
834,Tanzania,2015,Oct,84.1
834,Tanzania,2015,Nov,96.9
834,Tanzania,2015,Dec,115.9
834,Tanzania,2016,Jan,99.8
834,Tanzania,2016,Feb,91.5
834,Tanzania,2016,Mar,93.1
834,Tanzania,2016,Apr,76.5
834,Tanzania,2016,May,76.1
834,Tanzania,2016,Jun,89.4
834,Tanzania,2016,Jul,126.7
834,Tanzania,2016,Aug,119.5
834,Tanzania,2016,Sep,121.3
834,Tanzania,2016,Oct,134.1
834,Tanzania,2016,Nov,121.4
834,Tanzania,2016,Dec,135.1
834,Tanzania,2017,Jan,121.3
834,Tanzania,2017,Feb,101.2
834,Tanzania,2017,Mar,98.3
834,Tanzania,2017,Apr,86.7
834,Tanzania,2017,May,78.0
834,Tanzania,2017,Jun,92.4
834,Tanzania,2017,Jul,131.6
834,Tanzania,2017,Aug,131.4
834,Tanzania,2017,Sep,111.0
834,Tanzania,2017,Oct,122.3
834,Tanzania,2017,Nov,109.2
834,Tanzania,2017,Dec,143.9
834,Tanzania,2018,Jan,133.8
834,Tanzania,2018,Feb,107.8
834,Tanzania,2018,Mar,123.3
834,Tanzania,2018,Apr,92.9
834,Tanzania,2018,May,91.4
834,Tanzania,2018,Jun,117.8
834,Tanzania,2018,Jul,148.6
834,Tanzania,2018,Aug,157.3
834,Tanzania,2018,Sep,151.0
834,Tanzania,2018,Oct,120.8
834,Tanzania,2018,Nov,111.9
834,Tanzania,2018,Dec,149.3
834,Tanzania,2019,Jan,120.5
834,Tanzania,2019,Feb,122.9
834,Tanzania,2019,Mar,108.3
834,Tanzania,2019,Apr,95.2
834,Tanzania,2019,May,80.2
834,Tanzania,2019,Jun,121.2
834,Tanzania,2019,Jul,156.7
834,Tanzania,2019,Aug,155.7
834,Tanzania,2019,Sep,143.7
834,Tanzania,2019,Oct,133.0
834,Tanzania,2019,Nov,124.9
834,Tanzania,2019,Dec,160.3
834,Tanzania,2020,Jan,132.7
834,Tanzania,2020,Feb,137.2
834,Tanzania,2020,Mar,66.6
834,Tanzania,2020,Apr,7.1
834,Tanzania,2020,May,5.5
834,Tanzania,2020,Jun,9.7
834,Tanzania,2020,Jul,17.1
834,Tanzania,2020,Aug,24.9
834,Tanzania,2020,Sep,29.6
834,Tanzania,2020,Oct,41.7
834,Tanzania,2020,Nov,61.2
834,Tanzania,2020,Dec,87.6
834,Tanzania,2021,Jan,79.1
834,Tanzania,2021,Feb,79.7
834,Tanzania,2021,Mar,72.3
834,Tanzania,2021,Apr,44.0
834,Tanzania,2021,May,42.2
834,Tanzania,2021,Jun,57.7
834,Tanzania,2021,Jul,81.3
834,Tanzania,2021,Aug,87.4
834,Tanzania,2021,Sep,80.7
834,Tanzania,2021,Oct,92.3
834,Tanzania,2021,Nov,92.9
834,Tanzania,2021,Dec,113.0
834,Tanzania,2022,Jan,94.4
834,Tanzania,2022,Feb,101.0
834,Tanzania,2022,Mar,93.9
834,Tanzania,2022,Apr,79.4
834,Tanzania,2022,May,89.3
834,Tanzania,2022,Jun,117.3
834,Tanzania,2022,Jul,166.7
834,Tanzania,2022,Aug,158.0
834,Tanzania,2022,Sep,134.2
834,Tanzania,2022,Oct,141.5
834,Tanzania,2022,Nov,123.4
834,Tanzania,2022,Dec,155.6
834,Tanzania,2023,Jan,146.9
834,Tanzania,2023,Feb,144.0
834,Tanzania,2023,Mar,118.2
834,Tanzania,2023,Apr,96.9
834,Tanzania,2023,May,106.5
834,Tanzania,2023,Jun,146.9
834,Tanzania,2023,Jul,185.9
834,Tanzania,2023,Aug,186.0
834,Tanzania,2023,Sep,168.7
834,Tanzania,2023,Oct,171.6
834,Tanzania,2023,Nov,154.0
834,Tanzania,2023,Dec,182.6
834,Tanzania,2024,Jan,180.4
834,Tanzania,2024,Feb,184.1
834,Tanzania,2024,Mar,155.8
834,Tanzania,2024,Apr,116.3
834,Tanzania,2024,May,129.5
834,Tanzania,2024,Jun,179.3
834,Tanzania,2024,Jul,218.1
834,Tanzania,2024,Aug,211.1
834,Tanzania,2024,Sep,186.2
834,Tanzania,2024,Oct,189.6
834,Tanzania,2024,Nov,174.0
834,Tanzania,2024,Dec,217.7
834,Tanzania,2025,Jan,195.9
834,Tanzania,2025,Feb,190.3
834,Tanzania,2025,Mar,140.6
834,Tanzania,2025,Apr,130.3
834,Tanzania,2025,May,137.4
834,Tanzania,2025,Jun,202.2
834,Tanzania,2025,Jul,274.1
834,Tanzania,2025,Aug,246.2
834,Tanzania,2025,Sep,214.4
764,Thailand,2015,Feb,2664.0
764,Thailand,2015,Mar,2555.0
764,Thailand,2015,Apr,2407.0
764,Thailand,2015,May,2302.0
764,Thailand,2015,Jun,2270.0
764,Thailand,2015,Jul,2642.0
764,Thailand,2015,Aug,2590.0
764,Thailand,2015,Sep,2045.0
764,Thailand,2015,Oct,2246.0
764,Thailand,2015,Nov,2566.0
764,Thailand,2015,Dec,3024.0
764,Thailand,2016,Jan,2996.0
764,Thailand,2016,Feb,3081.0
764,Thailand,2016,Mar,2927.0
764,Thailand,2016,Apr,2628.0
764,Thailand,2016,May,2459.0
764,Thailand,2016,Jun,2423.0
764,Thailand,2016,Jul,2949.0
764,Thailand,2016,Aug,2884.0
764,Thailand,2016,Sep,2417.0
764,Thailand,2016,Oct,2253.0
764,Thailand,2016,Nov,2452.0
764,Thailand,2016,Dec,3061.0
764,Thailand,2017,Jan,3197.0
764,Thailand,2017,Feb,2967.0
764,Thailand,2017,Mar,3018.0
764,Thailand,2017,Apr,2853.0
764,Thailand,2017,May,2601.0
764,Thailand,2017,Jun,2731.0
764,Thailand,2017,Jul,3099.0
764,Thailand,2017,Aug,3188.0
764,Thailand,2017,Sep,2600.0
764,Thailand,2017,Oct,2726.0
764,Thailand,2017,Nov,3040.0
764,Thailand,2017,Dec,3572.0
764,Thailand,2018,Jan,3531.0
764,Thailand,2018,Feb,3552.0
764,Thailand,2018,Mar,3495.0
764,Thailand,2018,Apr,3096.0
764,Thailand,2018,May,2738.0
764,Thailand,2018,Jun,3013.0
764,Thailand,2018,Jul,3177.0
764,Thailand,2018,Aug,3229.0
764,Thailand,2018,Sep,2636.0
764,Thailand,2018,Oct,2704.0
764,Thailand,2018,Nov,3171.0
764,Thailand,2018,Dec,3836.0
764,Thailand,2019,Jan,3713.0
764,Thailand,2019,Feb,3601.0
764,Thailand,2019,Mar,3479.0
764,Thailand,2019,Apr,3217.0
764,Thailand,2019,May,2737.0
764,Thailand,2019,Jun,3057.0
764,Thailand,2019,Jul,3343.0
764,Thailand,2019,Aug,3473.0
764,Thailand,2019,Sep,2890.0
764,Thailand,2019,Oct,3074.0
764,Thailand,2019,Nov,3386.0
764,Thailand,2019,Dec,3947.0
764,Thailand,2020,Jan,3810.0
764,Thailand,2020,Feb,2062.0
764,Thailand,2020,Mar,819.4
764,Thailand,2020,Apr,0.0
764,Thailand,2020,May,0.0
764,Thailand,2020,Jun,0.0
764,Thailand,2020,Jul,0.0
764,Thailand,2020,Aug,0.0
764,Thailand,2020,Sep,0.0
764,Thailand,2020,Oct,1.2
764,Thailand,2020,Nov,3.1
764,Thailand,2020,Dec,6.6
764,Thailand,2021,Jan,7.7
764,Thailand,2021,Feb,5.7
764,Thailand,2021,Mar,6.7
764,Thailand,2021,Apr,8.5
764,Thailand,2021,May,6.1
764,Thailand,2021,Jun,5.7
764,Thailand,2021,Jul,18.1
764,Thailand,2021,Aug,15.1
764,Thailand,2021,Sep,12.2
764,Thailand,2021,Oct,20.3
764,Thailand,2021,Nov,91.3
764,Thailand,2021,Dec,230.5
764,Thailand,2022,Jan,128.2
764,Thailand,2022,Feb,151.8
764,Thailand,2022,Mar,208.1
764,Thailand,2022,Apr,287.5
764,Thailand,2022,May,508.2
764,Thailand,2022,Jun,769.0
764,Thailand,2022,Jul,1135.0
764,Thailand,2022,Aug,1188.0
764,Thailand,2022,Sep,1259.0
764,Thailand,2022,Oct,1467.0
764,Thailand,2022,Nov,1721.0
764,Thailand,2022,Dec,2241.0
764,Thailand,2023,Jan,2145.0
764,Thailand,2023,Feb,2114.0
764,Thailand,2023,Mar,2270.0
764,Thailand,2023,Apr,2182.0
764,Thailand,2023,May,2014.0
764,Thailand,2023,Jun,2241.0
764,Thailand,2023,Jul,2491.0
764,Thailand,2023,Aug,2468.0
764,Thailand,2023,Sep,2131.0
764,Thailand,2023,Oct,2197.0
764,Thailand,2023,Nov,2637.0
764,Thailand,2023,Dec,3261.0
764,Thailand,2024,Jan,3035.0
764,Thailand,2024,Feb,3352.0
764,Thailand,2024,Mar,2983.0
764,Thailand,2024,Apr,2757.0
764,Thailand,2024,May,2633.0
764,Thailand,2024,Jun,2740.0
764,Thailand,2024,Jul,3103.0
764,Thailand,2024,Aug,2963.0
764,Thailand,2024,Sep,2521.0
764,Thailand,2024,Oct,2679.0
764,Thailand,2024,Nov,3150.0
764,Thailand,2024,Dec,3627.0
764,Thailand,2025,Jan,3709.0
764,Thailand,2025,Feb,3119.0
764,Thailand,2025,Mar,2720.0
764,Thailand,2025,Apr,2547.0
764,Thailand,2025,May,2267.0
764,Thailand,2025,Jun,2323.0
764,Thailand,2025,Jul,2610.0
764,Thailand,2025,Aug,2584.0
764,Thailand,2025,Sep,2236.0
776,Tonga,2015,Feb,2.4
776,Tonga,2015,Mar,2.9
776,Tonga,2015,Apr,3.6
776,Tonga,2015,May,3.8
776,Tonga,2015,Jun,5.9
776,Tonga,2015,Jul,6.0
776,Tonga,2015,Aug,4.8
776,Tonga,2015,Sep,4.9
776,Tonga,2015,Oct,4.0
776,Tonga,2015,Nov,3.6
776,Tonga,2015,Dec,8.4
776,Tonga,2016,Jan,3.6
776,Tonga,2016,Feb,3.3
776,Tonga,2016,Mar,3.3
776,Tonga,2016,Apr,3.5
776,Tonga,2016,May,5.2
776,Tonga,2016,Jun,6.8
776,Tonga,2016,Jul,6.1
776,Tonga,2016,Aug,5.9
776,Tonga,2016,Sep,5.2
776,Tonga,2016,Oct,4.3
776,Tonga,2016,Nov,5.9
776,Tonga,2016,Dec,8.1
776,Tonga,2017,Jan,3.4
776,Tonga,2017,Feb,2.9
776,Tonga,2017,Mar,2.6
776,Tonga,2017,Apr,3.8
776,Tonga,2017,May,5.3
776,Tonga,2017,Jun,6.5
776,Tonga,2017,Jul,5.9
776,Tonga,2017,Aug,6.8
776,Tonga,2017,Sep,6.4
776,Tonga,2017,Oct,4.6
776,Tonga,2017,Nov,4.3
776,Tonga,2017,Dec,9.6
776,Tonga,2021,Jan,0.0
776,Tonga,2021,Feb,0.0
776,Tonga,2021,Mar,0.0
776,Tonga,2021,Apr,0.0
776,Tonga,2021,May,0.0
776,Tonga,2021,Jun,0.1
776,Tonga,2021,Jul,0.0
776,Tonga,2021,Aug,0.0
776,Tonga,2021,Sep,0.0
776,Tonga,2021,Oct,0.0
776,Tonga,2021,Nov,0.0
776,Tonga,2021,Dec,0.0
776,Tonga,2022,Jan,0.0
776,Tonga,2022,Feb,0.0
776,Tonga,2022,Mar,0.1
776,Tonga,2022,Apr,0.0
776,Tonga,2022,May,0.1
776,Tonga,2022,Jun,0.3
776,Tonga,2022,Jul,0.4
776,Tonga,2022,Aug,1.8
776,Tonga,2022,Sep,2.5
776,Tonga,2022,Oct,2.5
776,Tonga,2022,Nov,3.3
776,Tonga,2022,Dec,7.4
776,Tonga,2023,Jan,3.3
776,Tonga,2023,Feb,2.7
776,Tonga,2023,Mar,3.1
776,Tonga,2023,Apr,3.5
776,Tonga,2023,May,4.3
776,Tonga,2023,Jun,5.9
776,Tonga,2023,Jul,6.4
776,Tonga,2023,Aug,6.1
776,Tonga,2023,Sep,5.1
776,Tonga,2023,Oct,3.8
776,Tonga,2023,Nov,4.2
776,Tonga,2023,Dec,7.3
776,Tonga,2024,Jan,3.8
776,Tonga,2024,Feb,3.2
776,Tonga,2024,Mar,3.5
776,Tonga,2024,Apr,3.9
776,Tonga,2024,May,5.0
776,Tonga,2024,Jun,7.3
776,Tonga,2024,Jul,7.5
776,Tonga,2024,Aug,6.7
776,Tonga,2024,Sep,5.9
776,Tonga,2024,Oct,4.5
776,Tonga,2024,Nov,4.4
776,Tonga,2024,Dec,5.2
780,Trinidad & Tobago,2015,Feb,48.0
780,Trinidad & Tobago,2015,Mar,36.1
780,Trinidad & Tobago,2015,Apr,36.1
780,Trinidad & Tobago,2015,May,32.6
780,Trinidad & Tobago,2015,Jun,34.7
780,Trinidad & Tobago,2015,Jul,42.0
780,Trinidad & Tobago,2015,Aug,37.1
780,Trinidad & Tobago,2015,Sep,29.2
780,Trinidad & Tobago,2015,Oct,30.7
780,Trinidad & Tobago,2015,Nov,34.5
780,Trinidad & Tobago,2015,Dec,43.3
780,Trinidad & Tobago,2016,Jan,40.1
780,Trinidad & Tobago,2016,Feb,42.0
780,Trinidad & Tobago,2016,Mar,32.9
780,Trinidad & Tobago,2016,Apr,32.0
780,Trinidad & Tobago,2016,May,30.3
780,Trinidad & Tobago,2016,Jun,32.5
780,Trinidad & Tobago,2016,Jul,39.6
780,Trinidad & Tobago,2016,Aug,34.8
780,Trinidad & Tobago,2016,Sep,27.6
780,Trinidad & Tobago,2016,Oct,27.5
780,Trinidad & Tobago,2016,Nov,29.7
780,Trinidad & Tobago,2016,Dec,39.8
780,Trinidad & Tobago,2017,Jan,32.0
780,Trinidad & Tobago,2017,Feb,46.7
780,Trinidad & Tobago,2017,Mar,31.8
780,Trinidad & Tobago,2017,Apr,32.0
780,Trinidad & Tobago,2017,May,30.5
780,Trinidad & Tobago,2017,Jun,31.3
780,Trinidad & Tobago,2017,Jul,37.1
780,Trinidad & Tobago,2017,Aug,33.3
780,Trinidad & Tobago,2017,Sep,25.0
780,Trinidad & Tobago,2017,Oct,29.3
780,Trinidad & Tobago,2017,Nov,28.3
780,Trinidad & Tobago,2017,Dec,37.2
780,Trinidad & Tobago,2018,Jan,33.3
780,Trinidad & Tobago,2018,Feb,40.9
780,Trinidad & Tobago,2018,Mar,33.0
780,Trinidad & Tobago,2018,Apr,28.3
780,Trinidad & Tobago,2018,May,28.5
780,Trinidad & Tobago,2018,Jun,30.8
780,Trinidad & Tobago,2018,Jul,36.3
780,Trinidad & Tobago,2018,Aug,30.2
780,Trinidad & Tobago,2018,Sep,25.2
780,Trinidad & Tobago,2018,Oct,25.5
780,Trinidad & Tobago,2018,Nov,27.0
780,Trinidad & Tobago,2018,Dec,36.6
780,Trinidad & Tobago,2019,Jan,28.3
780,Trinidad & Tobago,2019,Feb,41.8
780,Trinidad & Tobago,2019,Mar,34.7
780,Trinidad & Tobago,2019,Apr,31.3
780,Trinidad & Tobago,2019,May,30.1
780,Trinidad & Tobago,2019,Jun,31.5
780,Trinidad & Tobago,2019,Jul,36.9
780,Trinidad & Tobago,2019,Aug,33.1
780,Trinidad & Tobago,2019,Sep,25.3
780,Trinidad & Tobago,2019,Oct,29.3
780,Trinidad & Tobago,2019,Nov,28.8
780,Trinidad & Tobago,2019,Dec,37.5
780,Trinidad & Tobago,2020,Jan,30.7
780,Trinidad & Tobago,2020,Feb,47.4
780,Trinidad & Tobago,2020,Mar,13.7
780,Trinidad & Tobago,2020,Apr,0.1
780,Trinidad & Tobago,2020,May,0.1
780,Trinidad & Tobago,2020,Jun,0.1
780,Trinidad & Tobago,2020,Jul,0.2
780,Trinidad & Tobago,2020,Aug,0.7
780,Trinidad & Tobago,2020,Sep,0.7
780,Trinidad & Tobago,2020,Oct,0.6
780,Trinidad & Tobago,2020,Nov,0.5
780,Trinidad & Tobago,2020,Dec,0.4
780,Trinidad & Tobago,2021,Jan,0.4
780,Trinidad & Tobago,2021,Feb,0.4
780,Trinidad & Tobago,2021,Mar,0.5
780,Trinidad & Tobago,2021,Apr,0.5
780,Trinidad & Tobago,2021,May,0.5
780,Trinidad & Tobago,2021,Jun,0.5
780,Trinidad & Tobago,2021,Jul,1.6
780,Trinidad & Tobago,2021,Aug,3.7
780,Trinidad & Tobago,2021,Sep,4.6
780,Trinidad & Tobago,2021,Oct,6.1
780,Trinidad & Tobago,2021,Nov,8.6
780,Trinidad & Tobago,2021,Dec,13.2
780,Trinidad & Tobago,2022,Jan,8.8
780,Trinidad & Tobago,2022,Feb,11.4
780,Trinidad & Tobago,2022,Mar,14.6
780,Trinidad & Tobago,2022,Apr,17.1
780,Trinidad & Tobago,2022,May,18.4
780,Trinidad & Tobago,2022,Jun,20.2
780,Trinidad & Tobago,2022,Jul,24.7
780,Trinidad & Tobago,2022,Aug,21.5
780,Trinidad & Tobago,2022,Sep,19.4
780,Trinidad & Tobago,2022,Oct,21.2
780,Trinidad & Tobago,2022,Nov,22.0
780,Trinidad & Tobago,2022,Dec,28.2
780,Trinidad & Tobago,2023,Jan,23.5
780,Trinidad & Tobago,2023,Feb,33.3
780,Trinidad & Tobago,2023,Mar,25.2
780,Trinidad & Tobago,2023,Apr,24.1
780,Trinidad & Tobago,2023,May,23.8
780,Trinidad & Tobago,2023,Jun,23.9
780,Trinidad & Tobago,2023,Jul,29.6
780,Trinidad & Tobago,2023,Aug,25.8
780,Trinidad & Tobago,2023,Sep,21.6
780,Trinidad & Tobago,2023,Oct,23.3
780,Trinidad & Tobago,2023,Nov,24.0
780,Trinidad & Tobago,2023,Dec,31.9
780,Trinidad & Tobago,2024,Jan,27.2
780,Trinidad & Tobago,2024,Feb,35.5
780,Trinidad & Tobago,2024,Mar,27.6
780,Trinidad & Tobago,2024,Apr,24.2
780,Trinidad & Tobago,2024,May,25.2
780,Trinidad & Tobago,2024,Jun,28.9
780,Trinidad & Tobago,2024,Jul,32.1
780,Trinidad & Tobago,2024,Aug,27.7
780,Trinidad & Tobago,2024,Sep,20.2
780,Trinidad & Tobago,2024,Oct,24.8
780,Trinidad & Tobago,2024,Nov,26.0
780,Trinidad & Tobago,2024,Dec,37.2
780,Trinidad & Tobago,2025,Jan,27.5
780,Trinidad & Tobago,2025,Feb,42.1
780,Trinidad & Tobago,2025,Mar,28.4
780,Trinidad & Tobago,2025,Apr,32.3
780,Trinidad & Tobago,2025,May,28.7
780,Trinidad & Tobago,2025,Jun,30.5
780,Trinidad & Tobago,2025,Jul,34.7
780,Trinidad & Tobago,2025,Aug,33.2
780,Trinidad & Tobago,2025,Sep,22.5
788,Tunisia,2015,Feb,283.1
788,Tunisia,2015,Mar,400.7
788,Tunisia,2015,Apr,404.1
788,Tunisia,2015,May,507.3
788,Tunisia,2015,Jun,534.8
788,Tunisia,2015,Jul,608.2
788,Tunisia,2015,Aug,771.7
788,Tunisia,2015,Sep,412.1
788,Tunisia,2015,Oct,391.0
788,Tunisia,2015,Nov,302.8
788,Tunisia,2015,Dec,403.4
788,Tunisia,2016,Jan,276.1
788,Tunisia,2016,Feb,258.6
788,Tunisia,2016,Mar,297.4
788,Tunisia,2016,Apr,314.4
788,Tunisia,2016,May,418.1
788,Tunisia,2016,Jun,416.2
788,Tunisia,2016,Jul,823.2
788,Tunisia,2016,Aug,983.2
788,Tunisia,2016,Sep,543.4
788,Tunisia,2016,Oct,480.2
788,Tunisia,2016,Nov,376.4
788,Tunisia,2016,Dec,536.9
788,Tunisia,2017,Jan,312.3
788,Tunisia,2017,Feb,347.1
788,Tunisia,2017,Mar,456.7
788,Tunisia,2017,Apr,453.2
788,Tunisia,2017,May,503.5
788,Tunisia,2017,Jun,488.2
788,Tunisia,2017,Jul,995.1
788,Tunisia,2017,Aug,1127.0
788,Tunisia,2017,Sep,679.7
788,Tunisia,2017,Oct,576.0
788,Tunisia,2017,Nov,456.6
788,Tunisia,2017,Dec,655.9
788,Tunisia,2018,Jan,379.4
788,Tunisia,2018,Feb,402.9
788,Tunisia,2018,Mar,549.0
788,Tunisia,2018,Apr,567.6
788,Tunisia,2018,May,615.1
788,Tunisia,2018,Jun,718.9
788,Tunisia,2018,Jul,1133.0
788,Tunisia,2018,Aug,1121.0
788,Tunisia,2018,Sep,787.4
788,Tunisia,2018,Oct,689.7
788,Tunisia,2018,Nov,538.1
788,Tunisia,2018,Dec,797.4
788,Tunisia,2019,Jan,474.1
788,Tunisia,2019,Feb,487.2
788,Tunisia,2019,Mar,599.8
788,Tunisia,2019,Apr,678.0
788,Tunisia,2019,May,605.5
788,Tunisia,2019,Jun,928.9
788,Tunisia,2019,Jul,1273.0
788,Tunisia,2019,Aug,1248.0
788,Tunisia,2019,Sep,910.3
788,Tunisia,2019,Oct,765.5
788,Tunisia,2019,Nov,586.5
788,Tunisia,2019,Dec,871.8
788,Tunisia,2020,Jan,521.2
788,Tunisia,2020,Feb,534.2
788,Tunisia,2020,Mar,239.1
788,Tunisia,2020,Apr,2.3
788,Tunisia,2020,May,4.1
788,Tunisia,2020,Jun,14.5
788,Tunisia,2020,Jul,213.6
788,Tunisia,2020,Aug,132.8
788,Tunisia,2020,Sep,73.4
788,Tunisia,2020,Oct,74.8
788,Tunisia,2020,Nov,53.0
788,Tunisia,2020,Dec,149.3
788,Tunisia,2021,Jan,127.0
788,Tunisia,2021,Feb,75.9
788,Tunisia,2021,Mar,137.0
788,Tunisia,2021,Apr,144.1
788,Tunisia,2021,May,129.5
788,Tunisia,2021,Jun,324.9
788,Tunisia,2021,Jul,397.5
788,Tunisia,2021,Aug,190.7
788,Tunisia,2021,Sep,150.3
788,Tunisia,2021,Oct,262.4
788,Tunisia,2021,Nov,237.3
788,Tunisia,2021,Dec,297.7
788,Tunisia,2022,Jan,212.8
788,Tunisia,2022,Feb,265.8
788,Tunisia,2022,Mar,338.6
788,Tunisia,2022,Apr,303.0
788,Tunisia,2022,May,428.2
788,Tunisia,2022,Jun,553.9
788,Tunisia,2022,Jul,856.4
788,Tunisia,2022,Aug,878.6
788,Tunisia,2022,Sep,713.0
788,Tunisia,2022,Oct,670.1
788,Tunisia,2022,Nov,508.9
788,Tunisia,2022,Dec,708.4
788,Tunisia,2023,Jan,524.7
788,Tunisia,2023,Feb,515.5
788,Tunisia,2023,Mar,547.7
788,Tunisia,2023,Apr,575.5
788,Tunisia,2023,May,754.5
788,Tunisia,2023,Jun,888.0
788,Tunisia,2023,Jul,1188.0
788,Tunisia,2023,Aug,1219.0
788,Tunisia,2023,Sep,954.9
788,Tunisia,2023,Oct,824.2
788,Tunisia,2023,Nov,606.1
788,Tunisia,2023,Dec,772.5
788,Tunisia,2024,Jan,597.0
788,Tunisia,2024,Feb,611.3
788,Tunisia,2024,Mar,532.0
788,Tunisia,2024,Apr,597.8
788,Tunisia,2024,May,746.4
788,Tunisia,2024,Jun,902.3
788,Tunisia,2024,Jul,1351.0
788,Tunisia,2024,Aug,1287.0
788,Tunisia,2024,Sep,1073.0
788,Tunisia,2024,Oct,938.2
788,Tunisia,2024,Nov,708.6
788,Tunisia,2024,Dec,920.7
788,Tunisia,2025,Jan,621.3
788,Tunisia,2025,Feb,647.6
788,Tunisia,2025,Mar,506.3
788,Tunisia,2025,Apr,802.3
788,Tunisia,2025,May,843.2
788,Tunisia,2025,Jun,1033.0
788,Tunisia,2025,Jul,1324.0
788,Tunisia,2025,Aug,1385.0
788,Tunisia,2025,Sep,1197.0
792,Türkiye,2015,Feb,1371.0
792,Türkiye,2015,Mar,1871.0
792,Türkiye,2015,Apr,2323.0
792,Türkiye,2015,May,3616.0
792,Türkiye,2015,Jun,3898.0
792,Türkiye,2015,Jul,5230.0
792,Türkiye,2015,Aug,4884.0
792,Türkiye,2015,Sep,4004.0
792,Türkiye,2015,Oct,3079.0
792,Türkiye,2015,Nov,1646.0
792,Türkiye,2015,Dec,1455.0
792,Türkiye,2016,Jan,1166.0
792,Türkiye,2016,Feb,1237.0
792,Türkiye,2016,Mar,1631.0
792,Türkiye,2016,Apr,1707.0
792,Türkiye,2016,May,2390.0
792,Türkiye,2016,Jun,2334.0
792,Türkiye,2016,Jul,3399.0
792,Türkiye,2016,Aug,3099.0
792,Türkiye,2016,Sep,2772.0
792,Türkiye,2016,Oct,2370.0
792,Türkiye,2016,Nov,1336.0
792,Türkiye,2016,Dec,1297.0
792,Türkiye,2017,Jan,1051.0
792,Türkiye,2017,Feb,1156.0
792,Türkiye,2017,Mar,1577.0
792,Türkiye,2017,Apr,2036.0
792,Türkiye,2017,May,2842.0
792,Türkiye,2017,Jun,3445.0
792,Türkiye,2017,Jul,5029.0
792,Türkiye,2017,Aug,4606.0
792,Türkiye,2017,Sep,4016.0
792,Türkiye,2017,Oct,2952.0
792,Türkiye,2017,Nov,1636.0
792,Türkiye,2017,Dec,1696.0
792,Türkiye,2018,Jan,1457.0
792,Türkiye,2018,Feb,1523.0
792,Türkiye,2018,Mar,2133.0
792,Türkiye,2018,Apr,2640.0
792,Türkiye,2018,May,3640.0
792,Türkiye,2018,Jun,4463.0
792,Türkiye,2018,Jul,5618.0
792,Türkiye,2018,Aug,5324.0
792,Türkiye,2018,Sep,4741.0
792,Türkiye,2018,Oct,3706.0
792,Türkiye,2018,Nov,1957.0
792,Türkiye,2018,Dec,1945.0
792,Türkiye,2019,Jan,1539.0
792,Türkiye,2019,Feb,1670.0
792,Türkiye,2019,Mar,2232.0
792,Türkiye,2019,Apr,3293.0
792,Türkiye,2019,May,4022.0
792,Türkiye,2019,Jun,5319.0
792,Türkiye,2019,Jul,6617.0
792,Türkiye,2019,Aug,6308.0
792,Türkiye,2019,Sep,5427.0
792,Türkiye,2019,Oct,4292.0
792,Türkiye,2019,Nov,2191.0
792,Türkiye,2019,Dec,2148.0
792,Türkiye,2020,Jan,1787.0
792,Türkiye,2020,Feb,1733.0
792,Türkiye,2020,Mar,718.1
792,Türkiye,2020,Apr,24.2
792,Türkiye,2020,May,29.8
792,Türkiye,2020,Jun,214.8
792,Türkiye,2020,Jul,932.9
792,Türkiye,2020,Aug,1815.0
792,Türkiye,2020,Sep,2203.0
792,Türkiye,2020,Oct,1742.0
792,Türkiye,2020,Nov,834.0
792,Türkiye,2020,Dec,699.3
792,Türkiye,2021,Jan,509.8
792,Türkiye,2021,Feb,538.0
792,Türkiye,2021,Mar,905.3
792,Türkiye,2021,Apr,790.7
792,Türkiye,2021,May,936.3
792,Türkiye,2021,Jun,2048.0
792,Türkiye,2021,Jul,4361.0
792,Türkiye,2021,Aug,3982.0
792,Türkiye,2021,Sep,3513.0
792,Türkiye,2021,Oct,3472.0
792,Türkiye,2021,Nov,1764.0
792,Türkiye,2021,Dec,1893.0
792,Türkiye,2022,Jan,1282.0
792,Türkiye,2022,Feb,1541.0
792,Türkiye,2022,Mar,2080.0
792,Türkiye,2022,Apr,2574.0
792,Türkiye,2022,May,3873.0
792,Türkiye,2022,Jun,5015.0
792,Türkiye,2022,Jul,6665.0
792,Türkiye,2022,Aug,6305.0
792,Türkiye,2022,Sep,5475.0
792,Türkiye,2022,Oct,4803.0
792,Türkiye,2022,Nov,2551.0
792,Türkiye,2022,Dec,2399.0
792,Türkiye,2023,Jan,2006.0
792,Türkiye,2023,Feb,1870.0
792,Türkiye,2023,Mar,2336.0
792,Türkiye,2023,Apr,3322.0
792,Türkiye,2023,May,4500.0
792,Türkiye,2023,Jun,5584.0
792,Türkiye,2023,Jul,7148.0
792,Türkiye,2023,Aug,6661.0
792,Türkiye,2023,Sep,5786.0
792,Türkiye,2023,Oct,4987.0
792,Türkiye,2023,Nov,2525.0
792,Türkiye,2023,Dec,2484.0
792,Türkiye,2024,Jan,2047.0
792,Türkiye,2024,Feb,2295.0
792,Türkiye,2024,Mar,2701.0
792,Türkiye,2024,Apr,3611.0
792,Türkiye,2024,May,5130.0
792,Türkiye,2024,Jun,5860.0
792,Türkiye,2024,Jul,7334.0
792,Türkiye,2024,Aug,6825.0
792,Türkiye,2024,Sep,6054.0
792,Türkiye,2024,Oct,5448.0
792,Türkiye,2024,Nov,2734.0
792,Türkiye,2024,Dec,2589.0
792,Türkiye,2025,Jan,2171.0
792,Türkiye,2025,Feb,2172.0
792,Türkiye,2025,Mar,2346.0
792,Türkiye,2025,Apr,3901.0
792,Türkiye,2025,May,5037.0
792,Türkiye,2025,Jun,5772.0
792,Türkiye,2025,Jul,7116.0
792,Türkiye,2025,Aug,6965.0
792,Türkiye,2025,Sep,6087.0
796,Turks & Caicos,2015,Feb,35.9
796,Turks & Caicos,2015,Mar,41.7
796,Turks & Caicos,2015,Apr,37.6
796,Turks & Caicos,2015,May,29.7
796,Turks & Caicos,2015,Jun,32.3
796,Turks & Caicos,2015,Jul,35.5
796,Turks & Caicos,2015,Aug,33.4
796,Turks & Caicos,2015,Sep,15.1
796,Turks & Caicos,2015,Oct,19.6
796,Turks & Caicos,2015,Nov,27.3
796,Turks & Caicos,2015,Dec,39.6
796,Turks & Caicos,2016,Jan,44.6
796,Turks & Caicos,2016,Feb,42.0
796,Turks & Caicos,2016,Mar,50.9
796,Turks & Caicos,2016,Apr,49.9
796,Turks & Caicos,2016,May,33.5
796,Turks & Caicos,2016,Jun,38.0
796,Turks & Caicos,2016,Jul,43.4
796,Turks & Caicos,2016,Aug,35.0
796,Turks & Caicos,2016,Sep,19.2
796,Turks & Caicos,2016,Oct,24.6
796,Turks & Caicos,2016,Nov,30.0
796,Turks & Caicos,2016,Dec,42.6
796,Turks & Caicos,2017,Jan,44.9
796,Turks & Caicos,2017,Feb,43.6
796,Turks & Caicos,2017,Mar,48.4
796,Turks & Caicos,2017,Apr,50.2
796,Turks & Caicos,2017,May,33.9
796,Turks & Caicos,2017,Jun,34.6
796,Turks & Caicos,2017,Jul,37.5
796,Turks & Caicos,2017,Aug,36.2
796,Turks & Caicos,2017,Sep,2.3
796,Turks & Caicos,2017,Oct,22.6
796,Turks & Caicos,2017,Nov,23.2
796,Turks & Caicos,2017,Dec,39.0
796,Turks & Caicos,2018,Jan,31.7
796,Turks & Caicos,2018,Feb,41.6
796,Turks & Caicos,2018,Mar,50.1
796,Turks & Caicos,2018,Apr,44.3
796,Turks & Caicos,2019,Jan,43.0
796,Turks & Caicos,2019,Feb,41.7
796,Turks & Caicos,2019,Mar,56.2
796,Turks & Caicos,2019,Jul,47.4
796,Turks & Caicos,2019,Aug,36.3
796,Turks & Caicos,2019,Sep,13.4
796,Turks & Caicos,2020,Jan,44.2
796,Turks & Caicos,2020,Feb,51.6
796,Turks & Caicos,2020,Mar,26.2
796,Turks & Caicos,2020,Apr,0.0
796,Turks & Caicos,2020,May,0.0
796,Turks & Caicos,2020,Jun,0.0
796,Turks & Caicos,2020,Jul,1.3
796,Turks & Caicos,2020,Aug,5.6
796,Turks & Caicos,2020,Sep,3.1
796,Turks & Caicos,2021,Jan,13.6
796,Turks & Caicos,2021,Feb,12.8
796,Turks & Caicos,2021,Mar,25.2
796,Turks & Caicos,2021,Apr,29.0
796,Turks & Caicos,2021,May,37.7
796,Turks & Caicos,2021,Jun,46.8
796,Turks & Caicos,2021,Jul,56.0
796,Turks & Caicos,2021,Aug,41.7
796,Turks & Caicos,2021,Sep,19.5
796,Turks & Caicos,2021,Oct,30.3
796,Turks & Caicos,2021,Nov,42.1
796,Turks & Caicos,2021,Dec,49.9
796,Turks & Caicos,2022,Jan,40.8
796,Turks & Caicos,2022,Feb,47.7
796,Turks & Caicos,2022,Mar,60.0
796,Turks & Caicos,2022,Apr,59.0
796,Turks & Caicos,2022,May,65.6
796,Turks & Caicos,2022,Jun,58.6
796,Turks & Caicos,2022,Jul,65.5
796,Turks & Caicos,2022,Aug,54.8
796,Turks & Caicos,2022,Sep,27.4
796,Turks & Caicos,2022,Oct,32.5
796,Turks & Caicos,2022,Nov,42.5
796,Turks & Caicos,2022,Dec,62.0
796,Turks & Caicos,2023,Jan,58.4
796,Turks & Caicos,2023,Feb,56.6
796,Turks & Caicos,2023,Mar,67.1
796,Turks & Caicos,2023,Apr,63.5
796,Turks & Caicos,2023,May,57.5
796,Turks & Caicos,2023,Jun,56.0
796,Turks & Caicos,2023,Jul,61.5
796,Turks & Caicos,2023,Aug,48.4
796,Turks & Caicos,2023,Sep,31.7
796,Turks & Caicos,2023,Oct,41.3
796,Turks & Caicos,2023,Nov,53.4
796,Turks & Caicos,2023,Dec,67.2
796,Turks & Caicos,2024,Jan,53.3
796,Turks & Caicos,2024,Feb,59.8
796,Turks & Caicos,2024,Mar,74.9
796,Turks & Caicos,2024,Apr,58.4
796,Turks & Caicos,2024,May,56.8
796,Turks & Caicos,2024,Jun,61.3
796,Turks & Caicos,2024,Jul,62.8
796,Turks & Caicos,2024,Aug,46.8
796,Turks & Caicos,2024,Sep,19.5
796,Turks & Caicos,2024,Oct,39.6
796,Turks & Caicos,2024,Nov,54.0
796,Turks & Caicos,2024,Dec,67.8
796,Turks & Caicos,2025,Jan,55.8
796,Turks & Caicos,2025,Feb,60.1
796,Turks & Caicos,2025,Mar,77.1
796,Turks & Caicos,2025,Apr,59.5
796,Turks & Caicos,2025,May,53.7
796,Turks & Caicos,2025,Jun,57.6
796,Turks & Caicos,2025,Jul,63.1
796,Turks & Caicos,2025,Aug,43.7
796,Turks & Caicos,2025,Sep,18.7
800,Uganda,2015,Feb,103.8
800,Uganda,2015,Mar,109.8
800,Uganda,2015,Apr,99.7
800,Uganda,2015,May,111.4
800,Uganda,2015,Jun,105.1
800,Uganda,2015,Jul,109.4
800,Uganda,2015,Aug,121.6
800,Uganda,2015,Sep,106.2
800,Uganda,2015,Oct,105.1
800,Uganda,2015,Nov,106.7
800,Uganda,2015,Dec,113.9
800,Uganda,2016,Jan,115.8
800,Uganda,2016,Feb,99.3
800,Uganda,2016,Mar,121.7
800,Uganda,2016,Apr,98.5
800,Uganda,2016,May,95.6
800,Uganda,2016,Jun,106.6
800,Uganda,2016,Jul,116.8
800,Uganda,2016,Aug,120.3
800,Uganda,2016,Sep,113.0
800,Uganda,2016,Oct,104.3
800,Uganda,2016,Nov,106.6
800,Uganda,2016,Dec,124.1
800,Uganda,2017,Jan,114.7
800,Uganda,2017,Feb,103.2
800,Uganda,2017,Mar,111.0
800,Uganda,2017,Apr,114.2
800,Uganda,2017,May,123.5
800,Uganda,2017,Jun,104.4
800,Uganda,2017,Jul,122.2
800,Uganda,2017,Aug,132.6
800,Uganda,2017,Sep,117.5
800,Uganda,2017,Oct,109.5
800,Uganda,2017,Nov,114.7
800,Uganda,2017,Dec,134.7
800,Uganda,2018,Jan,123.5
800,Uganda,2018,Feb,116.7
800,Uganda,2018,Mar,117.4
800,Uganda,2018,Apr,117.6
800,Uganda,2018,May,122.4
800,Uganda,2018,Jun,120.5
800,Uganda,2018,Jul,132.5
800,Uganda,2018,Aug,141.9
800,Uganda,2018,Sep,126.6
800,Uganda,2018,Oct,119.2
800,Uganda,2018,Nov,124.8
800,Uganda,2018,Dec,142.5
800,Uganda,2019,Jan,125.3
800,Uganda,2019,Feb,121.9
800,Uganda,2019,Mar,122.6
800,Uganda,2019,Apr,122.8
800,Uganda,2019,May,127.7
800,Uganda,2019,Jun,125.8
800,Uganda,2019,Jul,132.3
800,Uganda,2019,Aug,133.3
800,Uganda,2019,Sep,132.1
800,Uganda,2019,Oct,124.3
800,Uganda,2019,Nov,130.2
800,Uganda,2019,Dec,144.4
800,Uganda,2020,Jan,56.4
800,Uganda,2020,Feb,49.8
800,Uganda,2020,Mar,35.0
800,Uganda,2020,Apr,24.3
800,Uganda,2020,May,28.9
800,Uganda,2020,Jun,38.5
800,Uganda,2020,Jul,42.2
800,Uganda,2020,Aug,40.3
800,Uganda,2020,Sep,34.3
800,Uganda,2020,Oct,40.9
800,Uganda,2020,Nov,41.3
800,Uganda,2020,Dec,41.1
800,Uganda,2021,Jan,39.9
800,Uganda,2021,Feb,40.4
800,Uganda,2021,Mar,46.2
800,Uganda,2021,Apr,39.7
800,Uganda,2021,May,42.4
800,Uganda,2021,Jun,39.0
800,Uganda,2021,Jul,37.7
800,Uganda,2021,Aug,43.2
800,Uganda,2021,Sep,40.6
800,Uganda,2021,Oct,46.3
800,Uganda,2021,Nov,48.1
800,Uganda,2021,Dec,49.4
800,Uganda,2022,Jan,49.6
800,Uganda,2022,Feb,46.9
800,Uganda,2022,Mar,58.4
800,Uganda,2022,Apr,65.3
800,Uganda,2022,May,66.4
800,Uganda,2022,Jun,68.5
800,Uganda,2022,Jul,72.1
800,Uganda,2022,Aug,69.9
800,Uganda,2022,Sep,69.5
826,United Kingdom,2015,Feb,2281.0
826,United Kingdom,2015,Mar,2615.0
826,United Kingdom,2015,Apr,3115.0
826,United Kingdom,2015,May,3598.0
826,United Kingdom,2015,Jun,3276.0
826,United Kingdom,2015,Jul,3689.0
826,United Kingdom,2015,Aug,3709.0
826,United Kingdom,2015,Sep,3114.0
826,United Kingdom,2015,Oct,3522.0
826,United Kingdom,2015,Nov,2660.0
826,United Kingdom,2015,Dec,2573.0
826,United Kingdom,2016,Jan,2857.0
826,United Kingdom,2016,Feb,2514.0
826,United Kingdom,2016,Mar,2827.0
826,United Kingdom,2016,Apr,3059.0
826,United Kingdom,2016,May,3672.0
826,United Kingdom,2016,Jun,3406.0
826,United Kingdom,2016,Jul,3877.0
826,United Kingdom,2016,Aug,3854.0
826,United Kingdom,2016,Sep,3161.0
826,United Kingdom,2016,Oct,3535.0
826,United Kingdom,2016,Nov,3258.0
826,United Kingdom,2016,Dec,3107.0
826,United Kingdom,2017,Jan,3123.0
826,United Kingdom,2017,Feb,2528.0
826,United Kingdom,2017,Mar,3196.0
826,United Kingdom,2017,Apr,3731.0
826,United Kingdom,2017,May,3619.0
826,United Kingdom,2017,Jun,3662.0
826,United Kingdom,2017,Jul,4344.0
826,United Kingdom,2017,Aug,4253.0
826,United Kingdom,2017,Sep,3302.0
826,United Kingdom,2017,Oct,3359.0
826,United Kingdom,2017,Nov,3183.0
826,United Kingdom,2017,Dec,2780.0
826,United Kingdom,2018,Jan,2734.0
826,United Kingdom,2018,Feb,2573.0
826,United Kingdom,2018,Mar,3240.0
826,United Kingdom,2018,Apr,3404.0
826,United Kingdom,2018,May,3614.0
826,United Kingdom,2018,Jun,3503.0
826,United Kingdom,2018,Jul,4172.0
826,United Kingdom,2018,Aug,4126.0
826,United Kingdom,2018,Sep,3237.0
826,United Kingdom,2018,Oct,3491.0
826,United Kingdom,2018,Nov,3112.0
826,United Kingdom,2018,Dec,3075.0
826,United Kingdom,2019,Jan,2830.0
826,United Kingdom,2019,Feb,2372.0
826,United Kingdom,2019,Mar,3129.0
826,United Kingdom,2019,Apr,3199.0
826,United Kingdom,2019,May,3438.0
826,United Kingdom,2019,Jun,3727.0
826,United Kingdom,2019,Jul,4155.0
826,United Kingdom,2019,Aug,4418.0
826,United Kingdom,2019,Sep,3292.0
826,United Kingdom,2019,Oct,3731.0
826,United Kingdom,2019,Nov,3121.0
826,United Kingdom,2019,Dec,3445.0
826,United Kingdom,2020,Jan,3036.0
826,United Kingdom,2020,Feb,2512.0
826,United Kingdom,2020,Mar,1446.0
826,United Kingdom,2020,Apr,95.2
826,United Kingdom,2020,May,126.6
826,United Kingdom,2020,Jun,176.4
826,United Kingdom,2020,Jul,632.7
826,United Kingdom,2020,Aug,993.0
826,United Kingdom,2020,Sep,696.5
826,United Kingdom,2020,Oct,569.6
826,United Kingdom,2020,Nov,357.7
826,United Kingdom,2020,Dec,458.5
826,United Kingdom,2021,Jan,82.0
826,United Kingdom,2021,Feb,86.0
826,United Kingdom,2021,Mar,78.0
826,United Kingdom,2021,Apr,81.0
826,United Kingdom,2021,May,107.0
826,United Kingdom,2021,Jun,158.0
826,United Kingdom,2021,Jul,330.7
826,United Kingdom,2021,Aug,759.0
826,United Kingdom,2021,Sep,949.3
826,United Kingdom,2021,Oct,1103.0
826,United Kingdom,2021,Nov,1610.0
826,United Kingdom,2021,Dec,1039.0
826,United Kingdom,2022,Jan,838.6
826,United Kingdom,2022,Feb,1045.0
826,United Kingdom,2022,Mar,1860.0
826,United Kingdom,2022,Apr,2252.0
826,United Kingdom,2022,May,2728.0
826,United Kingdom,2022,Jun,2977.0
826,United Kingdom,2022,Jul,3445.0
826,United Kingdom,2022,Aug,3545.0
826,United Kingdom,2022,Sep,2956.0
826,United Kingdom,2022,Oct,3322.0
826,United Kingdom,2022,Nov,3238.0
826,United Kingdom,2022,Dec,3038.0
826,United Kingdom,2023,Jan,2898.0
826,United Kingdom,2023,Feb,2192.0
826,United Kingdom,2023,Mar,2596.0
826,United Kingdom,2023,Apr,3126.0
826,United Kingdom,2023,May,3300.0
826,United Kingdom,2023,Jun,3479.0
826,United Kingdom,2023,Jul,4012.0
826,United Kingdom,2023,Aug,3810.0
826,United Kingdom,2023,Sep,3106.0
826,United Kingdom,2023,Oct,3715.0
826,United Kingdom,2023,Nov,2795.0
826,United Kingdom,2023,Dec,2931.0
826,United Kingdom,2024,Jan,3358.0
826,United Kingdom,2024,Feb,2461.0
826,United Kingdom,2024,Mar,2912.0
826,United Kingdom,2024,Apr,3359.0
826,United Kingdom,2024,May,3906.0
826,United Kingdom,2024,Jun,3513.0
840,United States,2015,Feb,4894.0
840,United States,2015,Mar,6177.0
840,United States,2015,Apr,6514.0
840,United States,2015,May,6865.0
840,United States,2015,Jun,6214.0
840,United States,2015,Jul,7862.0
840,United States,2015,Aug,8167.0
840,United States,2015,Sep,6534.0
840,United States,2015,Oct,6610.0
840,United States,2015,Nov,6062.0
840,United States,2015,Dec,6347.0
840,United States,2016,Jan,5615.0
840,United States,2016,Feb,4935.0
840,United States,2016,Mar,6144.0
840,United States,2016,Apr,6042.0
840,United States,2016,May,6500.0
840,United States,2016,Jun,6154.0
840,United States,2016,Jul,7595.0
840,United States,2016,Aug,7895.0
840,United States,2016,Sep,6614.0
840,United States,2016,Oct,6724.0
840,United States,2016,Nov,5844.0
840,United States,2016,Dec,6345.0
840,United States,2017,Jan,5762.0
840,United States,2017,Feb,4848.0
840,United States,2017,Mar,5789.0
840,United States,2017,Apr,6694.0
840,United States,2017,May,6262.0
840,United States,2017,Jun,6086.0
840,United States,2017,Jul,7663.0
840,United States,2017,Aug,8101.0
840,United States,2017,Sep,6484.0
840,United States,2017,Oct,6670.0
840,United States,2017,Nov,6128.0
840,United States,2017,Dec,6700.0
840,United States,2018,Jan,5929.0
840,United States,2018,Feb,5255.0
840,United States,2018,Mar,6663.0
840,United States,2018,Apr,6930.0
840,United States,2018,May,6768.0
840,United States,2018,Jun,6372.0
840,United States,2018,Jul,7780.0
840,United States,2018,Aug,8080.0
840,United States,2018,Sep,6559.0
840,United States,2018,Oct,6759.0
840,United States,2018,Nov,6067.0
840,United States,2018,Dec,6583.0
840,United States,2019,Jan,5836.0
840,United States,2019,Feb,5091.0
840,United States,2019,Mar,6259.0
840,United States,2019,Apr,7045.0
840,United States,2019,May,6704.0
840,United States,2019,Jun,6327.0
840,United States,2019,Jul,7703.0
840,United States,2019,Aug,8115.0
840,United States,2019,Sep,6703.0
840,United States,2019,Oct,6687.0
840,United States,2019,Nov,6095.0
840,United States,2019,Dec,6876.0
840,United States,2020,Jan,5738.0
840,United States,2020,Feb,4953.0
840,United States,2020,Mar,3110.0
840,United States,2020,Apr,248.5
840,United States,2020,May,268.9
840,United States,2020,Jun,319.0
840,United States,2020,Jul,524.4
840,United States,2020,Aug,720.7
840,United States,2020,Sep,611.6
840,United States,2020,Oct,729.8
840,United States,2020,Nov,881.8
840,United States,2020,Dec,1107.0
840,United States,2021,Jan,1045.0
840,United States,2021,Feb,701.0
840,United States,2021,Mar,1062.0
840,United States,2021,Apr,1368.0
840,United States,2021,May,1751.0
840,United States,2021,Jun,1757.0
840,United States,2021,Jul,2022.0
840,United States,2021,Aug,2258.0
840,United States,2021,Sep,1894.0
840,United States,2021,Oct,2118.0
840,United States,2021,Nov,2873.0
840,United States,2021,Dec,3431.0
840,United States,2022,Jan,2474.0
840,United States,2022,Feb,2249.0
840,United States,2022,Mar,3210.0
840,United States,2022,Apr,4280.0
840,United States,2022,May,4255.0
840,United States,2022,Jun,4008.0
840,United States,2022,Jul,5172.0
840,United States,2022,Aug,5651.0
840,United States,2022,Sep,4833.0
840,United States,2022,Oct,5088.0
840,United States,2022,Nov,4546.0
840,United States,2022,Dec,5004.0
840,United States,2023,Jan,4793.0
840,United States,2023,Feb,4124.0
840,United States,2023,Mar,5228.0
840,United States,2023,Apr,5589.0
840,United States,2023,May,5374.0
840,United States,2023,Jun,4970.0
840,United States,2023,Jul,6444.0
840,United States,2023,Aug,6967.0
840,United States,2023,Sep,5756.0
840,United States,2023,Oct,5947.0
840,United States,2023,Nov,5260.0
840,United States,2023,Dec,5898.0
840,United States,2024,Jan,5360.0
840,United States,2024,Feb,4727.0
840,United States,2024,Mar,5884.0
840,United States,2024,Apr,5879.0
840,United States,2024,May,6059.0
840,United States,2024,Jun,5629.0
840,United States,2024,Jul,6888.0
840,United States,2024,Aug,7514.0
840,United States,2024,Sep,6151.0
840,United States,2024,Oct,6200.0
840,United States,2024,Nov,5642.0
840,United States,2024,Dec,6457.0
840,United States,2025,Jan,5610.0
840,United States,2025,Feb,4636.0
840,United States,2025,Mar,5410.0
840,United States,2025,Apr,5958.0
840,United States,2025,May,5634.0
840,United States,2025,Jun,5279.0
840,United States,2025,Jul,6275.0
858,Uruguay,2015,Feb,303.8
858,Uruguay,2015,Mar,225.1
858,Uruguay,2015,Apr,211.9
858,Uruguay,2015,May,190.1
858,Uruguay,2015,Jun,159.8
858,Uruguay,2015,Jul,224.3
858,Uruguay,2015,Aug,160.7
858,Uruguay,2015,Sep,169.9
858,Uruguay,2015,Oct,211.6
858,Uruguay,2015,Nov,213.7
858,Uruguay,2015,Dec,338.3
858,Uruguay,2016,Jan,408.8
858,Uruguay,2016,Feb,345.3
858,Uruguay,2016,Mar,261.3
858,Uruguay,2016,Apr,157.4
858,Uruguay,2016,May,163.3
858,Uruguay,2016,Jun,165.8
858,Uruguay,2016,Jul,255.8
858,Uruguay,2016,Aug,191.2
858,Uruguay,2016,Sep,201.0
858,Uruguay,2016,Oct,230.2
858,Uruguay,2016,Nov,255.6
858,Uruguay,2016,Dec,401.7
858,Uruguay,2017,Jan,500.9
858,Uruguay,2017,Feb,455.7
858,Uruguay,2017,Mar,277.6
858,Uruguay,2017,Apr,300.7
858,Uruguay,2017,May,204.7
858,Uruguay,2017,Jun,186.9
858,Uruguay,2017,Jul,297.4
858,Uruguay,2017,Aug,213.1
858,Uruguay,2017,Sep,231.0
858,Uruguay,2017,Oct,260.5
858,Uruguay,2017,Nov,282.1
858,Uruguay,2017,Dec,463.3
858,Uruguay,2018,Jan,538.2
858,Uruguay,2018,Feb,472.6
858,Uruguay,2018,Mar,363.0
858,Uruguay,2018,Apr,239.5
858,Uruguay,2018,May,191.1
858,Uruguay,2018,Jun,164.8
858,Uruguay,2018,Jul,258.0
858,Uruguay,2018,Aug,202.2
858,Uruguay,2018,Sep,200.2
858,Uruguay,2018,Oct,217.0
858,Uruguay,2018,Nov,250.9
858,Uruguay,2018,Dec,371.7
858,Uruguay,2019,Jan,402.0
858,Uruguay,2019,Feb,332.4
858,Uruguay,2019,Mar,281.6
858,Uruguay,2019,Apr,230.6
858,Uruguay,2019,May,173.8
858,Uruguay,2019,Jun,174.8
858,Uruguay,2019,Jul,253.5
858,Uruguay,2019,Aug,188.0
858,Uruguay,2019,Sep,196.4
858,Uruguay,2019,Oct,220.2
858,Uruguay,2019,Nov,243.6
858,Uruguay,2019,Dec,359.3
858,Uruguay,2020,Jan,415.9
858,Uruguay,2020,Feb,382.9
858,Uruguay,2020,Mar,117.4
858,Uruguay,2020,Apr,0.0
858,Uruguay,2020,May,0.0
858,Uruguay,2020,Jun,0.0
858,Uruguay,2020,Jul,0.0
858,Uruguay,2020,Aug,0.0
858,Uruguay,2020,Sep,0.0
858,Uruguay,2020,Oct,0.0
858,Uruguay,2020,Nov,0.0
858,Uruguay,2020,Dec,0.0
858,Uruguay,2021,Jan,0.0
858,Uruguay,2021,Feb,0.0
858,Uruguay,2021,Mar,0.0
858,Uruguay,2021,Apr,0.0
858,Uruguay,2021,May,0.0
858,Uruguay,2021,Jun,0.0
858,Uruguay,2021,Jul,0.0
858,Uruguay,2021,Aug,0.0
858,Uruguay,2021,Sep,0.0
858,Uruguay,2021,Oct,0.0
858,Uruguay,2021,Nov,93.9
858,Uruguay,2021,Dec,135.4
858,Uruguay,2022,Jan,135.1
858,Uruguay,2022,Feb,140.0
858,Uruguay,2022,Mar,111.7
858,Uruguay,2022,Apr,183.9
858,Uruguay,2022,May,154.1
858,Uruguay,2022,Jun,171.0
858,Uruguay,2022,Jul,232.5
858,Uruguay,2022,Aug,184.7
858,Uruguay,2022,Sep,231.5
858,Uruguay,2022,Oct,262.2
858,Uruguay,2022,Nov,264.7
858,Uruguay,2022,Dec,361.8
850,US Virgin Islands,2015,Feb,72.1
850,US Virgin Islands,2015,Mar,84.1
850,US Virgin Islands,2015,Apr,73.0
850,US Virgin Islands,2015,May,68.7
850,US Virgin Islands,2015,Jun,67.7
850,US Virgin Islands,2015,Jul,69.9
850,US Virgin Islands,2015,Aug,51.6
850,US Virgin Islands,2015,Sep,32.7
850,US Virgin Islands,2015,Oct,40.8
850,US Virgin Islands,2015,Nov,53.9
850,US Virgin Islands,2015,Dec,75.9
850,US Virgin Islands,2016,Jan,74.1
850,US Virgin Islands,2016,Feb,71.6
850,US Virgin Islands,2016,Mar,87.7
850,US Virgin Islands,2016,Apr,69.5
850,US Virgin Islands,2016,May,65.4
850,US Virgin Islands,2016,Jun,70.0
850,US Virgin Islands,2016,Jul,75.7
850,US Virgin Islands,2016,Aug,59.3
850,US Virgin Islands,2016,Sep,39.0
850,US Virgin Islands,2016,Oct,46.3
850,US Virgin Islands,2016,Nov,56.7
850,US Virgin Islands,2016,Dec,81.8
850,US Virgin Islands,2017,Jan,77.5
850,US Virgin Islands,2017,Feb,74.8
850,US Virgin Islands,2017,Mar,86.7
850,US Virgin Islands,2017,Apr,78.6
850,US Virgin Islands,2017,May,64.5
850,US Virgin Islands,2017,Jun,71.0
850,US Virgin Islands,2017,Jul,74.1
850,US Virgin Islands,2017,Aug,56.6
850,US Virgin Islands,2017,Sep,3.1
850,US Virgin Islands,2017,Oct,10.0
850,US Virgin Islands,2017,Nov,15.9
850,US Virgin Islands,2017,Dec,24.1
850,US Virgin Islands,2018,Jan,31.7
850,US Virgin Islands,2018,Feb,30.5
850,US Virgin Islands,2018,Mar,39.4
850,US Virgin Islands,2018,Apr,39.4
850,US Virgin Islands,2018,May,39.4
850,US Virgin Islands,2018,Jun,46.9
850,US Virgin Islands,2018,Jul,46.1
850,US Virgin Islands,2018,Aug,42.7
850,US Virgin Islands,2018,Sep,29.9
850,US Virgin Islands,2018,Oct,35.3
850,US Virgin Islands,2018,Nov,47.8
850,US Virgin Islands,2018,Dec,62.1
850,US Virgin Islands,2019,Jan,64.2
850,US Virgin Islands,2019,Feb,58.6
850,US Virgin Islands,2019,Mar,70.6
850,US Virgin Islands,2019,Apr,43.3
850,US Virgin Islands,2019,May,56.2
850,US Virgin Islands,2019,Jun,62.0
850,US Virgin Islands,2019,Jul,61.6
850,US Virgin Islands,2019,Aug,48.4
850,US Virgin Islands,2019,Sep,27.8
850,US Virgin Islands,2019,Oct,31.0
850,US Virgin Islands,2019,Nov,48.4
850,US Virgin Islands,2019,Dec,68.7
850,US Virgin Islands,2020,Jan,73.5
850,US Virgin Islands,2020,Feb,67.5
850,US Virgin Islands,2020,Mar,36.8
850,US Virgin Islands,2020,Apr,2.6
850,US Virgin Islands,2020,May,7.3
850,US Virgin Islands,2020,Jun,22.9
850,US Virgin Islands,2020,Jul,44.0
850,US Virgin Islands,2020,Aug,29.5
850,US Virgin Islands,2020,Sep,13.6
850,US Virgin Islands,2020,Oct,28.0
850,US Virgin Islands,2020,Nov,38.6
850,US Virgin Islands,2020,Dec,54.8
850,US Virgin Islands,2021,Jan,44.5
850,US Virgin Islands,2021,Feb,57.0
850,US Virgin Islands,2021,Mar,77.7
850,US Virgin Islands,2021,Apr,72.0
850,US Virgin Islands,2021,May,82.4
850,US Virgin Islands,2021,Jun,91.9
850,US Virgin Islands,2021,Jul,97.1
850,US Virgin Islands,2021,Aug,64.4
850,US Virgin Islands,2021,Sep,38.6
850,US Virgin Islands,2021,Oct,50.4
850,US Virgin Islands,2021,Nov,64.6
850,US Virgin Islands,2021,Dec,85.7
850,US Virgin Islands,2022,Jan,67.8
850,US Virgin Islands,2022,Feb,71.2
850,US Virgin Islands,2022,Mar,87.1
850,US Virgin Islands,2022,Apr,79.9
850,US Virgin Islands,2022,May,73.5
850,US Virgin Islands,2022,Jun,78.4
850,US Virgin Islands,2022,Jul,77.5
850,US Virgin Islands,2022,Aug,56.7
850,US Virgin Islands,2022,Sep,31.4
850,US Virgin Islands,2022,Oct,43.8
850,US Virgin Islands,2022,Nov,54.1
850,US Virgin Islands,2022,Dec,70.4
850,US Virgin Islands,2023,Jan,73.9
850,US Virgin Islands,2023,Feb,71.0
850,US Virgin Islands,2023,Mar,81.0
850,US Virgin Islands,2023,Apr,69.6
850,US Virgin Islands,2023,May,66.1
850,US Virgin Islands,2023,Jun,70.1
850,US Virgin Islands,2023,Jul,75.4
850,US Virgin Islands,2023,Aug,50.2
850,US Virgin Islands,2023,Sep,31.4
850,US Virgin Islands,2023,Oct,43.3
850,US Virgin Islands,2023,Nov,61.5
850,US Virgin Islands,2023,Dec,88.6
850,US Virgin Islands,2024,Jan,89.3
850,US Virgin Islands,2024,Feb,89.6
850,US Virgin Islands,2024,Mar,105.9
850,US Virgin Islands,2024,Apr,84.6
850,US Virgin Islands,2024,May,85.9
850,US Virgin Islands,2024,Jun,82.9
850,US Virgin Islands,2024,Jul,80.5
850,US Virgin Islands,2024,Aug,55.8
850,US Virgin Islands,2024,Sep,34.7
850,US Virgin Islands,2024,Oct,44.0
850,US Virgin Islands,2024,Nov,62.8
850,US Virgin Islands,2024,Dec,91.3
850,US Virgin Islands,2025,Jan,87.7
850,US Virgin Islands,2025,Feb,82.2
850,US Virgin Islands,2025,Mar,98.6
850,US Virgin Islands,2025,Apr,81.4
850,US Virgin Islands,2025,May,80.1
850,US Virgin Islands,2025,Jun,88.0
850,US Virgin Islands,2025,Jul,90.1
850,US Virgin Islands,2025,Aug,59.5
850,US Virgin Islands,2025,Sep,31.8
784,Utd Arab Emirates,2015,Feb,1313.0
784,Utd Arab Emirates,2015,Mar,1459.0
784,Utd Arab Emirates,2015,Apr,1422.0
784,Utd Arab Emirates,2015,May,1342.0
784,Utd Arab Emirates,2015,Jun,1167.0
784,Utd Arab Emirates,2015,Jul,1237.0
784,Utd Arab Emirates,2015,Aug,1585.0
784,Utd Arab Emirates,2015,Sep,1424.0
784,Utd Arab Emirates,2015,Oct,1399.0
784,Utd Arab Emirates,2015,Nov,1330.0
784,Utd Arab Emirates,2015,Dec,1626.0
784,Utd Arab Emirates,2016,Jan,1777.0
784,Utd Arab Emirates,2016,Feb,1464.0
784,Utd Arab Emirates,2016,Mar,1634.0
784,Utd Arab Emirates,2016,Apr,1526.0
784,Utd Arab Emirates,2016,May,1476.0
784,Utd Arab Emirates,2016,Jun,1047.0
784,Utd Arab Emirates,2016,Jul,1465.0
784,Utd Arab Emirates,2016,Aug,1715.0
784,Utd Arab Emirates,2016,Sep,1500.0
784,Utd Arab Emirates,2016,Oct,1393.0
784,Utd Arab Emirates,2016,Nov,1485.0
784,Utd Arab Emirates,2016,Dec,1660.0
784,Utd Arab Emirates,2017,Jan,1931.0
784,Utd Arab Emirates,2017,Feb,1613.0
784,Utd Arab Emirates,2017,Mar,1741.0
784,Utd Arab Emirates,2017,Apr,1734.0
784,Utd Arab Emirates,2017,May,1457.0
784,Utd Arab Emirates,2017,Jun,1101.0
784,Utd Arab Emirates,2017,Jul,1506.0
784,Utd Arab Emirates,2017,Aug,1684.0
784,Utd Arab Emirates,2017,Sep,1614.0
784,Utd Arab Emirates,2017,Oct,1481.0
784,Utd Arab Emirates,2017,Nov,1543.0
784,Utd Arab Emirates,2017,Dec,1763.0
784,Utd Arab Emirates,2018,Jan,2094.0
784,Utd Arab Emirates,2018,Feb,1894.0
784,Utd Arab Emirates,2018,Mar,1798.0
784,Utd Arab Emirates,2018,Apr,1644.0
784,Utd Arab Emirates,2018,May,1379.0
784,Utd Arab Emirates,2018,Jun,1174.0
784,Utd Arab Emirates,2018,Jul,1971.0
784,Utd Arab Emirates,2018,Aug,1579.0
784,Utd Arab Emirates,2018,Sep,1396.0
784,Utd Arab Emirates,2018,Oct,1438.0
784,Utd Arab Emirates,2018,Nov,2051.0
784,Utd Arab Emirates,2018,Dec,1795.0
784,Utd Arab Emirates,2019,Jan,2045.0
784,Utd Arab Emirates,2019,Feb,1775.0
784,Utd Arab Emirates,2019,Mar,1909.0
784,Utd Arab Emirates,2019,Apr,1889.0
784,Utd Arab Emirates,2019,May,1340.0
784,Utd Arab Emirates,2019,Jun,1630.0
784,Utd Arab Emirates,2019,Jul,1659.0
784,Utd Arab Emirates,2019,Aug,2004.0
784,Utd Arab Emirates,2019,Sep,1661.0
784,Utd Arab Emirates,2019,Oct,1727.0
784,Utd Arab Emirates,2019,Nov,1819.0
784,Utd Arab Emirates,2019,Dec,2102.0
784,Utd Arab Emirates,2020,Jan,2359.0
784,Utd Arab Emirates,2020,Feb,1953.0
784,Utd Arab Emirates,2020,Mar,714.2
784,Utd Arab Emirates,2020,Apr,13.2
784,Utd Arab Emirates,2020,May,15.4
784,Utd Arab Emirates,2020,Jun,22.1
784,Utd Arab Emirates,2020,Jul,62.0
784,Utd Arab Emirates,2020,Aug,172.7
784,Utd Arab Emirates,2020,Sep,303.8
784,Utd Arab Emirates,2020,Oct,432.7
784,Utd Arab Emirates,2020,Nov,464.8
784,Utd Arab Emirates,2020,Dec,652.4
784,Utd Arab Emirates,2021,Jan,682.0
784,Utd Arab Emirates,2021,Feb,596.6
784,Utd Arab Emirates,2021,Mar,790.1
784,Utd Arab Emirates,2021,Apr,718.5
784,Utd Arab Emirates,2021,May,568.3
784,Utd Arab Emirates,2021,Jun,604.7
784,Utd Arab Emirates,2021,Jul,465.6
784,Utd Arab Emirates,2021,Aug,520.8
784,Utd Arab Emirates,2021,Sep,1092.0
784,Utd Arab Emirates,2021,Oct,1641.0
784,Utd Arab Emirates,2021,Nov,1831.0
784,Utd Arab Emirates,2021,Dec,1969.0
784,Utd Arab Emirates,2022,Jan,1479.0
784,Utd Arab Emirates,2022,Feb,2014.0
784,Utd Arab Emirates,2022,Mar,3127.0
784,Utd Arab Emirates,2022,Apr,1980.0
784,Utd Arab Emirates,2022,May,1559.0
784,Utd Arab Emirates,2022,Jun,1306.0
784,Utd Arab Emirates,2022,Jul,1304.0
784,Utd Arab Emirates,2022,Aug,1398.0
784,Utd Arab Emirates,2022,Sep,1762.0
784,Utd Arab Emirates,2022,Oct,2040.0
784,Utd Arab Emirates,2022,Nov,2280.0
784,Utd Arab Emirates,2022,Dec,2406.0
784,Utd Arab Emirates,2023,Jan,2565.0
784,Utd Arab Emirates,2023,Feb,2686.0
784,Utd Arab Emirates,2023,Mar,2451.0
784,Utd Arab Emirates,2023,Apr,2185.0
784,Utd Arab Emirates,2023,May,2177.0
784,Utd Arab Emirates,2023,Jun,1985.0
784,Utd Arab Emirates,2023,Jul,2110.0
784,Utd Arab Emirates,2023,Aug,2133.0
784,Utd Arab Emirates,2023,Sep,2066.0
784,Utd Arab Emirates,2023,Oct,2342.0
784,Utd Arab Emirates,2023,Nov,2617.0
784,Utd Arab Emirates,2023,Dec,2829.0
860,Uzbekistan,2018,Jan,262.8
860,Uzbekistan,2018,Feb,261.2
860,Uzbekistan,2018,Mar,448.2
860,Uzbekistan,2018,Apr,435.0
860,Uzbekistan,2018,May,441.5
860,Uzbekistan,2018,Jun,472.9
860,Uzbekistan,2018,Jul,506.1
860,Uzbekistan,2018,Aug,584.4
860,Uzbekistan,2018,Sep,503.3
860,Uzbekistan,2018,Oct,504.4
860,Uzbekistan,2018,Nov,476.1
860,Uzbekistan,2018,Dec,450.2
860,Uzbekistan,2019,Jan,437.3
860,Uzbekistan,2019,Feb,393.5
860,Uzbekistan,2019,Mar,549.5
860,Uzbekistan,2019,Apr,544.4
860,Uzbekistan,2019,May,496.8
860,Uzbekistan,2019,Jun,613.5
860,Uzbekistan,2019,Jul,597.7
860,Uzbekistan,2019,Aug,692.3
860,Uzbekistan,2019,Sep,613.8
860,Uzbekistan,2019,Oct,658.4
860,Uzbekistan,2019,Nov,634.0
860,Uzbekistan,2019,Dec,517.6
860,Uzbekistan,2020,Jan,538.4
860,Uzbekistan,2020,Feb,440.2
860,Uzbekistan,2020,Mar,235.4
860,Uzbekistan,2020,Apr,0.6
860,Uzbekistan,2020,May,0.4
860,Uzbekistan,2020,Jun,1.1
860,Uzbekistan,2020,Jul,1.0
860,Uzbekistan,2020,Aug,2.4
860,Uzbekistan,2020,Sep,134.9
860,Uzbekistan,2020,Oct,30.7
860,Uzbekistan,2020,Nov,55.8
860,Uzbekistan,2020,Dec,63.3
860,Uzbekistan,2021,Jan,58.8
860,Uzbekistan,2021,Feb,72.1
860,Uzbekistan,2021,Mar,123.5
860,Uzbekistan,2021,Apr,97.8
860,Uzbekistan,2021,May,152.7
860,Uzbekistan,2021,Jun,186.7
860,Uzbekistan,2021,Jul,180.9
860,Uzbekistan,2021,Aug,185.1
860,Uzbekistan,2021,Sep,188.9
860,Uzbekistan,2021,Oct,219.0
860,Uzbekistan,2021,Nov,213.0
860,Uzbekistan,2021,Dec,202.7
860,Uzbekistan,2022,Jan,169.6
860,Uzbekistan,2022,Feb,156.9
860,Uzbekistan,2022,Mar,283.1
860,Uzbekistan,2022,Apr,269.2
860,Uzbekistan,2022,May,503.6
860,Uzbekistan,2022,Jun,493.9
860,Uzbekistan,2022,Jul,540.6
860,Uzbekistan,2022,Aug,632.7
860,Uzbekistan,2022,Sep,537.9
860,Uzbekistan,2022,Oct,608.8
860,Uzbekistan,2022,Nov,555.5
860,Uzbekistan,2022,Dec,481.1
860,Uzbekistan,2023,Jan,423.5
860,Uzbekistan,2023,Feb,447.1
860,Uzbekistan,2023,Mar,617.1
860,Uzbekistan,2023,Apr,531.7
860,Uzbekistan,2023,May,569.8
860,Uzbekistan,2023,Jun,526.0
860,Uzbekistan,2023,Jul,565.2
860,Uzbekistan,2023,Aug,639.2
860,Uzbekistan,2023,Sep,587.3
860,Uzbekistan,2023,Oct,638.4
860,Uzbekistan,2023,Nov,590.1
860,Uzbekistan,2023,Dec,490.9
860,Uzbekistan,2024,Jan,692.4
860,Uzbekistan,2024,Feb,618.7
860,Uzbekistan,2024,Mar,739.2
860,Uzbekistan,2024,Apr,818.7
860,Uzbekistan,2024,May,935.2
860,Uzbekistan,2024,Jun,921.3
860,Uzbekistan,2024,Jul,937.5
860,Uzbekistan,2024,Aug,1039.0
860,Uzbekistan,2024,Sep,907.7
860,Uzbekistan,2024,Oct,990.7
860,Uzbekistan,2024,Nov,791.7
860,Uzbekistan,2024,Dec,668.9
860,Uzbekistan,2025,Jan,678.7
860,Uzbekistan,2025,Feb,656.6
860,Uzbekistan,2025,Mar,767.1
860,Uzbekistan,2025,Apr,1015.0
860,Uzbekistan,2025,May,1087.0
860,Uzbekistan,2025,Jun,1052.0
860,Uzbekistan,2025,Jul,1063.0
860,Uzbekistan,2025,Aug,1197.0
860,Uzbekistan,2025,Sep,1045.0
548,Vanuatu,2015,Feb,5.4
548,Vanuatu,2015,Mar,4.8
548,Vanuatu,2015,Apr,4.6
548,Vanuatu,2015,May,5.8
548,Vanuatu,2015,Jun,8.3
548,Vanuatu,2015,Jul,10.0
548,Vanuatu,2015,Aug,8.4
548,Vanuatu,2015,Sep,9.2
548,Vanuatu,2015,Oct,8.5
548,Vanuatu,2015,Nov,7.3
548,Vanuatu,2015,Dec,9.1
548,Vanuatu,2016,Jan,8.5
548,Vanuatu,2016,Feb,4.3
548,Vanuatu,2016,Mar,4.2
548,Vanuatu,2016,Apr,6.1
548,Vanuatu,2016,May,5.7
548,Vanuatu,2016,Jun,9.2
548,Vanuatu,2016,Jul,10.9
548,Vanuatu,2016,Aug,9.8
548,Vanuatu,2016,Sep,9.7
548,Vanuatu,2016,Oct,9.6
548,Vanuatu,2016,Nov,7.5
548,Vanuatu,2016,Dec,9.7
548,Vanuatu,2017,Jan,9.0
548,Vanuatu,2017,Feb,5.6
548,Vanuatu,2017,Mar,6.4
548,Vanuatu,2017,Apr,8.9
548,Vanuatu,2017,May,7.2
548,Vanuatu,2017,Jun,9.5
548,Vanuatu,2017,Jul,12.1
548,Vanuatu,2017,Aug,8.3
548,Vanuatu,2017,Sep,10.9
548,Vanuatu,2017,Oct,10.6
548,Vanuatu,2017,Nov,8.5
548,Vanuatu,2017,Dec,12.3
548,Vanuatu,2018,Jan,10.1
548,Vanuatu,2018,Feb,6.3
548,Vanuatu,2018,Mar,7.1
548,Vanuatu,2018,Apr,9.2
548,Vanuatu,2018,May,8.9
548,Vanuatu,2018,Jun,10.6
548,Vanuatu,2018,Jul,13.2
548,Vanuatu,2018,Aug,9.0
548,Vanuatu,2018,Sep,11.4
548,Vanuatu,2018,Oct,10.4
548,Vanuatu,2018,Nov,9.0
548,Vanuatu,2018,Dec,10.5
548,Vanuatu,2019,Jan,9.5
548,Vanuatu,2019,Feb,5.8
548,Vanuatu,2019,Mar,6.9
548,Vanuatu,2019,Apr,9.4
548,Vanuatu,2019,May,8.4
548,Vanuatu,2019,Jun,10.6
548,Vanuatu,2019,Jul,12.6
548,Vanuatu,2019,Aug,12.3
548,Vanuatu,2019,Sep,11.7
548,Vanuatu,2019,Oct,10.9
548,Vanuatu,2019,Nov,9.9
548,Vanuatu,2019,Dec,12.5
548,Vanuatu,2020,Jan,11.9
548,Vanuatu,2020,Feb,6.6
548,Vanuatu,2020,Mar,3.4
548,Vanuatu,2020,Apr,0.0
548,Vanuatu,2020,May,0.0
548,Vanuatu,2020,Jun,0.0
548,Vanuatu,2020,Jul,0.0
548,Vanuatu,2020,Aug,0.0
548,Vanuatu,2020,Sep,0.0
548,Vanuatu,2020,Oct,0.0
548,Vanuatu,2020,Nov,0.0
548,Vanuatu,2020,Dec,0.0
548,Vanuatu,2021,Jan,0.0
548,Vanuatu,2021,Feb,0.0
548,Vanuatu,2021,Mar,0.0
548,Vanuatu,2021,Apr,0.0
548,Vanuatu,2021,May,0.0
548,Vanuatu,2021,Jun,0.0
548,Vanuatu,2021,Jul,0.0
548,Vanuatu,2021,Aug,0.0
548,Vanuatu,2021,Sep,0.0
548,Vanuatu,2021,Oct,0.0
548,Vanuatu,2021,Nov,0.0
548,Vanuatu,2021,Dec,0.0
548,Vanuatu,2022,Jul,3.5
548,Vanuatu,2022,Aug,4.6
548,Vanuatu,2022,Sep,5.6
548,Vanuatu,2022,Oct,4.1
548,Vanuatu,2022,Nov,5.0
548,Vanuatu,2022,Dec,7.5
548,Vanuatu,2023,Jan,6.6
548,Vanuatu,2023,Feb,3.2
548,Vanuatu,2023,Mar,0.6
548,Vanuatu,2023,Apr,6.9
548,Vanuatu,2023,May,6.0
548,Vanuatu,2023,Jun,8.7
548,Vanuatu,2023,Jul,9.7
548,Vanuatu,2023,Aug,8.3
548,Vanuatu,2023,Sep,7.7
548,Vanuatu,2023,Oct,7.2
548,Vanuatu,2023,Nov,5.4
548,Vanuatu,2023,Dec,6.8
548,Vanuatu,2024,Jan,6.3
548,Vanuatu,2024,Feb,2.8
548,Vanuatu,2024,Mar,4.3
548,Vanuatu,2024,Apr,5.1
548,Vanuatu,2024,May,2.7
548,Vanuatu,2024,Jun,2.0
548,Vanuatu,2024,Jul,4.3
548,Vanuatu,2024,Aug,5.3
548,Vanuatu,2024,Sep,7.0
548,Vanuatu,2024,Oct,6.7
548,Vanuatu,2024,Nov,6.4
548,Vanuatu,2024,Dec,6.3
548,Vanuatu,2025,Jan,6.7
548,Vanuatu,2025,Feb,4.4
548,Vanuatu,2025,Mar,5.3
548,Vanuatu,2025,Apr,8.0
548,Vanuatu,2025,May,7.1
548,Vanuatu,2025,Jun,8.4
548,Vanuatu,2025,Jul,10.4
548,Vanuatu,2025,Aug,9.2
548,Vanuatu,2025,Sep,9.9
862,Venezuela,2018,Jan,42.6
862,Venezuela,2018,Feb,34.6
862,Venezuela,2018,Mar,32.8
862,Venezuela,2018,Apr,30.6
862,Venezuela,2018,May,26.6
862,Venezuela,2018,Jun,27.5
862,Venezuela,2018,Jul,35.5
862,Venezuela,2018,Aug,39.2
862,Venezuela,2018,Sep,34.6
862,Venezuela,2018,Oct,29.5
862,Venezuela,2018,Nov,29.5
862,Venezuela,2018,Dec,39.5
862,Venezuela,2019,Jan,26.6
862,Venezuela,2019,Feb,22.3
862,Venezuela,2019,Mar,19.0
862,Venezuela,2019,Apr,22.4
862,Venezuela,2019,May,21.7
862,Venezuela,2019,Jun,19.1
862,Venezuela,2019,Jul,24.3
862,Venezuela,2019,Aug,24.3
862,Venezuela,2019,Sep,19.6
862,Venezuela,2019,Oct,17.3
862,Venezuela,2019,Nov,19.5
862,Venezuela,2019,Dec,23.7
862,Venezuela,2021,Jan,7.0
862,Venezuela,2021,Feb,5.9
862,Venezuela,2021,Mar,5.8
862,Venezuela,2021,Apr,4.6
862,Venezuela,2021,May,4.8
862,Venezuela,2021,Jun,4.5
862,Venezuela,2021,Jul,4.4
862,Venezuela,2021,Aug,5.0
862,Venezuela,2021,Sep,6.9
862,Venezuela,2021,Oct,8.9
862,Venezuela,2021,Nov,7.0
862,Venezuela,2021,Dec,9.2
862,Venezuela,2022,Jan,58.8
862,Venezuela,2022,Feb,48.6
862,Venezuela,2022,Mar,52.0
862,Venezuela,2022,Apr,48.6
862,Venezuela,2022,May,45.2
862,Venezuela,2022,Jun,50.1
862,Venezuela,2022,Jul,48.2
862,Venezuela,2022,Aug,58.9
862,Venezuela,2022,Sep,52.1
862,Venezuela,2022,Oct,69.7
862,Venezuela,2022,Nov,66.2
862,Venezuela,2022,Dec,79.2
704,Vietnam,2015,Feb,695.0
704,Vietnam,2015,Mar,639.8
704,Vietnam,2015,Apr,705.9
704,Vietnam,2015,May,581.9
704,Vietnam,2015,Jun,539.9
704,Vietnam,2015,Jul,599.6
704,Vietnam,2015,Aug,669.7
704,Vietnam,2015,Sep,631.5
704,Vietnam,2015,Oct,659.4
704,Vietnam,2015,Nov,742.2
704,Vietnam,2015,Dec,761.4
704,Vietnam,2016,Jan,815.2
704,Vietnam,2016,Feb,843.7
704,Vietnam,2016,Mar,830.6
704,Vietnam,2016,Apr,799.6
704,Vietnam,2016,May,767.4
704,Vietnam,2016,Jun,710.6
704,Vietnam,2016,Jul,856.4
704,Vietnam,2016,Aug,909.9
704,Vietnam,2016,Sep,823.1
704,Vietnam,2016,Oct,822.1
704,Vietnam,2016,Nov,936.8
704,Vietnam,2016,Dec,897.3
704,Vietnam,2017,Jan,1007.0
704,Vietnam,2017,Feb,1199.0
704,Vietnam,2017,Mar,1006.0
704,Vietnam,2017,Apr,1072.0
704,Vietnam,2017,May,972.8
704,Vietnam,2017,Jun,949.4
704,Vietnam,2017,Jul,1037.0
704,Vietnam,2017,Aug,1229.0
704,Vietnam,2017,Sep,976.0
704,Vietnam,2017,Oct,1025.0
704,Vietnam,2017,Nov,1173.0
704,Vietnam,2017,Dec,1276.0
704,Vietnam,2018,Jan,1430.0
704,Vietnam,2018,Feb,1432.0
704,Vietnam,2018,Mar,1343.0
704,Vietnam,2018,Apr,1342.0
704,Vietnam,2018,May,1161.0
704,Vietnam,2018,Jun,1183.0
704,Vietnam,2018,Jul,1189.0
704,Vietnam,2018,Aug,1324.0
704,Vietnam,2018,Sep,1213.0
704,Vietnam,2018,Oct,1205.0
704,Vietnam,2018,Nov,1302.0
704,Vietnam,2018,Dec,1374.0
704,Vietnam,2019,Jan,1502.0
704,Vietnam,2019,Feb,1588.0
704,Vietnam,2019,Mar,1410.0
704,Vietnam,2019,Apr,1469.0
704,Vietnam,2019,May,1327.0
704,Vietnam,2019,Jun,1185.0
704,Vietnam,2019,Jul,1316.0
704,Vietnam,2019,Aug,1512.0
704,Vietnam,2019,Sep,1561.0
704,Vietnam,2019,Oct,1618.0
704,Vietnam,2019,Nov,1810.0
704,Vietnam,2019,Dec,1710.0
704,Vietnam,2020,Jan,1994.0
704,Vietnam,2020,Feb,1243.0
704,Vietnam,2020,Mar,449.9
704,Vietnam,2020,Apr,26.2
704,Vietnam,2020,May,22.7
704,Vietnam,2020,Jun,8.8
704,Vietnam,2020,Jul,13.9
704,Vietnam,2020,Aug,16.3
704,Vietnam,2020,Sep,13.8
704,Vietnam,2020,Oct,14.8
704,Vietnam,2020,Nov,17.7
704,Vietnam,2020,Dec,16.3
704,Vietnam,2021,Jan,17.7
704,Vietnam,2021,Feb,11.0
704,Vietnam,2021,Mar,19.4
704,Vietnam,2021,Apr,19.5
704,Vietnam,2021,May,13.5
704,Vietnam,2021,Jun,7.2
704,Vietnam,2021,Jul,7.5
704,Vietnam,2021,Aug,9.3
704,Vietnam,2021,Sep,9.5
704,Vietnam,2021,Oct,10.6
704,Vietnam,2021,Nov,15.0
704,Vietnam,2021,Dec,17.2
704,Vietnam,2022,Jan,19.7
704,Vietnam,2022,Feb,29.5
704,Vietnam,2022,Mar,41.7
704,Vietnam,2022,Apr,91.9
704,Vietnam,2022,May,172.9
704,Vietnam,2022,Jun,246.1
704,Vietnam,2022,Jul,352.6
704,Vietnam,2022,Aug,486.4
704,Vietnam,2022,Sep,431.9
704,Vietnam,2022,Oct,484.4
704,Vietnam,2022,Nov,596.9
704,Vietnam,2022,Dec,707.1
704,Vietnam,2023,Jan,871.2
704,Vietnam,2023,Feb,933.0
704,Vietnam,2023,Mar,895.4
704,Vietnam,2023,Apr,984.1
704,Vietnam,2023,May,916.3
704,Vietnam,2023,Jun,975.0
704,Vietnam,2023,Jul,1039.0
704,Vietnam,2023,Aug,1217.0
704,Vietnam,2023,Sep,1054.0
704,Vietnam,2023,Oct,1113.0
704,Vietnam,2023,Nov,1233.0
704,Vietnam,2023,Dec,1371.0
704,Vietnam,2024,Jan,1512.0
704,Vietnam,2024,Feb,1531.0
704,Vietnam,2024,Mar,1599.0
704,Vietnam,2024,Apr,1557.0
704,Vietnam,2024,May,1384.0
704,Vietnam,2024,Jun,1249.0
704,Vietnam,2024,Jul,1151.0
704,Vietnam,2024,Aug,1447.0
704,Vietnam,2024,Sep,1275.0
704,Vietnam,2024,Oct,1420.0
704,Vietnam,2024,Nov,1712.0
704,Vietnam,2024,Dec,1747.0
704,Vietnam,2025,Jan,2070.0
704,Vietnam,2025,Feb,1894.0
704,Vietnam,2025,Mar,2054.0
704,Vietnam,2025,Apr,1655.0
704,Vietnam,2025,May,1528.0
704,Vietnam,2025,Jun,1463.0
704,Vietnam,2025,Jul,1563.0
704,Vietnam,2025,Aug,1685.0
704,Vietnam,2025,Sep,1523.0
894,Zambia,2022,Jan,50.0
894,Zambia,2022,Feb,94.8
894,Zambia,2022,Mar,62.9
894,Zambia,2022,Apr,75.3
894,Zambia,2022,May,71.4
894,Zambia,2022,Jun,85.9
894,Zambia,2022,Jul,97.3
894,Zambia,2022,Aug,109.4
894,Zambia,2022,Sep,101.9
894,Zambia,2022,Oct,106.0
894,Zambia,2022,Nov,95.6
894,Zambia,2022,Dec,110.2
894,Zambia,2023,Jan,97.2
894,Zambia,2023,Feb,88.5
894,Zambia,2023,Mar,102.4
716,Zimbabwe,2020,Jan,185.4
716,Zimbabwe,2020,Feb,175.3
716,Zimbabwe,2020,Mar,125.8
716,Zimbabwe,2020,Apr,7.4
716,Zimbabwe,2020,May,13.3
716,Zimbabwe,2020,Jun,13.2
716,Zimbabwe,2020,Jul,13.6
716,Zimbabwe,2020,Aug,12.9
716,Zimbabwe,2020,Sep,14.1
716,Zimbabwe,2020,Oct,22.9
716,Zimbabwe,2020,Nov,24.8
716,Zimbabwe,2020,Dec,30.6
716,Zimbabwe,2021,Jan,12.9
716,Zimbabwe,2021,Feb,25.6
716,Zimbabwe,2021,Mar,27.4
716,Zimbabwe,2021,Apr,37.5
716,Zimbabwe,2021,May,35.3
716,Zimbabwe,2021,Jun,25.3
716,Zimbabwe,2021,Jul,29.5
716,Zimbabwe,2021,Aug,31.5
716,Zimbabwe,2021,Sep,36.4
716,Zimbabwe,2021,Oct,38.1
716,Zimbabwe,2021,Nov,40.5
716,Zimbabwe,2021,Dec,40.8
716,Zimbabwe,2022,Jan,38.9
716,Zimbabwe,2022,Feb,37.9
716,Zimbabwe,2022,Mar,53.8
716,Zimbabwe,2022,Apr,83.3
716,Zimbabwe,2022,May,72.1
716,Zimbabwe,2022,Jun,80.1
716,Zimbabwe,2022,Jul,107.3
716,Zimbabwe,2022,Aug,120.8
716,Zimbabwe,2022,Sep,120.5
716,Zimbabwe,2022,Oct,114.4
716,Zimbabwe,2022,Nov,91.6
716,Zimbabwe,2022,Dec,123.2
716,Zimbabwe,2023,Jan,86.0
716,Zimbabwe,2023,Feb,85.2
716,Zimbabwe,2023,Mar,100.8
716,Zimbabwe,2023,Apr,111.1
716,Zimbabwe,2023,May,100.7
716,Zimbabwe,2023,Jun,108.7
716,Zimbabwe,2023,Jul,123.1
716,Zimbabwe,2023,Aug,214.3
716,Zimbabwe,2023,Sep,157.5
716,Zimbabwe,2023,Oct,148.0
716,Zimbabwe,2023,Nov,178.8
716,Zimbabwe,2023,Dec,188.5
716,Zimbabwe,2024,Jan,141.2
716,Zimbabwe,2024,Feb,97.6
716,Zimbabwe,2024,Mar,131.4
716,Zimbabwe,2024,Apr,125.9
716,Zimbabwe,2024,May,141.6
716,Zimbabwe,2024,Jun,113.9
716,Zimbabwe,2024,Jul,160.6
716,Zimbabwe,2024,Aug,157.1
716,Zimbabwe,2024,Sep,133.3
716,Zimbabwe,2024,Oct,143.7
716,Zimbabwe,2024,Nov,110.3
716,Zimbabwe,2024,Dec,157.4
